date_key,date,team_id,home_team,league_name,venue_name,away_team,away_team_id,attendance,games_that_date,day_night,day_of_week,day_of_week_num,month_num,month_name,week_of_season,is_weekend,holiday,is_holiday,homestand_id,homestand_game_index,homestand_length,days_since_last_home_date,home_win_pct,away_win_pct,weather_condition,weather_group,temp_f,wind_mph,wind_direction,is_wet,has_giveaway,giveaway_count,giveaway_item,homestand_has_giveaway,games_from_giveaway,club_coverage,analysis_eligible,log_attendance,temp_f_sq,offset,predicted_log,residual,predicted_attendance
20260331,2026-03-31,342,Albuquerque Isotopes,Pacific Coast League,Isotopes Park,Reno Aces,2310,5735.0,1,night,Tuesday,1,3,March,1,0,,0,342-1,1,6,1.0,0.25,0.5,Overcast,Cloudy,73.0,11,Out To RF,0,1,1,"Isotopes Scarves, first 2000 fans",1,0.0,full_season_release,1,8.65434302956347,5329.0,0.0,8.970816704301804,-0.316473674738333,7870.026465991593
20260401,2026-04-01,342,Albuquerque Isotopes,Pacific Coast League,Isotopes Park,Reno Aces,2310,6203.0,1,night,Wednesday,2,4,April,1,0,,0,342-1,2,6,1.0,0.2,0.6,Partly Cloudy,Cloudy,61.0,18,Out To RF,0,0,0,,1,1.0,full_season_release,1,8.732788324973118,3721.0,1.0,8.679903727368636,0.05288459760448205,5883.480145954781
20260402,2026-04-02,342,Albuquerque Isotopes,Pacific Coast League,Isotopes Park,Reno Aces,2310,3378.0,1,day,Thursday,3,4,April,1,0,,0,342-1,3,6,1.0,0.3333333333333333,0.5,Sunny,Clear,65.0,8,Out To CF,0,0,0,,1,-1.0,full_season_release,1,8.125039097367745,4225.0,-1.0,8.98361230476596,-0.8585732073982157,7971.375206494977
20260403,2026-04-03,342,Albuquerque Isotopes,Pacific Coast League,Isotopes Park,Reno Aces,2310,3653.0,1,night,Friday,4,4,April,2,1,,0,342-1,4,6,1.0,0.2857142857142857,0.5714285714285714,Clear,Clear,60.0,8,L To R,0,1,1,"Magnet Schedules, first 3000 fans",1,0.0,full_season_release,1,8.203304026795282,3600.0,0.0,9.083379839584062,-0.88007581278878,8807.684337343577
20260404,2026-04-04,342,Albuquerque Isotopes,Pacific Coast League,Isotopes Park,Reno Aces,2310,6455.0,1,night,Saturday,5,4,April,2,1,,0,342-1,5,6,1.0,0.375,0.5,Clear,Clear,67.0,2,Out To RF,0,1,1,"Adult Mariachis Jersey Hoodie, first 3000 fans 16 and older",1,0.0,full_season_release,1,8.772610303280743,4489.0,0.0,9.107612888908598,-0.3350025856278549,9023.728518584674
20260405,2026-04-05,342,Albuquerque Isotopes,Pacific Coast League,Isotopes Park,Reno Aces,2310,4058.0,1,day,Sunday,6,4,April,2,1,,0,342-1,6,6,1.0,0.3333333333333333,0.5555555555555556,Sunny,Clear,69.0,8,R To L,0,0,0,,1,1.0,full_season_release,1,8.30844552038576,4761.0,1.0,8.956125072312915,-0.6476795519271548,7755.248138395932
20260414,2026-04-14,342,Albuquerque Isotopes,Pacific Coast League,Isotopes Park,Oklahoma City Comets,238,6224.0,1,night,Tuesday,1,4,April,3,0,,0,342-2,1,6,9.0,0.5,0.5625,Partly Cloudy,Cloudy,67.0,18,L To R,0,0,0,,1,-3.0,full_season_release,1,8.736168065858228,4489.0,-3.0,8.721503763584579,0.014664302273649454,6133.395333401119
20260415,2026-04-15,342,Albuquerque Isotopes,Pacific Coast League,Isotopes Park,Oklahoma City Comets,238,7663.0,1,night,Wednesday,2,4,April,3,0,,0,342-2,2,6,1.0,0.5294117647058824,0.5294117647058824,Clear,Clear,69.0,11,Out To RF,0,0,0,,1,-2.0,full_season_release,1,8.944158830970403,4761.0,-2.0,8.68509477696334,0.2590640540070641,5914.100991584413
20260416,2026-04-16,342,Albuquerque Isotopes,Pacific Coast League,Isotopes Park,Oklahoma City Comets,238,3343.0,1,day,Thursday,3,4,April,3,0,,0,342-2,3,6,1.0,0.5555555555555556,0.5,Sunny,Clear,69.0,11,Out To CF,0,0,0,,1,-1.0,full_season_release,1,8.114623886420098,4761.0,-1.0,8.967439385558329,-0.8528154991382308,7843.491711480143
20260417,2026-04-17,342,Albuquerque Isotopes,Pacific Coast League,Isotopes Park,Oklahoma City Comets,238,4850.0,1,night,Friday,4,4,April,4,1,,0,342-2,4,6,1.0,0.5263157894736842,0.5263157894736842,Clear,Clear,62.0,18,Out To RF,0,1,1,"Orbit Socks, first 2000 fans",1,0.0,full_season_release,1,8.48673398393153,3844.0,0.0,9.065047128813644,-0.5783131448821148,8647.686684265127
20260418,2026-04-18,342,Albuquerque Isotopes,Pacific Coast League,Isotopes Park,Oklahoma City Comets,238,5545.0,1,night,Saturday,5,4,April,4,1,,0,342-2,5,6,1.0,0.55,0.5,Partly Cloudy,Cloudy,68.0,3,Calm,0,0,0,,1,1.0,full_season_release,1,8.620651899784468,4624.0,1.0,9.082027120820973,-0.46137522103650497,8795.778072210765
20260419,2026-04-19,342,Albuquerque Isotopes,Pacific Coast League,Isotopes Park,Oklahoma City Comets,238,8033.0,1,day,Sunday,6,4,April,4,1,,0,342-2,6,6,1.0,0.5714285714285714,0.4761904761904761,Sunny,Clear,70.0,7,Varies,0,0,0,,1,2.0,full_season_release,1,8.991313336173812,4900.0,2.0,8.920656020934487,0.07065731523932506,7484.997934744762
20260428,2026-04-28,342,Albuquerque Isotopes,Pacific Coast League,Isotopes Park,El Paso Chihuahuas,4904,8611.0,1,night,Tuesday,1,4,April,5,0,,0,342-3,1,6,9.0,0.5357142857142857,0.4642857142857143,Partly Cloudy,Cloudy,78.0,16,Out To RF,0,0,0,,1,-5.0,full_season_release,1,9.060795734696166,6084.0,-5.0,8.727604910401611,0.3331908242945545,6170.930466060792
20260429,2026-04-29,342,Albuquerque Isotopes,Pacific Coast League,Isotopes Park,El Paso Chihuahuas,4904,6409.0,1,night,Wednesday,2,4,April,5,0,,0,342-3,2,6,1.0,0.5172413793103449,0.4827586206896552,Clear,Clear,78.0,8,Out To RF,0,0,0,,1,-4.0,full_season_release,1,8.765458531504226,6084.0,-4.0,8.687937078725506,0.07752145277872025,5930.934562966476
20260430,2026-04-30,342,Albuquerque Isotopes,Pacific Coast League,Isotopes Park,El Paso Chihuahuas,4904,6509.0,1,day,Thursday,3,4,April,5,0,,0,342-3,3,6,1.0,0.5,0.5,Partly Cloudy,Cloudy,68.0,4,Out To LF,0,0,0,,1,-3.0,full_season_release,1,8.780941113572387,4624.0,-3.0,8.972841674132784,-0.19190056056039673,7885.979178583926
20260501,2026-05-01,342,Albuquerque Isotopes,Pacific Coast League,Isotopes Park,El Paso Chihuahuas,4904,8298.0,1,night,Friday,4,5,May,6,1,,0,342-3,4,6,1.0,0.5161290322580645,0.4838709677419355,Cloudy,Cloudy,56.0,12,Varies,0,0,0,,1,-2.0,full_season_release,1,9.023769800892813,3136.0,-2.0,9.199088985500454,-0.17531918460764118,9888.116736468972
20260502,2026-05-02,342,Albuquerque Isotopes,Pacific Coast League,Isotopes Park,El Paso Chihuahuas,4904,8667.0,1,night,Saturday,5,5,May,6,1,,0,342-3,5,6,1.0,0.53125,0.46875,Cloudy,Cloudy,68.0,4,Calm,0,0,0,,1,-1.0,full_season_release,1,9.067277989134345,4624.0,-1.0,9.295232993624222,-0.2279550044898766,10886.001683303139
20260503,2026-05-03,342,Albuquerque Isotopes,Pacific Coast League,Isotopes Park,El Paso Chihuahuas,4904,6132.0,1,day,Sunday,6,5,May,6,1,,0,342-3,6,6,1.0,0.5454545454545454,0.4545454545454545,Partly Cloudy,Cloudy,69.0,7,Out To RF,0,1,1,"Adult Mariachis Jersey, first 3000 fans 16 and older",1,0.0,full_season_release,1,8.721276239991704,4761.0,0.0,9.131265210176387,-0.40998897018468305,9239.704745513049
20260512,2026-05-12,342,Albuquerque Isotopes,Pacific Coast League,Isotopes Park,Oklahoma City Comets,238,7976.0,1,night,Tuesday,1,5,May,7,0,,0,342-4,1,6,9.0,0.6,0.5128205128205128,Clear,Clear,92.0,9,Out To LF,0,0,0,,0,,full_season_release,1,8.984192311641674,8464.0,,8.775464385149574,0.20872792649210048,6473.449414008568
20260513,2026-05-13,342,Albuquerque Isotopes,Pacific Coast League,Isotopes Park,Oklahoma City Comets,238,8196.0,1,night,Wednesday,2,5,May,7,0,,0,342-4,2,6,1.0,0.6097560975609756,0.5,Overcast,Cloudy,85.0,19,L To R,0,0,0,,0,,full_season_release,1,9.011401509358791,7225.0,,8.828020439814606,0.18338106954418443,6822.767360129608
20260514,2026-05-14,342,Albuquerque Isotopes,Pacific Coast League,Isotopes Park,Oklahoma City Comets,238,6896.0,1,day,Thursday,3,5,May,7,0,,0,342-4,3,6,1.0,0.5952380952380952,0.5121951219512195,Sunny,Clear,80.0,4,Calm,0,0,0,,0,,full_season_release,1,8.83869681234353,6400.0,,9.157324257931197,-0.3186274455876674,9483.647303672424
20260515,2026-05-15,342,Albuquerque Isotopes,Pacific Coast League,Isotopes Park,Oklahoma City Comets,238,7911.0,1,night,Friday,4,5,May,8,1,,0,342-4,4,6,1.0,0.5813953488372093,0.5238095238095238,Partly Cloudy,Cloudy,88.0,4,Varies,0,0,0,,0,,full_season_release,1,8.976009475021396,7744.0,,9.225561776862774,-0.2495523018413781,10153.37840490988
20260516,2026-05-16,342,Albuquerque Isotopes,Pacific Coast League,Isotopes Park,Oklahoma City Comets,238,12053.0,1,night,Saturday,5,5,May,8,1,,0,342-4,5,6,1.0,0.5681818181818182,0.5348837209302325,Clear,Clear,87.0,15,R To L,0,0,0,,0,,full_season_release,1,9.397068870588344,7569.0,,9.214951054275996,0.18211781631234736,10046.213278502439
20260517,2026-05-17,342,Albuquerque Isotopes,Pacific Coast League,Isotopes Park,Oklahoma City Comets,238,8783.0,1,day,Sunday,6,5,May,8,1,,0,342-4,6,6,1.0,0.5555555555555556,0.5454545454545454,Sunny,Clear,80.0,14,Out To CF,0,0,0,,0,,full_season_release,1,9.080573313917117,6400.0,,9.114642323169713,-0.034069009252595706,9087.383692811929
20260526,2026-05-26,342,Albuquerque Isotopes,Pacific Coast League,Isotopes Park,El Paso Chihuahuas,4904,6704.0,1,night,Tuesday,1,5,May,9,0,,0,342-5,1,6,9.0,0.5576923076923077,0.4423076923076923,Overcast,Cloudy,60.0,8,In From CF,0,0,0,,1,-4.0,full_season_release,1,8.810459642161918,3600.0,-4.0,8.862093285148065,-0.05163364298614681,7059.244300352871
20260527,2026-05-27,342,Albuquerque Isotopes,Pacific Coast League,Isotopes Park,El Paso Chihuahuas,4904,7762.0,1,night,Wednesday,2,5,May,9,0,,0,342-5,2,6,1.0,0.5471698113207547,0.4528301886792453,Clear,Clear,83.0,4,Calm,0,0,0,,1,-3.0,full_season_release,1,8.956995311928852,6889.0,-3.0,8.860168614005802,0.09682669792304921,7045.670643165085
20260528,2026-05-28,342,Albuquerque Isotopes,Pacific Coast League,Isotopes Park,El Paso Chihuahuas,4904,3614.0,1,day,Thursday,3,5,May,9,0,,0,342-5,3,6,1.0,0.5555555555555556,0.4444444444444444,Partly Cloudy,Cloudy,79.0,4,Varies,0,0,0,,1,-2.0,full_season_release,1,8.192570471152173,6241.0,-2.0,9.172510351863547,-0.979939880711374,9628.765966371551
20260529,2026-05-29,342,Albuquerque Isotopes,Pacific Coast League,Isotopes Park,El Paso Chihuahuas,4904,8301.0,1,night,Friday,4,5,May,10,1,,0,342-5,4,6,1.0,0.5636363636363636,0.4363636363636363,Partly Cloudy,Cloudy,85.0,16,Out To LF,0,0,0,,1,-1.0,full_season_release,1,9.024131268455035,7225.0,-1.0,9.267784706401878,-0.24365343794684335,10591.263121393413
20260530,2026-05-30,342,Albuquerque Isotopes,Pacific Coast League,Isotopes Park,El Paso Chihuahuas,4904,7747.0,1,night,Saturday,5,5,May,10,1,,0,342-5,5,6,1.0,0.5535714285714286,0.4464285714285714,Clear,Clear,83.0,8,Out To RF,0,1,1,"Trucker Hats, first 2000 fans",1,0.0,full_season_release,1,8.955060950631902,6889.0,0.0,9.263122766226886,-0.3080618155949839,10542.002201293522
20260531,2026-05-31,342,Albuquerque Isotopes,Pacific Coast League,Isotopes Park,El Paso Chihuahuas,4904,4701.0,1,day,Sunday,6,5,May,10,1,,0,342-5,6,6,1.0,0.5614035087719298,0.4385964912280701,Sunny,Clear,84.0,4,Calm,0,1,1,"Pride Flags, first 1000 fans",1,0.0,full_season_release,1,8.45553053102413,7056.0,0.0,9.086443111375946,-0.630912580351815,8834.706034597326
20260616,2026-06-16,342,Albuquerque Isotopes,Pacific Coast League,Isotopes Park,Sugar Land Space Cowboys,5434,7721.0,1,night,Tuesday,1,6,June,12,0,,0,342-6,1,12,14.0,0.5142857142857142,0.4347826086956521,Clear,Clear,94.0,15,In From RF,0,0,0,,1,-4.0,full_season_release,1,8.951699168308815,8836.0,-4.0,8.862676064549333,0.08902310375948197,7063.359481524578
20260617,2026-06-17,342,Albuquerque Isotopes,Pacific Coast League,Isotopes Park,Sugar Land Space Cowboys,5434,7451.0,1,night,Wednesday,2,6,June,12,0,,0,342-6,2,12,1.0,0.5070422535211268,0.4428571428571428,Clear,Clear,100.0,18,L To R,0,0,0,,1,-3.0,full_season_release,1,8.916103530553727,10000.0,-3.0,8.710223273745717,0.20588025680801003,6064.596402038683
20260618,2026-06-18,342,Albuquerque Isotopes,Pacific Coast League,Isotopes Park,Sugar Land Space Cowboys,5434,4099.0,1,day,Thursday,3,6,June,12,0,,0,342-6,3,12,1.0,0.5138888888888888,0.4366197183098591,Sunny,Clear,92.0,5,Out To RF,0,0,0,,1,-2.0,full_season_release,1,8.318498320504338,8464.0,-2.0,9.159153186160419,-0.8406548656560808,9501.008084914249
20260619,2026-06-19,342,Albuquerque Isotopes,Pacific Coast League,Isotopes Park,Sugar Land Space Cowboys,5434,5268.0,1,night,Friday,4,6,June,13,1,,0,342-6,4,12,1.0,0.5205479452054794,0.4305555555555556,Partly Cloudy,Cloudy,97.0,6,Varies,0,0,0,,1,-1.0,full_season_release,1,8.569406062863171,9409.0,-1.0,9.205797875101872,-0.6363918122387009,9954.678046604835
20260620,2026-06-20,342,Albuquerque Isotopes,Pacific Coast League,Isotopes Park,Sugar Land Space Cowboys,5434,9227.0,1,night,Saturday,5,6,June,13,1,,0,342-6,5,12,1.0,0.527027027027027,0.4246575342465753,Partly Cloudy,Cloudy,99.0,4,Out To RF,0,1,1,"Adult Mariachis Futbol Jersey, first 3000 fans 16 and older",1,0.0,full_season_release,1,9.129889247578555,9801.0,0.0,9.134915799239415,-0.005026551660860079,9273.496753441637
20260621,2026-06-21,342,Albuquerque Isotopes,Pacific Coast League,Isotopes Park,Sugar Land Space Cowboys,5434,7154.0,1,night,Sunday,6,6,June,13,1,Father's Day,1,342-6,6,12,1.0,0.52,0.4324324324324324,Clear,Clear,98.0,6,Varies,0,0,0,,1,1.0,full_season_release,1,8.875426919818963,9604.0,1.0,8.902477976838837,-0.027051057019873426,7350.1645288863165
20260623,2026-06-23,342,Albuquerque Isotopes,Pacific Coast League,Isotopes Park,Salt Lake Bees,561,7332.0,1,night,Tuesday,1,6,June,13,0,,0,342-6,7,12,2.0,0.5263157894736842,0.52,Partly Cloudy,Cloudy,99.0,7,Varies,0,0,0,,1,2.0,full_season_release,1,8.900003608959596,9801.0,2.0,8.742565766143208,0.15743784281638717,6263.946934576948
20260624,2026-06-24,342,Albuquerque Isotopes,Pacific Coast League,Isotopes Park,Salt Lake Bees,561,7136.0,1,night,Wednesday,2,6,June,13,0,,0,342-6,8,12,1.0,0.5194805194805194,0.5263157894736842,Partly Cloudy,Cloudy,91.0,15,Out To RF,0,0,0,,1,-2.0,full_season_release,1,8.872907674259846,8281.0,-2.0,8.833936628198488,0.038971046061357484,6863.251775762471
20260625,2026-06-25,342,Albuquerque Isotopes,Pacific Coast League,Isotopes Park,Salt Lake Bees,561,3479.0,1,day,Thursday,3,6,June,13,0,,0,342-6,9,12,1.0,0.5256410256410257,0.5194805194805194,Partly Cloudy,Cloudy,89.0,7,Varies,0,0,0,,1,-1.0,full_season_release,1,8.154500175151941,7921.0,-1.0,9.14908260921666,-0.9945824340647178,9405.807618337356
20260626,2026-06-26,342,Albuquerque Isotopes,Pacific Coast League,Isotopes Park,Salt Lake Bees,561,7498.0,1,night,Friday,4,6,June,14,1,,0,342-6,10,12,1.0,0.5189873417721519,0.5256410256410257,Overcast,Cloudy,77.0,4,Varies,0,1,1,"Orbit Hats, first 2000 fans",1,0.0,full_season_release,1,8.922391597295857,5929.0,0.0,9.398125587248565,-0.4757339899527082,12065.743337768488
20260627,2026-06-27,342,Albuquerque Isotopes,Pacific Coast League,Isotopes Park,Salt Lake Bees,561,8158.0,1,night,Saturday,5,6,June,14,1,,0,342-6,11,12,1.0,0.5125,0.5316455696202531,Partly Cloudy,Cloudy,96.0,18,Out To RF,0,0,0,,1,1.0,full_season_release,1,9.006754319877503,9216.0,1.0,9.147578966164525,-0.1408246462870224,9391.675268729687
20260628,2026-06-28,342,Albuquerque Isotopes,Pacific Coast League,Isotopes Park,Salt Lake Bees,561,6292.0,1,day,Sunday,6,6,June,14,1,,0,342-6,12,12,1.0,0.5185185185185185,0.525,Sunny,Clear,93.0,14,Out To CF,0,1,1,"Snoopy Bobbleheads, first 2000 fans",1,0.0,full_season_release,1,8.747034264178168,8649.0,0.0,9.037808121066307,-0.29077385688813884,8415.311482289024
20260717,2026-07-17,342,Albuquerque Isotopes,Pacific Coast League,Isotopes Park,Sacramento River Cats,105,5719.0,1,night,Friday,4,7,July,17,1,,0,342-7,1,8,14.0,0.4893617021276595,0.5494505494505495,Cloudy,Cloudy,82.0,10,Varies,0,1,1,"Color-Your-Own Hats, first 2000 fans",1,0.0,full_season_release,1,8.651549243915316,6724.0,0.0,9.403647138930005,-0.752097895014689,12132.549229546188
20260718,2026-07-18,342,Albuquerque Isotopes,Pacific Coast League,Isotopes Park,Sacramento River Cats,105,7434.0,1,night,Saturday,5,7,July,17,1,,0,342-7,2,8,1.0,0.4947368421052631,0.5434782608695652,Overcast,Cloudy,80.0,6,Varies,0,0,0,,1,1.0,full_season_release,1,8.913819350857198,6400.0,1.0,9.4363907378083,-0.5225713869511015,12536.388042496998
20260719,2026-07-19,342,Albuquerque Isotopes,Pacific Coast League,Isotopes Park,Sacramento River Cats,105,7137.0,1,night,Sunday,6,7,July,17,1,,0,342-7,3,8,1.0,0.4895833333333333,0.5483870967741935,Clear,Clear,94.0,6,Varies,0,1,1,"Looney Tunes Jerseys, first 2000 fans",1,0.0,full_season_release,1,8.873047798971067,8836.0,0.0,8.932017600979373,-0.05896980200830626,7570.524275081448
20260721,2026-07-21,342,Albuquerque Isotopes,Pacific Coast League,Isotopes Park,Round Rock Express,102,9988.0,1,night,Tuesday,1,7,July,17,0,,0,342-7,4,8,2.0,0.4948453608247423,0.4329896907216495,Cloudy,Cloudy,80.0,12,Out To LF,0,0,0,,1,1.0,full_season_release,1,9.209139651399664,6400.0,1.0,9.051855602309677,0.15728404908998606,8534.359618062663
20260722,2026-07-22,342,Albuquerque Isotopes,Pacific Coast League,Isotopes Park,Round Rock Express,102,8133.0,1,night,Wednesday,2,7,July,17,0,,0,342-7,5,8,1.0,0.5,0.4285714285714285,Partly Cloudy,Cloudy,93.0,13,Out To CF,0,0,0,,1,2.0,full_season_release,1,9.003685138166775,8649.0,2.0,8.829973691324923,0.17371144684185147,6836.1069643402625
20260723,2026-07-23,342,Albuquerque Isotopes,Pacific Coast League,Isotopes Park,Round Rock Express,102,4041.0,1,day,Thursday,3,7,July,17,0,,0,342-7,6,8,1.0,0.494949494949495,0.4343434343434343,Partly Cloudy,Cloudy,86.0,3,Varies,0,0,0,,1,-2.0,full_season_release,1,8.304247465078474,7396.0,-2.0,9.218805719627218,-0.9145582545487443,10085.012800282488
20260725,2026-07-25,342,Albuquerque Isotopes,Pacific Coast League,Isotopes Park,Round Rock Express,102,6836.0,2,night,Saturday,5,7,July,18,1,,0,342-7,7,8,2.0,0.4851485148514851,0.4455445544554455,Partly Cloudy,Cloudy,90.0,6,Varies,0,0,0,,1,-1.0,full_season_release,1,8.829958044235482,8100.0,-1.0,9.290176844358829,-0.4602188001233465,10831.099348053242
20260726,2026-07-26,342,Albuquerque Isotopes,Pacific Coast League,Isotopes Park,Round Rock Express,102,7937.0,1,day,Sunday,6,7,July,18,1,,0,342-7,8,8,1.0,0.4803921568627451,0.4509803921568627,Sunny,Clear,95.0,6,Varies,0,1,1,"Lunch Bags, first 2000 fans",1,0.0,full_season_release,1,8.979290649090876,9025.0,0.0,9.041157332145117,-0.06186668305424092,8443.543387651975
20260804,2026-08-04,342,Albuquerque Isotopes,Pacific Coast League,Isotopes Park,Sugar Land Space Cowboys,5434,7759.0,1,night,Tuesday,1,8,August,19,0,,0,342-8,1,6,9.0,0.5045871559633027,0.5370370370370371,Partly Cloudy,Cloudy,99.0,1,In From LF,0,0,0,,1,-1.0,full_season_release,1,8.95660873889395,9801.0,-1.0,8.767267710526042,0.18934102836790778,6420.605523420037
20260805,2026-08-05,342,Albuquerque Isotopes,Pacific Coast League,Isotopes Park,Sugar Land Space Cowboys,5434,8017.0,1,night,Wednesday,2,8,August,19,0,,0,342-8,2,6,1.0,0.509090909090909,0.5321100917431193,Partly Cloudy,Cloudy,98.0,9,Out To CF,0,1,1,Magazines,1,0.0,full_season_release,1,8.989319566042951,9604.0,0.0,8.7472223163656,0.2420972496773519,6293.183335624254
20260806,2026-08-06,342,Albuquerque Isotopes,Pacific Coast League,Isotopes Park,Sugar Land Space Cowboys,5434,3136.0,1,day,Thursday,3,8,August,19,0,,0,342-8,3,6,1.0,0.5135135135135135,0.5272727272727272,Sunny,Clear,92.0,4,Out To CF,0,0,0,,1,1.0,full_season_release,1,8.0507033814703,8464.0,1.0,9.150071272302316,-1.099367890832017,9415.111391511111
20260807,2026-08-07,342,Albuquerque Isotopes,Pacific Coast League,Isotopes Park,Sugar Land Space Cowboys,5434,5877.0,1,night,Friday,4,8,August,20,1,,0,342-8,4,6,1.0,0.5089285714285714,0.5315315315315315,Partly Cloudy,Cloudy,88.0,19,Varies,0,0,0,,1,2.0,full_season_release,1,8.678801706612651,7744.0,2.0,9.354345397544527,-0.6755436909318764,11548.899124885153
20260808,2026-08-08,342,Albuquerque Isotopes,Pacific Coast League,Isotopes Park,Sugar Land Space Cowboys,5434,9676.0,1,night,Saturday,5,8,August,20,1,,0,342-8,5,6,1.0,0.5132743362831859,0.5267857142857143,Partly Cloudy,Cloudy,98.0,3,Varies,0,0,0,,1,3.0,full_season_release,1,9.177403871729918,9604.0,3.0,9.150526462142624,0.026877409587294565,9419.398030105043
20260809,2026-08-09,342,Albuquerque Isotopes,Pacific Coast League,Isotopes Park,Sugar Land Space Cowboys,5434,3918.0,1,day,Sunday,6,8,August,20,1,,0,342-8,6,6,1.0,0.5175438596491229,0.5221238938053098,Partly Cloudy,Cloudy,97.0,5,Varies,0,0,0,,1,4.0,full_season_release,1,8.273336598504486,9409.0,4.0,9.005405372441242,-0.7320687739367564,8147.002705868449
20260818,2026-08-18,342,Albuquerque Isotopes,Pacific Coast League,Isotopes Park,Las Vegas Aviators,400,7935.0,1,night,Tuesday,1,8,August,21,0,,0,342-9,1,6,9.0,0.5041322314049587,0.5630252100840336,Partly Cloudy,Cloudy,96.0,3,Varies,0,0,0,,1,-4.0,full_season_release,1,8.97903863296051,9216.0,-4.0,8.831948091059616,0.14709054190089432,6849.617505332299
20260819,2026-08-19,342,Albuquerque Isotopes,Pacific Coast League,Isotopes Park,Las Vegas Aviators,400,7170.0,1,night,Wednesday,2,8,August,21,0,,0,342-9,2,6,1.0,0.5,0.5666666666666667,Cloudy,Cloudy,92.0,5,R To L,0,0,0,,1,-3.0,full_season_release,1,8.877660933593667,8464.0,-3.0,8.865110600852868,0.01255033274079942,7080.576435753622
20260820,2026-08-20,342,Albuquerque Isotopes,Pacific Coast League,Isotopes Park,Las Vegas Aviators,400,3092.0,1,day,Thursday,3,8,August,21,0,,0,342-9,3,6,1.0,0.4959349593495935,0.5702479338842975,Sunny,Clear,89.0,3,Varies,0,0,0,,1,-2.0,full_season_release,1,8.036573409707312,7921.0,-2.0,9.198091335494208,-1.161517925786896,9878.25677595771
20260821,2026-08-21,342,Albuquerque Isotopes,Pacific Coast League,Isotopes Park,Las Vegas Aviators,400,6844.0,1,night,Friday,4,8,August,22,1,,0,342-9,4,6,1.0,0.4919354838709677,0.5737704918032787,Partly Cloudy,Cloudy,94.0,8,Out To RF,0,0,0,,1,-1.0,full_season_release,1,8.831127635012084,8836.0,-1.0,9.259837793411707,-0.4287101583996229,10507.428828030605
20260822,2026-08-22,342,Albuquerque Isotopes,Pacific Coast League,Isotopes Park,Las Vegas Aviators,400,8865.0,1,night,Saturday,5,8,August,22,1,,0,342-9,5,6,1.0,0.496,0.5691056910569106,Partly Cloudy,Cloudy,90.0,6,Varies,0,1,1,"Lowrider Bobblehead, first 3000 fans",1,0.0,full_season_release,1,9.089866218508309,8100.0,0.0,9.30151760743708,-0.21165138892877167,10954.631429689547
20260823,2026-08-23,342,Albuquerque Isotopes,Pacific Coast League,Isotopes Park,Las Vegas Aviators,400,4871.0,1,day,Sunday,6,8,August,22,1,,0,342-9,6,6,1.0,0.492063492063492,0.5725806451612904,Partly Cloudy,Cloudy,93.0,8,Out To RF,0,0,0,,1,1.0,full_season_release,1,8.491054533806542,8649.0,1.0,9.086366067351953,-0.5953115335454111,8834.025399513397
20260327,2026-03-27,422,Buffalo Bisons,International League,Sahlen Field,Scranton/Wilkes-Barre RailRiders,531,7847.0,1,day,Friday,4,3,March,1,1,,0,422-1,1,2,1.0,0.0,1.0,Sunny,Clear,31.0,11,L To R,0,1,1,Magnetic Schedule presented by Sahlen's,1,0.0,full_season_release,1,8.967886572127473,961.0,0.0,8.183704525018925,0.7841820471085477,3582.100091068981
20260329,2026-03-29,422,Buffalo Bisons,International League,Sahlen Field,Scranton/Wilkes-Barre RailRiders,531,3191.0,2,day,Sunday,6,3,March,1,1,,0,422-1,2,2,2.0,0.3333333333333333,0.6666666666666666,Partly Cloudy,Cloudy,43.0,14,Out To LF,0,0,0,,1,1.0,full_season_release,1,8.068089626278244,1849.0,1.0,8.180761056266162,-0.1126714299879179,3571.5717938400435
20260408,2026-04-08,422,Buffalo Bisons,International League,Sahlen Field,Syracuse Mets,552,3353.0,2,day,Wednesday,2,4,April,2,0,,0,422-2,1,5,10.0,0.4545454545454545,0.4545454545454545,Sunny,Clear,45.0,6,R To L,0,0,0,,0,,full_season_release,1,8.117610746466228,2025.0,,7.938905529761298,0.17870521670493034,2804.2896165812913
20260409,2026-04-09,422,Buffalo Bisons,International League,Sahlen Field,Syracuse Mets,552,3926.0,1,day,Thursday,3,4,April,2,0,,0,422-2,2,5,1.0,0.4166666666666667,0.5,Sunny,Clear,66.0,20,Out To LF,0,0,0,,0,,full_season_release,1,8.275376374836407,4356.0,,8.434959739866324,-0.159583365029917,4605.2845571611715
20260410,2026-04-10,422,Buffalo Bisons,International League,Sahlen Field,Syracuse Mets,552,3195.0,1,day,Friday,4,4,April,3,1,,0,422-2,3,5,1.0,0.4615384615384615,0.4615384615384615,Overcast,Cloudy,61.0,10,Out To LF,0,0,0,,0,,full_season_release,1,8.069342366811636,3721.0,,8.69288477223699,-0.6235424054253542,5960.351722956331
20260411,2026-04-11,422,Buffalo Bisons,International League,Sahlen Field,Syracuse Mets,552,3750.0,1,day,Saturday,5,4,April,3,1,,0,422-2,4,5,1.0,0.5,0.4285714285714285,Sunny,Clear,48.0,6,In From CF,0,0,0,,0,,full_season_release,1,8.229511118964457,2304.0,,8.439857875483131,-0.21034675651867474,4627.897200162484
20260412,2026-04-12,422,Buffalo Bisons,International League,Sahlen Field,Syracuse Mets,552,3615.0,1,day,Sunday,6,4,April,3,1,,0,422-2,5,5,1.0,0.4666666666666667,0.4666666666666667,Overcast,Cloudy,58.0,6,R To L,0,0,0,,0,,full_season_release,1,8.192847134592865,3364.0,,8.296649983884944,-0.10380284929207839,4010.414910436849
20260421,2026-04-21,422,Buffalo Bisons,International League,Sahlen Field,Columbus Clippers,445,3212.0,1,night,Tuesday,1,4,April,4,0,,0,422-3,1,5,9.0,0.4545454545454545,0.5454545454545454,Cloudy,Cloudy,57.0,8,L To R,0,0,0,,0,,full_season_release,1,8.074649075066652,3249.0,,8.07760264839073,-0.0029535733240777517,3221.5009014145908
20260422,2026-04-22,422,Buffalo Bisons,International League,Sahlen Field,Columbus Clippers,445,3321.0,1,night,Wednesday,2,4,April,4,0,,0,422-3,2,5,1.0,0.4782608695652174,0.5217391304347826,Clear,Clear,58.0,8,R To L,0,0,0,,0,,full_season_release,1,8.108021221376747,3364.0,,8.046490576827718,0.06153064454902868,3122.8164340330086
20260423,2026-04-23,422,Buffalo Bisons,International League,Sahlen Field,Columbus Clippers,445,3237.0,1,night,Thursday,3,4,April,4,0,,0,422-3,3,5,1.0,0.5,0.5,Clear,Clear,65.0,5,Out To LF,0,0,0,,0,,full_season_release,1,8.082402253926244,4225.0,,8.238851360487535,-0.15644910656129163,3785.18999138974
20260424,2026-04-24,422,Buffalo Bisons,International League,Sahlen Field,Columbus Clippers,445,4788.0,1,night,Friday,4,4,April,5,1,,0,422-3,4,5,1.0,0.48,0.52,Overcast,Cloudy,55.0,11,In From LF,0,0,0,,0,,full_season_release,1,8.473868066677865,3025.0,,8.429573327570326,0.04429473910753856,4580.545283573883
20260426,2026-04-26,422,Buffalo Bisons,International League,Sahlen Field,Columbus Clippers,445,3714.0,2,day,Sunday,6,4,April,5,1,,0,422-3,5,5,2.0,0.4814814814814814,0.5185185185185185,Partly Cloudy,Cloudy,54.0,7,Out To CF,0,0,0,,0,,full_season_release,1,8.219864741912652,2916.0,,8.22564244234992,-0.0057777004372692176,3735.52048902739
20260512,2026-05-12,422,Buffalo Bisons,International League,Sahlen Field,Worcester Red Sox,533,3710.0,1,night,Tuesday,1,5,May,7,0,,0,422-4,1,6,14.0,0.5,0.5526315789473685,Cloudy,Cloudy,56.0,6,Calm,0,0,0,,0,,full_season_release,1,8.21878715560148,3136.0,,8.245419487827425,-0.026632332225943856,3810.1334274187243
20260513,2026-05-13,422,Buffalo Bisons,International League,Sahlen Field,Worcester Red Sox,533,3193.0,1,night,Wednesday,2,5,May,7,0,,0,422-4,2,6,1.0,0.4878048780487805,0.5641025641025641,Overcast,Cloudy,52.0,15,R To L,0,0,0,,0,,full_season_release,1,8.068716192714781,2704.0,,8.15202416462699,-0.08330797191220896,3470.396614815172
20260514,2026-05-14,422,Buffalo Bisons,International League,Sahlen Field,Worcester Red Sox,533,3207.0,1,night,Thursday,3,5,May,7,0,,0,422-4,3,6,1.0,0.5,0.55,Overcast,Cloudy,47.0,7,Calm,0,0,0,,0,,full_season_release,1,8.073091199693154,2209.0,,8.162423638567931,-0.08933243887477715,3506.6752262552664
20260515,2026-05-15,422,Buffalo Bisons,International League,Sahlen Field,Worcester Red Sox,533,6589.0,1,night,Friday,4,5,May,8,1,,0,422-4,4,6,1.0,0.5116279069767442,0.5365853658536586,Cloudy,Cloudy,57.0,10,R To L,0,0,0,,0,,full_season_release,1,8.793156870913819,3249.0,,8.663499035979118,0.12965783493470084,5787.750821706003
20260516,2026-05-16,422,Buffalo Bisons,International League,Sahlen Field,Worcester Red Sox,533,4147.0,1,day,Saturday,5,5,May,8,1,,0,422-4,5,6,1.0,0.5227272727272727,0.5238095238095238,Partly Cloudy,Cloudy,73.0,12,In From LF,0,0,0,,0,,full_season_release,1,8.330140460246382,5329.0,,8.923664991260413,-0.5935245310140314,7507.553989651609
20260517,2026-05-17,422,Buffalo Bisons,International League,Sahlen Field,Worcester Red Sox,533,4776.0,1,day,Sunday,6,5,May,8,1,,0,422-4,6,6,1.0,0.5111111111111111,0.5348837209302325,Partly Cloudy,Cloudy,65.0,14,Out To LF,0,0,0,,0,,full_season_release,1,8.471358655072438,4225.0,,8.561533430691576,-0.090174775619138,5226.689797097479
20260526,2026-05-26,422,Buffalo Bisons,International League,Sahlen Field,Lehigh Valley IronPigs,1410,4417.0,1,night,Tuesday,1,5,May,9,0,,0,422-5,1,6,9.0,0.5,0.4423076923076923,Partly Cloudy,Cloudy,68.0,9,Calm,0,0,0,,1,-5.0,full_season_release,1,8.393216011596527,4624.0,-5.0,8.390525926171952,0.0026900854245752726,4405.133860300215
20260527,2026-05-27,422,Buffalo Bisons,International League,Sahlen Field,Lehigh Valley IronPigs,1410,3837.0,1,day,Wednesday,2,5,May,9,0,,0,422-5,2,6,1.0,0.490566037735849,0.4528301886792453,Sunny,Clear,70.0,9,Out To LF,0,0,0,,1,-4.0,full_season_release,1,8.252446090246952,4900.0,-4.0,8.523185405990485,-0.2707393157435334,5030.051019029143
20260528,2026-05-28,422,Buffalo Bisons,International League,Sahlen Field,Lehigh Valley IronPigs,1410,13590.0,1,day,Thursday,3,5,May,9,0,,0,422-5,3,6,1.0,0.4814814814814814,0.4629629629629629,Partly Cloudy,Cloudy,60.0,8,In From CF,0,0,0,,1,-3.0,full_season_release,1,9.51708950714519,3600.0,-3.0,8.56873329574463,0.9483562114005597,5264.457054741694
20260529,2026-05-29,422,Buffalo Bisons,International League,Sahlen Field,Lehigh Valley IronPigs,1410,8115.0,1,night,Friday,4,5,May,10,1,,0,422-5,4,6,1.0,0.4727272727272727,0.4727272727272727,Clear,Clear,63.0,18,R To L,0,0,0,,1,-2.0,full_season_release,1,9.00146947994869,3969.0,-2.0,8.74548564142356,0.25598383852513074,6282.263606574052
20260530,2026-05-30,422,Buffalo Bisons,International League,Sahlen Field,Lehigh Valley IronPigs,1410,4582.0,1,day,Saturday,5,5,May,10,1,,0,422-5,5,6,1.0,0.4821428571428571,0.4642857142857143,Partly Cloudy,Cloudy,62.0,8,In From LF,0,0,0,,1,-1.0,full_season_release,1,8.42989086301344,3844.0,-1.0,8.874691423602997,-0.44480056058955597,7148.740194591573
20260531,2026-05-31,422,Buffalo Bisons,International League,Sahlen Field,Lehigh Valley IronPigs,1410,9259.0,1,day,Sunday,6,5,May,10,1,,0,422-5,6,6,1.0,0.4736842105263157,0.4736842105263157,Sunny,Clear,64.0,13,R To L,0,1,1,Stadium Sling Bag presented by Rich Entertainment Group,1,0.0,full_season_release,1,9.133351330448047,4096.0,0.0,8.56247733514346,0.570873995304586,5231.625621972652
20260609,2026-06-09,422,Buffalo Bisons,International League,Sahlen Field,Syracuse Mets,552,4064.0,1,night,Tuesday,1,6,June,11,0,,0,422-6,1,12,9.0,0.453125,0.515625,Overcast,Cloudy,80.0,3,Calm,0,0,0,,1,-11.0,full_season_release,1,8.309922989258318,6400.0,-11.0,8.510979823109736,-0.2010568338514176,4969.029473747758
20260610,2026-06-10,422,Buffalo Bisons,International League,Sahlen Field,Syracuse Mets,552,4197.0,1,night,Wednesday,2,6,June,11,0,,0,422-6,2,12,1.0,0.4461538461538462,0.5230769230769231,Partly Cloudy,Cloudy,74.0,8,R To L,0,0,0,,1,-10.0,full_season_release,1,8.34212526333359,5476.0,-10.0,8.489474651169692,-0.1473493878361012,4863.310467554739
20260611,2026-06-11,422,Buffalo Bisons,International League,Sahlen Field,Syracuse Mets,552,5683.0,1,night,Thursday,3,6,June,11,0,,0,422-6,3,12,1.0,0.4545454545454545,0.5151515151515151,Overcast,Cloudy,72.0,9,R To L,0,0,0,,1,-9.0,full_season_release,1,8.645234541297121,5184.0,-9.0,8.607755255861855,0.03747928543526591,5473.947265167995
20260612,2026-06-12,422,Buffalo Bisons,International League,Sahlen Field,Syracuse Mets,552,8925.0,1,night,Friday,4,6,June,12,1,,0,422-6,4,12,1.0,0.4626865671641791,0.5074626865671642,Partly Cloudy,Cloudy,70.0,21,Out To LF,0,0,0,,1,-8.0,full_season_release,1,9.09661160664784,4900.0,-8.0,8.911377124766993,0.18523448188084757,7415.866643137023
20260613,2026-06-13,422,Buffalo Bisons,International League,Sahlen Field,Syracuse Mets,552,13495.0,1,night,Saturday,5,6,June,12,1,,0,422-6,5,12,1.0,0.4705882352941176,0.5,Clear,Clear,76.0,12,R To L,0,0,0,,1,-7.0,full_season_release,1,9.510074525452104,5776.0,-7.0,8.886924792327884,0.6231497331242206,7236.73048076955
20260614,2026-06-14,422,Buffalo Bisons,International League,Sahlen Field,Syracuse Mets,552,5149.0,1,day,Sunday,6,6,June,12,1,,0,422-6,6,12,1.0,0.4782608695652174,0.4927536231884058,Cloudy,Cloudy,72.0,9,In From RF,0,0,0,,1,-6.0,full_season_release,1,8.546557800046141,5184.0,-6.0,8.72174014049775,-0.17518234045160952,6134.845297819597
20260616,2026-06-16,422,Buffalo Bisons,International League,Sahlen Field,Charlotte Knights,494,6183.0,1,night,Tuesday,1,6,June,12,0,,0,422-6,7,12,2.0,0.4857142857142857,0.5428571428571428,Partly Cloudy,Cloudy,72.0,9,Out To LF,0,0,0,,1,-5.0,full_season_release,1,8.729558869558568,5184.0,-5.0,8.496113821857577,0.23344504770099128,4895.70623738318
20260617,2026-06-17,422,Buffalo Bisons,International League,Sahlen Field,Charlotte Knights,494,4743.0,1,day,Wednesday,2,6,June,12,0,,0,422-6,8,12,1.0,0.4788732394366197,0.5492957746478874,Partly Cloudy,Cloudy,68.0,13,R To L,0,0,0,,1,-4.0,full_season_release,1,8.464425125877582,4624.0,-4.0,8.584172311070006,-0.11974718519242344,5346.3657557394545
20260618,2026-06-18,422,Buffalo Bisons,International League,Sahlen Field,Charlotte Knights,494,4894.0,1,night,Thursday,3,6,June,12,0,,0,422-6,9,12,1.0,0.4722222222222222,0.5555555555555556,Partly Cloudy,Cloudy,67.0,24,Out To LF,0,0,0,,1,-3.0,full_season_release,1,8.495765244002618,4489.0,-3.0,8.534198469967816,-0.03843322596519805,5085.753456967289
20260619,2026-06-19,422,Buffalo Bisons,International League,Sahlen Field,Charlotte Knights,494,9890.0,1,night,Friday,4,6,June,13,1,,0,422-6,10,12,1.0,0.4657534246575342,0.5616438356164384,Partly Cloudy,Cloudy,68.0,15,R To L,0,0,0,,1,-2.0,full_season_release,1,9.199279424616758,4624.0,-2.0,8.849463356548316,0.3498160680684421,6970.647214019765
20260620,2026-06-20,422,Buffalo Bisons,International League,Sahlen Field,Charlotte Knights,494,7026.0,1,night,Saturday,5,6,June,13,1,,0,422-6,11,12,1.0,0.4729729729729729,0.5540540540540541,Partly Cloudy,Cloudy,68.0,9,R To L,0,0,0,,1,-1.0,full_season_release,1,8.857372832825773,4624.0,-1.0,8.823158694943817,0.03421413788195515,6789.677308783513
20260621,2026-06-21,422,Buffalo Bisons,International League,Sahlen Field,Charlotte Knights,494,12456.0,1,day,Sunday,6,6,June,13,1,Father's Day,1,422-6,12,12,1.0,0.4666666666666667,0.56,Sunny,Clear,69.0,8,Calm,0,1,1,Logo Baseball (Father's Day) presented by ECMC,1,0.0,full_season_release,1,9.429957713513835,4761.0,0.0,8.738005020434134,0.6919526930797009,6235.443712852812
20260707,2026-07-07,422,Buffalo Bisons,International League,Sahlen Field,Scranton/Wilkes-Barre RailRiders,531,6892.0,1,night,Tuesday,1,7,July,15,0,,0,422-7,1,5,14.0,0.4772727272727273,0.5232558139534884,Partly Cloudy,Cloudy,80.0,8,Out To RF,0,0,0,,1,-2.0,full_season_release,1,8.83811659764782,6400.0,-2.0,8.486036708579286,0.35207988906853416,4846.619393285461
20260708,2026-07-08,422,Buffalo Bisons,International League,Sahlen Field,Scranton/Wilkes-Barre RailRiders,531,6091.0,1,night,Wednesday,2,7,July,15,0,,0,422-7,2,5,1.0,0.4719101123595505,0.5287356321839081,Clear,Clear,80.0,8,R To L,0,0,0,,1,-1.0,full_season_release,1,8.714567550836485,6400.0,-1.0,8.461844129515859,0.252723421320626,4730.77411852109
20260710,2026-07-10,422,Buffalo Bisons,International League,Sahlen Field,Scranton/Wilkes-Barre RailRiders,531,10273.0,1,night,Friday,4,7,July,16,1,,0,422-7,3,5,2.0,0.4666666666666667,0.5340909090909091,Clear,Clear,81.0,6,R To L,0,1,1,Cookie Cutter (Christmas in July),1,0.0,full_season_release,1,9.237274373216264,6561.0,0.0,8.890361566779974,0.34691280643628986,7261.644278231566
20260711,2026-07-11,422,Buffalo Bisons,International League,Sahlen Field,Scranton/Wilkes-Barre RailRiders,531,5547.0,2,night,Saturday,5,7,July,16,1,,0,422-7,4,5,1.0,0.4782608695652174,0.5222222222222223,Clear,Clear,79.0,12,Out To LF,0,0,0,,1,1.0,full_season_release,1,8.621012520055235,6241.0,1.0,8.878932810672083,-0.2579202906168483,7179.125160463339
20260712,2026-07-12,422,Buffalo Bisons,International League,Sahlen Field,Scranton/Wilkes-Barre RailRiders,531,7727.0,1,day,Sunday,6,7,July,16,1,,0,422-7,5,5,1.0,0.4731182795698925,0.5274725274725275,Sunny,Clear,80.0,4,In From LF,0,1,1,Ernie Clement Bobble-Card presented by Equitable Advisors,1,0.0,full_season_release,1,8.952475967933584,6400.0,0.0,8.707662259186659,0.24481370874692487,6049.084753615119
20260721,2026-07-21,422,Buffalo Bisons,International League,Sahlen Field,Rochester Red Wings,534,6081.0,1,night,Tuesday,1,7,July,17,0,,0,422-8,1,6,9.0,0.4742268041237113,0.6,Cloudy,Cloudy,72.0,12,Out To LF,0,0,0,,1,-3.0,full_season_release,1,8.71292443512011,5184.0,-3.0,8.520002383408203,0.19292205171190702,5014.065707346016
20260722,2026-07-22,422,Buffalo Bisons,International League,Sahlen Field,Rochester Red Wings,534,7218.0,1,day,Wednesday,2,7,July,17,0,,0,422-8,2,6,1.0,0.4795918367346938,0.59375,Overcast,Cloudy,66.0,11,R To L,0,0,0,,1,-2.0,full_season_release,1,8.884333185202735,4356.0,-2.0,8.619067344503765,0.2652658406989694,5536.220598528943
20260723,2026-07-23,422,Buffalo Bisons,International League,Sahlen Field,Rochester Red Wings,534,5829.0,1,night,Thursday,3,7,July,17,0,,0,422-8,3,6,1.0,0.4747474747474747,0.5979381443298969,Clear,Clear,73.0,9,Calm,0,0,0,,1,-1.0,full_season_release,1,8.67060073804555,5329.0,-1.0,8.598672709906001,0.07192802813954913,5424.454985751915
20260724,2026-07-24,422,Buffalo Bisons,International League,Sahlen Field,Rochester Red Wings,534,10083.0,1,night,Friday,4,7,July,18,1,,0,422-8,4,6,1.0,0.48,0.5918367346938775,Clear,Clear,80.0,5,R To L,0,1,1,Slippers (Pajama Night),1,0.0,full_season_release,1,9.218606116393214,6400.0,0.0,8.887135929913523,0.3314701864796916,7238.258587885927
20260725,2026-07-25,422,Buffalo Bisons,International League,Sahlen Field,Rochester Red Wings,534,9631.0,1,night,Saturday,5,7,July,18,1,,0,422-8,5,6,1.0,0.4851485148514851,0.5858585858585859,Partly Cloudy,Cloudy,78.0,8,Out To LF,0,0,0,,1,1.0,full_season_release,1,9.172742341560864,6084.0,1.0,8.871347857068374,0.30139448449249073,7124.8778210596665
20260726,2026-07-26,422,Buffalo Bisons,International League,Sahlen Field,Rochester Red Wings,534,7154.0,1,day,Sunday,6,7,July,18,1,,0,422-8,6,6,1.0,0.4803921568627451,0.59,Overcast,Cloudy,76.0,7,Out To LF,0,0,0,,1,2.0,full_season_release,1,8.875426919818963,5776.0,2.0,8.712200720194105,0.16322619962485874,6076.600681653155
20260804,2026-08-04,422,Buffalo Bisons,International League,Sahlen Field,Norfolk Tides,568,6976.0,1,night,Tuesday,1,8,August,19,0,,0,422-9,1,6,9.0,0.4770642201834862,0.3551401869158878,Clear,Clear,81.0,6,Calm,0,0,0,,1,-5.0,full_season_release,1,8.850230965588816,6561.0,-5.0,8.500850844087307,0.3493801215015093,4918.95232180025
20260805,2026-08-05,422,Buffalo Bisons,International League,Sahlen Field,Norfolk Tides,568,6015.0,1,day,Wednesday,2,8,August,19,0,,0,422-9,2,6,1.0,0.4818181818181818,0.3518518518518518,Cloudy,Cloudy,86.0,10,Out To LF,0,0,0,,1,-4.0,full_season_release,1,8.70201162840878,7396.0,-4.0,8.577712800810971,0.12429882759780853,5311.942150800774
20260806,2026-08-06,422,Buffalo Bisons,International League,Sahlen Field,Norfolk Tides,568,4673.0,1,night,Thursday,3,8,August,19,0,,0,422-9,3,6,1.0,0.4864864864864865,0.3486238532110092,Partly Cloudy,Cloudy,83.0,9,R To L,0,0,0,,1,-3.0,full_season_release,1,8.449556542700426,6889.0,-3.0,8.561689621106588,-0.1121330784061616,5227.50621970306
20260807,2026-08-07,422,Buffalo Bisons,International League,Sahlen Field,Norfolk Tides,568,11707.0,1,night,Friday,4,8,August,20,1,,0,422-9,4,6,1.0,0.4821428571428571,0.3545454545454545,Cloudy,Cloudy,78.0,5,R To L,0,0,0,,1,-2.0,full_season_release,1,9.367942232479672,6084.0,-2.0,8.903601298712896,0.4643409337667759,7358.4257686265
20260808,2026-08-08,422,Buffalo Bisons,International League,Sahlen Field,Norfolk Tides,568,7151.0,1,night,Saturday,5,8,August,20,1,,0,422-9,5,6,1.0,0.4867256637168141,0.3513513513513513,Partly Cloudy,Cloudy,78.0,14,Out To LF,0,0,0,,1,-1.0,full_season_release,1,8.875007486048396,6084.0,-1.0,8.877592205133208,-0.0025847190848118373,7169.507233872239
20260809,2026-08-09,422,Buffalo Bisons,International League,Sahlen Field,Norfolk Tides,568,6027.0,1,day,Sunday,6,8,August,20,1,,0,422-9,6,6,1.0,0.4912280701754385,0.3482142857142857,Sunny,Clear,79.0,7,Calm,0,1,1,Sliding Mitt presented by SUNY Erie,1,0.0,full_season_release,1,8.704004653483045,6241.0,0.0,8.705849085104674,-0.0018444316216292833,6038.12664739938
20260818,2026-08-18,422,Buffalo Bisons,International League,Sahlen Field,Lehigh Valley IronPigs,1410,6344.0,1,night,Tuesday,1,8,August,21,0,,0,422-10,1,6,9.0,0.4958677685950413,0.4833333333333333,Partly Cloudy,Cloudy,74.0,12,Out To LF,0,0,0,,1,-5.0,full_season_release,1,8.755264763314685,5476.0,-5.0,8.518806442000148,0.2364583213145366,5008.072762863423
20260819,2026-08-19,422,Buffalo Bisons,International League,Sahlen Field,Lehigh Valley IronPigs,1410,4491.0,1,day,Wednesday,2,8,August,21,0,,0,422-10,2,6,1.0,0.4918032786885246,0.4876033057851239,Cloudy,Cloudy,75.0,10,In From RF,0,0,0,,1,-4.0,full_season_release,1,8.409830673087738,5625.0,-4.0,8.641822673328841,-0.2319920002411031,5663.643394205169
20260820,2026-08-20,422,Buffalo Bisons,International League,Sahlen Field,Lehigh Valley IronPigs,1410,5939.0,1,night,Thursday,3,8,August,21,0,,0,422-10,3,6,1.0,0.4878048780487805,0.4918032786885246,Clear,Clear,76.0,9,Calm,0,0,0,,1,-3.0,full_season_release,1,8.68929604801586,5776.0,-3.0,8.594837476159645,0.0944585718562152,5403.690776185348
20260821,2026-08-21,422,Buffalo Bisons,International League,Sahlen Field,Lehigh Valley IronPigs,1410,10042.0,1,night,Friday,4,8,August,22,1,,0,422-10,4,6,1.0,0.4919354838709677,0.4878048780487805,Partly Cloudy,Cloudy,80.0,4,Out To LF,0,0,0,,1,-2.0,full_season_release,1,9.21453157659465,6400.0,-2.0,8.886505796801302,0.32802577979334835,7233.698958212574
20260823,2026-08-23,422,Buffalo Bisons,International League,Sahlen Field,Lehigh Valley IronPigs,1410,7043.0,1,day,Sunday,6,8,August,22,1,,0,422-10,6,6,2.0,0.496,0.4838709677419355,Overcast,Cloudy,66.0,13,Out To CF,0,1,1,Vlad Guerrero Jr. Jersey Lunch Bag,1,0.0,full_season_release,1,8.85978949474541,4356.0,0.0,8.686128843131444,0.17366065161396627,5920.219726377658
20260327,2026-03-27,494,Charlotte Knights,International League,Truist Field,Durham Bulls,234,7164.0,1,night,Friday,4,3,March,1,1,,0,494-1,1,3,1.0,1.0,0.0,Partly Cloudy,Cloudy,81.0,8,Varies,0,0,0,,0,,partial_assembled,0,8.876823763180603,6561.0,,8.765304803077354,0.11151896010324869,6408.014830238413
20260328,2026-03-28,494,Charlotte Knights,International League,Truist Field,Durham Bulls,234,5305.0,1,night,Saturday,5,3,March,1,1,,0,494-1,2,3,1.0,1.0,0.0,Clear,Clear,59.0,11,Varies,0,0,0,,0,,partial_assembled,0,8.576405051048084,3481.0,,8.672931262613927,-0.09652621156584296,5842.600469667687
20260329,2026-03-29,494,Charlotte Knights,International League,Truist Field,Durham Bulls,234,4249.0,1,day,Sunday,6,3,March,1,1,,0,494-1,3,3,1.0,1.0,0.0,Sunny,Clear,60.0,6,Varies,0,0,0,,0,,partial_assembled,0,8.354438940114811,3600.0,,8.519076534665194,-0.16463759455038307,5009.425589268709
20260407,2026-04-07,494,Charlotte Knights,International League,Truist Field,Memphis Redbirds,235,3720.0,1,night,Tuesday,1,4,April,2,0,,0,494-2,1,6,9.0,0.4444444444444444,0.9,Clear,Clear,66.0,8,Varies,0,0,0,,0,,partial_assembled,0,8.221478947267192,4356.0,,8.261004409095989,-0.03952546182879679,3869.9791913452077
20260408,2026-04-08,494,Charlotte Knights,International League,Truist Field,Memphis Redbirds,235,3872.0,1,night,Wednesday,2,4,April,2,0,,0,494-2,2,6,1.0,0.5,0.8181818181818182,Partly Cloudy,Cloudy,61.0,9,Varies,0,0,0,,0,,partial_assembled,0,8.261526448396468,3721.0,,8.1674592602489,0.09406718814756765,3524.3780510085417
20260409,2026-04-09,494,Charlotte Knights,International League,Truist Field,Memphis Redbirds,235,4114.0,1,night,Thursday,3,4,April,2,0,,0,494-2,3,6,1.0,0.4545454545454545,0.8333333333333334,Clear,Clear,64.0,4,Varies,0,0,0,,0,,partial_assembled,0,8.322151070212902,4096.0,,8.324543026203523,-0.002391955990621142,4123.852285364464
20260410,2026-04-10,494,Charlotte Knights,International League,Truist Field,Memphis Redbirds,235,6730.0,1,night,Friday,4,4,April,3,1,,0,494-2,4,6,1.0,0.5,0.7692307692307693,Partly Cloudy,Cloudy,74.0,7,Varies,0,0,0,,0,,partial_assembled,0,8.814330422638774,5476.0,,8.667579355298681,0.1467510673400927,5811.41493894601
20260411,2026-04-11,494,Charlotte Knights,International League,Truist Field,Memphis Redbirds,235,5043.0,1,night,Saturday,5,4,April,3,1,,0,494-2,5,6,1.0,0.4615384615384615,0.7857142857142857,Clear,Clear,81.0,2,Varies,0,0,0,,0,,partial_assembled,0,8.525756422076725,6561.0,,8.622176430999179,-0.09642000892245406,5553.459972693247
20260412,2026-04-12,494,Charlotte Knights,International League,Truist Field,Memphis Redbirds,235,3485.0,1,day,Sunday,6,4,April,3,1,,0,494-2,6,6,1.0,0.5,0.7333333333333333,Sunny,Clear,80.0,5,Varies,0,0,0,,0,,partial_assembled,0,8.156223323194624,6400.0,,8.457460950048983,-0.30123762685435906,4710.083664654493
20260421,2026-04-21,494,Charlotte Knights,International League,Truist Field,Nashville Sounds,556,7234.0,1,day,Tuesday,1,4,April,4,0,,0,494-3,1,12,9.0,0.4285714285714285,0.5714285714285714,Sunny,Clear,59.0,5,Varies,0,0,0,,0,,partial_assembled,0,8.886547412512042,3481.0,,8.373320194884112,0.5132272176279304,4329.988628948137
20260422,2026-04-22,494,Charlotte Knights,International League,Truist Field,Nashville Sounds,556,4186.0,1,night,Wednesday,2,4,April,4,0,,0,494-3,2,12,1.0,0.4545454545454545,0.5454545454545454,Clear,Clear,81.0,9,Varies,0,0,0,,0,,partial_assembled,0,8.339500903005945,6561.0,,8.228865271503414,0.11063563150253053,3747.578853950765
20260423,2026-04-23,494,Charlotte Knights,International League,Truist Field,Nashville Sounds,556,4444.0,1,night,Thursday,3,4,April,4,0,,0,494-3,3,12,1.0,0.4782608695652174,0.5217391304347826,Clear,Clear,81.0,6,Varies,0,0,0,,0,,partial_assembled,0,8.39931015075952,6561.0,,8.34571009086106,0.05360005989846073,4212.072521185817
20260424,2026-04-24,494,Charlotte Knights,International League,Truist Field,Nashville Sounds,556,8204.0,1,night,Friday,4,4,April,5,1,,0,494-3,4,12,1.0,0.5,0.5,Clear,Clear,81.0,8,Varies,0,0,0,,0,,partial_assembled,0,9.012377119192271,6561.0,,8.651757766647078,0.36061935254519284,5720.192665847596
20260425,2026-04-25,494,Charlotte Knights,International League,Truist Field,Nashville Sounds,556,5337.0,1,night,Saturday,5,4,April,5,1,,0,494-3,5,12,1.0,0.48,0.52,Cloudy,Cloudy,82.0,10,Varies,0,0,0,,0,,partial_assembled,0,8.582418976333944,6724.0,,8.62182044488809,-0.03940146855414639,5551.483369916923
20260426,2026-04-26,494,Charlotte Knights,International League,Truist Field,Nashville Sounds,556,5070.0,1,day,Sunday,6,4,April,5,1,,0,494-3,6,12,1.0,0.4814814814814814,0.5185185185185185,Cloudy,Cloudy,71.0,12,Varies,0,0,0,,0,,partial_assembled,0,8.531096096585228,5041.0,,8.486457048179975,0.044639048405253234,4848.657047569318
20260428,2026-04-28,494,Charlotte Knights,International League,Truist Field,Gwinnett Stripers,431,4210.0,1,night,Tuesday,1,4,April,5,0,,0,494-3,7,12,2.0,0.4642857142857143,0.6428571428571429,Overcast,Cloudy,69.0,8,Varies,0,0,0,,0,,partial_assembled,0,8.345217926676428,4761.0,,8.256216685488459,0.08900124118796882,3851.4950843161187
20260429,2026-04-29,494,Charlotte Knights,International League,Truist Field,Gwinnett Stripers,431,5218.0,1,day,Wednesday,2,4,April,5,0,,0,494-3,8,12,1.0,0.4827586206896552,0.6206896551724138,Cloudy,Cloudy,65.0,8,Varies,0,0,0,,0,,partial_assembled,0,8.559869465696673,4225.0,,8.330039406198582,0.22983005949809154,4146.580950037479
20260430,2026-04-30,494,Charlotte Knights,International League,Truist Field,Gwinnett Stripers,431,5246.0,1,night,Thursday,3,4,April,5,0,,0,494-3,9,12,1.0,0.4666666666666667,0.6333333333333333,Cloudy,Cloudy,71.0,5,Varies,0,0,0,,0,,partial_assembled,0,8.56522116042682,5041.0,,8.315957305088004,0.2492638553388158,4088.5975997353166
20260501,2026-05-01,494,Charlotte Knights,International League,Truist Field,Gwinnett Stripers,431,7109.0,1,night,Friday,4,5,May,6,1,,0,494-3,10,12,1.0,0.4516129032258064,0.6451612903225806,Cloudy,Cloudy,62.0,6,Varies,0,0,0,,0,,partial_assembled,0,8.869116865929483,3844.0,,8.779920230189635,0.08919663573984771,6502.358460757009
20260502,2026-05-02,494,Charlotte Knights,International League,Truist Field,Gwinnett Stripers,431,6168.0,1,night,Saturday,5,5,May,6,1,,0,494-3,11,12,1.0,0.46875,0.625,Partly Cloudy,Cloudy,62.0,2,Varies,0,0,0,,0,,partial_assembled,0,8.727129915243166,3844.0,,8.752350641817284,-0.025220726574117336,6325.539724027902
20260503,2026-05-03,494,Charlotte Knights,International League,Truist Field,Gwinnett Stripers,431,5443.0,1,day,Sunday,6,5,May,6,1,,0,494-3,12,12,1.0,0.4848484848484848,0.6060606060606061,Sunny,Clear,65.0,7,Varies,0,0,0,,0,,partial_assembled,0,8.6020856584342,4225.0,,8.610635725520064,-0.008550067085863589,5489.73753495466
20260512,2026-05-12,494,Charlotte Knights,International League,Truist Field,Norfolk Tides,568,4508.0,1,night,Tuesday,1,5,May,7,0,,0,494-4,1,6,9.0,0.475,0.4,Clear,Clear,70.0,7,Varies,0,0,0,,0,,partial_assembled,0,8.413608875159667,4900.0,,8.50307086770331,-0.08946199254364195,4929.884642635856
20260513,2026-05-13,494,Charlotte Knights,International League,Truist Field,Norfolk Tides,568,4736.0,1,night,Wednesday,2,5,May,7,0,,0,494-4,2,6,1.0,0.4634146341463415,0.4146341463414634,Clear,Clear,76.0,6,Varies,0,0,0,,0,,partial_assembled,0,8.462948176563842,5776.0,,8.46431307744555,-0.001364900881707598,4742.468584059588
20260514,2026-05-14,494,Charlotte Knights,International League,Truist Field,Norfolk Tides,568,5654.0,1,night,Thursday,3,5,May,7,0,,0,494-4,3,6,1.0,0.4761904761904761,0.4047619047619047,Partly Cloudy,Cloudy,67.0,13,Varies,0,0,0,,0,,partial_assembled,0,8.640118538253535,4489.0,,8.567356048416217,0.07276248983731826,5257.211585874097
20260515,2026-05-15,494,Charlotte Knights,International League,Truist Field,Norfolk Tides,568,6304.0,1,night,Friday,4,5,May,8,1,,0,494-4,4,6,1.0,0.4883720930232558,0.3953488372093023,Clear,Clear,74.0,3,Varies,0,0,0,,0,,partial_assembled,0,8.748939631537715,5476.0,,8.89277755423282,-0.14383792269510565,7279.209529864555
20260516,2026-05-16,494,Charlotte Knights,International League,Truist Field,Norfolk Tides,568,6744.0,1,night,Saturday,5,5,May,8,1,,0,494-4,5,6,1.0,0.4772727272727273,0.4090909090909091,Partly Cloudy,Cloudy,81.0,7,Varies,0,0,0,,0,,partial_assembled,0,8.81640849968169,6561.0,,8.842649485016697,-0.026240985335006073,6923.311572047616
20260517,2026-05-17,494,Charlotte Knights,International League,Truist Field,Norfolk Tides,568,6222.0,1,day,Sunday,6,5,May,8,1,,0,494-4,6,6,1.0,0.4888888888888889,0.4,Partly Cloudy,Cloudy,84.0,8,Varies,0,0,0,,0,,partial_assembled,0,8.735846677457582,7056.0,,8.649700901542214,0.08614577591536765,5708.4390930607915
20260526,2026-05-26,494,Charlotte Knights,International League,Truist Field,Jacksonville Jumbo Shrimp,564,3100.0,1,night,Tuesday,1,5,May,9,0,,0,494-5,1,6,9.0,0.5192307692307693,0.5576923076923077,Overcast,Cloudy,78.0,7,Varies,0,0,0,,0,,partial_assembled,0,8.039157390473237,6084.0,,8.48455185050266,-0.44539446002942285,4839.428191613215
20260527,2026-05-27,494,Charlotte Knights,International League,Truist Field,Jacksonville Jumbo Shrimp,564,4045.0,1,night,Wednesday,2,5,May,9,0,,0,494-5,2,6,1.0,0.5094339622641509,0.5660377358490566,Partly Cloudy,Cloudy,84.0,4,Varies,0,0,0,,0,,partial_assembled,0,8.305236829492593,7056.0,,8.402231574790617,-0.09699474529802465,4457.001791019342
20260528,2026-05-28,494,Charlotte Knights,International League,Truist Field,Jacksonville Jumbo Shrimp,564,4666.0,1,night,Thursday,3,5,May,9,0,,0,494-5,3,6,1.0,0.5185185185185185,0.5555555555555556,Partly Cloudy,Cloudy,86.0,5,Varies,0,0,0,,0,,partial_assembled,0,8.448057452581375,7396.0,,8.500062216421094,-0.05200476383971875,4915.074629139328
20260529,2026-05-29,494,Charlotte Knights,International League,Truist Field,Jacksonville Jumbo Shrimp,564,7686.0,1,night,Friday,4,5,May,10,1,,0,494-5,4,6,1.0,0.5272727272727272,0.5454545454545454,Partly Cloudy,Cloudy,82.0,2,Varies,0,0,0,,0,,partial_assembled,0,8.94715577112479,6724.0,,8.846499769382577,0.10065600174221245,6950.019674252833
20260530,2026-05-30,494,Charlotte Knights,International League,Truist Field,Jacksonville Jumbo Shrimp,564,6352.0,1,night,Saturday,5,5,May,10,1,,0,494-5,5,6,1.0,0.5178571428571429,0.5535714285714286,Partly Cloudy,Cloudy,81.0,3,Varies,0,0,0,,0,,partial_assembled,0,8.756525002926972,6561.0,,8.82989659485115,-0.07337159192417708,6835.579944914901
20260531,2026-05-31,494,Charlotte Knights,International League,Truist Field,Jacksonville Jumbo Shrimp,564,4025.0,1,day,Sunday,6,5,May,10,1,,0,494-5,6,6,1.0,0.5087719298245614,0.5614035087719298,Partly Cloudy,Cloudy,71.0,5,Varies,0,0,0,,0,,partial_assembled,0,8.300280189852664,5041.0,,8.688667008073864,-0.3883868182211998,5935.2653065433105
20260609,2026-06-09,494,Charlotte Knights,International League,Truist Field,Oklahoma City Comets,238,4401.0,1,night,Tuesday,1,6,June,11,0,,0,494-6,1,6,9.0,0.546875,0.5714285714285714,Partly Cloudy,Cloudy,82.0,4,Varies,0,0,0,,1,-3.0,partial_assembled,0,8.38958706681109,6724.0,-3.0,8.57701888480608,-0.1874318179949892,5308.257387731166
20260610,2026-06-10,494,Charlotte Knights,International League,Truist Field,Oklahoma City Comets,238,4002.0,1,day,Wednesday,2,6,June,11,0,,0,494-6,2,6,1.0,0.5384615384615384,0.578125,Cloudy,Cloudy,79.0,10,Varies,0,0,0,,1,-2.0,partial_assembled,0,8.294549515143679,6241.0,-2.0,8.721135638653259,-0.4265861235095798,6131.137893200753
20260611,2026-06-11,494,Charlotte Knights,International League,Truist Field,Oklahoma City Comets,238,5364.0,1,night,Thursday,3,6,June,11,0,,0,494-6,3,6,1.0,0.5454545454545454,0.5692307692307692,Partly Cloudy,Cloudy,91.0,6,Varies,0,0,0,,1,-1.0,partial_assembled,0,8.587465244401569,8281.0,-1.0,8.548137328536976,0.039327915864593166,5157.139418728938
20260612,2026-06-12,494,Charlotte Knights,International League,Truist Field,Oklahoma City Comets,238,6124.0,1,night,Friday,4,6,June,12,1,,0,494-6,4,6,1.0,0.5522388059701493,0.5606060606060606,Partly Cloudy,Cloudy,92.0,7,Varies,0,1,1,"Retro Knights basketball jersey, first 1000 fans",1,0.0,partial_assembled,0,8.719970756777574,8464.0,0.0,8.839886231621765,-0.1199154748441913,6904.207115225688
20260613,2026-06-13,494,Charlotte Knights,International League,Truist Field,Oklahoma City Comets,238,6161.0,1,night,Saturday,5,6,June,12,1,,0,494-6,5,6,1.0,0.5441176470588235,0.5671641791044776,Partly Cloudy,Cloudy,94.0,4,Varies,0,0,0,,1,1.0,partial_assembled,0,8.725994381014571,8836.0,1.0,8.780160727872657,-0.054166346858085745,6503.92245096147
20260614,2026-06-14,494,Charlotte Knights,International League,Truist Field,Oklahoma City Comets,238,5628.0,1,night,Sunday,6,6,June,12,1,,0,494-6,6,6,1.0,0.5507246376811594,0.5588235294117647,Partly Cloudy,Cloudy,88.0,12,Varies,0,0,0,,1,2.0,partial_assembled,0,8.63550941823428,7744.0,2.0,8.543067124253206,0.09244229398107429,5131.057843686021
20260623,2026-06-23,494,Charlotte Knights,International League,Truist Field,Rochester Red Wings,534,4577.0,1,night,Tuesday,1,6,June,13,0,,0,494-7,1,6,9.0,0.5526315789473685,0.6216216216216216,Clear,Clear,85.0,6,Varies,0,0,0,,1,-3.0,partial_assembled,0,8.428799040653642,7225.0,-3.0,8.546510088144352,-0.11771104749070993,5148.75433727825
20260624,2026-06-24,494,Charlotte Knights,International League,Truist Field,Rochester Red Wings,534,5509.0,1,night,Wednesday,2,6,June,13,0,,0,494-7,2,6,1.0,0.5584415584415584,0.6133333333333333,Partly Cloudy,Cloudy,82.0,3,Varies,0,0,0,,1,-2.0,partial_assembled,0,8.614138397472717,6724.0,-2.0,8.53114105573806,0.08299734173465723,5070.227948028987
20260625,2026-06-25,494,Charlotte Knights,International League,Truist Field,Rochester Red Wings,534,5376.0,1,night,Thursday,3,6,June,13,0,,0,494-7,3,6,1.0,0.5641025641025641,0.6052631578947368,Partly Cloudy,Cloudy,85.0,5,Varies,0,0,0,,1,-1.0,partial_assembled,0,8.589699882202986,7225.0,-1.0,8.623017216861246,-0.03331733465826048,5558.131206802459
20260626,2026-06-26,494,Charlotte Knights,International League,Truist Field,Rochester Red Wings,534,7014.0,1,night,Friday,4,6,June,14,1,,0,494-7,4,6,1.0,0.5569620253164557,0.6103896103896104,Partly Cloudy,Cloudy,83.0,4,Varies,0,1,1,"Sweet Teas shirt, first 1000 fans",1,0.0,partial_assembled,0,8.855663430700124,6889.0,0.0,8.952398708724925,-0.09673527802480031,7726.40304115527
20260627,2026-06-27,494,Charlotte Knights,International League,Truist Field,Rochester Red Wings,534,5833.0,1,night,Saturday,5,6,June,14,1,,0,494-7,5,6,1.0,0.55,0.6153846153846154,Cloudy,Cloudy,78.0,5,Varies,0,1,1,"Levine Children's Hospital youth jersey, first 1000 kids",1,0.0,partial_assembled,0,8.671286726753637,6084.0,0.0,8.960439732721502,-0.2891530059678651,7788.781691421714
20260628,2026-06-28,494,Charlotte Knights,International League,Truist Field,Rochester Red Wings,534,3932.0,1,night,Sunday,6,6,June,14,1,,0,494-7,6,6,1.0,0.5432098765432098,0.620253164556962,Cloudy,Cloudy,84.0,8,Varies,0,0,0,,1,1.0,partial_assembled,0,8.276903481267057,7056.0,1.0,8.58781401040963,-0.3109105291425731,5365.871107137557
20260707,2026-07-07,494,Charlotte Knights,International League,Truist Field,Nashville Sounds,556,3468.0,1,night,Tuesday,1,7,July,15,0,,0,494-8,1,6,9.0,0.5340909090909091,0.5681818181818182,Partly Cloudy,Cloudy,88.0,8,Varies,0,0,0,,1,-2.0,partial_assembled,0,8.151333337900432,7744.0,-2.0,8.513047680131898,-0.3617143422314655,4979.315347431212
20260708,2026-07-08,494,Charlotte Knights,International League,Truist Field,Nashville Sounds,556,4310.0,1,night,Wednesday,2,7,July,15,0,,0,494-8,2,6,1.0,0.5280898876404494,0.5730337078651685,Partly Cloudy,Cloudy,92.0,11,Varies,0,0,0,,1,-1.0,partial_assembled,0,8.368693183097793,8464.0,-1.0,8.411412294486977,-0.04271911138918405,4498.108681843766
20260709,2026-07-09,494,Charlotte Knights,International League,Truist Field,Nashville Sounds,556,5577.0,1,night,Thursday,3,7,July,15,0,,0,494-8,3,6,1.0,0.5333333333333333,0.5666666666666667,Partly Cloudy,Cloudy,85.0,8,Varies,0,1,1,"NASCAR T-shirt, first 1000 fans",1,0.0,partial_assembled,0,8.626406276389554,7225.0,0.0,8.626845669708818,-0.00043939331926345915,5579.451034986299
20260710,2026-07-10,494,Charlotte Knights,International League,Truist Field,Nashville Sounds,556,7619.0,1,night,Friday,4,7,July,16,1,,0,494-8,4,6,1.0,0.5274725274725275,0.5714285714285714,Partly Cloudy,Cloudy,81.0,6,Varies,0,1,1,"Grateful Dead T-shirt, first 1000 fans",1,0.0,partial_assembled,0,8.93840040647301,6561.0,0.0,8.971664783016852,-0.03326437654384229,7876.703698933624
20260711,2026-07-11,494,Charlotte Knights,International League,Truist Field,Nashville Sounds,556,5402.0,1,night,Saturday,5,7,July,16,1,,0,494-8,5,6,1.0,0.5217391304347826,0.5760869565217391,Cloudy,Cloudy,86.0,10,Varies,0,0,0,,1,1.0,partial_assembled,0,8.59452453435256,7396.0,1.0,8.901254502903132,-0.306729968550572,7341.177293107524
20260712,2026-07-12,494,Charlotte Knights,International League,Truist Field,Nashville Sounds,556,3480.0,1,day,Sunday,6,7,July,16,1,,0,494-8,6,6,1.0,0.5268817204301075,0.5698924731182796,Cloudy,Cloudy,86.0,5,Varies,0,0,0,,1,2.0,partial_assembled,0,8.15478757276852,7396.0,2.0,8.73417018439268,-0.57938261162416,6211.577599132687
20260721,2026-07-21,494,Charlotte Knights,International League,Truist Field,Norfolk Tides,568,5027.0,1,night,Tuesday,1,7,July,17,0,,0,494-9,1,5,9.0,0.5257731958762887,0.3684210526315789,Partly Cloudy,Cloudy,91.0,14,Varies,0,0,0,,1,-3.0,partial_assembled,0,8.522578663692576,8281.0,-3.0,8.478381079949962,0.044197583742613844,4809.657140269452
20260722,2026-07-22,494,Charlotte Knights,International League,Truist Field,Norfolk Tides,568,4288.0,1,night,Wednesday,2,7,July,17,0,,0,494-9,2,5,1.0,0.5306122448979592,0.3645833333333333,Partly Cloudy,Cloudy,90.0,12,Varies,0,0,0,,1,-2.0,partial_assembled,0,8.363575702750637,8100.0,-2.0,8.45098605018357,-0.08741034743293241,4679.684865362888
20260724,2026-07-24,494,Charlotte Knights,International League,Truist Field,Norfolk Tides,568,6026.0,2,night,Friday,4,7,July,18,1,,0,494-9,3,5,2.0,0.53,0.3673469387755102,Overcast,Cloudy,76.0,3,Varies,0,0,0,,1,-1.0,partial_assembled,0,8.703838719690246,5776.0,-1.0,9.007482584402453,-0.30364386471220683,8163.943345895844
20260725,2026-07-25,494,Charlotte Knights,International League,Truist Field,Norfolk Tides,568,6391.0,1,night,Saturday,5,7,July,18,1,,0,494-9,4,5,1.0,0.5346534653465347,0.3636363636363636,Partly Cloudy,Cloudy,81.0,1,Varies,0,1,1,"Commemorative snow globe, first 1000 fans",1,0.0,partial_assembled,0,8.762646029650282,6561.0,0.0,8.961670497412939,-0.1990244677626567,7798.373750489813
20260726,2026-07-26,494,Charlotte Knights,International League,Truist Field,Norfolk Tides,568,4002.0,1,day,Sunday,6,7,July,18,1,,0,494-9,5,5,1.0,0.5392156862745098,0.36,Cloudy,Cloudy,79.0,2,Varies,0,0,0,,1,1.0,partial_assembled,0,8.294549515143679,6241.0,1.0,8.80661504788728,-0.5120655327436019,6678.275322143588
20260805,2026-08-05,494,Charlotte Knights,International League,Truist Field,Durham Bulls,234,4443.0,2,night,Wednesday,2,8,August,19,0,,0,494-10,1,5,10.0,0.5363636363636364,0.4678899082568807,Partly Cloudy,Cloudy,80.0,6,Varies,0,0,0,,1,-1.0,partial_assembled,0,8.399085102935908,6400.0,-1.0,8.52630234690575,-0.12721724396984158,5045.753850542068
20260806,2026-08-06,494,Charlotte Knights,International League,Truist Field,Durham Bulls,234,6037.0,1,night,Thursday,3,8,August,19,0,,0,494-10,2,5,1.0,0.5405405405405406,0.4636363636363636,Cloudy,Cloudy,76.0,5,Varies,0,1,1,Knights hockey jersey courtesy of ACCHL,1,0.0,partial_assembled,0,8.705662478796427,5776.0,0.0,8.693764353773396,0.011898125023030559,5965.596644612303
20260807,2026-08-07,494,Charlotte Knights,International League,Truist Field,Durham Bulls,234,6726.0,1,night,Friday,4,8,August,20,1,,0,494-10,3,5,1.0,0.5446428571428571,0.4594594594594595,Clear,Clear,86.0,6,Varies,0,0,0,,1,1.0,partial_assembled,0,8.813735892300215,7396.0,1.0,8.93305990264037,-0.11932401034015427,7578.419158818451
20260808,2026-08-08,494,Charlotte Knights,International League,Truist Field,Durham Bulls,234,11355.0,1,night,Saturday,5,8,August,20,1,,0,494-10,4,5,1.0,0.5398230088495575,0.4642857142857143,Partly Cloudy,Cloudy,90.0,8,Varies,0,1,1,"Knights pom pom, while supplies last",1,0.0,partial_assembled,0,9.337413454539659,8100.0,0.0,8.85535692416439,0.4820565303752691,7011.850492594228
20260809,2026-08-09,494,Charlotte Knights,International League,Truist Field,Durham Bulls,234,4121.0,1,night,Sunday,6,8,August,20,1,,0,494-10,5,5,1.0,0.543859649122807,0.4601769911504424,Partly Cloudy,Cloudy,91.0,5,Varies,0,1,1,"Back-to-School giveaway, item unspecified",1,0.0,partial_assembled,0,8.323851131338817,8281.0,0.0,8.507152876372466,-0.18330174503364915,4950.049603256694
20260825,2026-08-25,494,Charlotte Knights,International League,Truist Field,Memphis Redbirds,235,4419.0,1,night,Tuesday,1,8,August,22,0,,0,494-11,1,5,14.0,0.5354330708661418,0.5433070866141733,Partly Cloudy,Cloudy,85.0,4,Varies,0,0,0,,1,-2.0,partial_assembled,0,8.39366870513074,7225.0,-2.0,8.529645024194545,-0.13597631906380592,5062.648398122458
20260826,2026-08-26,494,Charlotte Knights,International League,Truist Field,Memphis Redbirds,235,4455.0,1,night,Wednesday,2,8,August,22,0,,0,494-11,2,5,1.0,0.53125,0.546875,Partly Cloudy,Cloudy,87.0,5,Varies,0,0,0,,1,-1.0,partial_assembled,0,8.40178233990491,7569.0,-1.0,8.482420323983698,-0.08063798407878764,4829.123808021039
20260827,2026-08-27,494,Charlotte Knights,International League,Truist Field,Memphis Redbirds,235,5515.0,1,night,Thursday,3,8,August,22,0,,0,494-11,3,5,1.0,0.5271317829457365,0.5503875968992248,Cloudy,Cloudy,84.0,3,Varies,0,1,1,"Moonlight Graham player pin, first 1000 fans",1,0.0,partial_assembled,0,8.615226931687603,7056.0,0.0,8.636114245882766,-0.020887314195162432,5631.404999620836
20260829,2026-08-29,494,Charlotte Knights,International League,Truist Field,Memphis Redbirds,235,7443.0,2,night,Saturday,5,8,August,23,1,,0,494-11,4,5,2.0,0.5343511450381679,0.5419847328244275,Partly Cloudy,Cloudy,81.0,2,Varies,0,0,0,,1,1.0,partial_assembled,0,8.915029272359911,6561.0,1.0,8.948823743453044,-0.03379447109313283,7698.830732994026
20260830,2026-08-30,494,Charlotte Knights,International League,Truist Field,Memphis Redbirds,235,4252.0,1,night,Sunday,6,8,August,23,1,,0,494-11,5,5,1.0,0.5378787878787878,0.5378787878787878,Partly Cloudy,Cloudy,86.0,4,Varies,0,0,0,,1,2.0,partial_assembled,0,8.355144739461839,7396.0,2.0,8.573774061113362,-0.21862932165152316,5291.060943196014
20260331,2026-03-31,445,Columbus Clippers,International League,Huntington Park,Indianapolis Indians,484,8106.0,1,night,Tuesday,1,3,March,1,0,,0,445-1,1,6,1.0,0.75,0.0,Partly Cloudy,Cloudy,76.0,16,R To L,0,0,0,,0,,partial_assembled,0,9.000359807188254,5776.0,,8.633986272697575,0.36637353449067867,5619.434262008243
20260401,2026-04-01,445,Columbus Clippers,International League,Huntington Park,Indianapolis Indians,484,2668.0,1,night,Wednesday,2,4,April,1,0,,0,445-1,2,6,1.0,0.8,0.0,Rain,Precipitation,48.0,9,Out To CF,1,0,0,,0,,partial_assembled,0,7.889084407035514,2304.0,,8.148192234909166,-0.2591078278736516,3457.123745486651
20260402,2026-04-02,445,Columbus Clippers,International League,Huntington Park,Indianapolis Indians,484,3652.0,1,night,Thursday,3,4,April,1,0,,0,445-1,3,6,1.0,0.8333333333333334,0.0,Partly Cloudy,Cloudy,79.0,19,Out To LF,0,0,0,,0,,partial_assembled,0,8.20303024171486,6241.0,,8.501461077744588,-0.29843083602972875,4921.954948124222
20260403,2026-04-03,445,Columbus Clippers,International League,Huntington Park,Indianapolis Indians,484,4084.0,1,night,Friday,4,4,April,2,1,,0,445-1,4,6,1.0,0.7142857142857143,0.1428571428571428,Partly Cloudy,Cloudy,77.0,12,R To L,0,0,0,,0,,partial_assembled,0,8.314832179284556,5929.0,,8.834402648944286,-0.5195704696597296,6866.450938853894
20260404,2026-04-04,445,Columbus Clippers,International League,Huntington Park,Indianapolis Indians,484,4066.0,1,day,Saturday,5,4,April,2,1,,0,445-1,5,6,1.0,0.75,0.125,Cloudy,Cloudy,80.0,9,Out To LF,0,0,0,,0,,partial_assembled,0,8.310414994188292,6400.0,,8.955211369404411,-0.644796375216119,7748.165381876084
20260405,2026-04-05,445,Columbus Clippers,International League,Huntington Park,Indianapolis Indians,484,3492.0,1,day,Sunday,6,4,April,2,1,,0,445-1,6,6,1.0,0.6666666666666666,0.2222222222222222,Cloudy,Cloudy,47.0,15,Out To LF,0,0,0,,0,,partial_assembled,0,8.158229916959494,2209.0,,8.339120661402301,-0.18089074444280762,4184.408611222431
20260414,2026-04-14,445,Columbus Clippers,International League,Huntington Park,Iowa Cubs,451,6060.0,1,night,Tuesday,1,4,April,3,0,,0,445-2,1,6,9.0,0.5,0.6,Partly Cloudy,Cloudy,84.0,7,Out To LF,0,0,0,,0,,partial_assembled,0,8.70946507906336,7056.0,,8.422354621469234,0.28711045759412634,4547.598732194247
20260415,2026-04-15,445,Columbus Clippers,International League,Huntington Park,Iowa Cubs,451,3728.0,1,night,Wednesday,2,4,April,3,0,,0,445-2,2,6,1.0,0.5294117647058824,0.5625,Cloudy,Cloudy,81.0,14,Out To LF,0,0,0,,0,,partial_assembled,0,8.223627175805483,6561.0,,8.401229898021173,-0.17760272221569018,4452.539551098042
20260416,2026-04-16,445,Columbus Clippers,International League,Huntington Park,Iowa Cubs,451,4406.0,1,day,Thursday,3,4,April,3,0,,0,445-2,3,6,1.0,0.5,0.5882352941176471,Partly Cloudy,Cloudy,78.0,15,Out To LF,0,0,0,,0,,partial_assembled,0,8.39072252736229,6084.0,,8.707929931348545,-0.3172074039862558,6050.704141931468
20260417,2026-04-17,445,Columbus Clippers,International League,Huntington Park,Iowa Cubs,451,6103.0,1,night,Friday,4,4,April,4,1,,0,445-2,4,6,1.0,0.5263157894736842,0.5555555555555556,Clear,Clear,81.0,10,Out To LF,0,0,0,,0,,partial_assembled,0,8.716535732544495,6561.0,,8.831205425021624,-0.1146696924771291,6844.5324155333265
20260418,2026-04-18,445,Columbus Clippers,International League,Huntington Park,Iowa Cubs,451,4493.0,1,day,Saturday,5,4,April,4,1,,0,445-2,5,6,1.0,0.5,0.5789473684210527,Cloudy,Cloudy,66.0,3,Out To LF,0,0,0,,0,,partial_assembled,0,8.41027590907016,4356.0,,8.977183156054263,-0.566907246984103,7920.290441592063
20260419,2026-04-19,445,Columbus Clippers,International League,Huntington Park,Iowa Cubs,451,5219.0,1,day,Sunday,6,4,April,4,1,,0,445-2,6,6,1.0,0.5238095238095238,0.55,Partly Cloudy,Cloudy,55.0,17,Out To LF,0,0,0,,0,,partial_assembled,0,8.560061091643414,3025.0,,8.51376840438544,0.04629268725797431,4982.905354315254
20260428,2026-04-28,445,Columbus Clippers,International League,Huntington Park,Toledo Mud Hens,512,8579.0,1,night,Tuesday,1,4,April,5,0,,0,445-3,1,6,9.0,0.5357142857142857,0.5,Partly Cloudy,Cloudy,76.0,7,Out To CF,0,0,0,,0,,partial_assembled,0,9.057072635572965,5776.0,,8.468017143996283,0.5890554915766817,4760.067577108778
20260429,2026-04-29,445,Columbus Clippers,International League,Huntington Park,Toledo Mud Hens,512,4355.0,1,night,Wednesday,2,4,April,5,0,,0,445-3,2,6,1.0,0.5172413793103449,0.5172413793103449,Partly Cloudy,Cloudy,60.0,11,Out To CF,0,0,0,,0,,partial_assembled,0,8.379079889286603,3600.0,,8.350639984706824,0.02843990457977874,4232.888860597949
20260430,2026-04-30,445,Columbus Clippers,International League,Huntington Park,Toledo Mud Hens,512,5027.0,1,night,Thursday,3,4,April,5,0,,0,445-3,3,6,1.0,0.5,0.5333333333333333,Partly Cloudy,Cloudy,57.0,8,Out To CF,0,0,0,,0,,partial_assembled,0,8.522578663692576,3249.0,,8.432775350264915,0.08980331342766057,4595.235800658272
20260501,2026-05-01,445,Columbus Clippers,International League,Huntington Park,Toledo Mud Hens,512,5136.0,1,night,Friday,4,5,May,6,1,,0,445-3,4,6,1.0,0.4838709677419355,0.5483870967741935,Cloudy,Cloudy,51.0,5,Out To CF,0,0,0,,0,,partial_assembled,0,8.544029845369797,2601.0,,8.847507050333101,-0.3034772049633041,6957.023823657405
20260502,2026-05-02,445,Columbus Clippers,International League,Huntington Park,Toledo Mud Hens,512,7112.0,1,day,Saturday,5,5,May,6,1,,0,445-3,5,6,1.0,0.5,0.53125,Cloudy,Cloudy,49.0,9,Out To CF,0,0,0,,0,,partial_assembled,0,8.86953877719374,2401.0,,8.94336974155336,-0.07383096435961889,7656.955592899661
20260503,2026-05-03,445,Columbus Clippers,International League,Huntington Park,Toledo Mud Hens,512,8252.0,1,day,Sunday,6,5,May,6,1,,0,445-3,6,6,1.0,0.5151515151515151,0.5151515151515151,Sunny,Clear,61.0,13,Out To LF,0,0,0,,0,,partial_assembled,0,9.018210874191142,3721.0,,8.80885276457533,0.20935810961581325,6693.236143075794
20260519,2026-05-19,445,Columbus Clippers,International League,Huntington Park,Louisville Bats,416,8515.0,1,night,Tuesday,1,5,May,8,0,,0,445-4,1,5,14.0,0.5217391304347826,0.5652173913043478,Clear,Clear,89.0,16,R To L,0,0,0,,0,,partial_assembled,0,9.049584593096789,7921.0,,8.551751028687836,0.4978335644089533,5175.809487922902
20260520,2026-05-20,445,Columbus Clippers,International League,Huntington Park,Louisville Bats,416,6014.0,1,day,Wednesday,2,5,May,8,0,,0,445-4,2,5,1.0,0.5319148936170213,0.5531914893617021,Overcast,Cloudy,63.0,11,Out To CF,0,0,0,,0,,partial_assembled,0,8.701845363548474,3969.0,,8.753301272448146,-0.051455908899672664,6331.555834942896
20260521,2026-05-21,445,Columbus Clippers,International League,Huntington Park,Louisville Bats,416,7610.0,1,day,Thursday,3,5,May,8,0,,0,445-4,3,5,1.0,0.5208333333333334,0.5625,Partly Cloudy,Cloudy,57.0,8,Out To RF,0,0,0,,0,,partial_assembled,0,8.937218450855731,3249.0,,8.80236416757154,0.13485428328419147,6649.947025789903
20260523,2026-05-23,445,Columbus Clippers,International League,Huntington Park,Louisville Bats,416,9152.0,2,night,Saturday,5,5,May,9,1,,0,445-4,4,5,2.0,0.52,0.56,Partly Cloudy,Cloudy,73.0,8,Out To LF,0,0,0,,0,,partial_assembled,0,9.12172771361958,5329.0,,9.046972495323,0.07475521829657872,8492.78701133535
20260602,2026-06-02,445,Columbus Clippers,International League,Huntington Park,Omaha Storm Chasers,541,9647.0,1,night,Tuesday,1,6,June,10,0,,0,445-5,1,6,10.0,0.5614035087719298,0.4561403508771929,Partly Cloudy,Cloudy,77.0,4,Out To RF,0,0,0,,1,-4.0,partial_assembled,0,9.174402265170553,5929.0,-4.0,8.78949508525562,0.38490717991493284,6564.916615304975
20260603,2026-06-03,445,Columbus Clippers,International League,Huntington Park,Omaha Storm Chasers,541,8076.0,1,night,Wednesday,2,6,June,10,0,,0,445-5,2,6,1.0,0.5689655172413793,0.4482758620689655,Clear,Clear,82.0,3,Calm,0,0,0,,1,-3.0,partial_assembled,0,8.996651979432729,6724.0,-3.0,8.721908240575964,0.27474373885676506,6135.876652476954
20260604,2026-06-04,445,Columbus Clippers,International League,Huntington Park,Omaha Storm Chasers,541,6326.0,1,day,Thursday,3,6,June,10,0,,0,445-5,3,6,1.0,0.559322033898305,0.4576271186440678,Partly Cloudy,Cloudy,83.0,3,Out To LF,0,0,0,,1,-2.0,partial_assembled,0,8.752423403865594,6889.0,-2.0,9.000794819407176,-0.24837141554158215,8109.526976129819
20260605,2026-06-05,445,Columbus Clippers,International League,Huntington Park,Omaha Storm Chasers,541,9302.0,1,night,Friday,4,6,June,11,1,,0,445-5,4,6,1.0,0.55,0.4666666666666667,Partly Cloudy,Cloudy,83.0,10,Out To LF,0,0,0,,1,-1.0,partial_assembled,0,9.137984709784043,6889.0,-1.0,9.145428256816817,-0.007443547032774944,9371.498210210275
20260606,2026-06-06,445,Columbus Clippers,International League,Huntington Park,Omaha Storm Chasers,541,6419.0,1,night,Saturday,5,6,June,11,1,,0,445-5,5,6,1.0,0.5573770491803278,0.4590163934426229,Overcast,Cloudy,71.0,3,R To L,0,1,1,"Guardians-inspired Clippers jersey, first 1000 fans",1,0.0,partial_assembled,0,8.767017621311778,5041.0,0.0,9.158632643452844,-0.3916150221410657,9496.06369143667
20260607,2026-06-07,445,Columbus Clippers,International League,Huntington Park,Omaha Storm Chasers,541,7459.0,1,day,Sunday,6,6,June,11,1,,0,445-5,6,6,1.0,0.5645161290322581,0.4516129032258064,Cloudy,Cloudy,87.0,4,Calm,0,0,0,,1,1.0,partial_assembled,0,8.917176635955164,7569.0,1.0,8.90953662674465,0.007640009210513554,7402.230307919716
20260616,2026-06-16,445,Columbus Clippers,International League,Huntington Park,Scranton/Wilkes-Barre RailRiders,531,9814.0,1,night,Tuesday,1,6,June,12,0,,0,445-6,1,5,9.0,0.5507246376811594,0.5072463768115942,Cloudy,Cloudy,75.0,11,Out To LF,0,0,0,,0,,partial_assembled,0,9.191565216649849,5625.0,,8.797638803397462,0.3939264132523874,6618.597731105064
20260618,2026-06-18,445,Columbus Clippers,International League,Huntington Park,Scranton/Wilkes-Barre RailRiders,531,10100.0,1,day,Thursday,3,6,June,12,0,,0,445-6,2,5,2.0,0.5571428571428572,0.5,Partly Cloudy,Cloudy,78.0,17,Out To LF,0,0,0,,0,,partial_assembled,0,9.22029070282935,6084.0,,9.03697345852273,0.18331724430662,8408.290467498864
20260619,2026-06-19,445,Columbus Clippers,International League,Huntington Park,Scranton/Wilkes-Barre RailRiders,531,9367.0,2,night,Friday,4,6,June,13,1,,0,445-6,3,5,1.0,0.5555555555555556,0.5,Clear,Clear,76.0,3,Out To LF,0,0,0,,0,,partial_assembled,0,9.14494815320913,5776.0,,9.190637397081987,-0.04568924387285733,9804.898601641666
20260620,2026-06-20,445,Columbus Clippers,International League,Huntington Park,Scranton/Wilkes-Barre RailRiders,531,8493.0,1,night,Saturday,5,6,June,13,1,,0,445-6,4,5,1.0,0.5616438356164384,0.4931506849315068,Partly Cloudy,Cloudy,79.0,11,Out To LF,0,0,0,,0,,partial_assembled,0,9.04699757378001,6241.0,,9.153261153439354,-0.10626357965934474,9445.192429703091
20260621,2026-06-21,445,Columbus Clippers,International League,Huntington Park,Scranton/Wilkes-Barre RailRiders,531,9681.0,1,day,Sunday,6,6,June,13,1,Father's Day,1,445-6,5,5,1.0,0.5540540540540541,0.5,Sunny,Clear,74.0,4,Varies,0,0,0,,0,,partial_assembled,0,9.177920480720072,5476.0,,9.07809998769473,0.09982049302534257,8761.303617964426
20260630,2026-06-30,445,Columbus Clippers,International League,Huntington Park,Louisville Bats,416,9841.0,1,night,Tuesday,1,6,June,14,0,,0,445-7,1,6,9.0,0.5555555555555556,0.5189873417721519,Partly Cloudy,Cloudy,91.0,7,Out To LF,0,0,0,,0,,partial_assembled,0,9.194312610898985,8281.0,,8.656639356416969,0.5376732544820157,5748.184566748502
20260701,2026-07-01,445,Columbus Clippers,International League,Huntington Park,Louisville Bats,416,5879.0,1,night,Wednesday,2,7,July,14,0,,0,445-7,2,6,1.0,0.5609756097560976,0.5125,Clear,Clear,94.0,9,Out To LF,0,0,0,,0,,partial_assembled,0,8.679141958402255,8836.0,,8.558606859653624,0.12053509874863089,5211.41587911746
20260702,2026-07-02,445,Columbus Clippers,International League,Huntington Park,Louisville Bats,416,6012.0,1,night,Thursday,3,7,July,14,0,,0,445-7,3,6,1.0,0.5542168674698795,0.5185185185185185,Clear,Clear,95.0,2,R To L,0,0,0,,0,,partial_assembled,0,8.701512750872865,9025.0,,8.660532238440195,0.04098051243266987,5770.605183207481
20260703,2026-07-03,445,Columbus Clippers,International League,Huntington Park,Louisville Bats,416,5771.0,1,night,Friday,4,7,July,15,1,,0,445-7,4,6,1.0,0.5476190476190477,0.524390243902439,Clear,Clear,97.0,10,Out To LF,0,0,0,,0,,partial_assembled,0,8.660600654710967,9409.0,,8.929496875676586,-0.26889622096561894,7551.465094557108
20260704,2026-07-04,445,Columbus Clippers,International League,Huntington Park,Louisville Bats,416,6548.0,1,night,Saturday,5,7,July,15,1,Independence Day,1,445-7,5,6,1.0,0.5529411764705883,0.5180722891566265,Cloudy,Cloudy,77.0,6,Out To CF,0,0,0,,0,,partial_assembled,0,8.786914938491025,5929.0,,9.226548623105947,-0.4396336846149218,10163.40317388351
20260705,2026-07-05,445,Columbus Clippers,International League,Huntington Park,Louisville Bats,416,6110.0,1,day,Sunday,6,7,July,15,1,,0,445-7,6,6,1.0,0.5581395348837209,0.5119047619047619,Partly Cloudy,Cloudy,89.0,3,Out To CF,0,0,0,,0,,partial_assembled,0,8.71768205216564,7921.0,,8.87871219937486,-0.16103014720921927,7177.541539037574
20260717,2026-07-17,445,Columbus Clippers,International League,Huntington Park,Indianapolis Indians,484,9015.0,1,night,Friday,4,7,July,17,1,,0,445-8,1,3,12.0,0.5376344086021505,0.4574468085106383,Cloudy,Cloudy,88.0,10,R To L,0,0,0,,1,-1.0,partial_assembled,0,9.106645135637418,7744.0,-1.0,9.077543941473142,0.029101194164276478,8756.433282382808
20260718,2026-07-18,445,Columbus Clippers,International League,Huntington Park,Indianapolis Indians,484,7118.0,1,night,Saturday,5,7,July,17,1,,0,445-8,2,3,1.0,0.5319148936170213,0.4631578947368421,Rain,Precipitation,77.0,8,Calm,1,1,1,Travis Bazzana bobblehead presented by Meijer,1,0.0,partial_assembled,0,8.870382066070137,5929.0,0.0,9.220104823330342,-0.34972275726020463,10098.122791532698
20260719,2026-07-19,445,Columbus Clippers,International League,Huntington Park,Indianapolis Indians,484,7722.0,1,day,Sunday,6,7,July,17,1,,0,445-8,3,3,1.0,0.5263157894736842,0.46875,Cloudy,Cloudy,80.0,6,Out To CF,0,0,0,,1,1.0,partial_assembled,0,8.951828676824181,6400.0,1.0,9.002493221891795,-0.05066454506761353,8123.311919772793
20260728,2026-07-28,445,Columbus Clippers,International League,Huntington Park,Toledo Mud Hens,512,10084.0,1,night,Tuesday,1,7,July,18,0,,0,445-9,1,6,9.0,0.5196078431372549,0.4901960784313725,Partly Cloudy,Cloudy,83.0,3,Out To CF,0,0,0,,0,,partial_assembled,0,9.218705288307811,6889.0,,8.759842444113065,0.458862844194746,6373.107378299164
20260729,2026-07-29,445,Columbus Clippers,International League,Huntington Park,Toledo Mud Hens,512,9653.0,1,night,Wednesday,2,7,July,18,0,,0,445-9,2,6,1.0,0.5242718446601942,0.4854368932038835,Clear,Clear,79.0,12,Out To CF,0,0,0,,0,,partial_assembled,0,9.175024026848615,6241.0,,8.74466268251391,0.4303613443347043,6277.095688550014
20260730,2026-07-30,445,Columbus Clippers,International League,Huntington Park,Toledo Mud Hens,512,8324.0,1,day,Thursday,3,7,July,18,0,,0,445-9,3,6,1.0,0.5288461538461539,0.4807692307692308,Sunny,Clear,84.0,9,Out To CF,0,0,0,,0,,partial_assembled,0,9.026898187513526,7056.0,,8.993000202508862,0.03389798500466412,8046.562032721748
20260731,2026-07-31,445,Columbus Clippers,International League,Huntington Park,Toledo Mud Hens,512,9104.0,1,night,Friday,4,7,July,19,1,,0,445-9,4,6,1.0,0.5333333333333333,0.4761904761904761,Cloudy,Cloudy,83.0,4,Out To LF,0,0,0,,0,,partial_assembled,0,9.116469156366112,6889.0,,9.144905865631488,-0.028436709265376336,9366.603900635322
20260801,2026-08-01,445,Columbus Clippers,International League,Huntington Park,Toledo Mud Hens,512,9007.0,1,night,Saturday,5,8,August,19,1,,0,445-9,5,6,1.0,0.5283018867924528,0.4811320754716981,Overcast,Cloudy,75.0,13,In From CF,0,0,0,,0,,partial_assembled,0,9.105757331783742,5625.0,,9.15858690471919,-0.052829572935447544,9495.629363441609
20260802,2026-08-02,445,Columbus Clippers,International League,Huntington Park,Toledo Mud Hens,512,6950.0,1,day,Sunday,6,8,August,19,1,,0,445-9,6,6,1.0,0.5327102803738317,0.4766355140186916,Cloudy,Cloudy,79.0,7,Out To CF,0,0,0,,0,,partial_assembled,0,8.846496938558838,6241.0,,8.978388385925738,-0.1318914473669004,7929.84196695868
20260812,2026-08-12,445,Columbus Clippers,International League,Huntington Park,Omaha Storm Chasers,541,6289.0,1,night,Wednesday,2,8,August,20,0,,0,445-10,2,12,10.0,0.5350877192982456,0.4824561403508772,Overcast,Cloudy,70.0,7,Out To RF,0,0,0,,0,,partial_assembled,0,8.746557354543503,4900.0,,8.718469841460466,0.028087513083036697,6114.815289058934
20260813,2026-08-13,445,Columbus Clippers,International League,Huntington Park,Omaha Storm Chasers,541,5365.0,1,night,Thursday,3,8,August,20,0,,0,445-10,3,12,1.0,0.5304347826086957,0.4869565217391304,Cloudy,Cloudy,84.0,3,Out To CF,0,0,0,,0,,partial_assembled,0,8.587651655064798,7056.0,,8.824226420908749,-0.23657476584395098,6796.930695165
20260814,2026-08-14,445,Columbus Clippers,International League,Huntington Park,Omaha Storm Chasers,541,7821.0,1,night,Friday,4,8,August,21,1,,0,445-10,4,12,1.0,0.5344827586206896,0.4827586206896552,Cloudy,Cloudy,81.0,6,Calm,0,0,0,,0,,partial_assembled,0,8.964567702601611,6561.0,,9.157552651096202,-0.19298494849459047,9485.813551264551
20260815,2026-08-15,445,Columbus Clippers,International League,Huntington Park,Omaha Storm Chasers,541,7554.0,1,night,Saturday,5,8,August,21,1,,0,445-10,5,12,1.0,0.5384615384615384,0.4786324786324786,Cloudy,Cloudy,81.0,7,Out To LF,0,0,0,,0,,partial_assembled,0,8.929832503272403,6561.0,,9.131686249161541,-0.20185374588913874,9243.595840516085
20260818,2026-08-18,445,Columbus Clippers,International League,Huntington Park,St. Paul Saints,1960,8506.0,1,night,Tuesday,1,8,August,21,0,,0,445-10,7,12,3.0,0.5423728813559322,0.575,Partly Cloudy,Cloudy,79.0,1,Calm,0,0,0,,0,,partial_assembled,0,9.04852707581358,6241.0,,8.747048199600405,0.3014788762131744,6292.087682287656
20260819,2026-08-19,445,Columbus Clippers,International League,Huntington Park,St. Paul Saints,1960,5819.0,1,night,Wednesday,2,8,August,21,0,,0,445-10,8,12,1.0,0.5378151260504201,0.5785123966942148,Overcast,Cloudy,77.0,11,Out To LF,0,0,0,,0,,partial_assembled,0,8.66888370465667,5929.0,,8.693158042040187,-0.02427433738351681,5961.980729667681
20260820,2026-08-20,445,Columbus Clippers,International League,Huntington Park,St. Paul Saints,1960,6398.0,1,day,Thursday,3,8,August,21,0,,0,445-10,9,12,1.0,0.5333333333333333,0.5819672131147541,Cloudy,Cloudy,82.0,5,Out To CF,0,0,0,,0,,partial_assembled,0,8.763740720509464,6724.0,,8.951840827913964,-0.1881001074044999,7722.093831285373
20260821,2026-08-21,445,Columbus Clippers,International League,Huntington Park,St. Paul Saints,1960,8299.0,1,night,Friday,4,8,August,22,1,,0,445-10,10,12,1.0,0.5371900826446281,0.5772357723577236,Partly Cloudy,Cloudy,84.0,3,Calm,0,0,0,,0,,partial_assembled,0,9.023890304598448,7056.0,,9.077218352095873,-0.053328047497425146,8753.58274480086
20260822,2026-08-22,445,Columbus Clippers,International League,Huntington Park,St. Paul Saints,1960,8423.0,1,night,Saturday,5,8,August,22,1,,0,445-10,11,12,1.0,0.5327868852459017,0.5806451612903226,Partly Cloudy,Cloudy,79.0,4,Out To CF,0,0,0,,0,,partial_assembled,0,9.038721338315364,6241.0,,9.08939909354399,-0.05067775522862661,8860.859904237648
20260823,2026-08-23,445,Columbus Clippers,International League,Huntington Park,St. Paul Saints,1960,8175.0,1,day,Sunday,6,8,August,22,1,,0,445-10,12,12,1.0,0.5365853658536586,0.576,Partly Cloudy,Cloudy,77.0,9,Out To CF,0,0,0,,0,,partial_assembled,0,9.008835995765454,5929.0,,8.930893346831036,0.07794264893441749,7562.017864339856
20260331,2026-03-31,234,Durham Bulls,International League,Durham Bulls Athletic Park,Lehigh Valley IronPigs,1410,7375.0,1,night,Tuesday,1,3,March,1,0,,0,234-1,1,6,1.0,0.0,1.0,Partly Cloudy,Cloudy,78.0,8,R To L,0,0,0,,0,,partial_assembled,0,8.905851181208021,6084.0,,8.57756162170126,0.32828955950676075,5311.1391568150675
20260401,2026-04-01,234,Durham Bulls,International League,Durham Bulls Athletic Park,Lehigh Valley IronPigs,1410,3074.0,1,night,Wednesday,2,4,April,1,0,,0,234-1,2,6,1.0,0.2,0.8,Partly Cloudy,Cloudy,82.0,8,L To R,0,0,0,,0,,partial_assembled,0,8.03073492409854,6724.0,,8.29924855202553,-0.2685136279269891,4020.8497988661056
20260402,2026-04-02,234,Durham Bulls,International League,Durham Bulls Athletic Park,Lehigh Valley IronPigs,1410,5346.0,1,night,Thursday,3,4,April,1,0,,0,234-1,3,6,1.0,0.1666666666666666,0.8333333333333334,Partly Cloudy,Cloudy,81.0,10,Out To CF,0,0,0,,0,,partial_assembled,0,8.584103896698863,6561.0,,8.43133169575004,0.1527722009488226,4588.60665399783
20260403,2026-04-03,234,Durham Bulls,International League,Durham Bulls Athletic Park,Lehigh Valley IronPigs,1410,8019.0,1,night,Friday,4,4,April,2,1,,0,234-1,4,6,1.0,0.1428571428571428,0.8571428571428571,Partly Cloudy,Cloudy,80.0,9,Out To LF,0,0,0,,0,,partial_assembled,0,8.989569004807029,6400.0,,8.750125877905766,0.23944312690126246,6311.48253429132
20260404,2026-04-04,234,Durham Bulls,International League,Durham Bulls Athletic Park,Lehigh Valley IronPigs,1410,6948.0,1,night,Saturday,5,4,April,2,1,,0,234-1,5,6,1.0,0.25,0.75,Partly Cloudy,Cloudy,80.0,10,Out To LF,0,0,0,,0,,partial_assembled,0,8.846209127360996,6400.0,,8.71002820610123,0.13618092125976666,6063.41351087942
20260405,2026-04-05,234,Durham Bulls,International League,Durham Bulls Athletic Park,Lehigh Valley IronPigs,1410,3995.0,1,night,Sunday,6,4,April,2,1,,0,234-1,6,6,1.0,0.2222222222222222,0.7777777777777778,Overcast,Cloudy,65.0,5,L To R,0,0,0,,0,,partial_assembled,0,8.292798858200374,4225.0,,8.369994920918229,-0.07719606271785473,4315.614143284624
20260414,2026-04-14,234,Durham Bulls,International League,Durham Bulls Athletic Park,Norfolk Tides,568,6830.0,1,day,Tuesday,1,4,April,3,0,,0,234-2,1,6,9.0,0.375,0.3125,Sunny,Clear,76.0,6,Out To CF,0,0,0,,1,-5.0,partial_assembled,0,8.829079952564836,5776.0,-5.0,8.525765045042295,0.303314907522541,5043.043485802857
20260415,2026-04-15,234,Durham Bulls,International League,Durham Bulls Athletic Park,Norfolk Tides,568,3611.0,1,night,Wednesday,2,4,April,3,0,,0,234-2,2,6,1.0,0.3529411764705882,0.3529411764705882,Clear,Clear,87.0,10,R To L,0,0,0,,1,-4.0,partial_assembled,0,8.191740021277457,7569.0,-4.0,8.23908364230682,-0.04734362102936274,3786.0693243298524
20260416,2026-04-16,234,Durham Bulls,International League,Durham Bulls Athletic Park,Norfolk Tides,568,5929.0,1,night,Thursday,3,4,April,3,0,,0,234-2,3,6,1.0,0.3333333333333333,0.3888888888888889,Clear,Clear,88.0,11,Out To RF,0,0,0,,1,-3.0,partial_assembled,0,8.687610843707368,7744.0,-3.0,8.348462592659043,0.339148251048325,4223.682228914466
20260417,2026-04-17,234,Durham Bulls,International League,Durham Bulls Athletic Park,Norfolk Tides,568,7055.0,1,night,Friday,4,4,April,4,1,,0,234-2,4,6,1.0,0.3684210526315789,0.3684210526315789,Partly Cloudy,Cloudy,83.0,5,Out To CF,0,0,0,,1,-2.0,partial_assembled,0,8.861491864286915,6889.0,-2.0,8.707083615173719,0.15440824911319595,6045.585499447548
20260418,2026-04-18,234,Durham Bulls,International League,Durham Bulls Athletic Park,Norfolk Tides,568,7928.0,1,night,Saturday,5,4,April,4,1,,0,234-2,5,6,1.0,0.35,0.4,Partly Cloudy,Cloudy,87.0,8,R To L,0,0,0,,1,-1.0,partial_assembled,0,8.978156076009824,7569.0,-1.0,8.641620035758637,0.3365360402511879,5662.495843541628
20260419,2026-04-19,234,Durham Bulls,International League,Durham Bulls Athletic Park,Norfolk Tides,568,6559.0,1,day,Sunday,6,4,April,4,1,,0,234-2,6,6,1.0,0.3809523809523809,0.3809523809523809,Cloudy,Cloudy,55.0,11,In From CF,0,1,1,"2026 team photo, first 1000 fans",1,0.0,partial_assembled,0,8.788593431293735,3025.0,0.0,8.401941550743748,0.3866518805499872,4455.7093407528955
20260428,2026-04-28,234,Durham Bulls,International League,Durham Bulls Athletic Park,Jacksonville Jumbo Shrimp,564,8118.0,1,day,Tuesday,1,4,April,5,0,,0,234-3,1,12,9.0,0.3571428571428571,0.4642857142857143,Cloudy,Cloudy,59.0,7,Out To LF,0,0,0,,0,,partial_assembled,0,9.001839097398843,3481.0,,8.432730204446361,0.5691088929524817,4595.028349659411
20260429,2026-04-29,234,Durham Bulls,International League,Durham Bulls Athletic Park,Jacksonville Jumbo Shrimp,564,3713.0,1,night,Wednesday,2,4,April,5,0,,0,234-3,2,12,1.0,0.3448275862068966,0.4827586206896552,Partly Cloudy,Cloudy,73.0,5,Out To LF,0,0,0,,0,,partial_assembled,0,8.21959545417708,5329.0,,8.3196733198799,-0.10007786570282029,4103.819153136942
20260430,2026-04-30,234,Durham Bulls,International League,Durham Bulls Athletic Park,Jacksonville Jumbo Shrimp,564,6277.0,1,night,Thursday,3,4,April,5,0,,0,234-3,3,12,1.0,0.3666666666666666,0.4666666666666667,Partly Cloudy,Cloudy,71.0,2,In From CF,0,0,0,,0,,partial_assembled,0,8.744647438317532,5041.0,,8.434083320958136,0.31056411735939626,4601.250166863897
20260501,2026-05-01,234,Durham Bulls,International League,Durham Bulls Athletic Park,Jacksonville Jumbo Shrimp,564,6851.0,1,night,Friday,4,5,May,6,1,,0,234-3,4,12,1.0,0.3548387096774194,0.4838709677419355,Partly Cloudy,Cloudy,63.0,7,R To L,0,0,0,,0,,partial_assembled,0,8.832149906002899,3969.0,,8.907111804489228,-0.07496189848632895,7384.302959230398
20260502,2026-05-02,234,Durham Bulls,International League,Durham Bulls Athletic Park,Jacksonville Jumbo Shrimp,564,6682.0,1,night,Saturday,5,5,May,6,1,,0,234-3,5,12,1.0,0.34375,0.5,Partly Cloudy,Cloudy,59.0,4,Out To LF,0,0,0,,0,,partial_assembled,0,8.807172622916703,3481.0,,8.838314152523555,-0.03114152960685246,6893.361682702664
20260503,2026-05-03,234,Durham Bulls,International League,Durham Bulls Athletic Park,Jacksonville Jumbo Shrimp,564,6573.0,1,day,Sunday,6,5,May,6,1,,0,234-3,6,12,1.0,0.3333333333333333,0.5151515151515151,Sunny,Clear,59.0,8,L To R,0,0,0,,0,,partial_assembled,0,8.790725628263576,3481.0,,8.673151564100658,0.11757406416291794,5843.887745026663
20260505,2026-05-05,234,Durham Bulls,International League,Durham Bulls Athletic Park,Round Rock Express,102,3623.0,1,night,Tuesday,1,5,May,6,0,,0,234-3,7,12,2.0,0.3529411764705882,0.3823529411764705,Partly Cloudy,Cloudy,80.0,13,R To L,0,0,0,,0,,partial_assembled,0,8.195057690895077,6400.0,,8.525967940805375,-0.33091024991029805,5044.066801768878
20260506,2026-05-06,234,Durham Bulls,International League,Durham Bulls Athletic Park,Round Rock Express,102,3355.0,1,night,Wednesday,2,5,May,6,0,,0,234-3,8,12,1.0,0.3714285714285714,0.3714285714285714,Partly Cloudy,Cloudy,73.0,9,L To R,0,0,0,,0,,partial_assembled,0,8.118207049405783,5329.0,,8.476599113825756,-0.3583920644199736,4801.094125943091
20260507,2026-05-07,234,Durham Bulls,International League,Durham Bulls Athletic Park,Round Rock Express,102,4238.0,1,night,Thursday,3,5,May,6,0,,0,234-3,9,12,1.0,0.3888888888888889,0.3611111111111111,Overcast,Cloudy,56.0,7,In From CF,0,0,0,,0,,partial_assembled,0,8.351846738828245,3136.0,,8.45750415339839,-0.10565741457014433,4710.287160440609
20260508,2026-05-08,234,Durham Bulls,International League,Durham Bulls Athletic Park,Round Rock Express,102,7429.0,1,night,Friday,4,5,May,7,1,,0,234-3,10,12,1.0,0.4054054054054054,0.3513513513513513,Partly Cloudy,Cloudy,70.0,7,Out To LF,0,0,0,,0,,partial_assembled,0,8.913146539151807,4900.0,,8.895470776128152,0.017675763023655477,7298.840479737103
20260509,2026-05-09,234,Durham Bulls,International League,Durham Bulls Athletic Park,Round Rock Express,102,7298.0,1,night,Saturday,5,5,May,7,1,,0,234-3,11,12,1.0,0.3947368421052631,0.3684210526315789,Partly Cloudy,Cloudy,73.0,10,Out To CF,0,0,0,,0,,partial_assembled,0,8.895355616996392,5329.0,,8.876436917359548,0.018918699636843783,7161.22917251404
20260510,2026-05-10,234,Durham Bulls,International League,Durham Bulls Athletic Park,Round Rock Express,102,5285.0,1,day,Sunday,6,5,May,7,1,Mother's Day,1,234-3,12,12,1.0,0.3846153846153846,0.3846153846153846,Sunny,Clear,79.0,3,L To R,0,0,0,,0,,partial_assembled,0,8.572627898304338,6241.0,,8.772822732649601,-0.20019483434526286,6456.371377231223
20260519,2026-05-19,234,Durham Bulls,International League,Durham Bulls Athletic Park,Nashville Sounds,556,5968.0,1,day,Tuesday,1,5,May,8,0,,0,234-4,1,6,9.0,0.4130434782608695,0.5869565217391305,Sunny,Clear,85.0,8,Out To RF,0,0,0,,0,,partial_assembled,0,8.694167141883597,7225.0,,8.658930250316452,0.035236891567144824,5761.368143026972
20260520,2026-05-20,234,Durham Bulls,International League,Durham Bulls Athletic Park,Nashville Sounds,556,3742.0,1,night,Wednesday,2,5,May,8,0,,0,234-4,2,6,1.0,0.4042553191489361,0.5957446808510638,Partly Cloudy,Cloudy,91.0,8,R To L,0,0,0,,0,,partial_assembled,0,8.227375506834035,8281.0,,8.372652848380971,-0.1452773415469366,4327.099990146676
20260521,2026-05-21,234,Durham Bulls,International League,Durham Bulls Athletic Park,Nashville Sounds,556,5456.0,1,night,Thursday,3,5,May,8,0,,0,234-4,3,6,1.0,0.4166666666666667,0.5833333333333334,Partly Cloudy,Cloudy,91.0,8,Out To CF,0,0,0,,0,,partial_assembled,0,8.604471199523298,8281.0,,8.491056415919605,0.11341478360369273,4871.009167781353
20260522,2026-05-22,234,Durham Bulls,International League,Durham Bulls Athletic Park,Nashville Sounds,556,6140.0,1,night,Friday,4,5,May,9,1,,0,234-4,4,6,1.0,0.4081632653061224,0.5918367346938775,Overcast,Cloudy,64.0,8,Out To LF,0,0,0,,0,,partial_assembled,0,8.722580021141189,4096.0,,8.90245850968288,-0.17987848854169108,7350.021443479864
20260523,2026-05-23,234,Durham Bulls,International League,Durham Bulls Athletic Park,Nashville Sounds,556,5844.0,1,night,Saturday,5,5,May,9,1,,0,234-4,5,6,1.0,0.4,0.6,Overcast,Cloudy,63.0,5,In From LF,0,0,0,,0,,partial_assembled,0,8.67317077287059,3969.0,,8.86932372251245,-0.19615294964185992,7110.470695554593
20260524,2026-05-24,234,Durham Bulls,International League,Durham Bulls Athletic Park,Nashville Sounds,556,7358.0,1,night,Sunday,6,5,May,9,1,,0,234-4,6,6,1.0,0.4117647058823529,0.5882352941176471,Partly Cloudy,Cloudy,78.0,3,Out To LF,0,0,0,,0,,partial_assembled,0,8.90354343566472,6084.0,,8.574497988515304,0.3290454471494151,5294.892673978255
20260602,2026-06-02,234,Durham Bulls,International League,Durham Bulls Athletic Park,Charlotte Knights,494,4154.0,1,night,Tuesday,1,6,June,10,0,,0,234-5,1,6,9.0,0.4137931034482758,0.5172413793103449,Partly Cloudy,Cloudy,75.0,11,In From LF,0,0,0,,0,,partial_assembled,0,8.331827004436057,5625.0,,8.67784199507239,-0.34601499063633234,5871.362480906655
20260603,2026-06-03,234,Durham Bulls,International League,Durham Bulls Athletic Park,Charlotte Knights,494,4293.0,1,night,Wednesday,2,6,June,10,0,,0,234-5,2,6,1.0,0.4067796610169492,0.5254237288135594,Clear,Clear,80.0,4,In From LF,0,0,0,,0,,partial_assembled,0,8.36474106822456,6400.0,,8.617810970953604,-0.2530699027290435,5529.269404963319
20260604,2026-06-04,234,Durham Bulls,International League,Durham Bulls Athletic Park,Charlotte Knights,494,6460.0,1,night,Thursday,3,6,June,10,0,,0,234-5,3,6,1.0,0.4,0.5333333333333333,Clear,Clear,88.0,3,In From RF,0,0,0,,0,,partial_assembled,0,8.773384596776648,7744.0,,8.661722602956646,0.11166199382000208,5777.478396859244
20260605,2026-06-05,234,Durham Bulls,International League,Durham Bulls Athletic Park,Charlotte Knights,494,6649.0,1,night,Friday,4,6,June,11,1,,0,234-5,4,6,1.0,0.3934426229508196,0.5409836065573771,Clear,Clear,90.0,8,Out To LF,0,0,0,,0,,partial_assembled,0,8.802221746402456,8100.0,,8.943295870273152,-0.1410741238706965,7656.389984678879
20260606,2026-06-06,234,Durham Bulls,International League,Durham Bulls Athletic Park,Charlotte Knights,494,7379.0,1,night,Saturday,5,6,June,11,1,,0,234-5,5,6,1.0,0.3870967741935484,0.5483870967741935,Partly Cloudy,Cloudy,92.0,9,Out To CF,0,0,0,,0,,partial_assembled,0,8.906393407058367,8464.0,,8.886848377290018,0.0195450297683486,7236.177506863871
20260607,2026-06-07,234,Durham Bulls,International League,Durham Bulls Athletic Park,Charlotte Knights,494,6708.0,1,night,Sunday,6,6,June,11,1,,0,234-5,6,6,1.0,0.3809523809523809,0.5555555555555556,Partly Cloudy,Cloudy,96.0,8,L To R,0,0,0,,0,,partial_assembled,0,8.8110561229431,9216.0,,8.480743065780274,0.3303130571628259,4821.030909336282
20260616,2026-06-16,234,Durham Bulls,International League,Durham Bulls Athletic Park,Jacksonville Jumbo Shrimp,564,5250.0,1,night,Tuesday,1,6,June,12,0,,0,234-6,1,6,9.0,0.4,0.5362318840579711,Partly Cloudy,Cloudy,83.0,5,Out To LF,0,0,0,,0,,partial_assembled,0,8.565983355585669,6889.0,,8.638690003632117,-0.07270664804644866,5645.928831594828
20260617,2026-06-17,234,Durham Bulls,International League,Durham Bulls Athletic Park,Jacksonville Jumbo Shrimp,564,3876.0,1,day,Wednesday,2,6,June,12,0,,0,234-6,2,6,1.0,0.3943661971830985,0.5428571428571428,Sunny,Clear,85.0,4,Out To LF,0,0,0,,0,,partial_assembled,0,8.262558973010657,7225.0,,8.743648047905005,-0.4810890748943475,6270.72996001136
20260618,2026-06-18,234,Durham Bulls,International League,Durham Bulls Athletic Park,Jacksonville Jumbo Shrimp,564,6274.0,1,night,Thursday,3,6,June,12,0,,0,234-6,3,6,1.0,0.3888888888888889,0.5492957746478874,Partly Cloudy,Cloudy,85.0,7,In From RF,0,0,0,,0,,partial_assembled,0,8.744169388750624,7225.0,,8.698772885526417,0.04539650322420741,5995.550474569856
20260619,2026-06-19,234,Durham Bulls,International League,Durham Bulls Athletic Park,Jacksonville Jumbo Shrimp,564,7278.0,1,night,Friday,4,6,June,13,1,,0,234-6,4,6,1.0,0.3835616438356164,0.5555555555555556,Partly Cloudy,Cloudy,84.0,8,Out To LF,0,0,0,,0,,partial_assembled,0,8.892611378172106,7056.0,,9.018606591586009,-0.12599521341390307,8255.266106127321
20260620,2026-06-20,234,Durham Bulls,International League,Durham Bulls Athletic Park,Jacksonville Jumbo Shrimp,564,8574.0,1,night,Saturday,5,6,June,13,1,,0,234-6,5,6,1.0,0.3783783783783784,0.5616438356164384,Clear,Clear,88.0,6,L To R,0,0,0,,0,,partial_assembled,0,9.056489647157923,7744.0,,8.948167289300173,0.1083223578577499,7693.778462060651
20260621,2026-06-21,234,Durham Bulls,International League,Durham Bulls Athletic Park,Jacksonville Jumbo Shrimp,564,7664.0,1,night,Sunday,6,6,June,13,1,Father's Day,1,234-6,6,6,1.0,0.3733333333333333,0.5675675675675675,Partly Cloudy,Cloudy,94.0,6,Out To CF,0,0,0,,0,,partial_assembled,0,8.944289319650697,8836.0,,8.596802171586395,0.34748714806430137,5414.317818773487
20260630,2026-06-30,234,Durham Bulls,International League,Durham Bulls Athletic Park,Gwinnett Stripers,431,5621.0,1,night,Tuesday,1,6,June,14,0,,0,234-7,1,5,9.0,0.4146341463414634,0.5061728395061729,Clear,Clear,90.0,5,In From LF,0,0,0,,0,,partial_assembled,0,8.634264863002075,8100.0,,8.553955146358955,0.0803097166431197,5187.230162709542
20260701,2026-07-01,234,Durham Bulls,International League,Durham Bulls Athletic Park,Gwinnett Stripers,431,3598.0,1,night,Wednesday,2,7,July,14,0,,0,234-7,2,5,1.0,0.4096385542168674,0.5121951219512195,Clear,Clear,92.0,5,R To L,0,0,0,,0,,partial_assembled,0,8.188133414510478,8464.0,,8.477334183360503,-0.28920076885002466,4804.624561367319
20260702,2026-07-02,234,Durham Bulls,International League,Durham Bulls Athletic Park,Gwinnett Stripers,431,5005.0,1,night,Thursday,3,7,July,14,0,,0,234-7,3,5,1.0,0.4166666666666667,0.5060240963855421,Clear,Clear,95.0,6,Calm,0,0,0,,0,,partial_assembled,0,8.518192691749322,9025.0,,8.541714346479774,-0.023521654730451758,5124.121355502228
20260703,2026-07-03,234,Durham Bulls,International League,Durham Bulls Athletic Park,Gwinnett Stripers,431,7780.0,1,night,Friday,4,7,July,15,1,,0,234-7,4,5,1.0,0.4235294117647059,0.5,Clear,Clear,98.0,4,R To L,0,0,0,,0,,partial_assembled,0,8.959311617172437,9604.0,,8.786894014176239,0.17241760299619813,6547.862989020214
20260704,2026-07-04,234,Durham Bulls,International League,Durham Bulls Athletic Park,Gwinnett Stripers,431,10184.0,1,night,Saturday,5,7,July,15,1,Independence Day,1,234-7,5,5,1.0,0.4302325581395348,0.4941176470588235,Partly Cloudy,Cloudy,97.0,8,Out To LF,0,0,0,,0,,partial_assembled,0,9.228573140237243,9409.0,,8.858454726317278,0.3701184139199647,7033.605497098378
20260717,2026-07-17,234,Durham Bulls,International League,Durham Bulls Athletic Park,Charlotte Knights,494,8168.0,1,night,Friday,4,7,July,17,1,,0,234-8,1,3,13.0,0.4565217391304347,0.5212765957446809,Clear,Clear,93.0,6,Calm,0,0,0,,0,,partial_assembled,0,9.007979359844501,8649.0,,8.864721853264221,0.14325750658028014,7077.824413693626
20260718,2026-07-18,234,Durham Bulls,International League,Durham Bulls Athletic Park,Charlotte Knights,494,7986.0,1,night,Saturday,5,7,July,17,1,,0,234-8,2,3,1.0,0.4516129032258064,0.5263157894736842,Partly Cloudy,Cloudy,95.0,10,Out To CF,0,0,0,,0,,partial_assembled,0,8.985445287623167,9025.0,,8.844166066053244,0.14127922156992234,6933.8193009851175
20260719,2026-07-19,234,Durham Bulls,International League,Durham Bulls Athletic Park,Charlotte Knights,494,5703.0,1,night,Sunday,6,7,July,17,1,,0,234-8,3,3,1.0,0.4574468085106383,0.5208333333333334,Partly Cloudy,Cloudy,91.0,5,Out To RF,0,0,0,,0,,partial_assembled,0,8.648747631156539,8281.0,,8.58238856263953,0.06635906851700923,5336.837684581224
20260729,2026-07-29,234,Durham Bulls,International League,Durham Bulls Athletic Park,Gwinnett Stripers,431,4850.0,2,night,Wednesday,2,7,July,18,0,,0,234-9,1,5,10.0,0.4607843137254901,0.5196078431372549,Clear,Clear,80.0,3,Out To CF,0,0,0,,0,,partial_assembled,0,8.48673398393153,6400.0,,8.58284771562199,-0.09611373169046011,5339.288672167073
20260730,2026-07-30,234,Durham Bulls,International League,Durham Bulls Athletic Park,Gwinnett Stripers,431,6193.0,1,night,Thursday,3,7,July,18,0,,0,234-9,2,5,1.0,0.4563106796116505,0.5242718446601942,Clear,Clear,84.0,5,Calm,0,0,0,,0,,partial_assembled,0,8.731174900938061,7056.0,,8.703390957413136,0.027783943524925192,6023.302388507535
20260731,2026-07-31,234,Durham Bulls,International League,Durham Bulls Athletic Park,Gwinnett Stripers,431,7342.0,1,night,Friday,4,7,July,19,1,,0,234-9,3,5,1.0,0.4615384615384615,0.5192307692307693,Clear,Clear,85.0,1,Calm,0,0,0,,0,,partial_assembled,0,8.90136656405678,7225.0,,9.001618370226383,-0.10025180616960405,8116.208334555871
20260801,2026-08-01,234,Durham Bulls,International League,Durham Bulls Athletic Park,Gwinnett Stripers,431,11682.0,2,night,Saturday,5,8,August,19,1,,0,234-9,4,5,1.0,0.4622641509433962,0.5188679245283019,Cloudy,Cloudy,84.0,11,In From CF,0,0,0,,0,,partial_assembled,0,9.365804474600255,7056.0,,8.983724901333586,0.38207957326666886,7972.272806514873
20260802,2026-08-02,234,Durham Bulls,International League,Durham Bulls Athletic Park,Gwinnett Stripers,431,4767.0,1,night,Sunday,6,8,August,19,1,,0,234-9,5,5,1.0,0.4672897196261682,0.514018691588785,Partly Cloudy,Cloudy,90.0,8,Out To CF,0,0,0,,0,,partial_assembled,0,8.469472455204826,8100.0,,8.576771343292602,-0.10729888808777588,5306.943536286576
20260811,2026-08-11,234,Durham Bulls,International League,Durham Bulls Athletic Park,Memphis Redbirds,235,4582.0,1,night,Tuesday,1,8,August,20,0,,0,234-10,1,6,9.0,0.4561403508771929,0.5565217391304348,Partly Cloudy,Cloudy,89.0,6,Out To RF,0,0,0,,0,,partial_assembled,0,8.42989086301344,7921.0,,8.553657100124395,-0.12376623711095469,5185.684358663731
20260812,2026-08-12,234,Durham Bulls,International League,Durham Bulls Athletic Park,Memphis Redbirds,235,3624.0,1,night,Wednesday,2,8,August,20,0,,0,234-10,2,6,1.0,0.4521739130434782,0.5603448275862069,Partly Cloudy,Cloudy,88.0,4,Calm,0,0,0,,0,,partial_assembled,0,8.19533366716287,7744.0,,8.525708469767286,-0.33037480260441576,5042.758182301403
20260813,2026-08-13,234,Durham Bulls,International League,Durham Bulls Athletic Park,Memphis Redbirds,235,5124.0,1,night,Thursday,3,8,August,20,0,,0,234-10,3,6,1.0,0.4568965517241379,0.5555555555555556,Clear,Clear,91.0,7,L To R,0,0,0,,0,,partial_assembled,0,8.541690663016626,8281.0,,8.601314731963784,-0.05962406894715855,5438.805464268584
20260814,2026-08-14,234,Durham Bulls,International League,Durham Bulls Athletic Park,Memphis Redbirds,235,7042.0,1,night,Friday,4,8,August,21,1,,0,234-10,4,6,1.0,0.452991452991453,0.559322033898305,Cloudy,Cloudy,89.0,4,Out To LF,0,0,0,,0,,partial_assembled,0,8.859647499714997,7921.0,,8.94105002486584,-0.08140252515084256,7639.214210681065
20260815,2026-08-15,234,Durham Bulls,International League,Durham Bulls Athletic Park,Memphis Redbirds,235,7694.0,1,night,Saturday,5,8,August,21,1,,0,234-10,5,6,1.0,0.4576271186440678,0.5546218487394958,Partly Cloudy,Cloudy,86.0,4,In From LF,0,0,0,,0,,partial_assembled,0,8.94819608331224,7396.0,,8.953513703288912,-0.005317619976672461,7735.0227431127405
20260816,2026-08-16,234,Durham Bulls,International League,Durham Bulls Athletic Park,Memphis Redbirds,235,6027.0,1,night,Sunday,6,8,August,21,1,,0,234-10,6,6,1.0,0.453781512605042,0.5583333333333333,Partly Cloudy,Cloudy,83.0,4,L To R,0,0,0,,0,,partial_assembled,0,8.704004653483045,6889.0,,8.652194541821231,0.05181011166181371,5722.691649702736
20260825,2026-08-25,234,Durham Bulls,International League,Durham Bulls Athletic Park,Norfolk Tides,568,7304.0,1,night,Tuesday,1,8,August,22,0,,0,234-11,1,6,9.0,0.4603174603174603,0.3709677419354839,Clear,Clear,82.0,1,Calm,0,0,0,,0,,partial_assembled,0,8.896177422274805,6724.0,,8.637066217490954,0.2591112047838511,5636.768489834832
20260826,2026-08-26,234,Durham Bulls,International League,Durham Bulls Athletic Park,Norfolk Tides,568,3467.0,1,night,Wednesday,2,8,August,22,0,,0,234-11,2,6,1.0,0.4566929133858268,0.376,Partly Cloudy,Cloudy,84.0,4,In From CF,0,0,0,,0,,partial_assembled,0,8.151044945685024,7056.0,,8.57783491199882,-0.4267899663137964,5312.590837971769
20260827,2026-08-27,234,Durham Bulls,International League,Durham Bulls Athletic Park,Norfolk Tides,568,5299.0,1,night,Thursday,3,8,August,22,0,,0,234-11,3,6,1.0,0.453125,0.3809523809523809,Cloudy,Cloudy,76.0,5,Out To CF,0,0,0,,0,,partial_assembled,0,8.575273402492762,5776.0,,8.746489649911219,-0.17121624741845665,6288.574219981363
20260828,2026-08-28,234,Durham Bulls,International League,Durham Bulls Athletic Park,Norfolk Tides,568,7349.0,1,night,Friday,4,8,August,23,1,,0,234-11,4,6,1.0,0.4573643410852713,0.3779527559055118,Cloudy,Cloudy,82.0,2,In From CF,0,0,0,,0,,partial_assembled,0,8.90231952852887,6724.0,,9.024262748735879,-0.1219432202070081,8302.091489564385
20260829,2026-08-29,234,Durham Bulls,International League,Durham Bulls Athletic Park,Norfolk Tides,568,8181.0,1,night,Saturday,5,8,August,23,1,,0,234-11,5,6,1.0,0.4615384615384615,0.375,Partly Cloudy,Cloudy,79.0,5,In From CF,0,0,0,,0,,partial_assembled,0,9.009569671513699,6241.0,,9.017713521972547,-0.00814385045884869,8247.896869927155
20260830,2026-08-30,234,Durham Bulls,International League,Durham Bulls Athletic Park,Norfolk Tides,568,5793.0,1,day,Sunday,6,8,August,23,1,,0,234-11,6,6,1.0,0.4580152671755725,0.3798449612403101,Partly Cloudy,Cloudy,79.0,4,Out To CF,0,0,0,,0,,partial_assembled,0,8.664405571096625,6241.0,,8.851732360527814,-0.1873267894311894,6986.481597634317
20260407,2026-04-07,4904,El Paso Chihuahuas,Pacific Coast League,Southwest University Park,Albuquerque Isotopes,342,7237.0,1,night,Tuesday,1,4,April,2,0,,0,4904-1,1,6,1.0,0.5,0.4,Clear,Clear,71.0,5,Out To RF,0,1,2,Rally Towel Giveaway | Magnet Schedule exit giveaway presented by Southwest University,1,0.0,full_season_release,1,8.886962034866128,5041.0,0.0,8.400491635344789,0.4864703995213393,4449.253620421575
20260408,2026-04-08,4904,El Paso Chihuahuas,Pacific Coast League,Southwest University Park,Albuquerque Isotopes,342,6984.0,1,day,Wednesday,2,4,April,2,0,,0,4904-1,2,6,1.0,0.4545454545454545,0.4545454545454545,Sunny,Clear,74.0,3,Calm,0,0,0,,1,1.0,full_season_release,1,8.851377097519439,5476.0,1.0,8.50458883405265,0.3467882634667898,4937.373724278423
20260409,2026-04-09,4904,El Paso Chihuahuas,Pacific Coast League,Southwest University Park,Albuquerque Isotopes,342,5359.0,1,night,Thursday,3,4,April,2,0,,0,4904-1,3,6,1.0,0.4166666666666667,0.5,Clear,Clear,84.0,6,Calm,0,0,0,,1,2.0,full_season_release,1,8.58653266949485,7056.0,2.0,8.412859598387525,0.17367307110732533,4504.623525426138
20260410,2026-04-10,4904,El Paso Chihuahuas,Pacific Coast League,Southwest University Park,Albuquerque Isotopes,342,7314.0,1,night,Friday,4,4,April,3,1,,0,4904-1,4,6,1.0,0.4615384615384615,0.4615384615384615,Rain,Precipitation,83.0,15,Out To RF,1,0,0,,1,3.0,full_season_release,1,8.897545598709327,6889.0,3.0,8.762660628896107,0.1348849698132195,6391.093304461156
20260411,2026-04-11,4904,El Paso Chihuahuas,Pacific Coast League,Southwest University Park,Albuquerque Isotopes,342,8672.0,1,night,Saturday,5,4,April,3,1,,0,4904-1,5,6,1.0,0.4285714285714285,0.5,Partly Cloudy,Cloudy,71.0,10,Out To LF,0,0,0,,1,4.0,full_season_release,1,9.067854723679428,5041.0,4.0,8.743197855573925,0.3246568681055031,6267.907560831992
20260412,2026-04-12,4904,El Paso Chihuahuas,Pacific Coast League,Southwest University Park,Albuquerque Isotopes,342,5583.0,1,day,Sunday,6,4,April,3,1,,0,4904-1,6,6,1.0,0.4,0.5333333333333333,Partly Cloudy,Cloudy,75.0,12,Out To RF,0,0,0,,1,5.0,full_season_release,1,8.62748154531036,5625.0,5.0,8.581856083950644,0.04562546135971601,5333.99668870015
20260421,2026-04-21,4904,El Paso Chihuahuas,Pacific Coast League,Southwest University Park,Reno Aces,2310,4811.0,1,night,Tuesday,1,4,April,4,0,,0,4904-2,1,6,9.0,0.4090909090909091,0.5,Partly Cloudy,Cloudy,83.0,7,Out To RF,0,0,0,,1,-3.0,full_season_release,1,8.478660241699453,6889.0,-3.0,8.34548110658032,0.13317913511913382,4211.108133208185
20260422,2026-04-22,4904,El Paso Chihuahuas,Pacific Coast League,Southwest University Park,Reno Aces,2310,6034.0,1,day,Wednesday,2,4,April,4,0,,0,4904-2,2,6,1.0,0.4347826086956521,0.4782608695652174,Sunny,Clear,79.0,13,In From LF,0,0,0,,1,-2.0,full_season_release,1,8.705165419719007,6241.0,-2.0,8.492953519298615,0.2122119004203924,4880.258746662311
20260423,2026-04-23,4904,El Paso Chihuahuas,Pacific Coast League,Southwest University Park,Reno Aces,2310,4954.0,1,night,Thursday,3,4,April,4,0,,0,4904-2,3,6,1.0,0.4583333333333333,0.4583333333333333,Cloudy,Cloudy,81.0,14,In From LF,0,0,0,,1,-1.0,full_season_release,1,8.507950610049305,6561.0,-1.0,8.431947345953487,0.07600326409581726,4591.432500395099
20260424,2026-04-24,4904,El Paso Chihuahuas,Pacific Coast League,Southwest University Park,Reno Aces,2310,8020.0,1,night,Friday,4,4,April,5,1,,0,4904-2,4,6,1.0,0.44,0.48,Clear,Clear,83.0,12,Out To RF,0,1,1,Reversible Jersey presented by GECU,1,0.0,full_season_release,1,8.98969370086056,6889.0,0.0,8.727742340662303,0.2619513601982568,6171.77859692154
20260425,2026-04-25,4904,El Paso Chihuahuas,Pacific Coast League,Southwest University Park,Reno Aces,2310,7664.0,1,night,Saturday,5,4,April,5,1,,0,4904-2,5,6,1.0,0.4230769230769231,0.5,Cloudy,Cloudy,83.0,15,Out To RF,0,0,0,,1,1.0,full_season_release,1,8.944289319650697,6889.0,1.0,8.704633466339178,0.23965585331151829,6030.791046888515
20260426,2026-04-26,4904,El Paso Chihuahuas,Pacific Coast League,Southwest University Park,Reno Aces,2310,7805.0,1,day,Sunday,6,4,April,5,1,,0,4904-2,6,6,1.0,0.4444444444444444,0.4814814814814814,Sunny,Clear,82.0,17,Out To CF,0,0,0,,1,2.0,full_season_release,1,8.962519832949532,6724.0,2.0,8.543438756679617,0.4190810762699151,5132.965065533317
20260505,2026-05-05,4904,El Paso Chihuahuas,Pacific Coast League,Southwest University Park,Tacoma Rainiers,529,5881.0,1,night,Tuesday,1,5,May,6,0,,0,4904-3,1,6,9.0,0.4705882352941176,0.4705882352941176,Cloudy,Cloudy,74.0,18,In From RF,0,0,0,,0,,full_season_release,1,8.679482094459956,5476.0,,8.586329569095152,0.093152525364804,5357.911695479302
20260506,2026-05-06,4904,El Paso Chihuahuas,Pacific Coast League,Southwest University Park,Tacoma Rainiers,529,6962.0,1,day,Wednesday,2,5,May,6,0,,0,4904-3,2,6,1.0,0.4857142857142857,0.4571428571428571,Sunny,Clear,68.0,12,Out To RF,0,0,0,,0,,full_season_release,1,8.848222068371385,4624.0,,8.694821812289788,0.15340025608159635,5971.908352185817
20260507,2026-05-07,4904,El Paso Chihuahuas,Pacific Coast League,Southwest University Park,Tacoma Rainiers,529,6562.0,1,night,Thursday,3,5,May,6,0,,0,4904-3,3,6,1.0,0.5,0.4444444444444444,Clear,Clear,79.0,5,In From CF,0,0,0,,0,,full_season_release,1,8.789050713521046,6241.0,,8.645839800478313,0.1432109130427328,5686.44072908811
20260508,2026-05-08,4904,El Paso Chihuahuas,Pacific Coast League,Southwest University Park,Tacoma Rainiers,529,7937.0,1,night,Friday,4,5,May,7,1,,0,4904-3,4,6,1.0,0.4864864864864865,0.4594594594594595,Clear,Clear,88.0,6,Out To RF,0,0,0,,0,,full_season_release,1,8.979290649090876,7744.0,,8.874036313177298,0.10525433591357825,7144.058514035791
20260509,2026-05-09,4904,El Paso Chihuahuas,Pacific Coast League,Southwest University Park,Tacoma Rainiers,529,7908.0,1,night,Saturday,5,5,May,7,1,,0,4904-3,5,6,1.0,0.4736842105263157,0.4736842105263157,Clear,Clear,90.0,6,Out To LF,0,0,0,,0,,full_season_release,1,8.975630184290507,8100.0,,8.822089162597871,0.15354102169263584,6782.419411253177
20260510,2026-05-10,4904,El Paso Chihuahuas,Pacific Coast League,Southwest University Park,Tacoma Rainiers,529,4159.0,1,day,Sunday,6,5,May,7,1,Mother's Day,1,4904-3,6,6,1.0,0.4871794871794871,0.4615384615384615,Sunny,Clear,89.0,6,Out To RF,0,0,0,,0,,full_season_release,1,8.33302993974291,7921.0,,8.744352115133445,-0.4113221753905343,6275.14653007328
20260519,2026-05-19,4904,El Paso Chihuahuas,Pacific Coast League,Southwest University Park,Round Rock Express,102,4863.0,1,night,Tuesday,1,5,May,8,0,,0,4904-4,1,6,9.0,0.4782608695652174,0.3478260869565217,Clear,Clear,91.0,10,Out To CF,0,0,0,,0,,full_season_release,1,8.489410810403786,8281.0,,8.449000267443726,0.040410542960060525,4670.401248603002
20260520,2026-05-20,4904,El Paso Chihuahuas,Pacific Coast League,Southwest University Park,Round Rock Express,102,8482.0,1,day,Wednesday,2,5,May,8,0,,0,4904-4,2,6,1.0,0.4680851063829787,0.3617021276595745,Partly Cloudy,Cloudy,81.0,7,Out To LF,0,0,0,,0,,full_season_release,1,9.045701550034536,6561.0,,8.688242455473409,0.35745909456112734,5932.74600904802
20260521,2026-05-21,4904,El Paso Chihuahuas,Pacific Coast League,Southwest University Park,Round Rock Express,102,4907.0,1,night,Thursday,3,5,May,8,0,,0,4904-4,3,6,1.0,0.4583333333333333,0.375,Partly Cloudy,Cloudy,79.0,12,Out To CF,0,0,0,,0,,full_season_release,1,8.498418036089904,6241.0,,8.655882076736212,-0.1574640406463086,5743.8332311718195
20260522,2026-05-22,4904,El Paso Chihuahuas,Pacific Coast League,Southwest University Park,Round Rock Express,102,7854.0,1,night,Friday,4,5,May,9,1,,0,4904-4,4,6,1.0,0.4693877551020408,0.3673469387755102,Clear,Clear,84.0,9,Calm,0,0,0,,0,,full_season_release,1,8.968778235137956,7056.0,,8.92641296518577,0.04236526995218526,7528.212924365091
20260523,2026-05-23,4904,El Paso Chihuahuas,Pacific Coast League,Southwest University Park,Round Rock Express,102,7620.0,1,night,Saturday,5,5,May,9,1,,0,4904-4,5,6,1.0,0.46,0.38,Clear,Clear,85.0,8,Out To CF,0,0,0,,0,,full_season_release,1,8.938531648680692,7225.0,,8.892167903201006,0.04636374547968636,7274.77310473687
20260524,2026-05-24,4904,El Paso Chihuahuas,Pacific Coast League,Southwest University Park,Round Rock Express,102,7915.0,1,night,Sunday,6,5,May,9,1,,0,4904-4,6,6,1.0,0.4509803921568627,0.392156862745098,Clear,Clear,90.0,7,Out To CF,0,0,0,,0,,full_season_release,1,8.976514972315112,8100.0,,8.497126408326341,0.4793885639887705,4900.6660739821245
20260602,2026-06-02,4904,El Paso Chihuahuas,Pacific Coast League,Southwest University Park,Sugar Land Space Cowboys,5434,4094.0,1,night,Tuesday,1,6,June,10,0,,0,4904-5,1,6,9.0,0.4310344827586206,0.4137931034482758,Overcast,Cloudy,87.0,16,Out To LF,0,0,0,,1,-3.0,full_season_release,1,8.317277766221235,7569.0,-3.0,8.633385608245765,-0.3161078420245307,5616.059881144547
20260603,2026-06-03,4904,El Paso Chihuahuas,Pacific Coast League,Southwest University Park,Sugar Land Space Cowboys,5434,3957.0,1,night,Wednesday,2,6,June,10,0,,0,4904-5,2,6,1.0,0.423728813559322,0.423728813559322,Overcast,Cloudy,86.0,10,Out To LF,0,0,0,,1,-2.0,full_season_release,1,8.283241441385425,7396.0,-2.0,8.603978106063726,-0.32073666467830186,5453.310345264654
20260604,2026-06-04,4904,El Paso Chihuahuas,Pacific Coast League,Southwest University Park,Sugar Land Space Cowboys,5434,4566.0,1,night,Thursday,3,6,June,10,0,,0,4904-5,3,6,1.0,0.4166666666666667,0.4333333333333333,Partly Cloudy,Cloudy,84.0,3,In From CF,0,0,0,,1,-1.0,full_season_release,1,8.42639282708974,7056.0,-1.0,8.746054323769393,-0.31966149667965205,6285.83723501237
20260605,2026-06-05,4904,El Paso Chihuahuas,Pacific Coast League,Southwest University Park,Sugar Land Space Cowboys,5434,5752.0,1,night,Friday,4,6,June,11,1,,0,4904-5,4,6,1.0,0.4098360655737705,0.4426229508196721,Cloudy,Cloudy,81.0,6,Out To RF,0,1,1,Retro Hat presented by Fred Loya,1,0.0,full_season_release,1,8.657302899400882,6561.0,0.0,9.080779740454442,-0.4234768410535601,8784.813231420429
20260606,2026-06-06,4904,El Paso Chihuahuas,Pacific Coast League,Southwest University Park,Sugar Land Space Cowboys,5434,8002.0,1,night,Saturday,5,6,June,11,1,,0,4904-5,5,6,1.0,0.4193548387096774,0.4354838709677419,Clear,Clear,93.0,3,Out To CF,0,0,0,,1,1.0,full_season_release,1,8.98744678941718,8649.0,1.0,8.905792471227766,0.08165431818941471,7374.567026605677
20260607,2026-06-07,4904,El Paso Chihuahuas,Pacific Coast League,Southwest University Park,Sugar Land Space Cowboys,5434,7031.0,1,night,Sunday,6,6,June,11,1,,0,4904-5,6,6,1.0,0.4285714285714285,0.4285714285714285,Clear,Clear,95.0,11,Out To LF,0,0,0,,1,2.0,full_season_release,1,8.858084222199162,9025.0,2.0,8.534913909352381,0.32317031284678066,5089.393307181436
20260616,2026-06-16,4904,El Paso Chihuahuas,Pacific Coast League,Southwest University Park,Reno Aces,2310,5109.0,1,night,Tuesday,1,6,June,12,0,,0,4904-6,1,6,9.0,0.4571428571428571,0.4285714285714285,Clear,Clear,96.0,5,Out To RF,0,0,0,,0,,full_season_release,1,8.538758969330798,9216.0,,8.48031533432581,0.058443635004987726,4818.969243724467
20260617,2026-06-17,4904,El Paso Chihuahuas,Pacific Coast League,Southwest University Park,Reno Aces,2310,4973.0,1,night,Wednesday,2,6,June,12,0,,0,4904-6,2,6,1.0,0.4647887323943662,0.4225352112676056,Cloudy,Cloudy,92.0,19,Out To RF,0,0,0,,0,,full_season_release,1,8.511778558714738,8464.0,,8.511772504137841,6.054576896730168e-06,4972.96989068024
20260618,2026-06-18,4904,El Paso Chihuahuas,Pacific Coast League,Southwest University Park,Reno Aces,2310,4954.0,1,night,Thursday,3,6,June,12,0,,0,4904-6,3,6,1.0,0.4583333333333333,0.4305555555555556,Partly Cloudy,Cloudy,94.0,7,L To R,0,0,0,,0,,full_season_release,1,8.507950610049305,8836.0,,8.597134800253418,-0.08918419020411328,5416.119075650612
20260619,2026-06-19,4904,El Paso Chihuahuas,Pacific Coast League,Southwest University Park,Reno Aces,2310,6133.0,1,night,Friday,4,6,June,13,1,,0,4904-6,4,6,1.0,0.4657534246575342,0.4246575342465753,Partly Cloudy,Cloudy,90.0,13,Out To RF,0,0,0,,0,,full_season_release,1,8.721439305625983,8100.0,,8.972638630707346,-0.25119932508136245,7884.378144903753
20260620,2026-06-20,4904,El Paso Chihuahuas,Pacific Coast League,Southwest University Park,Reno Aces,2310,7642.0,1,night,Saturday,5,6,June,13,1,,0,4904-6,5,6,1.0,0.4594594594594595,0.4324324324324324,Clear,Clear,98.0,6,In From CF,0,0,0,,0,,full_season_release,1,8.941414628006845,9604.0,,8.798548123808045,0.14286650419879976,6624.618894279794
20260621,2026-06-21,4904,El Paso Chihuahuas,Pacific Coast League,Southwest University Park,Reno Aces,2310,6587.0,1,night,Sunday,6,6,June,13,1,Father's Day,1,4904-6,6,6,1.0,0.4666666666666667,0.4266666666666667,Clear,Clear,97.0,14,Out To RF,0,0,0,,0,,full_season_release,1,8.792853288640693,9409.0,,8.563214644626875,0.22963864401381784,5235.484371528915
20260630,2026-06-30,4904,El Paso Chihuahuas,Pacific Coast League,Southwest University Park,Sacramento River Cats,105,3877.0,1,night,Tuesday,1,6,June,14,0,,0,4904-7,1,6,9.0,0.4390243902439024,0.5569620253164557,Partly Cloudy,Cloudy,88.0,11,In From LF,0,0,0,,0,,full_season_release,1,8.262816937670928,7744.0,,8.613630481527474,-0.35081354385654606,5506.202601539442
20260701,2026-07-01,4904,El Paso Chihuahuas,Pacific Coast League,Southwest University Park,Sacramento River Cats,105,3932.0,1,night,Wednesday,2,7,July,14,0,,0,4904-7,2,6,1.0,0.4457831325301205,0.55,Partly Cloudy,Cloudy,90.0,7,Out To LF,0,0,0,,0,,full_season_release,1,8.276903481267057,8100.0,,8.539060402531561,-0.26215692126450385,5110.540254352936
20260702,2026-07-02,4904,El Paso Chihuahuas,Pacific Coast League,Southwest University Park,Sacramento River Cats,105,4905.0,1,night,Thursday,3,7,July,14,0,,0,4904-7,3,6,1.0,0.4404761904761904,0.5555555555555556,Partly Cloudy,Cloudy,95.0,4,Out To RF,0,0,0,,0,,full_season_release,1,8.498010371999463,9025.0,,8.573206826104654,-0.07519645410519082,5288.060519249028
20260703,2026-07-03,4904,El Paso Chihuahuas,Pacific Coast League,Southwest University Park,Sacramento River Cats,105,8715.0,1,night,Friday,4,7,July,15,1,,0,4904-7,4,6,1.0,0.4470588235294118,0.5487804878048781,Cloudy,Cloudy,96.0,6,Out To LF,0,0,0,,0,,full_season_release,1,9.07280095795412,9216.0,,8.861295645531266,0.21150531242285453,7053.615812485117
20260704,2026-07-04,4904,El Paso Chihuahuas,Pacific Coast League,Southwest University Park,Sacramento River Cats,105,9213.0,1,night,Saturday,5,7,July,15,1,Independence Day,1,4904-7,5,6,1.0,0.4534883720930232,0.5421686746987951,Partly Cloudy,Cloudy,97.0,9,Out To CF,0,0,0,,0,,full_season_release,1,9.128370809108931,9409.0,,8.890102220212821,0.23826858889611024,7259.761239906435
20260705,2026-07-05,4904,El Paso Chihuahuas,Pacific Coast League,Southwest University Park,Sacramento River Cats,105,4161.0,1,night,Sunday,6,7,July,15,1,,0,4904-7,6,6,1.0,0.4597701149425287,0.5357142857142857,Drizzle,Precipitation,95.0,9,Out To LF,1,0,0,,0,,full_season_release,1,8.333510708982942,9025.0,,8.560172519516012,-0.22666181053307,5219.581574468295
20260717,2026-07-17,4904,El Paso Chihuahuas,Pacific Coast League,Southwest University Park,Sugar Land Space Cowboys,5434,6881.0,1,night,Friday,4,7,July,17,1,,0,4904-8,1,3,12.0,0.4408602150537634,0.4946236559139785,Cloudy,Cloudy,84.0,7,In From LF,0,0,0,,1,-1.0,full_season_release,1,8.83651926920248,7056.0,-1.0,9.033013045522015,-0.19649377631953513,8375.056019128115
20260718,2026-07-18,4904,El Paso Chihuahuas,Pacific Coast League,Southwest University Park,Sugar Land Space Cowboys,5434,6570.0,1,night,Saturday,5,7,July,17,1,,0,4904-8,2,3,1.0,0.4361702127659574,0.5,Cloudy,Cloudy,87.0,5,Out To CF,0,1,1,Chico Nutcracker (Christmas in July),1,0.0,full_season_release,1,8.790269111478656,7569.0,0.0,9.01335485269833,-0.2230857412196734,8212.02524832147
20260719,2026-07-19,4904,El Paso Chihuahuas,Pacific Coast League,Southwest University Park,Sugar Land Space Cowboys,5434,6153.0,1,night,Sunday,6,7,July,17,1,,0,4904-8,3,3,1.0,0.4421052631578947,0.4947368421052631,Drizzle,Precipitation,81.0,10,Out To RF,1,0,0,,1,1.0,full_season_release,1,8.724695046740491,6561.0,1.0,8.776214505967824,-0.051519459227332476,6478.30710487965
20260728,2026-07-28,4904,El Paso Chihuahuas,Pacific Coast League,Southwest University Park,Albuquerque Isotopes,342,3923.0,1,night,Tuesday,1,7,July,18,0,,0,4904-9,1,6,9.0,0.4313725490196078,0.4854368932038835,Clear,Clear,100.0,8,Out To LF,0,0,0,,0,,full_season_release,1,8.274611946209552,10000.0,,8.39028411285703,-0.11567216664747804,4404.068769060592
20260729,2026-07-29,4904,El Paso Chihuahuas,Pacific Coast League,Southwest University Park,Albuquerque Isotopes,342,4708.0,1,night,Wednesday,2,7,July,18,0,,0,4904-9,2,6,1.0,0.4271844660194174,0.4903846153846153,Clear,Clear,100.0,7,R To L,0,0,0,,0,,full_season_release,1,8.457018468380168,10000.0,,8.348617132773224,0.10840133560694376,4224.335007687341
20260730,2026-07-30,4904,El Paso Chihuahuas,Pacific Coast League,Southwest University Park,Albuquerque Isotopes,342,4925.0,1,night,Thursday,3,7,July,18,0,,0,4904-9,3,6,1.0,0.4230769230769231,0.4952380952380952,Clear,Clear,101.0,11,Out To LF,0,0,0,,0,,full_season_release,1,8.502079553606189,10201.0,,8.444683224563208,0.0573963290429802,4650.2823843893475
20260731,2026-07-31,4904,El Paso Chihuahuas,Pacific Coast League,Southwest University Park,Albuquerque Isotopes,342,7975.0,1,night,Friday,4,7,July,19,1,,0,4904-9,4,6,1.0,0.419047619047619,0.5,Partly Cloudy,Cloudy,102.0,9,R To L,0,0,0,,0,,full_season_release,1,8.984066927653044,10404.0,,8.72876334556503,0.25530358208801474,6178.083231111061
20260801,2026-08-01,4904,El Paso Chihuahuas,Pacific Coast League,Southwest University Park,Albuquerque Isotopes,342,8630.0,1,night,Saturday,5,8,August,19,1,,0,4904-9,5,6,1.0,0.4150943396226415,0.5046728971962616,Partly Cloudy,Cloudy,93.0,9,R To L,0,0,0,,0,,full_season_release,1,9.062999784077473,8649.0,,8.898226555965932,0.1647732281115406,7318.982217520878
20260802,2026-08-02,4904,El Paso Chihuahuas,Pacific Coast League,Southwest University Park,Albuquerque Isotopes,342,4265.0,1,day,Sunday,6,8,August,19,1,,0,4904-9,6,6,1.0,0.411214953271028,0.5092592592592593,Sunny,Clear,87.0,6,Out To LF,0,0,0,,0,,full_season_release,1,8.35819745992578,7569.0,,8.822756600322728,-0.4645591403969487,6786.947764862961
20260811,2026-08-11,4904,El Paso Chihuahuas,Pacific Coast League,Southwest University Park,Salt Lake Bees,561,3934.0,1,night,Tuesday,1,8,August,20,0,,0,4904-10,1,12,9.0,0.4122807017543859,0.4473684210526316,Cloudy,Cloudy,92.0,10,Out To CF,0,0,0,,0,,full_season_release,1,8.277411998949004,8464.0,,8.556655719794167,-0.27924372084516236,5201.257591214392
20260812,2026-08-12,4904,El Paso Chihuahuas,Pacific Coast League,Southwest University Park,Salt Lake Bees,561,4959.0,1,day,Wednesday,2,8,August,20,0,,0,4904-10,2,12,1.0,0.417391304347826,0.4434782608695652,Partly Cloudy,Cloudy,87.0,9,Out To CF,0,0,0,,0,,full_season_release,1,8.508959386489133,7569.0,,8.752497133613208,-0.2435377471240745,6326.466431578133
20260813,2026-08-13,4904,El Paso Chihuahuas,Pacific Coast League,Southwest University Park,Salt Lake Bees,561,5254.0,1,night,Thursday,3,8,August,20,0,,0,4904-10,3,12,1.0,0.4224137931034483,0.4396551724137931,Cloudy,Cloudy,89.0,12,Out To RF,0,0,0,,0,,full_season_release,1,8.566744970245486,7921.0,,8.6796429711494,-0.11289800090391466,5881.946191918693
20260814,2026-08-14,4904,El Paso Chihuahuas,Pacific Coast League,Southwest University Park,Salt Lake Bees,561,6477.0,1,night,Friday,4,8,August,21,1,,0,4904-10,4,12,1.0,0.4188034188034188,0.4444444444444444,Partly Cloudy,Cloudy,91.0,7,Out To CF,0,0,0,,0,,full_season_release,1,8.776012719182917,8281.0,,8.958994464247706,-0.18298174506478837,7777.53294148368
20260815,2026-08-15,4904,El Paso Chihuahuas,Pacific Coast League,Southwest University Park,Salt Lake Bees,561,6985.0,1,night,Saturday,5,8,August,21,1,,0,4904-10,5,12,1.0,0.4152542372881356,0.4491525423728814,Cloudy,Cloudy,87.0,9,Out To LF,0,0,0,,0,,full_season_release,1,8.851520271691061,7569.0,,8.990783651688545,-0.13926337999748384,8028.746171222858
20260816,2026-08-16,4904,El Paso Chihuahuas,Pacific Coast League,Southwest University Park,Salt Lake Bees,561,5956.0,1,day,Sunday,6,8,August,21,1,,0,4904-10,6,12,1.0,0.4117647058823529,0.453781512605042,Sunny,Clear,91.0,4,R To L,0,0,0,,0,,full_season_release,1,8.6921543938039,8281.0,,8.768136845781202,-0.07598245197730158,6426.188323792792
20260818,2026-08-18,4904,El Paso Chihuahuas,Pacific Coast League,Southwest University Park,Round Rock Express,102,4498.0,1,night,Tuesday,1,8,August,21,0,,0,4904-10,7,12,2.0,0.4083333333333333,0.4710743801652892,Clear,Clear,93.0,3,Out To LF,0,0,0,,0,,full_season_release,1,8.411388132519262,8649.0,,8.511930932705098,-0.10054280018583661,4973.757813588134
20260819,2026-08-19,4904,El Paso Chihuahuas,Pacific Coast League,Southwest University Park,Round Rock Express,102,4668.0,1,day,Wednesday,2,8,August,21,0,,0,4904-10,8,12,1.0,0.4049586776859504,0.4754098360655737,Sunny,Clear,93.0,4,L To R,0,0,0,,0,,full_season_release,1,8.448485993406447,8649.0,,8.611649639970793,-0.163163646564346,5495.306481912874
20260820,2026-08-20,4904,El Paso Chihuahuas,Pacific Coast League,Southwest University Park,Round Rock Express,102,6560.0,1,night,Thursday,3,8,August,21,0,,0,4904-10,9,12,1.0,0.4098360655737705,0.4715447154471545,Cloudy,Cloudy,97.0,4,In From CF,0,0,0,,0,,full_season_release,1,8.788745881938135,9409.0,,8.48693167702856,0.3018142049095758,4850.958906302055
20260821,2026-08-21,4904,El Paso Chihuahuas,Pacific Coast League,Southwest University Park,Round Rock Express,102,7253.0,1,night,Friday,4,8,August,22,1,,0,4904-10,10,12,1.0,0.4065040650406504,0.4758064516129032,Partly Cloudy,Cloudy,97.0,11,Out To LF,0,0,0,,0,,full_season_release,1,8.889170455363413,9409.0,,8.796400524738521,0.09276993062489147,6610.407134949315
20260822,2026-08-22,4904,El Paso Chihuahuas,Pacific Coast League,Southwest University Park,Round Rock Express,102,6771.0,1,night,Saturday,5,8,August,22,1,,0,4904-10,11,12,1.0,0.4032258064516129,0.48,Clear,Clear,98.0,11,R To L,0,0,0,,0,,full_season_release,1,8.820404065485645,9604.0,,8.74962537538266,0.07077869010298521,6308.324411748442
20260823,2026-08-23,4904,El Paso Chihuahuas,Pacific Coast League,Southwest University Park,Round Rock Express,102,4999.0,1,day,Sunday,6,8,August,22,1,,0,4904-10,12,12,1.0,0.4,0.4841269841269841,Sunny,Clear,93.0,7,R To L,0,0,0,,0,,full_season_release,1,8.51699317141357,8649.0,,8.683900810901005,-0.1669076394874338,5907.043969472041
20260327,2026-03-27,431,Gwinnett Stripers,International League,Gwinnett Field,Memphis Redbirds,235,3303.0,1,night,Friday,4,3,March,1,1,,0,431-1,1,3,1.0,0.0,1.0,Partly Cloudy,Cloudy,80.0,11,Out To CF,0,1,1,2026 Magnet Schedule,1,0.0,full_season_release,1,8.10258642539079,6400.0,0.0,7.903877991036434,0.19870843435435592,2707.7626731677274
20260328,2026-03-28,431,Gwinnett Stripers,International League,Gwinnett Field,Memphis Redbirds,235,2100.0,1,night,Saturday,5,3,March,1,1,,0,431-1,2,3,1.0,0.0,1.0,Clear,Clear,66.0,10,In From LF,0,1,1,2026 Schedule T-Shirt,1,0.0,full_season_release,1,7.649692623711514,4356.0,0.0,7.873939945130135,-0.2242473214186207,2627.8989961423936
20260329,2026-03-29,431,Gwinnett Stripers,International League,Gwinnett Field,Memphis Redbirds,235,2617.0,1,day,Sunday,6,3,March,1,1,,0,431-1,3,3,1.0,0.0,1.0,Partly Cloudy,Cloudy,59.0,10,L To R,0,0,0,,1,1.0,full_season_release,1,7.869783902530146,3481.0,1.0,7.638622899808613,0.2311610027215325,2076.8817720768434
20260407,2026-04-07,431,Gwinnett Stripers,International League,Gwinnett Field,Nashville Sounds,556,1760.0,1,night,Tuesday,1,4,April,2,0,,0,431-2,1,6,9.0,0.6,0.5555555555555556,Clear,Clear,75.0,5,In From LF,0,0,0,,0,,full_season_release,1,7.473069088032197,5625.0,,7.26442613753621,0.20864295049598702,1428.5655923195513
20260408,2026-04-08,431,Gwinnett Stripers,International League,Gwinnett Field,Nashville Sounds,556,1260.0,1,night,Wednesday,2,4,April,2,0,,0,431-2,2,6,1.0,0.6363636363636364,0.5,Clear,Clear,64.0,5,L To R,0,0,0,,0,,full_season_release,1,7.138866999945524,4096.0,,7.179430655694179,-0.04056365574865506,1312.1609741559207
20260409,2026-04-09,431,Gwinnett Stripers,International League,Gwinnett Field,Nashville Sounds,556,1614.0,1,night,Thursday,3,4,April,2,0,,0,431-2,3,6,1.0,0.5833333333333334,0.5454545454545454,Clear,Clear,69.0,10,L To R,0,0,0,,0,,full_season_release,1,7.3864708488298945,4761.0,,7.338245449255582,0.04822539957431271,1538.0112261951795
20260410,2026-04-10,431,Gwinnett Stripers,International League,Gwinnett Field,Nashville Sounds,556,3514.0,1,night,Friday,4,4,April,3,1,,0,431-2,4,6,1.0,0.6153846153846154,0.5,Clear,Clear,76.0,3,R To L,0,0,0,,0,,full_season_release,1,8.164510268747042,5776.0,,7.648867900922162,0.5156423678248805,2098.268796122131
20260411,2026-04-11,431,Gwinnett Stripers,International League,Gwinnett Field,Nashville Sounds,556,2298.0,1,night,Saturday,5,4,April,3,1,,0,431-2,5,6,1.0,0.6428571428571429,0.4615384615384615,Clear,Clear,84.0,7,R To L,0,0,0,,0,,full_season_release,1,7.739794458408701,7056.0,,7.572079851995607,0.1677146064130941,1943.1776034036827
20260412,2026-04-12,431,Gwinnett Stripers,International League,Gwinnett Field,Nashville Sounds,556,1277.0,1,day,Sunday,6,4,April,3,1,,0,431-2,6,6,1.0,0.6666666666666666,0.4285714285714285,Sunny,Clear,84.0,10,R To L,0,0,0,,0,,full_season_release,1,7.152268856032539,7056.0,,7.402734950007958,-0.25046609397541886,1640.4648897496816
20260421,2026-04-21,431,Gwinnett Stripers,International League,Gwinnett Field,Jacksonville Jumbo Shrimp,564,2146.0,1,night,Tuesday,1,4,April,4,0,,0,431-3,1,6,9.0,0.6363636363636364,0.5,Clear,Clear,78.0,6,Out To CF,0,0,0,,1,-4.0,full_season_release,1,7.671360923190644,6084.0,-4.0,7.251629453047903,0.41973147014274126,1410.4011592988436
20260422,2026-04-22,431,Gwinnett Stripers,International League,Gwinnett Field,Jacksonville Jumbo Shrimp,564,3549.0,1,day,Wednesday,2,4,April,4,0,,0,431-3,2,6,1.0,0.6521739130434783,0.4782608695652174,Sunny,Clear,72.0,9,R To L,0,0,0,,1,-3.0,full_season_release,1,8.174421152646497,5184.0,-3.0,7.382066552741261,0.7923545999052362,1606.9070972005438
20260423,2026-04-23,431,Gwinnett Stripers,International League,Gwinnett Field,Jacksonville Jumbo Shrimp,564,1846.0,1,night,Thursday,3,4,April,4,0,,0,431-3,3,6,1.0,0.6666666666666666,0.4583333333333333,Partly Cloudy,Cloudy,82.0,7,R To L,0,0,0,,1,-2.0,full_season_release,1,7.520776415062797,6724.0,-2.0,7.3017395755081385,0.2190368395546587,1482.8772621673845
20260424,2026-04-24,431,Gwinnett Stripers,International League,Gwinnett Field,Jacksonville Jumbo Shrimp,564,3009.0,1,night,Friday,4,4,April,5,1,,0,431-3,4,6,1.0,0.64,0.48,Partly Cloudy,Cloudy,80.0,6,R To L,0,0,0,,1,-1.0,full_season_release,1,8.009363076630045,6400.0,-1.0,7.628492809881569,0.38087026674847557,2055.9489775112993
20260425,2026-04-25,431,Gwinnett Stripers,International League,Gwinnett Field,Jacksonville Jumbo Shrimp,564,3037.0,1,night,Saturday,5,4,April,5,1,,0,431-3,5,6,1.0,0.6538461538461539,0.4615384615384615,Overcast,Cloudy,67.0,8,R To L,0,1,1,Georgia Peaches Replica Jersey,1,0.0,full_season_release,1,8.01862546504575,4489.0,0.0,7.603042829238684,0.41558263580706534,2004.2853238458663
20260426,2026-04-26,431,Gwinnett Stripers,International League,Gwinnett Field,Jacksonville Jumbo Shrimp,564,2501.0,1,day,Sunday,6,4,April,5,1,,0,431-3,6,6,1.0,0.6296296296296297,0.4814814814814814,Sunny,Clear,76.0,2,Out To RF,0,0,0,,1,1.0,full_season_release,1,7.824445930877619,5776.0,1.0,7.455329550851544,0.3691163800260755,1729.0537125101998
20260512,2026-05-12,431,Gwinnett Stripers,International League,Gwinnett Field,Durham Bulls,234,1060.0,1,night,Tuesday,1,5,May,7,0,,0,431-4,1,12,14.0,0.625,0.375,Clear,Clear,72.0,9,L To R,0,0,0,,1,-4.0,full_season_release,1,6.966024187106113,5184.0,-4.0,7.458763735843063,-0.49273954873695036,1735.0018104076944
20260513,2026-05-13,431,Gwinnett Stripers,International League,Gwinnett Field,Durham Bulls,234,7267.0,1,day,Wednesday,2,5,May,7,0,,0,431-4,2,12,1.0,0.6097560975609756,0.3902439024390244,Sunny,Clear,68.0,2,Calm,0,0,0,,1,-3.0,full_season_release,1,8.891098830616636,4624.0,-3.0,7.589455591444886,1.3016432391717503,1977.2367960582746
20260514,2026-05-14,431,Gwinnett Stripers,International League,Gwinnett Field,Durham Bulls,234,1372.0,1,night,Thursday,3,5,May,7,0,,0,431-4,3,12,1.0,0.5952380952380952,0.4047619047619047,Clear,Clear,73.0,12,Out To CF,0,0,0,,1,-2.0,full_season_release,1,7.22402480828583,5329.0,-2.0,7.5588378073160065,-0.33481299903017625,1917.6155790212108
20260515,2026-05-15,431,Gwinnett Stripers,International League,Gwinnett Field,Durham Bulls,234,4861.0,1,night,Friday,4,5,May,8,1,,0,431-4,4,12,1.0,0.6046511627906976,0.3953488372093023,Clear,Clear,77.0,4,R To L,0,0,0,,1,-1.0,full_season_release,1,8.488999457045455,5929.0,-1.0,7.860655297795524,0.6283441592499317,2593.219149542317
20260516,2026-05-16,431,Gwinnett Stripers,International League,Gwinnett Field,Durham Bulls,234,4879.0,1,night,Saturday,5,5,May,8,1,,0,431-4,5,12,1.0,0.5909090909090909,0.4090909090909091,Partly Cloudy,Cloudy,84.0,5,In From RF,0,1,1,Salute to Armed Forces Replica Jersey,1,0.0,full_season_release,1,8.492695559815838,7056.0,0.0,7.791967010976027,0.7007285488398107,2421.0751829932833
20260517,2026-05-17,431,Gwinnett Stripers,International League,Gwinnett Field,Durham Bulls,234,2894.0,1,day,Sunday,6,5,May,8,1,,0,431-4,6,12,1.0,0.5777777777777777,0.4222222222222222,Partly Cloudy,Cloudy,90.0,9,R To L,0,0,0,,1,1.0,full_season_release,1,7.970394907191429,8100.0,1.0,7.553232242645671,0.41716266454575823,1906.8963326631524
20260519,2026-05-19,431,Gwinnett Stripers,International League,Gwinnett Field,Charlotte Knights,494,1346.0,1,night,Tuesday,1,5,May,8,0,,0,431-4,7,12,2.0,0.5652173913043478,0.5,Partly Cloudy,Cloudy,87.0,5,Calm,0,0,0,,1,2.0,full_season_release,1,7.204892510204673,7569.0,2.0,7.371211426744162,-0.16631891653948916,1589.5582505094874
20260520,2026-05-20,431,Gwinnett Stripers,International League,Gwinnett Field,Charlotte Knights,494,1487.0,1,night,Wednesday,2,5,May,8,0,,0,431-4,8,12,1.0,0.5531914893617021,0.5106382978723404,Partly Cloudy,Cloudy,81.0,3,Calm,0,0,0,,1,3.0,full_season_release,1,7.304515946460155,6561.0,3.0,7.364326527084768,-0.059810580624612975,1578.65188913559
20260521,2026-05-21,431,Gwinnett Stripers,International League,Gwinnett Field,Charlotte Knights,494,1255.0,1,night,Thursday,3,5,May,8,0,,0,431-4,9,12,1.0,0.5625,0.5,Partly Cloudy,Cloudy,80.0,1,In From RF,0,0,0,,1,4.0,full_season_release,1,7.134890851565884,6400.0,4.0,7.489675057257453,-0.3547842056915691,1789.4705219012276
20260522,2026-05-22,431,Gwinnett Stripers,International League,Gwinnett Field,Charlotte Knights,494,1515.0,1,night,Friday,4,5,May,9,1,,0,431-4,10,12,1.0,0.5510204081632653,0.5102040816326531,Partly Cloudy,Cloudy,70.0,9,In From CF,0,0,0,,1,5.0,full_season_release,1,7.323170717943469,4900.0,5.0,7.815177324576508,-0.49200660663303886,2477.9263112916965
20260523,2026-05-23,431,Gwinnett Stripers,International League,Gwinnett Field,Charlotte Knights,494,2573.0,1,night,Saturday,5,5,May,9,1,,0,431-4,11,12,1.0,0.56,0.5,Cloudy,Cloudy,72.0,8,L To R,0,0,0,,1,6.0,full_season_release,1,7.8528278122817445,5184.0,6.0,7.792946384444128,0.05988142783761674,2423.4474812851668
20260524,2026-05-24,431,Gwinnett Stripers,International League,Gwinnett Field,Charlotte Knights,494,1566.0,1,day,Sunday,6,5,May,9,1,,0,431-4,12,12,1.0,0.5490196078431373,0.5098039215686274,Overcast,Cloudy,70.0,7,In From LF,0,0,0,,1,7.0,full_season_release,1,7.356279876550748,4900.0,7.0,7.623806740800764,-0.2675268642500157,2046.3371968989857
20260602,2026-06-02,431,Gwinnett Stripers,International League,Gwinnett Field,Norfolk Tides,568,1385.0,1,night,Tuesday,1,6,June,10,0,,0,431-5,1,6,9.0,0.5172413793103449,0.3793103448275862,Partly Cloudy,Cloudy,73.0,11,In From LF,0,0,0,,1,-4.0,full_season_release,1,7.233455418621439,5329.0,-4.0,7.617623340978506,-0.38416792235706687,2033.7229156033936
20260603,2026-06-03,431,Gwinnett Stripers,International League,Gwinnett Field,Norfolk Tides,568,3426.0,1,day,Wednesday,2,6,June,10,0,,0,431-5,2,6,1.0,0.5084745762711864,0.3898305084745763,Sunny,Clear,70.0,8,Out To CF,0,0,0,,1,-3.0,full_season_release,1,8.139148678884066,4900.0,-3.0,7.73719155747148,0.4019571214125861,2292.026311478682
20260604,2026-06-04,431,Gwinnett Stripers,International League,Gwinnett Field,Norfolk Tides,568,1593.0,1,night,Thursday,3,6,June,10,0,,0,431-5,3,6,1.0,0.5,0.4,Clear,Clear,82.0,5,In From LF,0,0,0,,1,-2.0,full_season_release,1,7.373374309910049,6724.0,-2.0,7.6640392801888915,-0.29066497027884264,2130.34513372273
20260605,2026-06-05,431,Gwinnett Stripers,International League,Gwinnett Field,Norfolk Tides,568,2603.0,1,night,Friday,4,6,June,11,1,,0,431-5,4,6,1.0,0.5081967213114754,0.3934426229508196,Partly Cloudy,Cloudy,83.0,3,Calm,0,0,0,,1,-1.0,full_season_release,1,7.864419904994565,6889.0,-1.0,7.9636132017884025,-0.09919329679383715,2874.440144119376
20260606,2026-06-06,431,Gwinnett Stripers,International League,Gwinnett Field,Norfolk Tides,568,3723.0,1,night,Saturday,5,6,June,11,1,,0,431-5,5,6,1.0,0.5161290322580645,0.3870967741935484,Partly Cloudy,Cloudy,86.0,6,R To L,0,1,1,Drake Baldwin Bobblehead,1,0.0,full_season_release,1,8.222285073872717,7396.0,0.0,7.906865077534346,0.31541999633837126,2715.8630867832467
20260607,2026-06-07,431,Gwinnett Stripers,International League,Gwinnett Field,Norfolk Tides,568,2056.0,1,day,Sunday,6,6,June,11,1,,0,431-5,6,6,1.0,0.5079365079365079,0.3968253968253968,Overcast,Cloudy,82.0,6,R To L,0,0,0,,1,1.0,full_season_release,1,7.628517626575055,6724.0,1.0,7.780066763878007,-0.1515491373029514,2392.4345434134543
20260616,2026-06-16,431,Gwinnett Stripers,International League,Gwinnett Field,Louisville Bats,416,1162.0,1,night,Tuesday,1,6,June,12,0,,0,431-6,1,5,9.0,0.5072463768115942,0.5441176470588235,Drizzle,Precipitation,68.0,2,Varies,1,0,0,,1,-3.0,full_season_release,1,7.057897937411856,4624.0,-3.0,7.638048587613773,-0.5801506502019169,2075.6893359959654
20260617,2026-06-17,431,Gwinnett Stripers,International League,Gwinnett Field,Louisville Bats,416,1301.0,1,night,Wednesday,2,6,June,12,0,,0,431-6,2,5,1.0,0.5142857142857142,0.5362318840579711,Partly Cloudy,Cloudy,84.0,8,R To L,0,0,0,,1,-2.0,full_season_release,1,7.170888478512505,7056.0,-2.0,7.51867220120069,-0.34778372268818547,1842.119705127417
20260619,2026-06-19,431,Gwinnett Stripers,International League,Gwinnett Field,Louisville Bats,416,3004.0,2,night,Friday,4,6,June,13,1,,0,431-6,3,5,2.0,0.5138888888888888,0.5352112676056338,Partly Cloudy,Cloudy,80.0,6,R To L,0,0,0,,1,-1.0,full_season_release,1,8.007700012884026,6400.0,-1.0,7.984345099652949,0.023354913231076857,2934.654768597492
20260620,2026-06-20,431,Gwinnett Stripers,International League,Gwinnett Field,Louisville Bats,416,2953.0,1,night,Saturday,5,6,June,13,1,,0,431-6,4,5,1.0,0.5068493150684932,0.5416666666666666,Overcast,Cloudy,83.0,6,Out To LF,0,1,1,Atlanta Black Crackers Hat,1,0.0,full_season_release,1,7.990576881743923,6889.0,0.0,7.941357301130615,0.049219580613308445,2811.173529015834
20260621,2026-06-21,431,Gwinnett Stripers,International League,Gwinnett Field,Louisville Bats,416,2738.0,1,day,Sunday,6,6,June,13,1,Father's Day,1,431-6,5,5,1.0,0.5135135135135135,0.5342465753424658,Partly Cloudy,Cloudy,84.0,6,R To L,0,0,0,,1,1.0,full_season_release,1,7.914983005848394,7056.0,1.0,7.840839796744952,0.07414320910344241,2542.338985579207
20260707,2026-07-07,431,Gwinnett Stripers,International League,Gwinnett Field,Memphis Redbirds,235,1344.0,1,night,Tuesday,1,7,July,15,0,,0,431-7,1,6,14.0,0.4883720930232558,0.6022727272727273,Clear,Clear,90.0,8,Out To LF,0,0,0,,1,-3.0,full_season_release,1,7.203405521083095,8100.0,-3.0,7.4683948311192045,-0.2649893100361096,1751.792504747415
20260708,2026-07-08,431,Gwinnett Stripers,International League,Gwinnett Field,Memphis Redbirds,235,1327.0,1,night,Wednesday,2,7,July,15,0,,0,431-7,2,6,1.0,0.4827586206896552,0.6067415730337079,Partly Cloudy,Cloudy,90.0,9,Out To LF,0,0,0,,1,-2.0,full_season_release,1,7.190676034332207,8100.0,-2.0,7.444285639342062,-0.25360960500985463,1710.0632538054263
20260709,2026-07-09,431,Gwinnett Stripers,International League,Gwinnett Field,Memphis Redbirds,235,1822.0,1,night,Thursday,3,7,July,15,0,,0,431-7,3,6,1.0,0.4886363636363636,0.6,Cloudy,Cloudy,73.0,5,R To L,0,0,0,,1,-1.0,full_season_release,1,7.507690077819904,5329.0,-1.0,7.688942779130885,-0.18125270131098148,2184.0643028557456
20260710,2026-07-10,431,Gwinnett Stripers,International League,Gwinnett Field,Memphis Redbirds,235,3734.0,1,night,Friday,4,7,July,16,1,,0,431-7,4,6,1.0,0.4943820224719101,0.5934065934065934,Partly Cloudy,Cloudy,80.0,7,R To L,0,1,1,Stripers Toy Car,1,0.0,full_season_release,1,8.225235324101668,6400.0,0.0,7.977337955672108,0.24789736842955978,2914.1630979881816
20260711,2026-07-11,431,Gwinnett Stripers,International League,Gwinnett Field,Memphis Redbirds,235,5635.0,1,night,Saturday,5,7,July,16,1,,0,431-7,5,6,1.0,0.5,0.5869565217391305,Partly Cloudy,Cloudy,77.0,2,Varies,0,0,0,,1,1.0,full_season_release,1,8.636752426473876,5929.0,1.0,7.9652328052425885,0.6715196212312877,2879.099369335796
20260712,2026-07-12,431,Gwinnett Stripers,International League,Gwinnett Field,Memphis Redbirds,235,1591.0,1,day,Sunday,6,7,July,16,1,,0,431-7,6,6,1.0,0.5054945054945055,0.5806451612903226,Cloudy,Cloudy,88.0,8,Out To LF,0,0,0,,1,2.0,full_season_release,1,7.372118028337787,7744.0,2.0,7.707035525841005,-0.3349174975032181,2223.9396647449
20260721,2026-07-21,431,Gwinnett Stripers,International League,Gwinnett Field,Iowa Cubs,451,2200.0,1,night,Tuesday,1,7,July,17,0,,0,431-8,1,5,9.0,0.5052631578947369,0.4468085106382978,Partly Cloudy,Cloudy,91.0,8,R To L,0,0,0,,0,,full_season_release,1,7.696212639346407,8281.0,,7.473185928017011,0.22302671132939622,1760.2056503871315
20260722,2026-07-22,431,Gwinnett Stripers,International League,Gwinnett Field,Iowa Cubs,451,2023.0,1,night,Wednesday,2,7,July,17,0,,0,431-8,2,5,1.0,0.5104166666666666,0.4421052631578947,Cloudy,Cloudy,90.0,8,Out To RF,0,0,0,,0,,full_season_release,1,7.612336837167746,8100.0,,7.445768846771334,0.16656799039641168,1712.60151424604
20260723,2026-07-23,431,Gwinnett Stripers,International League,Gwinnett Field,Iowa Cubs,451,2041.0,1,night,Thursday,3,7,July,17,0,,0,431-8,3,5,1.0,0.5154639175257731,0.4375,Cloudy,Cloudy,82.0,5,R To L,0,0,0,,0,,full_season_release,1,7.621195162809845,6724.0,,7.656761943690045,-0.03556678088019982,2114.8981698749117
20260725,2026-07-25,431,Gwinnett Stripers,International League,Gwinnett Field,Iowa Cubs,451,4319.0,2,day,Saturday,5,7,July,18,1,,0,431-8,4,5,2.0,0.5252525252525253,0.4285714285714285,Cloudy,Cloudy,86.0,7,Out To LF,0,0,0,,0,,full_season_release,1,8.3707791729607,7396.0,,8.071365859848356,0.2994133131123444,3201.4716056686484
20260726,2026-07-26,431,Gwinnett Stripers,International League,Gwinnett Field,Iowa Cubs,451,1943.0,1,day,Sunday,6,7,July,18,1,,0,431-8,5,5,1.0,0.52,0.4343434343434343,Partly Cloudy,Cloudy,86.0,9,Out To LF,0,0,0,,0,,full_season_release,1,7.57198844937744,7396.0,,7.743403435561779,-0.17141498618433904,2306.308412916079
20260804,2026-08-04,431,Gwinnett Stripers,International League,Gwinnett Field,Jacksonville Jumbo Shrimp,564,899.0,1,night,Tuesday,1,8,August,19,0,,0,431-9,1,5,9.0,0.5185185185185185,0.5046728971962616,Partly Cloudy,Cloudy,77.0,4,L To R,0,0,0,,1,-3.0,full_season_release,1,6.80128303447162,5929.0,-3.0,7.600977550929222,-0.7996945164576017,2000.1501884131362
20260805,2026-08-05,431,Gwinnett Stripers,International League,Gwinnett Field,Jacksonville Jumbo Shrimp,564,632.0,1,night,Wednesday,2,8,August,19,0,,0,431-9,2,5,1.0,0.5137614678899083,0.5092592592592593,Cloudy,Cloudy,74.0,4,In From CF,0,0,0,,1,-2.0,full_season_release,1,6.448889394146858,5476.0,-2.0,7.565231456922038,-1.11634206277518,1929.915419647975
20260806,2026-08-06,431,Gwinnett Stripers,International League,Gwinnett Field,Jacksonville Jumbo Shrimp,564,1135.0,1,night,Thursday,3,8,August,19,0,,0,431-9,3,5,1.0,0.5181818181818182,0.5045871559633027,Partly Cloudy,Cloudy,86.0,4,Varies,0,0,0,,1,-1.0,full_season_release,1,7.034387929915503,7396.0,-1.0,7.612594731554479,-0.5782068016389754,2023.5217876245194
20260808,2026-08-08,431,Gwinnett Stripers,International League,Gwinnett Field,Jacksonville Jumbo Shrimp,564,5250.0,2,day,Saturday,5,8,August,20,1,,0,431-9,4,5,2.0,0.5178571428571429,0.5045045045045045,Partly Cloudy,Cloudy,90.0,3,Calm,0,1,1,Chris Sale Bobblehead,1,0.0,full_season_release,1,8.565983355585669,8100.0,0.0,8.014145578381942,0.5518377772037262,3023.4250141046173
20260809,2026-08-09,431,Gwinnett Stripers,International League,Gwinnett Field,Jacksonville Jumbo Shrimp,564,1565.0,1,day,Sunday,6,8,August,20,1,,0,431-9,5,5,1.0,0.5132743362831859,0.5089285714285714,Partly Cloudy,Cloudy,82.0,3,R To L,0,0,0,,1,1.0,full_season_release,1,7.355641102974253,6724.0,1.0,7.777708198391926,-0.4220670954176722,2386.798478997861
20260819,2026-08-19,431,Gwinnett Stripers,International League,Gwinnett Field,Durham Bulls,234,1091.0,2,night,Wednesday,2,8,August,21,0,,0,431-10,1,5,10.0,0.5041322314049587,0.4545454545454545,Clear,Clear,91.0,5,L To R,0,0,0,,1,-3.0,full_season_release,1,6.994849985833071,8281.0,-3.0,7.405769461373058,-0.41091947553998764,1645.450459660251
20260820,2026-08-20,431,Gwinnett Stripers,International League,Gwinnett Field,Durham Bulls,234,1205.0,1,night,Thursday,3,8,August,21,0,,0,431-10,2,5,1.0,0.5,0.4590163934426229,Clear,Clear,94.0,4,Out To RF,0,0,0,,1,-2.0,full_season_release,1,7.094234845924755,8836.0,-2.0,7.505544394650921,-0.411309548726166,1818.094756472066
20260821,2026-08-21,431,Gwinnett Stripers,International League,Gwinnett Field,Durham Bulls,234,2314.0,1,night,Friday,4,8,August,22,1,,0,431-10,3,5,1.0,0.4959349593495935,0.4634146341463415,Partly Cloudy,Cloudy,86.0,1,Out To LF,0,0,0,,1,-1.0,full_season_release,1,7.746732907753622,7396.0,-1.0,7.935721811841012,-0.18898890408739,2795.375746628356
20260822,2026-08-22,431,Gwinnett Stripers,International League,Gwinnett Field,Durham Bulls,234,4475.0,1,night,Saturday,5,8,August,22,1,,0,431-10,4,5,1.0,0.4919354838709677,0.4677419354838709,Partly Cloudy,Cloudy,91.0,8,Out To CF,0,1,1,Chopper the Groundhog Building Blocks,1,0.0,full_season_release,1,8.406261630708956,8281.0,0.0,7.842367208328411,0.5638944223805451,2546.22515072616
20260823,2026-08-23,431,Gwinnett Stripers,International League,Gwinnett Field,Durham Bulls,234,1754.0,1,day,Sunday,6,8,August,22,1,,0,431-10,5,5,1.0,0.496,0.464,Sunny,Clear,89.0,8,Out To LF,0,0,0,,1,1.0,full_season_release,1,7.469654172932128,7921.0,1.0,7.705524501434836,-0.23587032850270795,2220.5817751990458
20260327,2026-03-27,484,Indianapolis Indians,International League,Victory Field,St. Paul Saints,1960,8996.0,1,night,Friday,4,3,March,1,1,,0,484-1,1,3,1.0,0.0,1.0,Partly Cloudy,Cloudy,45.0,12,In From CF,0,0,0,,0,,full_season_release,1,9.104535313079205,2025.0,,8.782853351238503,0.32168196184070297,6521.458663134785
20260328,2026-03-28,484,Indianapolis Indians,International League,Victory Field,St. Paul Saints,1960,3431.0,1,day,Saturday,5,3,March,1,1,,0,484-1,2,3,1.0,0.0,1.0,Sunny,Clear,48.0,2,R To L,0,0,0,,0,,full_season_release,1,8.14060704285845,2304.0,,8.996257120533462,-0.855650077675012,8072.811749025588
20260329,2026-03-29,484,Indianapolis Indians,International League,Victory Field,St. Paul Saints,1960,4333.0,1,day,Sunday,6,3,March,1,1,,0,484-1,3,3,1.0,0.0,1.0,Sunny,Clear,54.0,2,Out To LF,0,0,0,,0,,full_season_release,1,8.374015421739909,2916.0,,8.785707833913593,-0.411692412173684,6540.100647858215
20260407,2026-04-07,484,Indianapolis Indians,International League,Victory Field,Louisville Bats,416,3001.0,1,night,Tuesday,1,4,April,2,0,,0,484-2,1,6,9.0,0.2,0.5,Clear,Clear,49.0,9,R To L,0,0,0,,1,-4.0,full_season_release,1,8.006700845440367,2401.0,-4.0,8.292983952042693,-0.28628310660232614,3995.739518338095
20260408,2026-04-08,484,Indianapolis Indians,International League,Victory Field,Louisville Bats,416,5971.0,1,day,Wednesday,2,4,April,2,0,,0,484-2,2,6,1.0,0.2727272727272727,0.4545454545454545,Sunny,Clear,48.0,9,R To L,0,0,0,,1,-3.0,full_season_release,1,8.694669696546992,2304.0,-3.0,8.382866322843629,0.31180337370336275,4371.521176570753
20260409,2026-04-09,484,Indianapolis Indians,International League,Victory Field,Louisville Bats,416,4415.0,1,night,Thursday,3,4,April,2,0,,0,484-2,3,6,1.0,0.25,0.5,Clear,Clear,75.0,8,L To R,0,0,0,,1,-2.0,full_season_release,1,8.392763113038061,5625.0,-2.0,8.629752831481271,-0.23698971844321015,5595.695002226174
20260410,2026-04-10,484,Indianapolis Indians,International League,Victory Field,Louisville Bats,416,4066.0,1,night,Friday,4,4,April,3,1,,0,484-2,4,6,1.0,0.2307692307692307,0.5384615384615384,Cloudy,Cloudy,62.0,5,L To R,0,0,0,,1,-1.0,full_season_release,1,8.310414994188292,3844.0,-1.0,8.883418020151638,-0.5730030259633452,7211.397360374525
20260411,2026-04-11,484,Indianapolis Indians,International League,Victory Field,Louisville Bats,416,5866.0,1,night,Saturday,5,4,April,3,1,,0,484-2,5,6,1.0,0.2142857142857142,0.5714285714285714,Partly Cloudy,Cloudy,64.0,5,Out To LF,0,1,1,Bubba Chandler Bobblehead presented by Hoosier Lottery,1,0.0,full_season_release,1,8.676928249537397,4096.0,0.0,8.878510101672546,-0.20158185213514912,7176.091120952291
20260412,2026-04-12,484,Indianapolis Indians,International League,Victory Field,Louisville Bats,416,5064.0,1,day,Sunday,6,4,April,3,1,,0,484-2,6,6,1.0,0.2666666666666666,0.5333333333333333,Sunny,Clear,78.0,13,Out To LF,0,0,0,,1,1.0,full_season_release,1,8.529911963824013,6084.0,1.0,8.73430252927718,-0.20439056545316703,6212.399724053423
20260421,2026-04-21,484,Indianapolis Indians,International League,Victory Field,St. Paul Saints,1960,5300.0,1,night,Tuesday,1,4,April,4,0,,0,484-3,1,6,9.0,0.3181818181818182,0.4285714285714285,Clear,Clear,75.0,11,Out To LF,0,0,0,,1,-4.0,full_season_release,1,8.575462099540212,5625.0,-4.0,8.542576720802495,0.03288537873771702,5128.5421721111115
20260422,2026-04-22,484,Indianapolis Indians,International League,Victory Field,St. Paul Saints,1960,3976.0,1,night,Wednesday,2,4,April,4,0,,0,484-3,2,6,1.0,0.3478260869565217,0.4090909090909091,Clear,Clear,79.0,12,Out To CF,0,0,0,,1,-3.0,full_season_release,1,8.288031567776464,6241.0,-3.0,8.48270267057271,-0.19467110279624578,4830.487487162168
20260423,2026-04-23,484,Indianapolis Indians,International League,Victory Field,St. Paul Saints,1960,9202.0,1,day,Thursday,3,4,April,4,0,,0,484-3,3,6,1.0,0.375,0.391304347826087,Sunny,Clear,70.0,6,Out To CF,0,0,0,,1,-2.0,full_season_release,1,9.127176130715414,4900.0,-2.0,8.773680848983485,0.353495281731929,6461.914072766312
20260424,2026-04-24,484,Indianapolis Indians,International League,Victory Field,St. Paul Saints,1960,5181.0,1,night,Friday,4,4,April,5,1,,0,484-3,4,6,1.0,0.4,0.375,Overcast,Cloudy,63.0,3,L To R,0,0,0,,1,-1.0,full_season_release,1,8.552753366814787,3969.0,-1.0,8.869702260179947,-0.31694889336515963,7113.162786043179
20260425,2026-04-25,484,Indianapolis Indians,International League,Victory Field,St. Paul Saints,1960,7271.0,1,day,Saturday,5,4,April,5,1,,0,484-3,5,6,1.0,0.3846153846153846,0.4,Partly Cloudy,Cloudy,70.0,7,L To R,0,1,1,Indians x IMS Flag presented by Indianapolis Motor Speedway,1,0.0,full_season_release,1,8.891649112650057,4900.0,0.0,9.055368743501473,-0.16371963085141594,8564.394756331669
20260426,2026-04-26,484,Indianapolis Indians,International League,Victory Field,St. Paul Saints,1960,6340.0,1,day,Sunday,6,4,April,5,1,,0,484-3,6,6,1.0,0.3703703703703703,0.4230769230769231,Sunny,Clear,61.0,4,In From RF,0,0,0,,1,1.0,full_season_release,1,8.754634047431272,3721.0,1.0,8.660743183419072,0.09389086401220048,5771.822591794557
20260506,2026-05-06,484,Indianapolis Indians,International League,Victory Field,Omaha Storm Chasers,541,4840.0,2,day,Wednesday,2,5,May,6,0,,0,484-4,1,4,10.0,0.3714285714285714,0.4411764705882353,Cloudy,Cloudy,57.0,6,L To R,0,0,0,,0,,full_season_release,1,8.484669999710677,3249.0,,8.722217780702392,-0.23754778099171503,6137.776246496832
20260507,2026-05-07,484,Indianapolis Indians,International League,Victory Field,Omaha Storm Chasers,541,13675.0,1,day,Thursday,3,5,May,6,0,,0,484-4,2,4,1.0,0.3888888888888889,0.4285714285714285,Sunny,Clear,50.0,6,L To R,0,0,0,,0,,full_season_release,1,9.523324627290181,2500.0,,8.744873408652591,0.7784512186375903,6278.418576065185
20260509,2026-05-09,484,Indianapolis Indians,International League,Victory Field,Omaha Storm Chasers,541,9391.0,2,night,Saturday,5,5,May,7,1,,0,484-4,3,4,2.0,0.3947368421052631,0.4324324324324324,Partly Cloudy,Cloudy,74.0,13,L To R,0,0,0,,0,,full_season_release,1,9.147507062804614,5476.0,,9.113914318260685,0.03359274454392924,9080.770440405528
20260510,2026-05-10,484,Indianapolis Indians,International League,Victory Field,Omaha Storm Chasers,541,5711.0,1,day,Sunday,6,5,May,7,1,Mother's Day,1,484-4,4,4,1.0,0.3846153846153846,0.4473684210526316,Sunny,Clear,66.0,6,L To R,0,0,0,,0,,full_season_release,1,8.650149418664864,4356.0,,9.003755489169253,-0.3536060705043891,8133.572184829801
20260525,2026-05-25,484,Indianapolis Indians,International League,Victory Field,Iowa Cubs,451,7156.0,1,night,Monday,0,5,May,9,0,Memorial Day,1,484-5,1,6,14.0,0.4038461538461538,0.4313725490196078,Partly Cloudy,Cloudy,80.0,2,Calm,0,0,0,,1,-4.0,full_season_release,1,8.87570644462861,6400.0,-4.0,8.875706444613455,1.5155876553762937e-11,7155.999999891549
20260527,2026-05-27,484,Indianapolis Indians,International League,Victory Field,Iowa Cubs,451,6788.0,1,night,Wednesday,2,5,May,9,0,,0,484-5,2,6,2.0,0.3962264150943396,0.4423076923076923,Partly Cloudy,Cloudy,75.0,7,Out To LF,0,0,0,,1,-3.0,full_season_release,1,8.822911626354117,5625.0,-3.0,8.691279927671449,0.13163169868266777,5950.793956301323
20260528,2026-05-28,484,Indianapolis Indians,International League,Victory Field,Iowa Cubs,451,6742.0,1,night,Thursday,3,5,May,9,0,,0,484-5,3,6,1.0,0.4074074074074074,0.4339622641509434,Partly Cloudy,Cloudy,82.0,9,Out To CF,0,0,0,,1,-2.0,full_season_release,1,8.816111895794005,6724.0,-2.0,8.78062580498992,0.035486090804084824,6506.94797996349
20260529,2026-05-29,484,Indianapolis Indians,International League,Victory Field,Iowa Cubs,451,9621.0,1,night,Friday,4,5,May,10,1,,0,484-5,4,6,1.0,0.4,0.4444444444444444,Clear,Clear,81.0,2,R To L,0,0,0,,1,-1.0,full_season_release,1,9.171703488361265,6561.0,-1.0,9.097945390798237,0.07375809756302765,8936.911965771944
20260530,2026-05-30,484,Indianapolis Indians,International League,Victory Field,Iowa Cubs,451,8992.0,1,night,Saturday,5,5,May,10,1,,0,484-5,5,6,1.0,0.4107142857142857,0.4363636363636363,Partly Cloudy,Cloudy,82.0,10,Out To LF,0,1,1,Rowdie Bobblehead,1,0.0,full_season_release,1,9.104090572133472,6724.0,0.0,9.06367095531387,0.0404196168196016,8635.794151986676
20260531,2026-05-31,484,Indianapolis Indians,International League,Victory Field,Iowa Cubs,451,9059.0,1,day,Sunday,6,5,May,10,1,,0,484-5,6,6,1.0,0.4210526315789473,0.4285714285714285,Partly Cloudy,Cloudy,74.0,2,Varies,0,0,0,,1,1.0,full_season_release,1,9.111514017669288,5476.0,1.0,8.929335700289956,0.1821783173793321,7550.248082329713
20260609,2026-06-09,484,Indianapolis Indians,International League,Victory Field,Columbus Clippers,445,7149.0,1,night,Tuesday,1,6,June,11,0,,0,484-6,1,6,9.0,0.390625,0.5714285714285714,Partly Cloudy,Cloudy,88.0,10,Out To CF,0,0,0,,1,-4.0,full_season_release,1,8.874727765766853,7744.0,-4.0,8.759045838826408,0.11568192694044477,6368.032548855523
20260610,2026-06-10,484,Indianapolis Indians,International League,Victory Field,Columbus Clippers,445,9712.0,1,day,Wednesday,2,6,June,11,0,,0,484-6,2,6,1.0,0.4,0.5625,Cloudy,Cloudy,84.0,10,Out To CF,0,0,0,,1,-3.0,full_season_release,1,9.181117513299279,7056.0,-3.0,8.927024573661173,0.254092939638106,7532.818651501574
20260611,2026-06-11,484,Indianapolis Indians,International League,Victory Field,Columbus Clippers,445,6200.0,1,night,Thursday,3,6,June,11,0,,0,484-6,3,6,1.0,0.4090909090909091,0.5538461538461539,Partly Cloudy,Cloudy,92.0,9,Out To LF,0,0,0,,1,-2.0,full_season_release,1,8.732304571033183,8464.0,-2.0,8.774073041021248,-0.041768469988065604,6464.448881047682
20260612,2026-06-12,484,Indianapolis Indians,International League,Victory Field,Columbus Clippers,445,9739.0,1,night,Friday,4,6,June,12,1,,0,484-6,4,6,1.0,0.417910447761194,0.5454545454545454,Clear,Clear,81.0,9,L To R,0,0,0,,1,-1.0,full_season_release,1,9.1838937219612,6561.0,-1.0,9.212806754789646,-0.028913032828446816,10024.694268376168
20260613,2026-06-13,484,Indianapolis Indians,International League,Victory Field,Columbus Clippers,445,8740.0,1,night,Saturday,5,6,June,12,1,,0,484-6,5,6,1.0,0.4117647058823529,0.5522388059701493,Partly Cloudy,Cloudy,78.0,7,Out To LF,0,1,1,TBA Prospect Bobblehead presented by Hoosier Lottery,1,0.0,full_season_release,1,9.07566546864958,6084.0,0.0,9.204984983049329,-0.12931951439974831,9946.589256037321
20260614,2026-06-14,484,Indianapolis Indians,International League,Victory Field,Columbus Clippers,445,7706.0,1,day,Sunday,6,6,June,12,1,,0,484-6,6,6,1.0,0.4057971014492754,0.5588235294117647,Overcast,Cloudy,73.0,6,L To R,0,0,0,,1,1.0,full_season_release,1,8.949754525186103,5329.0,1.0,9.049045559030187,-0.099291033844084,8510.41136175016
20260623,2026-06-23,484,Indianapolis Indians,International League,Victory Field,Scranton/Wilkes-Barre RailRiders,531,9706.0,1,night,Tuesday,1,6,June,13,0,,0,484-7,1,6,9.0,0.4078947368421052,0.5066666666666667,Clear,Clear,78.0,11,L To R,0,0,0,,1,-4.0,full_season_release,1,9.18049952996516,6084.0,-4.0,8.845808807802744,0.33469072216241713,6945.219136363455
20260624,2026-06-24,484,Indianapolis Indians,International League,Victory Field,Scranton/Wilkes-Barre RailRiders,531,9137.0,1,day,Wednesday,2,6,June,13,0,,0,484-7,2,6,1.0,0.4155844155844156,0.5,Partly Cloudy,Cloudy,76.0,4,R To L,0,0,0,,1,-3.0,full_season_release,1,9.120087382998621,5776.0,-3.0,8.974791142346234,0.145296240652387,7901.367639108268
20260625,2026-06-25,484,Indianapolis Indians,International League,Victory Field,Scranton/Wilkes-Barre RailRiders,531,7523.0,1,night,Thursday,3,6,June,13,0,,0,484-7,3,6,1.0,0.4102564102564102,0.5064935064935064,Partly Cloudy,Cloudy,82.0,9,L To R,0,0,0,,1,-2.0,full_season_release,1,8.925720273560222,6724.0,-2.0,8.899247767364272,0.026472506195949208,7326.460263268551
20260626,2026-06-26,484,Indianapolis Indians,International League,Victory Field,Scranton/Wilkes-Barre RailRiders,531,8437.0,1,night,Friday,4,6,June,14,1,,0,484-7,4,6,1.0,0.4050632911392405,0.5128205128205128,Overcast,Cloudy,71.0,4,Out To LF,0,0,0,,1,-1.0,full_season_release,1,9.040382074165628,5041.0,-1.0,9.24022211423434,-0.1998400400687128,10303.326819323747
20260627,2026-06-27,484,Indianapolis Indians,International League,Victory Field,Scranton/Wilkes-Barre RailRiders,531,10324.0,1,night,Saturday,5,6,June,14,1,,0,484-7,5,6,1.0,0.4125,0.5063291139240507,Cloudy,Cloudy,77.0,2,R To L,0,1,1,Hogwarts Hat,1,0.0,full_season_release,1,9.242226560838505,5929.0,0.0,9.210378081096245,0.03184847974226024,10000.377098310599
20260628,2026-06-28,484,Indianapolis Indians,International League,Victory Field,Scranton/Wilkes-Barre RailRiders,531,6548.0,1,day,Sunday,6,6,June,14,1,,0,484-7,6,6,1.0,0.419753086419753,0.5,Partly Cloudy,Cloudy,82.0,2,Out To CF,0,0,0,,1,1.0,full_season_release,1,8.786914938491025,6724.0,1.0,9.015128126843969,-0.22821318835294413,8226.600339374443
20260707,2026-07-07,484,Indianapolis Indians,International League,Victory Field,Toledo Mud Hens,512,8200.0,1,night,Tuesday,1,7,July,15,0,,0,484-8,1,6,9.0,0.4431818181818182,0.4827586206896552,Partly Cloudy,Cloudy,85.0,2,Calm,0,0,0,,1,-4.0,full_season_release,1,9.011889433252344,7225.0,-4.0,8.785804083550929,0.2260853497014157,6540.730160468405
20260708,2026-07-08,484,Indianapolis Indians,International League,Victory Field,Toledo Mud Hens,512,7453.0,1,night,Wednesday,2,7,July,15,0,,0,484-8,2,6,1.0,0.4382022471910112,0.4886363636363636,Partly Cloudy,Cloudy,85.0,4,L To R,0,0,0,,1,-3.0,full_season_release,1,8.916371914881694,7225.0,-3.0,8.744240886704965,0.17213102817672876,6274.448594202132
20260709,2026-07-09,484,Indianapolis Indians,International League,Victory Field,Toledo Mud Hens,512,8124.0,1,night,Thursday,3,7,July,15,0,,0,484-8,3,6,1.0,0.4444444444444444,0.4831460674157303,Partly Cloudy,Cloudy,86.0,9,L To R,0,0,0,,1,-2.0,full_season_release,1,9.002577922700276,7396.0,-2.0,8.852470182153857,0.15010774054641907,6991.638276967834
20260710,2026-07-10,484,Indianapolis Indians,International League,Victory Field,Toledo Mud Hens,512,8472.0,1,night,Friday,4,7,July,16,1,,0,484-8,4,6,1.0,0.4505494505494505,0.4777777777777778,Cloudy,Cloudy,85.0,7,Out To CF,0,0,0,,1,-1.0,full_season_release,1,9.044521887281242,7225.0,-1.0,9.171641076104859,-0.12711918882361672,9620.399550419019
20260711,2026-07-11,484,Indianapolis Indians,International League,Victory Field,Toledo Mud Hens,512,12719.0,1,night,Saturday,5,7,July,16,1,,0,484-8,5,6,1.0,0.4456521739130434,0.4835164835164835,Overcast,Cloudy,78.0,6,L To R,0,1,1,Victory Field Replica,1,0.0,full_season_release,1,9.450852217451484,6084.0,0.0,9.19856241643378,0.25228980101770304,9882.911330690999
20260712,2026-07-12,484,Indianapolis Indians,International League,Victory Field,Toledo Mud Hens,512,7194.0,1,day,Sunday,6,7,July,16,1,,0,484-8,6,6,1.0,0.4516129032258064,0.4782608695652174,Partly Cloudy,Cloudy,84.0,10,Calm,0,0,0,,1,1.0,full_season_release,1,8.881002624255569,7056.0,1.0,8.989785138388205,-0.10878251413263662,8020.733362499629
20260721,2026-07-21,484,Indianapolis Indians,International League,Victory Field,Lehigh Valley IronPigs,1410,7777.0,1,night,Tuesday,1,7,July,17,0,,0,484-9,1,6,9.0,0.4742268041237113,0.4639175257731959,Partly Cloudy,Cloudy,88.0,13,L To R,0,0,0,,1,-4.0,full_season_release,1,8.958925938694943,7744.0,-4.0,8.745345527658362,0.2135804110365811,6281.38343662957
20260722,2026-07-22,484,Indianapolis Indians,International League,Victory Field,Lehigh Valley IronPigs,1410,7612.0,1,day,Wednesday,2,7,July,17,0,,0,484-9,2,6,1.0,0.4795918367346938,0.4591836734693877,Partly Cloudy,Cloudy,73.0,10,L To R,0,0,0,,1,-3.0,full_season_release,1,8.93748122841604,5329.0,-3.0,8.965059684380732,-0.027578455964691884,7824.848736170904
20260723,2026-07-23,484,Indianapolis Indians,International League,Victory Field,Lehigh Valley IronPigs,1410,8457.0,1,night,Thursday,3,7,July,17,0,,0,484-9,3,6,1.0,0.4747474747474747,0.4646464646464646,Partly Cloudy,Cloudy,78.0,7,Out To LF,0,0,0,,1,-2.0,full_season_release,1,9.042749779782222,6084.0,-2.0,8.910433081393888,0.13231669838833326,7408.869046913611
20260724,2026-07-24,484,Indianapolis Indians,International League,Victory Field,Lehigh Valley IronPigs,1410,11279.0,1,night,Friday,4,7,July,18,1,,0,484-9,4,6,1.0,0.47,0.47,Cloudy,Cloudy,78.0,2,In From CF,0,0,0,,1,-1.0,full_season_release,1,9.330697868639916,6084.0,-1.0,9.220109629388816,0.11058823925110062,10098.171323817935
20260725,2026-07-25,484,Indianapolis Indians,International League,Victory Field,Lehigh Valley IronPigs,1410,9727.0,1,night,Saturday,5,7,July,18,1,,0,484-9,5,6,1.0,0.4752475247524752,0.4653465346534653,Overcast,Cloudy,75.0,8,Out To LF,0,1,1,Spiderman Hat,1,0.0,full_season_release,1,9.18266080286944,5625.0,0.0,9.202564176196038,-0.019903373326597418,9922.539606122962
20260726,2026-07-26,484,Indianapolis Indians,International League,Victory Field,Lehigh Valley IronPigs,1410,6934.0,1,day,Sunday,6,7,July,18,1,,0,484-9,6,6,1.0,0.4705882352941176,0.4705882352941176,Partly Cloudy,Cloudy,83.0,2,Out To CF,0,0,0,,1,1.0,full_season_release,1,8.844192126244968,6889.0,1.0,8.995915293219126,-0.15172316697415766,8070.052713050067
20260804,2026-08-04,484,Indianapolis Indians,International League,Victory Field,Iowa Cubs,451,6936.0,1,night,Tuesday,1,8,August,19,0,,0,484-10,1,6,9.0,0.4862385321100917,0.4056603773584906,Clear,Clear,85.0,5,Out To LF,0,0,0,,1,-4.0,full_season_release,1,8.844480518460378,7225.0,-4.0,8.778637537356232,0.06584298110414544,6494.02327904093
20260805,2026-08-05,484,Indianapolis Indians,International League,Victory Field,Iowa Cubs,451,5821.0,1,day,Wednesday,2,8,August,19,0,,0,484-10,2,6,1.0,0.4818181818181818,0.411214953271028,Partly Cloudy,Cloudy,81.0,1,L To R,0,0,0,,1,-3.0,full_season_release,1,8.669227347271736,6561.0,-3.0,8.937619482241685,-0.2683921349699485,7613.0524608725
20260806,2026-08-06,484,Indianapolis Indians,International League,Victory Field,Iowa Cubs,451,5562.0,1,night,Thursday,3,8,August,19,0,,0,484-10,3,6,1.0,0.4864864864864865,0.4074074074074074,Partly Cloudy,Cloudy,83.0,3,Calm,0,0,0,,1,-2.0,full_season_release,1,8.62371303479391,6889.0,-2.0,8.875699724865905,-0.2519866900719947,7155.95191353965
20260807,2026-08-07,484,Indianapolis Indians,International League,Victory Field,Iowa Cubs,451,10429.0,1,night,Friday,4,8,August,20,1,,0,484-10,4,6,1.0,0.4821428571428571,0.4128440366972477,Partly Cloudy,Cloudy,86.0,9,Out To LF,0,0,0,,1,-1.0,full_season_release,1,9.252345666121213,7396.0,-1.0,9.155032244178358,0.09731342194285553,9461.935544955031
20260808,2026-08-08,484,Indianapolis Indians,International League,Victory Field,Iowa Cubs,451,9026.0,1,night,Saturday,5,8,August,20,1,,0,484-10,5,6,1.0,0.4867256637168141,0.4090909090909091,Clear,Clear,86.0,4,Out To CF,0,1,1,8-Bit Rowdie Hat,1,0.0,full_season_release,1,9.107864580386947,7396.0,0.0,9.12904476848118,-0.021180188094232832,9219.211280536774
20260809,2026-08-09,484,Indianapolis Indians,International League,Victory Field,Iowa Cubs,451,6314.0,1,day,Sunday,6,8,August,20,1,,0,484-10,6,6,1.0,0.4912280701754385,0.4054054054054054,Sunny,Clear,86.0,3,R To L,0,0,0,,1,1.0,full_season_release,1,8.750524669117937,7396.0,1.0,8.961976458881436,-0.21145178976349932,7800.760117423949
20260818,2026-08-18,484,Indianapolis Indians,International League,Victory Field,Louisville Bats,416,5724.0,1,night,Tuesday,1,8,August,21,0,,0,484-11,1,12,9.0,0.4876033057851239,0.4621848739495798,Clear,Clear,82.0,6,L To R,0,0,0,,1,-4.0,full_season_release,1,8.652423140676342,6724.0,-4.0,8.803762118184157,-0.15133897750781422,6659.249824219847
20260819,2026-08-19,484,Indianapolis Indians,International League,Victory Field,Louisville Bats,416,4939.0,1,night,Wednesday,2,8,August,21,0,,0,484-11,2,12,1.0,0.4918032786885246,0.4583333333333333,Partly Cloudy,Cloudy,80.0,3,Out To LF,0,0,0,,1,-3.0,full_season_release,1,8.504918160540624,6400.0,-3.0,8.774791788015234,-0.26987362747460963,6469.096854407056
20260820,2026-08-20,484,Indianapolis Indians,International League,Victory Field,Louisville Bats,416,5369.0,1,night,Thursday,3,8,August,21,0,,0,484-11,3,12,1.0,0.4878048780487805,0.4628099173553719,Partly Cloudy,Cloudy,80.0,3,In From LF,0,0,0,,1,-2.0,full_season_release,1,8.58839695042257,6400.0,-2.0,8.895439648031083,-0.3070426976085123,7298.61328425826
20260821,2026-08-21,484,Indianapolis Indians,International League,Victory Field,Louisville Bats,416,8316.0,1,night,Friday,4,8,August,22,1,,0,484-11,4,12,1.0,0.4919354838709677,0.4590163934426229,Partly Cloudy,Cloudy,84.0,9,L To R,0,0,0,,1,-1.0,full_season_release,1,9.025936648977904,7056.0,-1.0,9.172603419032828,-0.14666677005492446,9629.662130064775
20260822,2026-08-22,484,Indianapolis Indians,International League,Victory Field,Louisville Bats,416,8467.0,1,night,Saturday,5,8,August,22,1,,0,484-11,5,12,1.0,0.488,0.4634146341463415,Partly Cloudy,Cloudy,79.0,9,In From LF,0,1,1,ABCs Tote Bag,1,0.0,full_season_release,1,9.043931533642278,6241.0,0.0,9.184663339763933,-0.14073180612165537,9746.498192782044
20260823,2026-08-23,484,Indianapolis Indians,International League,Victory Field,Louisville Bats,416,7793.0,1,day,Sunday,6,8,August,22,1,,0,484-11,6,12,1.0,0.492063492063492,0.4596774193548387,Sunny,Clear,77.0,2,Out To RF,0,0,0,,1,1.0,full_season_release,1,8.96098117384356,5929.0,1.0,9.026075690769488,-0.06509451692592805,8317.156351927579
20260825,2026-08-25,484,Indianapolis Indians,International League,Victory Field,Columbus Clippers,445,7245.0,1,night,Tuesday,1,8,August,22,0,,0,484-11,7,12,2.0,0.4960629921259842,0.532258064516129,Clear,Clear,83.0,5,Out To LF,0,0,0,,1,2.0,full_season_release,1,8.888066854754783,6889.0,2.0,8.764114036264738,0.12395281849004469,6400.388920085256
20260826,2026-08-26,484,Indianapolis Indians,International League,Victory Field,Columbus Clippers,445,6662.0,1,day,Wednesday,2,8,August,22,0,,0,484-11,8,12,1.0,0.5,0.528,Cloudy,Cloudy,80.0,7,In From RF,0,0,0,,1,3.0,full_season_release,1,8.804175018753625,6400.0,3.0,8.884989247404624,-0.08081422865099874,7222.737010690166
20260827,2026-08-27,484,Indianapolis Indians,International League,Victory Field,Columbus Clippers,445,6087.0,1,night,Thursday,3,8,August,22,0,,0,484-11,9,12,1.0,0.5038759689922481,0.5238095238095238,Partly Cloudy,Cloudy,83.0,8,Calm,0,0,0,,1,-2.0,full_season_release,1,8.713910628493924,6889.0,-2.0,8.816758515422972,-0.10284788692904812,6746.360919314555
20260828,2026-08-28,484,Indianapolis Indians,International League,Victory Field,Columbus Clippers,445,9855.0,1,night,Friday,4,8,August,23,1,,0,484-11,10,12,1.0,0.5,0.5275590551181102,Clear,Clear,83.0,6,Calm,0,0,0,,1,-1.0,full_season_release,1,9.19573421958682,6889.0,-1.0,9.12634321539638,0.06939100419043953,9194.338704282452
20260829,2026-08-29,484,Indianapolis Indians,International League,Victory Field,Columbus Clippers,445,10114.0,1,night,Saturday,5,8,August,23,1,,0,484-11,11,12,1.0,0.4961832061068702,0.53125,Partly Cloudy,Cloudy,84.0,5,Out To LF,0,1,1,Rowdie WWE Bobblehead,1,0.0,full_season_release,1,9.221675881639928,7056.0,0.0,9.092367136260048,0.12930874537988046,8887.198382463408
20260830,2026-08-30,484,Indianapolis Indians,International League,Victory Field,Columbus Clippers,445,9245.0,1,day,Sunday,6,8,August,23,1,,0,484-11,12,12,1.0,0.4924242424242424,0.5348837209302325,Cloudy,Cloudy,83.0,2,Out To CF,0,0,0,,1,1.0,full_season_release,1,9.131838143821225,6889.0,1.0,8.935658240435993,0.19617990338523228,7598.136056236786
20260327,2026-03-27,451,Iowa Cubs,International League,Principal Park,Columbus Clippers,445,3243.0,1,night,Friday,4,3,March,1,1,,0,451-1,1,3,1.0,1.0,0.0,Clear,Clear,49.0,23,L To R,0,0,0,,0,,full_season_release,1,8.084254106307318,2401.0,,8.32226338069529,-0.23800927438797181,4114.46207127178
20260328,2026-03-28,451,Iowa Cubs,International League,Principal Park,Columbus Clippers,445,2953.0,1,day,Saturday,5,3,March,1,1,,0,451-1,2,3,1.0,0.5,0.5,Sunny,Clear,51.0,15,Out To LF,0,0,0,,0,,full_season_release,1,7.990576881743923,2601.0,,8.57393156463915,-0.5833546828952265,5291.8943695818
20260329,2026-03-29,451,Iowa Cubs,International League,Principal Park,Columbus Clippers,445,3882.0,1,day,Sunday,6,3,March,1,1,,0,451-1,3,3,1.0,0.3333333333333333,0.6666666666666666,Partly Cloudy,Cloudy,64.0,14,Out To LF,0,0,0,,0,,full_season_release,1,8.264105763728956,4096.0,,8.451641409743862,-0.18753564601490602,4682.752746751456
20260407,2026-04-07,451,Iowa Cubs,International League,Principal Park,Omaha Storm Chasers,541,2319.0,1,night,Tuesday,1,4,April,2,0,,0,451-2,1,5,9.0,0.6,0.5,Overcast,Cloudy,44.0,14,Out To LF,0,0,0,,0,,full_season_release,1,7.7488913372555315,1936.0,,7.682416509573389,0.06647482768214275,2169.8569215115094
20260408,2026-04-08,451,Iowa Cubs,International League,Principal Park,Omaha Storm Chasers,541,2688.0,1,day,Wednesday,2,4,April,2,0,,0,451-2,2,5,1.0,0.6363636363636364,0.4545454545454545,Partly Cloudy,Cloudy,64.0,26,Out To LF,0,0,0,,0,,full_season_release,1,7.89655270164304,4096.0,,8.152134102075525,-0.2555814004324848,3470.7781623372057
20260410,2026-04-10,451,Iowa Cubs,International League,Principal Park,Omaha Storm Chasers,541,3145.0,2,night,Friday,4,4,April,3,1,,0,451-2,3,5,2.0,0.5384615384615384,0.5384615384615384,Partly Cloudy,Cloudy,51.0,6,In From RF,0,0,0,,0,,full_season_release,1,8.05356916913454,2601.0,,8.247879202549028,-0.19431003341448694,3819.516804185464
20260411,2026-04-11,451,Iowa Cubs,International League,Principal Park,Omaha Storm Chasers,541,2555.0,1,day,Saturday,5,4,April,3,1,,0,451-2,4,5,1.0,0.5714285714285714,0.5,Overcast,Cloudy,54.0,14,R To L,0,0,0,,0,,full_season_release,1,7.845807502637805,2916.0,,8.444098350175373,-0.5982908475375686,4647.563348551239
20260421,2026-04-21,451,Iowa Cubs,International League,Principal Park,Louisville Bats,416,2807.0,1,night,Tuesday,1,4,April,4,0,,0,451-3,1,6,10.0,0.5238095238095238,0.5909090909090909,Partly Cloudy,Cloudy,84.0,10,Out To CF,0,0,0,,0,,full_season_release,1,7.939871576361883,7056.0,,8.028254567658749,-0.08838299129686611,3066.384832373259
20260422,2026-04-22,451,Iowa Cubs,International League,Principal Park,Louisville Bats,416,3275.0,1,day,Wednesday,2,4,April,4,0,,0,451-3,2,6,1.0,0.5454545454545454,0.5652173913043478,Partly Cloudy,Cloudy,68.0,9,Out To LF,0,0,0,,0,,full_season_release,1,8.094073148069352,4624.0,,8.190593108083995,-0.09651996001464269,3606.8608705232296
20260423,2026-04-23,451,Iowa Cubs,International League,Principal Park,Louisville Bats,416,3007.0,1,day,Thursday,3,4,April,4,0,,0,451-3,3,6,1.0,0.5217391304347826,0.5833333333333334,Overcast,Cloudy,67.0,16,Out To LF,0,0,0,,0,,full_season_release,1,8.008698182988528,4489.0,,8.308881998429122,-0.3001838154405938,4059.771614507253
20260424,2026-04-24,451,Iowa Cubs,International League,Principal Park,Louisville Bats,416,4869.0,1,night,Friday,4,4,April,5,1,,0,451-3,4,6,1.0,0.5,0.6,Clear,Clear,64.0,8,In From LF,0,0,0,,0,,full_season_release,1,8.4906438561827,4096.0,,8.434038172223138,0.056605683959562114,4601.042430928997
20260425,2026-04-25,451,Iowa Cubs,International League,Principal Park,Louisville Bats,416,4230.0,1,day,Saturday,5,4,April,5,1,,0,451-3,5,6,1.0,0.52,0.5769230769230769,Partly Cloudy,Cloudy,71.0,9,In From RF,0,0,0,,0,,full_season_release,1,8.349957272040324,5041.0,,8.608973922582488,-0.25901665054216316,5480.622248994764
20260426,2026-04-26,451,Iowa Cubs,International League,Principal Park,Louisville Bats,416,4046.0,1,day,Sunday,6,4,April,5,1,,0,451-3,6,6,1.0,0.5,0.5925925925925926,Cloudy,Cloudy,57.0,13,In From RF,0,0,0,,0,,full_season_release,1,8.305484017727691,3249.0,,8.160999572297552,0.14448444543013927,3501.6850423639885
20260505,2026-05-05,451,Iowa Cubs,International League,Principal Park,Columbus Clippers,445,2805.0,1,night,Tuesday,1,5,May,6,0,,0,451-4,1,6,9.0,0.4545454545454545,0.5294117647058824,Cloudy,Cloudy,58.0,22,L To R,0,0,0,,0,,full_season_release,1,7.9391588179567965,3364.0,,8.199322592463837,-0.2601637745070402,3638.484735348177
20260506,2026-05-06,451,Iowa Cubs,International League,Principal Park,Columbus Clippers,445,3678.0,1,day,Wednesday,2,5,May,6,0,,0,451-4,2,6,1.0,0.4705882352941176,0.5142857142857142,Cloudy,Cloudy,52.0,14,L To R,0,0,0,,0,,full_season_release,1,8.210124405164267,2704.0,,8.220738206005208,-0.010613800840941323,3717.2454628310397
20260507,2026-05-07,451,Iowa Cubs,International League,Principal Park,Columbus Clippers,445,5012.0,1,day,Thursday,3,5,May,6,0,,0,451-4,3,6,1.0,0.4571428571428571,0.5277777777777778,Cloudy,Cloudy,52.0,5,Varies,0,0,0,,0,,full_season_release,1,8.51959031601596,2704.0,,8.342705421427825,0.1768848945881345,4199.435629978407
20260508,2026-05-08,451,Iowa Cubs,International League,Principal Park,Columbus Clippers,445,5086.0,1,night,Friday,4,5,May,7,1,,0,451-4,4,6,1.0,0.4722222222222222,0.5135135135135135,Partly Cloudy,Cloudy,75.0,14,Out To RF,0,0,0,,0,,full_season_release,1,8.534246945982066,5625.0,,8.689482313343541,-0.1552353673614757,5940.1063328136215
20260509,2026-05-09,451,Iowa Cubs,International League,Principal Park,Columbus Clippers,445,5339.0,1,day,Saturday,5,5,May,7,1,,0,451-4,5,6,1.0,0.4864864864864865,0.5,Cloudy,Cloudy,73.0,17,L To R,0,0,0,,0,,full_season_release,1,8.582793648500186,5329.0,,8.829024008472988,-0.2462303599728024,6829.617912540548
20260510,2026-05-10,451,Iowa Cubs,International League,Principal Park,Columbus Clippers,445,4467.0,1,day,Sunday,6,5,May,7,1,Mother's Day,1,451-4,6,6,1.0,0.4736842105263157,0.5128205128205128,Partly Cloudy,Cloudy,62.0,6,L To R,0,0,0,,0,,full_season_release,1,8.404472321352118,3844.0,,8.516195260793907,-0.11172293944178868,4995.012835724202
20260519,2026-05-19,451,Iowa Cubs,International League,Principal Park,Memphis Redbirds,235,4024.0,1,night,Tuesday,1,5,May,8,0,,0,451-5,1,6,9.0,0.4,0.6086956521739131,Overcast,Cloudy,54.0,12,L To R,0,0,0,,0,,full_season_release,1,8.300031711779575,2916.0,,8.142958239545013,0.15707347223456125,3439.076446768406
20260520,2026-05-20,451,Iowa Cubs,International League,Principal Park,Memphis Redbirds,235,5349.0,1,day,Wednesday,2,5,May,8,0,,0,451-5,2,6,1.0,0.4130434782608695,0.5957446808510638,Partly Cloudy,Cloudy,58.0,10,In From LF,0,0,0,,0,,full_season_release,1,8.58466490653125,3364.0,,8.327578339955359,0.25708656657589124,4136.388486944493
20260521,2026-05-21,451,Iowa Cubs,International League,Principal Park,Memphis Redbirds,235,5634.0,1,day,Thursday,3,5,May,8,0,,0,451-5,3,6,1.0,0.4042553191489361,0.6041666666666666,Overcast,Cloudy,55.0,12,In From RF,0,0,0,,0,,full_season_release,1,8.636574948436317,3025.0,,8.403081544295011,0.23349340414130637,4460.7917170553455
20260522,2026-05-22,451,Iowa Cubs,International League,Principal Park,Memphis Redbirds,235,6124.0,1,night,Friday,4,5,May,9,1,,0,451-5,4,6,1.0,0.3958333333333333,0.6122448979591837,Partly Cloudy,Cloudy,67.0,14,R To L,0,0,0,,0,,full_season_release,1,8.719970756777574,4489.0,,8.682018245976424,0.037952510801149586,5895.9340365533535
20260523,2026-05-23,451,Iowa Cubs,International League,Principal Park,Memphis Redbirds,235,5239.0,1,night,Saturday,5,5,May,9,1,,0,451-5,5,6,1.0,0.4081632653061224,0.6,Cloudy,Cloudy,71.0,8,L To R,0,0,0,,0,,full_season_release,1,8.56388591940822,5041.0,,8.6708063755374,-0.10692045612917944,5830.198784193253
20260524,2026-05-24,451,Iowa Cubs,International League,Principal Park,Memphis Redbirds,235,6235.0,1,day,Sunday,6,5,May,9,1,,0,451-5,6,6,1.0,0.42,0.5882352941176471,Sunny,Clear,76.0,10,Out To RF,0,0,0,,0,,full_season_release,1,8.737933858114136,5776.0,,8.502138490468775,0.2357953676453608,4925.290272602031
20260602,2026-06-02,451,Iowa Cubs,International League,Principal Park,Toledo Mud Hens,512,5120.0,1,night,Tuesday,1,6,June,10,0,,0,451-6,1,5,9.0,0.4210526315789473,0.4655172413793103,Partly Cloudy,Cloudy,80.0,9,Out To LF,0,0,0,,0,,full_season_release,1,8.540909718033554,6400.0,,8.41661982220474,0.124289895828813,4521.593804121474
20260603,2026-06-03,451,Iowa Cubs,International League,Principal Park,Toledo Mud Hens,512,4973.0,1,day,Wednesday,2,6,June,10,0,,0,451-6,2,5,1.0,0.4137931034482758,0.4745762711864407,Cloudy,Cloudy,79.0,10,Out To LF,0,0,0,,0,,full_season_release,1,8.511778558714738,6241.0,,8.546604070349762,-0.03482551163502379,5149.23825130528
20260605,2026-06-05,451,Iowa Cubs,International League,Principal Park,Toledo Mud Hens,512,10876.0,1,night,Friday,4,6,June,11,1,,0,451-6,3,5,2.0,0.4067796610169492,0.4833333333333333,Partly Cloudy,Cloudy,84.0,6,Out To CF,0,0,0,,0,,full_season_release,1,9.294313805752362,7056.0,,8.779201288124447,0.5151125176279141,6497.685321796017
20260606,2026-06-06,451,Iowa Cubs,International League,Principal Park,Toledo Mud Hens,512,11041.0,2,night,Saturday,5,6,June,11,1,,0,451-6,4,5,1.0,0.4098360655737705,0.4838709677419355,Cloudy,Cloudy,87.0,8,Out To LF,0,0,0,,0,,full_season_release,1,9.309370895439137,7569.0,,8.723787283311971,0.5855836121271665,6147.417065999352
20260616,2026-06-16,451,Iowa Cubs,International League,Principal Park,Indianapolis Indians,484,5395.0,1,night,Tuesday,1,6,June,12,0,,0,451-7,1,12,10.0,0.417910447761194,0.4,Partly Cloudy,Cloudy,75.0,13,L To R,0,0,0,,1,-10.0,full_season_release,1,8.593227877692234,5625.0,-10.0,8.43498851059527,0.1582393670969644,4605.417056460926
20260617,2026-06-17,451,Iowa Cubs,International League,Principal Park,Indianapolis Indians,484,4982.0,1,day,Wednesday,2,6,June,12,0,,0,451-7,2,12,1.0,0.4264705882352941,0.3943661971830985,Overcast,Cloudy,66.0,18,Out To LF,0,0,0,,1,-9.0,full_season_release,1,8.513586695822125,4356.0,-9.0,8.537293241449271,-0.023706545627145914,5101.517081554047
20260618,2026-06-18,451,Iowa Cubs,International League,Principal Park,Indianapolis Indians,484,5874.0,1,night,Thursday,3,6,June,12,0,,0,451-7,3,12,1.0,0.4202898550724637,0.4027777777777778,Partly Cloudy,Cloudy,76.0,1,Calm,0,0,0,,1,-8.0,full_season_release,1,8.678291111758565,5776.0,-8.0,8.513882902134178,0.16440820962438707,4983.475918424028
20260619,2026-06-19,451,Iowa Cubs,International League,Principal Park,Indianapolis Indians,484,8978.0,1,night,Friday,4,6,June,13,1,,0,451-7,4,12,1.0,0.4285714285714285,0.3972602739726027,Drizzle,Precipitation,67.0,3,In From LF,1,0,0,,1,-7.0,full_season_release,1,9.102532419341877,4489.0,-7.0,8.844488608167513,0.2580438111743639,6936.0561104356475
20260620,2026-06-20,451,Iowa Cubs,International League,Principal Park,Indianapolis Indians,484,6134.0,1,night,Saturday,5,6,June,13,1,,0,451-7,5,12,1.0,0.4225352112676056,0.4054054054054054,Cloudy,Cloudy,79.0,1,Calm,0,0,0,,1,-6.0,full_season_release,1,8.721602344674197,6241.0,-6.0,8.785864040721188,-0.06426169604699083,6541.122335897006
20260621,2026-06-21,451,Iowa Cubs,International League,Principal Park,Indianapolis Indians,484,4238.0,1,day,Sunday,6,6,June,13,1,Father's Day,1,451-7,6,12,1.0,0.4166666666666667,0.4133333333333333,Rain,Precipitation,61.0,14,In From RF,1,0,0,,1,-5.0,full_season_release,1,8.351846738828245,3721.0,-5.0,8.679297750165057,-0.3274510113368123,5879.91597112204
20260623,2026-06-23,451,Iowa Cubs,International League,Principal Park,Buffalo Bisons,422,6766.0,1,night,Tuesday,1,6,June,13,0,,0,451-7,7,12,2.0,0.410958904109589,0.4736842105263157,Cloudy,Cloudy,77.0,8,Out To CF,0,0,0,,1,-4.0,full_season_release,1,8.819665349340653,5929.0,-4.0,8.404880117597807,0.41478523174284554,4468.821997306072
20260624,2026-06-24,451,Iowa Cubs,International League,Principal Park,Buffalo Bisons,422,6085.0,1,day,Wednesday,2,6,June,13,0,,0,451-7,8,12,1.0,0.4189189189189189,0.4675324675324675,Partly Cloudy,Cloudy,77.0,12,Out To RF,0,0,0,,1,-3.0,full_season_release,1,8.713582005421628,5929.0,-3.0,8.503003084414443,0.21057892100718512,4929.550490166151
20260625,2026-06-25,451,Iowa Cubs,International League,Principal Park,Buffalo Bisons,422,4186.0,1,night,Thursday,3,6,June,13,0,,0,451-7,9,12,1.0,0.4133333333333333,0.4743589743589743,Cloudy,Cloudy,77.0,3,Varies,0,0,0,,1,-2.0,full_season_release,1,8.339500903005945,5929.0,-2.0,8.45813204043284,-0.11863113742689535,4713.245617368368
20260626,2026-06-26,451,Iowa Cubs,International League,Principal Park,Buffalo Bisons,422,11508.0,1,night,Friday,4,6,June,14,1,,0,451-7,10,12,1.0,0.4210526315789473,0.4683544303797468,Partly Cloudy,Cloudy,74.0,10,In From RF,0,0,0,,1,-1.0,full_season_release,1,9.35079772467144,5476.0,-1.0,8.771853090825545,0.5789446338458948,6450.114043688637
20260627,2026-06-27,451,Iowa Cubs,International League,Principal Park,Buffalo Bisons,422,9697.0,1,night,Saturday,5,6,June,14,1,,0,451-7,11,12,1.0,0.4155844155844156,0.475,Partly Cloudy,Cloudy,76.0,9,R To L,0,1,1,"Replica 2016 World Series trophy, first 1000 fans",1,0.0,full_season_release,1,9.179571838304547,5776.0,0.0,8.744273203164678,0.4352986351398691,6274.651365443752
20260628,2026-06-28,451,Iowa Cubs,International League,Principal Park,Buffalo Bisons,422,4641.0,1,day,Sunday,6,6,June,14,1,,0,451-7,12,12,1.0,0.4102564102564102,0.4814814814814814,Cloudy,Cloudy,87.0,15,Out To RF,0,0,0,,1,1.0,full_season_release,1,8.442685139241176,7569.0,1.0,8.497458505657182,-0.05477336641600594,4902.293842378444
20260707,2026-07-07,451,Iowa Cubs,International League,Principal Park,St. Paul Saints,1960,3528.0,1,night,Tuesday,1,7,July,15,0,,0,451-8,1,6,9.0,0.4117647058823529,0.5697674418604651,Partly Cloudy,Cloudy,88.0,6,Out To CF,0,0,0,,1,-3.0,full_season_release,1,8.168486417126681,7744.0,-3.0,8.33403693715424,-0.16555052002755843,4163.190211645766
20260708,2026-07-08,451,Iowa Cubs,International League,Principal Park,St. Paul Saints,1960,5777.0,1,day,Wednesday,2,7,July,15,0,,0,451-8,2,6,1.0,0.4186046511627907,0.5632183908045977,Partly Cloudy,Cloudy,85.0,12,Out To LF,0,0,0,,1,-2.0,full_season_release,1,8.661639795781266,7225.0,-2.0,8.49228141509027,0.16935838069099596,4876.979806239127
20260709,2026-07-09,451,Iowa Cubs,International League,Principal Park,St. Paul Saints,1960,4051.0,1,night,Thursday,3,7,July,15,0,,0,451-8,3,6,1.0,0.425287356321839,0.5568181818181818,Cloudy,Cloudy,84.0,1,Varies,0,0,0,,1,-1.0,full_season_release,1,8.30671904320269,7056.0,-1.0,8.455845563615703,-0.149126520413013,4702.481201514111
20260710,2026-07-10,451,Iowa Cubs,International League,Principal Park,St. Paul Saints,1960,8217.0,1,night,Friday,4,7,July,16,1,,0,451-8,4,6,1.0,0.4318181818181818,0.550561797752809,Partly Cloudy,Cloudy,80.0,7,In From CF,0,1,1,Sam Bernabe bobblehead,1,0.0,full_season_release,1,9.013960457931187,6400.0,0.0,8.795278696760398,0.21868176117078875,6602.9955533156535
20260711,2026-07-11,451,Iowa Cubs,International League,Principal Park,St. Paul Saints,1960,5234.0,1,night,Saturday,5,7,July,16,1,,0,451-8,5,6,1.0,0.4382022471910112,0.5444444444444444,Clear,Clear,85.0,8,In From RF,0,0,0,,1,1.0,full_season_release,1,8.562931083090092,7225.0,1.0,8.727675817721181,-0.16474473463108907,6171.3680457130085
20260712,2026-07-12,451,Iowa Cubs,International League,Principal Park,St. Paul Saints,1960,4562.0,1,day,Sunday,6,7,July,16,1,,0,451-8,6,6,1.0,0.4333333333333333,0.5494505494505495,Partly Cloudy,Cloudy,87.0,7,Out To LF,0,0,0,,1,2.0,full_season_release,1,8.425516402844334,7569.0,2.0,8.539028237972426,-0.11351183512809193,5110.3758787222605
20260728,2026-07-28,451,Iowa Cubs,International League,Principal Park,Scranton/Wilkes-Barre RailRiders,531,4654.0,1,night,Tuesday,1,7,July,18,0,,0,451-9,1,6,14.0,0.43,0.54,Overcast,Cloudy,86.0,8,In From LF,0,0,0,,0,,full_season_release,1,8.445482343862237,7396.0,,8.339390651873602,0.10609169198863455,4185.538514200146
20260729,2026-07-29,451,Iowa Cubs,International League,Principal Park,Scranton/Wilkes-Barre RailRiders,531,4301.0,1,day,Wednesday,2,7,July,18,0,,0,451-9,2,6,1.0,0.4257425742574257,0.5445544554455446,Partly Cloudy,Cloudy,83.0,8,Out To CF,0,0,0,,0,,full_season_release,1,8.366602832783736,6889.0,,8.511016501906205,-0.14441366912246956,4969.211735111019
20260730,2026-07-30,451,Iowa Cubs,International League,Principal Park,Scranton/Wilkes-Barre RailRiders,531,4813.0,1,night,Thursday,3,7,July,18,0,,0,451-9,3,6,1.0,0.4215686274509804,0.5490196078431373,Cloudy,Cloudy,81.0,13,In From RF,0,0,0,,0,,full_season_release,1,8.47907586930311,6561.0,,8.481637007595328,-0.002561138292218601,4825.3425573519
20260731,2026-07-31,451,Iowa Cubs,International League,Principal Park,Scranton/Wilkes-Barre RailRiders,531,8949.0,1,night,Friday,4,7,July,19,1,,0,451-9,4,6,1.0,0.4174757281553398,0.5533980582524272,Overcast,Cloudy,68.0,22,Out To RF,0,0,0,,0,,full_season_release,1,9.099297073182859,4624.0,,8.804618476387049,0.2946785967958103,6664.954969907423
20260801,2026-08-01,451,Iowa Cubs,International League,Principal Park,Scranton/Wilkes-Barre RailRiders,531,6123.0,1,night,Saturday,5,8,August,19,1,,0,451-9,5,6,1.0,0.4134615384615384,0.5576923076923077,Partly Cloudy,Cloudy,81.0,11,In From LF,0,0,0,,0,,full_season_release,1,8.719807451477955,6561.0,,8.763909178844665,-0.044101727366710364,6399.077887215616
20260802,2026-08-02,451,Iowa Cubs,International League,Principal Park,Scranton/Wilkes-Barre RailRiders,531,5656.0,1,day,Sunday,6,8,August,19,1,,0,451-9,6,6,1.0,0.4095238095238095,0.5619047619047619,Partly Cloudy,Cloudy,82.0,5,In From RF,0,0,0,,0,,full_season_release,1,8.640472207576408,6724.0,,8.590653949074142,0.04981825850226684,5381.13151101242
20260811,2026-08-11,451,Iowa Cubs,International League,Field of Dreams,St. Paul Saints,1960,7096.0,1,night,Tuesday,1,8,August,20,0,,0,451-10,1,5,9.0,0.4107142857142857,0.5789473684210527,Partly Cloudy,Cloudy,83.0,7,Out To LF,0,0,0,,0,,full_season_release,1,8.867286523989415,6889.0,,8.386301038192038,0.4809854857973779,4386.561923006488
20260812,2026-08-12,451,Iowa Cubs,International League,Principal Park,St. Paul Saints,1960,3998.0,1,night,Wednesday,2,8,August,20,0,,0,451-10,2,5,1.0,0.415929203539823,0.5739130434782609,Partly Cloudy,Cloudy,85.0,8,In From CF,0,0,0,,0,,full_season_release,1,8.293549515060345,7225.0,,8.324086210396528,-0.030536695336182973,4121.968874673436
20260813,2026-08-13,451,Iowa Cubs,International League,Principal Park,St. Paul Saints,1960,5674.0,1,night,Thursday,3,8,August,20,0,,0,451-10,3,5,1.0,0.4210526315789473,0.5689655172413793,Cloudy,Cloudy,83.0,10,In From RF,0,0,0,,0,,full_season_release,1,8.643649615368796,6889.0,,8.462761561300308,0.18088805406848785,4735.116272572983
20260815,2026-08-15,451,Iowa Cubs,International League,Principal Park,St. Paul Saints,1960,4838.0,2,night,Saturday,5,8,August,21,1,,0,451-10,4,5,2.0,0.4137931034482758,0.576271186440678,Cloudy,Cloudy,83.0,7,L To R,0,0,0,,0,,full_season_release,1,8.484256691169973,6889.0,,8.752586764708427,-0.2683300735384542,6327.033505106596
20260816,2026-08-16,451,Iowa Cubs,International League,Principal Park,St. Paul Saints,1960,8695.0,1,day,Sunday,6,8,August,21,1,,0,451-10,5,5,1.0,0.4102564102564102,0.5798319327731093,Cloudy,Cloudy,74.0,20,In From CF,0,0,0,,0,,full_season_release,1,9.070503426788383,5476.0,,8.63199758519044,0.4385058415979426,5608.270068020198
20260825,2026-08-25,451,Iowa Cubs,International League,Principal Park,Omaha Storm Chasers,541,3895.0,1,night,Tuesday,1,8,August,22,0,,0,451-11,1,6,9.0,0.4193548387096774,0.4677419354838709,Partly Cloudy,Cloudy,83.0,6,Out To LF,0,0,0,,0,,full_season_release,1,8.267448958304849,6889.0,,8.389075828022062,-0.12162686971721293,4398.750613125383
20260826,2026-08-26,451,Iowa Cubs,International League,Principal Park,Omaha Storm Chasers,541,4122.0,1,day,Wednesday,2,8,August,22,0,,0,451-11,2,6,1.0,0.424,0.464,Sunny,Clear,79.0,10,L To R,0,0,0,,0,,full_season_release,1,8.324093761450404,6241.0,,8.539568324683271,-0.21547456323286696,5113.136670288094
20260827,2026-08-27,451,Iowa Cubs,International League,Principal Park,Omaha Storm Chasers,541,4326.0,1,night,Thursday,3,8,August,22,0,,0,451-11,3,6,1.0,0.4285714285714285,0.4603174603174603,Partly Cloudy,Cloudy,80.0,7,In From LF,0,0,0,,0,,full_season_release,1,8.372398606513004,6400.0,,8.487750675020262,-0.11535206850725821,4854.933459257428
20260828,2026-08-28,451,Iowa Cubs,International League,Principal Park,Omaha Storm Chasers,541,6178.0,1,night,Friday,4,8,August,23,1,,0,451-11,4,6,1.0,0.4330708661417323,0.4566929133858268,Partly Cloudy,Cloudy,83.0,8,Out To LF,0,0,0,,0,,full_season_release,1,8.728749873478527,6889.0,,8.77402658720385,-0.04527671372532183,6464.148589694671
20260829,2026-08-29,451,Iowa Cubs,International League,Principal Park,Omaha Storm Chasers,541,6361.0,1,night,Saturday,5,8,August,23,1,,0,451-11,5,6,1.0,0.4375,0.453125,Partly Cloudy,Cloudy,84.0,12,Out To LF,0,0,0,,0,,full_season_release,1,8.757940876678804,7056.0,,8.73887528427929,0.019065592399513775,6240.872555994936
20260830,2026-08-30,451,Iowa Cubs,International League,Principal Park,Omaha Storm Chasers,541,5107.0,1,day,Sunday,6,8,August,23,1,,0,451-11,6,6,1.0,0.4341085271317829,0.4573643410852713,Overcast,Cloudy,79.0,14,Out To LF,0,0,0,,0,,full_season_release,1,8.538367426647644,6241.0,,8.609752882780915,-0.07138545613327096,5484.893098784394
20260327,2026-03-27,564,Jacksonville Jumbo Shrimp,International League,Vystar Ballpark,Rochester Red Wings,534,8177.0,1,night,Friday,4,3,March,1,1,,0,564-1,1,9,1.0,0.0,1.0,Partly Cloudy,Cloudy,82.0,9,Out To LF,0,0,0,,1,-1.0,full_season_release,1,9.009080614161977,6724.0,-1.0,8.669561674728346,0.3395189394336313,5822.946445481883
20260328,2026-03-28,564,Jacksonville Jumbo Shrimp,International League,Vystar Ballpark,Rochester Red Wings,534,6595.0,1,night,Saturday,5,3,March,1,1,,0,564-1,2,9,1.0,0.0,1.0,Overcast,Cloudy,59.0,18,In From LF,0,1,1,Replica championship ring presented by Birken Construction,1,0.0,full_season_release,1,8.794067065151415,3481.0,0.0,8.584559853738718,0.20950721141269746,5348.43810212773
20260329,2026-03-29,564,Jacksonville Jumbo Shrimp,International League,Vystar Ballpark,Rochester Red Wings,534,5635.0,1,day,Sunday,6,3,March,1,1,,0,564-1,3,9,1.0,0.3333333333333333,0.6666666666666666,Cloudy,Cloudy,70.0,24,R To L,0,0,0,,1,1.0,full_season_release,1,8.636752426473876,4900.0,1.0,8.46052016882787,0.17623225764600647,4724.514903955724
20260331,2026-03-31,564,Jacksonville Jumbo Shrimp,International League,Vystar Ballpark,Sugar Land Space Cowboys,5434,2241.0,1,night,Tuesday,1,3,March,1,0,,0,564-1,4,9,2.0,0.25,0.75,Clear,Clear,74.0,11,R To L,0,0,0,,1,2.0,full_season_release,1,7.714677473800927,5476.0,2.0,8.254581058303927,-0.5399035845029996,3845.200623354135
20260401,2026-04-01,564,Jacksonville Jumbo Shrimp,International League,Vystar Ballpark,Sugar Land Space Cowboys,5434,2780.0,1,day,Wednesday,2,4,April,1,0,,0,564-1,5,9,1.0,0.2,0.8,Overcast,Cloudy,75.0,5,L To R,0,0,0,,1,3.0,full_season_release,1,7.930206206684683,5625.0,3.0,8.202928145830214,-0.2727219391455309,3651.6271648620655
20260402,2026-04-02,564,Jacksonville Jumbo Shrimp,International League,Vystar Ballpark,Sugar Land Space Cowboys,5434,5060.0,1,night,Thursday,3,4,April,1,0,,0,564-1,6,9,1.0,0.1666666666666666,0.8333333333333334,Partly Cloudy,Cloudy,75.0,11,R To L,0,0,0,,1,-2.0,full_season_release,1,8.52912176228151,5625.0,-2.0,8.161931300525412,0.36719046175609904,3504.949181572216
20260403,2026-04-03,564,Jacksonville Jumbo Shrimp,International League,Vystar Ballpark,Sugar Land Space Cowboys,5434,4788.0,1,night,Friday,4,4,April,2,1,,0,564-1,7,9,1.0,0.1428571428571428,0.8571428571428571,Clear,Clear,79.0,15,R To L,0,0,0,,1,-1.0,full_season_release,1,8.473868066677865,6241.0,-1.0,8.461081629764394,0.012786436913470922,4727.168279331928
20260404,2026-04-04,564,Jacksonville Jumbo Shrimp,International League,Vystar Ballpark,Sugar Land Space Cowboys,5434,6614.0,1,night,Saturday,5,4,April,2,1,,0,564-1,8,9,1.0,0.25,0.75,Partly Cloudy,Cloudy,79.0,10,R To L,0,1,1,Southpaw Onesie,1,0.0,full_season_release,1,8.796943893541737,6241.0,0.0,8.420983957959859,0.37595993558187857,4541.369774434504
20260405,2026-04-05,564,Jacksonville Jumbo Shrimp,International League,Vystar Ballpark,Sugar Land Space Cowboys,5434,3973.0,1,day,Sunday,6,4,April,2,1,,0,564-1,9,9,1.0,0.3333333333333333,0.6666666666666666,Partly Cloudy,Cloudy,84.0,6,Out To LF,0,0,0,,1,1.0,full_season_release,1,8.287276755814599,7056.0,1.0,8.206218433317492,0.08105832249710687,3663.661855970313
20260414,2026-04-14,564,Jacksonville Jumbo Shrimp,International League,Vystar Ballpark,Charlotte Knights,494,5438.0,1,day,Tuesday,1,4,April,3,0,,0,564-2,1,6,9.0,0.5,0.4666666666666667,Sunny,Clear,75.0,2,Calm,0,0,0,,1,-1.0,full_season_release,1,8.601166625192416,5625.0,-1.0,8.23074923006834,0.37041739512407545,3754.6457920494586
20260415,2026-04-15,564,Jacksonville Jumbo Shrimp,International League,Vystar Ballpark,Charlotte Knights,494,3397.0,1,night,Wednesday,2,4,April,3,0,,0,564-2,2,6,1.0,0.5294117647058824,0.4375,Clear,Clear,77.0,10,R To L,0,1,1,"Wear It Home Wednesdays T-shirt, first 500 fans",1,0.0,full_season_release,1,8.130647968160584,5929.0,0.0,8.013983697060047,0.11666427110053768,3022.93561767982
20260416,2026-04-16,564,Jacksonville Jumbo Shrimp,International League,Vystar Ballpark,Charlotte Knights,494,6212.0,1,night,Thursday,3,4,April,3,0,,0,564-2,3,6,1.0,0.5555555555555556,0.4117647058823529,Clear,Clear,85.0,8,Out To LF,0,0,0,,1,1.0,full_season_release,1,8.734238184268579,7225.0,1.0,8.075128265231804,0.6591099190367746,3213.539527644261
20260417,2026-04-17,564,Jacksonville Jumbo Shrimp,International League,Vystar Ballpark,Charlotte Knights,494,6847.0,1,night,Friday,4,4,April,4,1,,0,564-2,4,6,1.0,0.5789473684210527,0.3888888888888889,Clear,Clear,82.0,12,In From RF,0,0,0,,1,-1.0,full_season_release,1,8.831565879121063,6724.0,-1.0,8.408479487779768,0.423086391341295,4484.935924549335
20260418,2026-04-18,564,Jacksonville Jumbo Shrimp,International League,Vystar Ballpark,Charlotte Knights,494,10768.0,1,night,Saturday,5,4,April,4,1,,0,564-2,5,6,1.0,0.55,0.4210526315789473,Clear,Clear,85.0,7,R To L,0,1,1,Replica Jumbo Shrimp jersey presented by VyStar Credit Union,1,0.0,full_season_release,1,9.284334051884509,7225.0,0.0,8.359471889064707,0.9248621628198013,4270.438905291078
20260419,2026-04-19,564,Jacksonville Jumbo Shrimp,International League,Vystar Ballpark,Charlotte Knights,494,5531.0,1,day,Sunday,6,4,April,4,1,,0,564-2,6,6,1.0,0.5238095238095238,0.45,Partly Cloudy,Cloudy,83.0,9,R To L,0,0,0,,1,1.0,full_season_release,1,8.618123909994678,6889.0,1.0,8.215834517406067,0.4022893925886102,3699.061868414187
20260505,2026-05-05,564,Jacksonville Jumbo Shrimp,International League,Vystar Ballpark,Charlotte Knights,494,7732.0,1,night,Tuesday,1,5,May,6,0,,0,564-3,1,6,14.0,0.5,0.5,Clear,Clear,76.0,13,R To L,0,0,0,,1,-4.0,full_season_release,1,8.953122840328222,5776.0,-4.0,8.253215702058222,0.6999071382699995,3839.9541371434493
20260506,2026-05-06,564,Jacksonville Jumbo Shrimp,International League,Vystar Ballpark,Charlotte Knights,494,4217.0,1,day,Wednesday,2,5,May,6,0,,0,564-3,2,6,1.0,0.5142857142857142,0.4857142857142857,Cloudy,Cloudy,82.0,8,R To L,0,0,0,,1,-3.0,full_season_release,1,8.34687925374656,6724.0,-3.0,8.36138683496844,-0.014507581221881338,4278.62439966801
20260507,2026-05-07,564,Jacksonville Jumbo Shrimp,International League,Vystar Ballpark,Charlotte Knights,494,5356.0,1,night,Thursday,3,5,May,6,0,,0,564-3,3,6,1.0,0.5,0.5,Cloudy,Cloudy,90.0,12,Out To LF,0,0,0,,1,-2.0,full_season_release,1,8.585972706811063,8100.0,-2.0,8.226172296063286,0.359800410747777,3737.5002928867475
20260508,2026-05-08,564,Jacksonville Jumbo Shrimp,International League,Vystar Ballpark,Charlotte Knights,494,6389.0,1,night,Friday,4,5,May,7,1,,0,564-3,4,6,1.0,0.4864864864864865,0.5135135135135135,Cloudy,Cloudy,74.0,11,In From CF,0,0,0,,1,-1.0,full_season_release,1,8.762333040602343,5476.0,-1.0,8.662276878491678,0.10005616211066481,5780.681599435204
20260509,2026-05-09,564,Jacksonville Jumbo Shrimp,International League,Vystar Ballpark,Charlotte Knights,494,5810.0,1,night,Saturday,5,5,May,7,1,,0,564-3,5,6,1.0,0.5,0.5,Drizzle,Precipitation,73.0,6,In From LF,1,1,1,Championship socks presented by VyStar Credit Union,1,0.0,full_season_release,1,8.667335849845957,5329.0,0.0,8.67322068529496,-0.0058848354490024235,5844.291695487566
20260510,2026-05-10,564,Jacksonville Jumbo Shrimp,International League,Vystar Ballpark,Charlotte Knights,494,4305.0,1,day,Sunday,6,5,May,7,1,Mother's Day,1,564-3,6,6,1.0,0.5128205128205128,0.4871794871794871,Cloudy,Cloudy,82.0,4,Out To CF,0,0,0,,1,1.0,full_season_release,1,8.367532416861831,6724.0,1.0,8.509273501078447,-0.14174108421661558,4960.557938921264
20260519,2026-05-19,564,Jacksonville Jumbo Shrimp,International League,Vystar Ballpark,Norfolk Tides,568,4133.0,1,night,Tuesday,1,5,May,8,0,,0,564-4,1,6,9.0,0.5434782608695652,0.391304347826087,Partly Cloudy,Cloudy,81.0,11,R To L,0,0,0,,1,-4.0,full_season_release,1,8.326758814511733,6561.0,-4.0,8.24376196080965,0.08299685370208287,3803.823259403147
20260520,2026-05-20,564,Jacksonville Jumbo Shrimp,International League,Vystar Ballpark,Norfolk Tides,568,3166.0,1,day,Wednesday,2,5,May,8,0,,0,564-4,2,6,1.0,0.5531914893617021,0.3829787234042553,Partly Cloudy,Cloudy,84.0,4,In From CF,0,0,0,,1,-3.0,full_season_release,1,8.060224240440958,7056.0,-3.0,8.341028801334096,-0.280804560893138,4192.400670943673
20260521,2026-05-21,564,Jacksonville Jumbo Shrimp,International League,Vystar Ballpark,Norfolk Tides,568,6843.0,1,night,Thursday,3,5,May,8,0,,0,564-4,3,6,1.0,0.5625,0.375,Partly Cloudy,Cloudy,82.0,10,R To L,0,0,0,,1,-2.0,full_season_release,1,8.830981510952498,6724.0,-2.0,8.311562090463788,0.5194194204887097,4070.666769561435
20260522,2026-05-22,564,Jacksonville Jumbo Shrimp,International League,Vystar Ballpark,Norfolk Tides,568,6670.0,1,night,Friday,4,5,May,9,1,,0,564-4,4,6,1.0,0.5510204081632653,0.3877551020408163,Cloudy,Cloudy,83.0,11,R To L,0,0,0,,1,-1.0,full_season_release,1,8.80537513890967,6889.0,-1.0,8.61386330137645,0.19151183753321988,5507.484704041222
20260523,2026-05-23,564,Jacksonville Jumbo Shrimp,International League,Vystar Ballpark,Norfolk Tides,568,7938.0,1,night,Saturday,5,5,May,9,1,,0,564-4,5,6,1.0,0.56,0.38,Cloudy,Cloudy,82.0,10,R To L,0,1,1,Honey Drippers double-sided sunshield,1,0.0,full_season_release,1,8.97941663334301,6724.0,0.0,8.595532032201186,0.38388460114182443,5407.4452459544655
20260524,2026-05-24,564,Jacksonville Jumbo Shrimp,International League,Vystar Ballpark,Norfolk Tides,568,9201.0,1,night,Sunday,6,5,May,9,1,,0,564-4,6,6,1.0,0.5686274509803921,0.3725490196078431,Overcast,Cloudy,83.0,10,R To L,0,0,0,,1,1.0,full_season_release,1,9.127067452782361,6889.0,1.0,8.2538949761894,0.8731724765929609,3842.5634047573876
20260602,2026-06-02,564,Jacksonville Jumbo Shrimp,International League,Vystar Ballpark,Nashville Sounds,556,3416.0,1,night,Tuesday,1,6,June,10,0,,0,564-5,1,12,9.0,0.5689655172413793,0.603448275862069,Cloudy,Cloudy,82.0,13,In From LF,0,0,0,,1,-1.0,full_season_release,1,8.13622555490846,6724.0,-1.0,8.345616191846016,-0.209390636937556,4211.67703029318
20260603,2026-06-03,564,Jacksonville Jumbo Shrimp,International League,Vystar Ballpark,Nashville Sounds,556,3577.0,1,night,Wednesday,2,6,June,10,0,,0,564-5,2,12,1.0,0.576271186440678,0.5932203389830508,Clear,Clear,75.0,15,In From LF,0,1,1,"Wear It Home Wednesdays T-shirt, first 500 fans",1,0.0,full_season_release,1,8.182279739259018,5625.0,0.0,8.335081902979292,-0.1528021637202741,4167.54287693729
20260604,2026-06-04,564,Jacksonville Jumbo Shrimp,International League,Vystar Ballpark,Nashville Sounds,556,7680.0,1,night,Thursday,3,6,June,10,0,,0,564-5,3,12,1.0,0.5666666666666667,0.6,Partly Cloudy,Cloudy,77.0,12,R To L,0,0,0,,1,1.0,full_season_release,1,8.946374826141717,5929.0,1.0,8.451853528900202,0.4945212972415156,4683.746153670036
20260605,2026-06-05,564,Jacksonville Jumbo Shrimp,International League,Vystar Ballpark,Nashville Sounds,556,6408.0,1,night,Friday,4,6,June,11,1,,0,564-5,4,12,1.0,0.5737704918032787,0.5901639344262295,Partly Cloudy,Cloudy,80.0,12,In From RF,0,0,0,,1,-1.0,full_season_release,1,8.765302488748196,6400.0,-1.0,8.746064158128082,0.01923833062011404,6285.899052494367
20260606,2026-06-06,564,Jacksonville Jumbo Shrimp,International League,Vystar Ballpark,Nashville Sounds,556,7556.0,1,night,Saturday,5,6,June,11,1,,0,564-5,5,12,1.0,0.5645161290322581,0.5967741935483871,Partly Cloudy,Cloudy,83.0,13,In From RF,0,1,1,Jacob Berry bobblehead presented by VyStar Credit Union,1,0.0,full_season_release,1,8.9300972286214,6889.0,0.0,8.700003902108538,0.23009332651286307,6002.935641321738
20260607,2026-06-07,564,Jacksonville Jumbo Shrimp,International League,Vystar Ballpark,Nashville Sounds,556,4593.0,1,day,Sunday,6,6,June,11,1,,0,564-5,6,12,1.0,0.5555555555555556,0.6031746031746031,Partly Cloudy,Cloudy,84.0,5,In From RF,0,0,0,,1,1.0,full_season_release,1,8.432288684325794,7056.0,1.0,8.525738834711396,-0.09345015038560156,5042.911307696577
20260609,2026-06-09,564,Jacksonville Jumbo Shrimp,International League,Vystar Ballpark,Gwinnett Stripers,431,5338.0,1,night,Tuesday,1,6,June,11,0,,0,564-5,7,12,2.0,0.546875,0.515625,Partly Cloudy,Cloudy,82.0,11,In From RF,0,0,0,,1,-1.0,full_season_release,1,8.58260632996447,6724.0,-1.0,8.325745888508239,0.2568604414562312,4128.815696380298
20260610,2026-06-10,564,Jacksonville Jumbo Shrimp,International League,Vystar Ballpark,Gwinnett Stripers,431,3417.0,1,night,Wednesday,2,6,June,11,0,,0,564-5,8,12,1.0,0.5538461538461539,0.5076923076923077,Partly Cloudy,Cloudy,84.0,9,R To L,0,1,1,"Wear It Home Wednesdays T-shirt, first 500 fans",1,0.0,full_season_release,1,8.136518252115291,7056.0,0.0,8.240942496553979,-0.10442424443868781,3793.113620504983
20260611,2026-06-11,564,Jacksonville Jumbo Shrimp,International League,Vystar Ballpark,Gwinnett Stripers,431,5926.0,1,night,Thursday,3,6,June,11,0,,0,564-5,9,12,1.0,0.5454545454545454,0.5151515151515151,Clear,Clear,87.0,8,R To L,0,0,0,,1,1.0,full_season_release,1,8.68710472813351,7569.0,1.0,8.329263067492022,0.3578416606414887,4143.363047998654
20260612,2026-06-12,564,Jacksonville Jumbo Shrimp,International League,Vystar Ballpark,Gwinnett Stripers,431,6344.0,1,night,Friday,4,6,June,12,1,,0,564-5,10,12,1.0,0.5373134328358209,0.5223880597014925,Cloudy,Cloudy,87.0,10,R To L,0,0,0,,1,-1.0,full_season_release,1,8.755264763314685,7569.0,-1.0,8.639465990428132,0.11579877288655283,5650.311698122731
20260613,2026-06-13,564,Jacksonville Jumbo Shrimp,International League,Vystar Ballpark,Gwinnett Stripers,431,6795.0,1,night,Saturday,5,6,June,12,1,,0,564-5,11,12,1.0,0.5441176470588235,0.5147058823529411,Cloudy,Cloudy,78.0,8,R To L,0,1,1,Jumbo Shrimp beach bag presented by Ascension St. Vincent's,1,0.0,full_season_release,1,8.823942326585245,6084.0,0.0,8.687738062540307,0.13620426404493813,5929.75432844187
20260623,2026-06-23,564,Jacksonville Jumbo Shrimp,International League,Vystar Ballpark,Memphis Redbirds,235,3671.0,1,night,Tuesday,1,6,June,13,0,,0,564-6,1,6,10.0,0.56,0.631578947368421,Cloudy,Cloudy,75.0,6,Out To LF,0,0,0,,0,,full_season_release,1,8.208219383496834,5625.0,,8.375229034401512,-0.1670096509046779,4338.261775895829
20260624,2026-06-24,564,Jacksonville Jumbo Shrimp,International League,Vystar Ballpark,Memphis Redbirds,235,4136.0,1,day,Wednesday,2,6,June,13,0,,0,564-6,2,6,1.0,0.5657894736842105,0.6233766233766234,Sunny,Clear,85.0,3,In From LF,0,0,0,,0,,full_season_release,1,8.327484416188264,7225.0,,8.441348086940414,-0.1138636707521492,4634.798886802312
20260625,2026-06-25,564,Jacksonville Jumbo Shrimp,International League,Vystar Ballpark,Memphis Redbirds,235,6341.0,1,night,Thursday,3,6,June,13,0,,0,564-6,3,6,1.0,0.5714285714285714,0.6153846153846154,Partly Cloudy,Cloudy,86.0,9,R To L,0,0,0,,0,,full_season_release,1,8.754791763700032,7396.0,,8.38407234116333,0.37071942253670187,4376.79649161855
20260626,2026-06-26,564,Jacksonville Jumbo Shrimp,International League,Vystar Ballpark,Memphis Redbirds,235,6128.0,1,night,Friday,4,6,June,14,1,,0,564-6,4,6,1.0,0.5769230769230769,0.6075949367088608,Cloudy,Cloudy,85.0,5,R To L,0,0,0,,0,,full_season_release,1,8.720623711420426,7225.0,,8.70344466406879,0.017179047351636,6023.625888621793
20260627,2026-06-27,564,Jacksonville Jumbo Shrimp,International League,Vystar Ballpark,Memphis Redbirds,235,6179.0,1,night,Saturday,5,6,June,14,1,,0,564-6,5,6,1.0,0.5822784810126582,0.6,Overcast,Cloudy,78.0,4,Calm,0,0,0,,0,,full_season_release,1,8.72891172506098,6084.0,,8.72907137779977,-0.00015965273878926212,6179.9865730254305
20260628,2026-06-28,564,Jacksonville Jumbo Shrimp,International League,Vystar Ballpark,Memphis Redbirds,235,3922.0,1,day,Sunday,6,6,June,14,1,,0,564-6,6,6,1.0,0.5875,0.5925925925925926,Cloudy,Cloudy,92.0,3,L To R,0,0,0,,0,,full_season_release,1,8.274357006756292,8464.0,,8.414420035438274,-0.14006302868198262,4511.6581940262195
20260707,2026-07-07,564,Jacksonville Jumbo Shrimp,International League,Vystar Ballpark,Durham Bulls,234,2946.0,1,night,Tuesday,1,7,July,15,0,,0,564-7,1,6,9.0,0.5632183908045977,0.4367816091954023,Cloudy,Cloudy,92.0,9,Out To LF,0,0,0,,1,-1.0,full_season_release,1,7.988203597022576,8464.0,-1.0,8.226429874104767,-0.23822627708219102,3738.4631148878025
20260708,2026-07-08,564,Jacksonville Jumbo Shrimp,International League,Vystar Ballpark,Durham Bulls,234,3357.0,1,night,Wednesday,2,7,July,15,0,,0,564-7,2,6,1.0,0.5681818181818182,0.4318181818181818,Clear,Clear,97.0,7,R To L,0,1,1,"Wear It Home Wednesdays T-shirt, first 500 fans",1,0.0,full_season_release,1,8.118802996980035,9409.0,0.0,8.087779199337026,0.031023797643008777,3254.452049606603
20260709,2026-07-09,564,Jacksonville Jumbo Shrimp,International League,Vystar Ballpark,Durham Bulls,234,6302.0,1,night,Thursday,3,7,July,15,0,,0,564-7,3,6,1.0,0.5617977528089888,0.4382022471910112,Cloudy,Cloudy,90.0,7,Out To LF,0,0,0,,1,1.0,full_season_release,1,8.74862232231722,8100.0,1.0,8.336483844340401,0.4121384779768178,4173.389625112094
20260710,2026-07-10,564,Jacksonville Jumbo Shrimp,International League,Vystar Ballpark,Durham Bulls,234,5488.0,1,night,Friday,4,7,July,16,1,,0,564-7,4,6,1.0,0.5555555555555556,0.4444444444444444,Partly Cloudy,Cloudy,87.0,9,R To L,0,0,0,,1,2.0,full_season_release,1,8.610319169405722,7569.0,2.0,8.687531921673498,-0.07721275226777635,5928.532089725646
20260712,2026-07-12,564,Jacksonville Jumbo Shrimp,International League,Vystar Ballpark,Durham Bulls,234,3279.0,1,day,Sunday,6,7,July,16,1,,0,564-7,6,6,2.0,0.5494505494505495,0.4505494505494505,Cloudy,Cloudy,92.0,8,L To R,0,0,0,,1,4.0,full_season_release,1,8.095293776844649,8464.0,4.0,8.420076746669722,-0.3247829698250726,4537.251660784493
20260728,2026-07-28,564,Jacksonville Jumbo Shrimp,International League,Vystar Ballpark,Memphis Redbirds,235,2538.0,1,night,Tuesday,1,7,July,18,0,,0,564-8,1,5,14.0,0.504950495049505,0.5631067961165048,Partly Cloudy,Cloudy,96.0,10,Out To LF,0,0,0,,1,-3.0,full_season_release,1,7.839131648274333,9216.0,-3.0,8.139756330141324,-0.3006246818669913,3428.08244584371
20260730,2026-07-30,564,Jacksonville Jumbo Shrimp,International League,Vystar Ballpark,Memphis Redbirds,235,6078.0,2,night,Thursday,3,7,July,18,0,,0,564-8,2,5,2.0,0.5048543689320388,0.5619047619047619,Partly Cloudy,Cloudy,84.0,4,Varies,0,0,0,,1,-2.0,full_season_release,1,8.712430973476739,7056.0,-2.0,8.420987970766319,0.29144300271041956,4541.387998109038
20260731,2026-07-31,564,Jacksonville Jumbo Shrimp,International League,Vystar Ballpark,Memphis Redbirds,235,6132.0,1,night,Friday,4,7,July,19,1,,0,564-8,3,5,1.0,0.5096153846153846,0.5566037735849056,Overcast,Cloudy,79.0,7,Out To LF,0,0,0,,1,-1.0,full_season_release,1,8.721276239991704,6241.0,-1.0,8.769713802469768,-0.04843756247806397,6436.330138951895
20260801,2026-08-01,564,Jacksonville Jumbo Shrimp,International League,Vystar Ballpark,Memphis Redbirds,235,6097.0,1,night,Saturday,5,8,August,19,1,,0,564-8,4,5,1.0,0.5047619047619047,0.5607476635514018,Cloudy,Cloudy,81.0,10,Out To LF,0,1,1,Jumbo Shrimp water bottle presented by Baptist Health,1,0.0,full_season_release,1,8.715552125907816,6561.0,0.0,8.730515973595002,-0.01496384768718606,6188.920607123794
20260802,2026-08-02,564,Jacksonville Jumbo Shrimp,International League,Vystar Ballpark,Memphis Redbirds,235,6454.0,1,night,Sunday,6,8,August,19,1,,0,564-8,5,5,1.0,0.5094339622641509,0.5555555555555556,Cloudy,Cloudy,87.0,14,Out To LF,0,0,0,,1,1.0,full_season_release,1,8.772455372611907,7569.0,1.0,8.339946797193887,0.43250857541801935,4187.866929266248
20260811,2026-08-11,564,Jacksonville Jumbo Shrimp,International League,Vystar Ballpark,Syracuse Mets,552,2687.0,1,night,Tuesday,1,8,August,20,0,,0,564-9,1,6,9.0,0.504424778761062,0.4912280701754385,Partly Cloudy,Cloudy,97.0,7,Out To LF,0,0,0,,1,-1.0,full_season_release,1,7.8961806086154915,9409.0,-1.0,8.136408294993533,-0.24022768637804148,3416.6242971709294
20260812,2026-08-12,564,Jacksonville Jumbo Shrimp,International League,Vystar Ballpark,Syracuse Mets,552,2214.0,1,night,Wednesday,2,8,August,20,0,,0,564-9,2,6,1.0,0.5,0.4956521739130435,Overcast,Cloudy,77.0,8,Out To LF,0,1,1,"Wear It Home Wednesdays T-shirt, first 500 fans",1,0.0,full_season_release,1,7.7025561132685825,5929.0,0.0,8.341902054891571,-0.639345941622989,4196.063298712551
20260813,2026-08-13,564,Jacksonville Jumbo Shrimp,International League,Vystar Ballpark,Syracuse Mets,552,4371.0,1,night,Thursday,3,8,August,20,0,,0,564-9,3,6,1.0,0.5043478260869565,0.4913793103448275,Cloudy,Cloudy,88.0,5,R To L,0,0,0,,1,1.0,full_season_release,1,8.382747094863314,7744.0,1.0,8.370359278957668,0.012387815905645638,4317.186858491164
20260814,2026-08-14,564,Jacksonville Jumbo Shrimp,International League,Vystar Ballpark,Syracuse Mets,552,5811.0,1,night,Friday,4,8,August,21,1,,0,564-9,4,6,1.0,0.5086206896551724,0.4871794871794871,Partly Cloudy,Cloudy,84.0,5,Out To LF,0,0,0,,1,-1.0,full_season_release,1,8.667507952075105,7056.0,-1.0,8.724608183759702,-0.05710023168459699,6152.465555291279
20260815,2026-08-15,564,Jacksonville Jumbo Shrimp,International League,Vystar Ballpark,Syracuse Mets,552,7435.0,1,night,Saturday,5,8,August,21,1,,0,564-9,5,6,1.0,0.5042735042735043,0.4915254237288136,Clear,Clear,94.0,4,Out To LF,0,1,1,Safari hat giveaway,1,0.0,full_season_release,1,8.913953858894255,8836.0,0.0,8.558214087819898,0.35573977107435617,5209.369383675506
20260816,2026-08-16,564,Jacksonville Jumbo Shrimp,International League,Vystar Ballpark,Syracuse Mets,552,4075.0,1,night,Sunday,6,8,August,21,1,,0,564-9,6,6,1.0,0.5,0.4957983193277311,Partly Cloudy,Cloudy,96.0,0,Calm,0,0,0,,1,1.0,full_season_release,1,8.312626025674962,9216.0,1.0,8.187472759440695,0.1251532662342676,3595.623748086785
20260825,2026-08-25,564,Jacksonville Jumbo Shrimp,International League,Vystar Ballpark,Nashville Sounds,556,2816.0,1,night,Tuesday,1,8,August,22,0,,0,564-10,1,6,9.0,0.504,0.5476190476190477,Overcast,Cloudy,79.0,8,Out To CF,0,0,0,,1,-1.0,full_season_release,1,7.943072717277933,6241.0,-1.0,8.373000149864614,-0.4299274325866813,4328.6030593871055
20260826,2026-08-26,564,Jacksonville Jumbo Shrimp,International League,Vystar Ballpark,Nashville Sounds,556,2573.0,1,night,Wednesday,2,8,August,22,0,,0,564-10,2,6,1.0,0.5079365079365079,0.5433070866141733,Cloudy,Cloudy,80.0,8,In From LF,0,1,1,"Wear It Home Wednesdays T-shirt, first 500 fans",1,0.0,full_season_release,1,7.8528278122817445,6400.0,0.0,8.32469710188583,-0.4718692896040855,4124.487719670295
20260827,2026-08-27,564,Jacksonville Jumbo Shrimp,International League,Vystar Ballpark,Nashville Sounds,556,4113.0,1,night,Thursday,3,8,August,22,0,,0,564-10,3,6,1.0,0.5118110236220472,0.5390625,Partly Cloudy,Cloudy,8.0,5,R To L,0,0,0,,1,1.0,full_season_release,1,8.321907968230423,64.0,1.0,6.52875015850046,1.793157809729963,684.5421074719859
20260828,2026-08-28,564,Jacksonville Jumbo Shrimp,International League,Vystar Ballpark,Nashville Sounds,556,2644.0,1,day,Friday,4,8,August,23,1,,0,564-10,4,6,1.0,0.5078125,0.5426356589147286,Partly Cloudy,Cloudy,87.0,10,R To L,0,0,0,,1,2.0,full_season_release,1,7.880048200971577,7569.0,2.0,8.855326990753033,-0.9752787897814565,7011.640607130371
20260829,2026-08-29,564,Jacksonville Jumbo Shrimp,International League,Vystar Ballpark,Nashville Sounds,556,8676.0,1,night,Saturday,5,8,August,23,1,,0,564-10,5,6,1.0,0.5038759689922481,0.5461538461538461,Partly Cloudy,Cloudy,86.0,8,In From LF,0,0,0,,1,3.0,full_season_release,1,9.068315871946766,7396.0,3.0,8.6767561771385,0.39155969480826514,5864.99071014603
20260830,2026-08-30,564,Jacksonville Jumbo Shrimp,International League,Vystar Ballpark,Nashville Sounds,556,4959.0,1,day,Sunday,6,8,August,23,1,,0,564-10,6,6,1.0,0.5076923076923077,0.5419847328244275,Partly Cloudy,Cloudy,90.0,8,In From LF,0,0,0,,1,4.0,full_season_release,1,8.508959386489133,8100.0,4.0,8.456783806922259,0.052175579566874575,4706.89534347139
20260327,2026-03-27,400,Las Vegas Aviators,Pacific Coast League,Las Vegas Ballpark,Salt Lake Bees,561,8350.0,1,night,Friday,4,3,March,1,1,,0,400-1,1,9,1.0,1.0,0.0,Clear,Clear,84.0,2,R To L,0,0,0,,1,-1.0,partial_assembled,0,9.030016817844901,7056.0,-1.0,8.926001219104418,0.10401559874048338,7525.113850253488
20260328,2026-03-28,400,Las Vegas Aviators,Pacific Coast League,Las Vegas Ballpark,Salt Lake Bees,561,7318.0,1,night,Saturday,5,3,March,1,1,,0,400-1,2,9,1.0,1.0,0.0,Clear,Clear,83.0,7,Out To CF,0,1,1,"PCL Championship Replica Ring, first 2000 fans",1,0.0,partial_assembled,0,8.898092345579153,6889.0,0.0,8.909861561024169,-0.011769215445015746,7404.635937106179
20260329,2026-03-29,400,Las Vegas Aviators,Pacific Coast League,Las Vegas Ballpark,Salt Lake Bees,561,5517.0,1,day,Sunday,6,3,March,1,1,,0,400-1,3,9,1.0,1.0,0.0,Partly Cloudy,Cloudy,87.0,4,R To L,0,0,0,,1,1.0,partial_assembled,0,8.61558951327243,7569.0,1.0,8.701274264112902,-0.08568475084047122,6010.566388554571
20260331,2026-03-31,400,Las Vegas Aviators,Pacific Coast League,Las Vegas Ballpark,Oklahoma City Comets,238,4496.0,1,night,Tuesday,1,3,March,1,0,,0,400-1,4,9,2.0,0.75,0.75,Cloudy,Cloudy,72.0,15,Out To CF,0,0,0,,1,2.0,partial_assembled,0,8.410943391573527,5184.0,2.0,8.577433907479712,-0.1664905159061849,5310.460892125065
20260401,2026-04-01,400,Las Vegas Aviators,Pacific Coast League,Las Vegas Ballpark,Oklahoma City Comets,238,7750.0,1,day,Wednesday,2,4,April,1,0,,0,400-1,5,9,1.0,0.8,0.6,Sunny,Clear,65.0,6,Out To RF,0,0,0,,1,-2.0,partial_assembled,0,8.955448122347393,4225.0,-2.0,8.48604071590034,0.46940740644705237,4846.638815284315
20260402,2026-04-02,400,Las Vegas Aviators,Pacific Coast League,Las Vegas Ballpark,Oklahoma City Comets,238,7512.0,1,night,Thursday,3,4,April,1,0,,0,400-1,6,9,1.0,0.8333333333333334,0.5,Clear,Clear,70.0,4,L To R,0,0,0,,1,-1.0,partial_assembled,0,8.9242570208881,4900.0,-1.0,8.464993219218961,0.45926380166913816,4745.695232217414
20260403,2026-04-03,400,Las Vegas Aviators,Pacific Coast League,Las Vegas Ballpark,Oklahoma City Comets,238,8061.0,1,night,Friday,4,4,April,2,1,,0,400-1,7,9,1.0,0.7142857142857143,0.5714285714285714,Clear,Clear,66.0,7,L To R,0,1,1,"Las Vegas Aces WNBA Baseball Jersey, first 2000 fans",1,0.0,partial_assembled,0,8.9947928972836,4356.0,0.0,8.772856582877612,0.2219363144059887,6456.589930573484
20260404,2026-04-04,400,Las Vegas Aviators,Pacific Coast League,Las Vegas Ballpark,Oklahoma City Comets,238,6937.0,1,night,Saturday,5,4,April,2,1,,0,400-1,8,9,1.0,0.75,0.5,Clear,Clear,72.0,4,L To R,0,1,1,"Aviators 25 PCL Champs Cap, first 2000 fans",1,0.0,partial_assembled,0,8.844624683385302,5184.0,0.0,8.767712107641268,0.07691257574403387,6423.459456085401
20260405,2026-04-05,400,Las Vegas Aviators,Pacific Coast League,Las Vegas Ballpark,Oklahoma City Comets,238,5549.0,1,day,Sunday,6,4,April,2,1,,0,400-1,9,9,1.0,0.7777777777777778,0.4444444444444444,Sunny,Clear,79.0,4,L To R,0,0,0,,1,1.0,partial_assembled,0,8.621373010325902,6241.0,1.0,8.584991681181004,0.036381329144898444,5350.748203220222
20260421,2026-04-21,400,Las Vegas Aviators,Pacific Coast League,Las Vegas Ballpark,Salt Lake Bees,561,4554.0,1,night,Tuesday,1,4,April,4,0,,0,400-2,1,6,14.0,0.55,0.4090909090909091,Clear,Clear,75.0,14,Out To CF,0,0,0,,0,,partial_assembled,0,8.423761246623686,5625.0,,8.452945470793997,-0.029184224170311523,4688.863325633905
20260422,2026-04-22,400,Las Vegas Aviators,Pacific Coast League,Las Vegas Ballpark,Salt Lake Bees,561,5576.0,1,night,Wednesday,2,4,April,4,0,,0,400-2,2,6,1.0,0.5238095238095238,0.4347826086956521,Clear,Clear,72.0,6,Out To CF,0,0,0,,0,,partial_assembled,0,8.62622695244036,5184.0,,8.432018939827959,0.1942080126124015,4591.761230604571
20260423,2026-04-23,400,Las Vegas Aviators,Pacific Coast League,Las Vegas Ballpark,Salt Lake Bees,561,5483.0,1,night,Thursday,3,4,April,4,0,,0,400-2,3,6,1.0,0.5,0.4583333333333333,Clear,Clear,72.0,2,Out To CF,0,0,0,,0,,partial_assembled,0,8.609407675404048,5184.0,,8.555427108397346,0.053980567006702174,5194.871190865502
20260424,2026-04-24,400,Las Vegas Aviators,Pacific Coast League,Las Vegas Ballpark,Salt Lake Bees,561,9762.0,1,night,Friday,4,4,April,5,1,,0,400-2,4,6,1.0,0.5217391304347826,0.44,Partly Cloudy,Cloudy,75.0,8,Out To CF,0,0,0,,0,,partial_assembled,0,9.186252576447092,5625.0,,8.86097286146013,0.3252797149869622,7051.339385073955
20260425,2026-04-25,400,Las Vegas Aviators,Pacific Coast League,Las Vegas Ballpark,Salt Lake Bees,561,12390.0,1,night,Saturday,5,4,April,5,1,,0,400-2,5,6,1.0,0.5416666666666666,0.4230769230769231,Cloudy,Cloudy,68.0,11,Out To RF,0,0,0,,0,,partial_assembled,0,9.424644974623188,4624.0,,8.820964653094595,0.6036803215285929,6774.796802821076
20260426,2026-04-26,400,Las Vegas Aviators,Pacific Coast League,Las Vegas Ballpark,Salt Lake Bees,561,8731.0,1,day,Sunday,6,4,April,5,1,,0,400-2,6,6,1.0,0.56,0.4074074074074074,Partly Cloudy,Cloudy,63.0,10,Out To RF,0,0,0,,0,,partial_assembled,0,9.074635189810808,3969.0,,8.61629320118368,0.4583419886271276,5520.883612471681
20260505,2026-05-05,400,Las Vegas Aviators,Pacific Coast League,Las Vegas Ballpark,St. Paul Saints,1960,5934.0,1,night,Tuesday,1,5,May,6,0,,0,400-3,1,6,9.0,0.5625,0.4848484848484848,Clear,Clear,72.0,4,Out To CF,0,0,0,,0,,partial_assembled,0,8.688453800850768,5184.0,,8.67415349207687,0.014300308773897541,5849.745833849728
20260506,2026-05-06,400,Las Vegas Aviators,Pacific Coast League,Las Vegas Ballpark,St. Paul Saints,1960,4357.0,1,night,Wednesday,2,5,May,6,0,,0,400-3,2,6,1.0,0.5454545454545454,0.5,Clear,Clear,80.0,2,R To L,0,0,0,,0,,partial_assembled,0,8.379539026117442,6400.0,,8.61525403346073,-0.23571500734328765,5515.149468304212
20260507,2026-05-07,400,Las Vegas Aviators,Pacific Coast League,Las Vegas Ballpark,St. Paul Saints,1960,7506.0,1,night,Thursday,3,5,May,6,0,,0,400-3,3,6,1.0,0.5588235294117647,0.4857142857142857,Clear,Clear,87.0,3,Out To CF,0,0,0,,0,,partial_assembled,0,8.923457979694966,7569.0,,8.669274415714003,0.25418356398096265,5821.273991850576
20260508,2026-05-08,400,Las Vegas Aviators,Pacific Coast League,Las Vegas Ballpark,St. Paul Saints,1960,8015.0,1,night,Friday,4,5,May,7,1,,0,400-3,4,6,1.0,0.5428571428571428,0.5,Clear,Clear,93.0,5,L To R,0,0,0,,0,,partial_assembled,0,8.989070065043654,8649.0,,8.890148084064617,0.09892198097903737,7260.094208155558
20260509,2026-05-09,400,Las Vegas Aviators,Pacific Coast League,Las Vegas Ballpark,St. Paul Saints,1960,6539.0,1,night,Saturday,5,5,May,7,1,,0,400-3,5,6,1.0,0.5277777777777778,0.5135135135135135,Clear,Clear,93.0,3,Out To RF,0,0,0,,0,,partial_assembled,0,8.785539527561276,8649.0,,8.866964514859227,-0.08142498729795022,7093.715391064389
20260510,2026-05-10,400,Las Vegas Aviators,Pacific Coast League,Las Vegas Ballpark,St. Paul Saints,1960,5158.0,1,day,Sunday,6,5,May,7,1,Mother's Day,1,400-3,6,6,1.0,0.5135135135135135,0.5263157894736842,Sunny,Clear,94.0,6,In From CF,0,0,0,,0,,partial_assembled,0,8.54830418644129,8836.0,,8.760299805727643,-0.2119956192863519,6376.0228596433835
20260519,2026-05-19,400,Las Vegas Aviators,Pacific Coast League,Las Vegas Ballpark,Albuquerque Isotopes,342,5599.0,1,night,Tuesday,1,5,May,8,0,,0,400-4,1,6,9.0,0.5454545454545454,0.5434782608695652,Clear,Clear,75.0,4,L To R,0,0,0,,0,,partial_assembled,0,8.630343289348893,5625.0,,8.674525621355,-0.04418233200610722,5851.923100631355
20260520,2026-05-20,400,Las Vegas Aviators,Pacific Coast League,Las Vegas Ballpark,Albuquerque Isotopes,342,5625.0,1,night,Wednesday,2,5,May,8,0,,0,400-4,2,6,1.0,0.5333333333333333,0.5531914893617021,Clear,Clear,80.0,2,R To L,0,0,0,,0,,partial_assembled,0,8.63497622707262,6400.0,,8.61533724227291,0.019638984799710713,5515.608396433633
20260521,2026-05-21,400,Las Vegas Aviators,Pacific Coast League,Las Vegas Ballpark,Albuquerque Isotopes,342,6794.0,1,night,Thursday,3,5,May,8,0,,0,400-4,3,6,1.0,0.5434782608695652,0.5416666666666666,Clear,Clear,88.0,4,In From LF,0,0,0,,0,,partial_assembled,0,8.82379514872053,7744.0,,8.657012154670186,0.1667829940503438,5750.327879400938
20260522,2026-05-22,400,Las Vegas Aviators,Pacific Coast League,Las Vegas Ballpark,Albuquerque Isotopes,342,6378.0,1,night,Friday,4,5,May,9,1,,0,400-4,4,6,1.0,0.5319148936170213,0.5510204081632653,Clear,Clear,88.0,5,R To L,0,0,0,,0,,partial_assembled,0,8.760609847570002,7744.0,,8.967737449009308,-0.2071276014393053,7845.82991813705
20260523,2026-05-23,400,Las Vegas Aviators,Pacific Coast League,Las Vegas Ballpark,Albuquerque Isotopes,342,8258.0,1,night,Saturday,5,5,May,9,1,,0,400-4,5,6,1.0,0.5208333333333334,0.56,Clear,Clear,88.0,9,R To L,0,0,0,,0,,partial_assembled,0,9.018937706446035,7744.0,,8.94402334381162,0.07491436263441464,7661.961832233029
20260524,2026-05-24,400,Las Vegas Aviators,Pacific Coast League,Las Vegas Ballpark,Albuquerque Isotopes,342,4412.0,1,day,Sunday,6,5,May,9,1,,0,400-4,6,6,1.0,0.5306122448979592,0.5490196078431373,Sunny,Clear,90.0,7,R To L,0,0,0,,0,,partial_assembled,0,8.392083380373393,8100.0,,8.747971468459799,-0.35588808808640593,6297.899653498446
20260602,2026-06-02,400,Las Vegas Aviators,Pacific Coast League,Las Vegas Ballpark,Reno Aces,2310,4548.0,1,night,Tuesday,1,6,June,10,0,,0,400-5,1,6,9.0,0.5714285714285714,0.4655172413793103,Clear,Clear,94.0,5,Out To LF,0,0,0,,0,,partial_assembled,0,8.422442854870427,8836.0,,8.603177293109422,-0.1807344382389946,5448.9450118373925
20260603,2026-06-03,400,Las Vegas Aviators,Pacific Coast League,Las Vegas Ballpark,Reno Aces,2310,4644.0,1,night,Wednesday,2,6,June,10,0,,0,400-5,2,6,1.0,0.5614035087719298,0.4745762711864407,Clear,Clear,97.0,5,L To R,0,0,0,,0,,partial_assembled,0,8.443331342817782,9409.0,,8.502213118748623,-0.058881775930840874,4925.657852258572
20260604,2026-06-04,400,Las Vegas Aviators,Pacific Coast League,Las Vegas Ballpark,Reno Aces,2310,5308.0,1,night,Thursday,3,6,June,10,0,,0,400-5,3,6,1.0,0.5689655172413793,0.4666666666666667,Clear,Clear,98.0,7,Out To RF,0,0,0,,0,,partial_assembled,0,8.576970395452099,9604.0,,8.599430470064961,-0.022460074612862257,5428.566979379903
20260605,2026-06-05,400,Las Vegas Aviators,Pacific Coast League,Las Vegas Ballpark,Reno Aces,2310,7659.0,1,night,Friday,4,6,June,11,1,,0,400-5,4,6,1.0,0.576271186440678,0.4590163934426229,Clear,Clear,98.0,9,Out To CF,0,0,0,,0,,partial_assembled,0,8.943636705909594,9604.0,,8.90748174061514,0.036154965294453945,7387.035185003046
20260606,2026-06-06,400,Las Vegas Aviators,Pacific Coast League,Las Vegas Ballpark,Reno Aces,2310,6815.0,1,night,Saturday,5,6,June,11,1,,0,400-5,5,6,1.0,0.5833333333333334,0.4516129032258064,Clear,Clear,94.0,13,Out To CF,0,0,0,,0,,partial_assembled,0,8.826881344130634,8836.0,,8.963234816754186,-0.13635347262355246,7810.582444036046
20260607,2026-06-07,400,Las Vegas Aviators,Pacific Coast League,Las Vegas Ballpark,Reno Aces,2310,7556.0,1,day,Sunday,6,6,June,11,1,,0,400-5,6,6,1.0,0.5901639344262295,0.4444444444444444,Sunny,Clear,92.0,11,Out To CF,0,0,0,,0,,partial_assembled,0,8.9300972286214,8464.0,,8.831472461710515,0.09862476691088595,6846.36040086529
20260616,2026-06-16,400,Las Vegas Aviators,Pacific Coast League,Las Vegas Ballpark,Round Rock Express,102,4239.0,1,night,Tuesday,1,6,June,12,0,,0,400-6,1,6,9.0,0.5882352941176471,0.4285714285714285,Clear,Clear,103.0,6,Out To RF,0,0,0,,0,,partial_assembled,0,8.352082671352637,10609.0,,8.396669092315545,-0.04458642096290788,4432.278621511024
20260617,2026-06-17,400,Las Vegas Aviators,Pacific Coast League,Las Vegas Ballpark,Round Rock Express,102,4066.0,1,night,Wednesday,2,6,June,12,0,,0,400-6,2,6,1.0,0.5942028985507246,0.4225352112676056,Clear,Clear,103.0,9,Out To CF,0,0,0,,0,,partial_assembled,0,8.310414994188292,10609.0,,8.353633746369985,-0.043218752181692466,4245.580108800502
20260618,2026-06-18,400,Las Vegas Aviators,Pacific Coast League,Las Vegas Ballpark,Round Rock Express,102,5026.0,1,night,Thursday,3,6,June,12,0,,0,400-6,3,6,1.0,0.6,0.4166666666666667,Clear,Clear,99.0,10,Out To LF,0,0,0,,0,,partial_assembled,0,8.522379718103538,9801.0,,8.573110066862377,-0.05073034875883842,5287.548875273611
20260619,2026-06-19,400,Las Vegas Aviators,Pacific Coast League,Las Vegas Ballpark,Round Rock Express,102,5510.0,1,night,Friday,4,6,June,13,1,,0,400-6,4,6,1.0,0.6056338028169014,0.410958904109589,Clear,Clear,95.0,9,Out To CF,0,0,0,,0,,partial_assembled,0,8.61431990214696,9025.0,,8.967042716699558,-0.3527228145525978,7840.381059564328
20260620,2026-06-20,400,Las Vegas Aviators,Pacific Coast League,Las Vegas Ballpark,Round Rock Express,102,7100.0,1,night,Saturday,5,6,June,13,1,,0,400-6,5,6,1.0,0.6111111111111112,0.4054054054054054,Clear,Clear,97.0,9,Out To LF,0,0,0,,0,,partial_assembled,0,8.867850063029406,9409.0,,8.899948351175386,-0.03209828814597948,7331.5948611198155
20260621,2026-06-21,400,Las Vegas Aviators,Pacific Coast League,Las Vegas Ballpark,Round Rock Express,102,4709.0,1,day,Sunday,6,6,June,13,1,Father's Day,1,400-6,6,6,1.0,0.6027397260273972,0.4133333333333333,Sunny,Clear,96.0,4,R To L,0,0,0,,0,,partial_assembled,0,8.457230850243555,9216.0,,8.831638166640856,-0.37440731639730096,6847.494970537901
20260707,2026-07-07,400,Las Vegas Aviators,Pacific Coast League,Las Vegas Ballpark,Tacoma Rainiers,529,4543.0,1,night,Tuesday,1,7,July,15,0,,0,400-7,1,6,14.0,0.627906976744186,0.4204545454545454,Clear,Clear,101.0,8,Out To CF,0,0,0,,0,,partial_assembled,0,8.421342865759403,10201.0,,8.421485035605016,-0.00014216984561343793,4543.645923522956
20260708,2026-07-08,400,Las Vegas Aviators,Pacific Coast League,Las Vegas Ballpark,Tacoma Rainiers,529,4458.0,1,night,Wednesday,2,7,July,15,0,,0,400-7,2,6,1.0,0.6206896551724138,0.4269662921348314,Clear,Clear,103.0,9,Out To LF,0,0,0,,0,,partial_assembled,0,8.402455513945814,10609.0,,8.345688979053671,0.05676653489214267,4211.9835976607155
20260709,2026-07-09,400,Las Vegas Aviators,Pacific Coast League,Las Vegas Ballpark,Tacoma Rainiers,529,4930.0,1,night,Thursday,3,7,July,15,0,,0,400-7,3,6,1.0,0.6136363636363636,0.4333333333333333,Clear,Clear,104.0,8,Out To CF,0,0,0,,0,,partial_assembled,0,8.503094267036737,10816.0,,8.439498534198906,0.06359573283783071,4626.234504394823
20260710,2026-07-10,400,Las Vegas Aviators,Pacific Coast League,Las Vegas Ballpark,Tacoma Rainiers,529,6932.0,1,night,Friday,4,7,July,16,1,,0,400-7,4,6,1.0,0.6067415730337079,0.4395604395604395,Clear,Clear,104.0,7,Out To CF,0,0,0,,0,,partial_assembled,0,8.843903650835497,10816.0,,8.74952043798456,0.09438321285093743,6307.662467330268
20260711,2026-07-11,400,Las Vegas Aviators,Pacific Coast League,Las Vegas Ballpark,Tacoma Rainiers,529,6783.0,1,night,Saturday,5,7,July,16,1,,0,400-7,5,6,1.0,0.6111111111111112,0.4347826086956521,Clear,Clear,103.0,7,Out To LF,0,0,0,,0,,partial_assembled,0,8.82217476094608,10609.0,,8.750914825195803,0.07125993575027678,6316.463926102264
20260712,2026-07-12,400,Las Vegas Aviators,Pacific Coast League,Las Vegas Ballpark,Tacoma Rainiers,529,4218.0,1,day,Sunday,6,7,July,16,1,,0,400-7,6,6,1.0,0.6153846153846154,0.4301075268817204,Sunny,Clear,101.0,6,Out To LF,0,0,0,,0,,partial_assembled,0,8.34711636103872,10201.0,,8.635816244453505,-0.28869988341478425,5629.727082905409
20260721,2026-07-21,400,Las Vegas Aviators,Pacific Coast League,Las Vegas Ballpark,El Paso Chihuahuas,4904,5097.0,1,night,Tuesday,1,7,July,17,0,,0,400-8,1,6,9.0,0.6,0.4479166666666667,Partly Cloudy,Cloudy,98.0,6,R To L,0,0,0,,0,,partial_assembled,0,8.536407410340042,9604.0,,8.513679278786547,0.02272813155349418,4982.4612696812765
20260722,2026-07-22,400,Las Vegas Aviators,Pacific Coast League,Las Vegas Ballpark,El Paso Chihuahuas,4904,4298.0,1,night,Wednesday,2,7,July,17,0,,0,400-8,2,6,1.0,0.6041666666666666,0.4432989690721649,Clear,Clear,103.0,4,Out To RF,0,0,0,,0,,partial_assembled,0,8.365905077202456,10609.0,,8.347974737734402,0.017930339468053447,4221.622187280557
20260723,2026-07-23,400,Las Vegas Aviators,Pacific Coast League,Las Vegas Ballpark,El Paso Chihuahuas,4904,5070.0,1,night,Thursday,3,7,July,17,0,,0,400-8,3,6,1.0,0.6082474226804123,0.4387755102040816,Clear,Clear,106.0,4,R To L,0,0,0,,0,,partial_assembled,0,8.531096096585228,11236.0,,8.38291229055924,0.14818380602598857,4371.722130031634
20260724,2026-07-24,400,Las Vegas Aviators,Pacific Coast League,Las Vegas Ballpark,El Paso Chihuahuas,4904,6259.0,1,night,Friday,4,7,July,18,1,,0,400-8,4,6,1.0,0.6122448979591837,0.4343434343434343,Clear,Clear,107.0,6,Out To CF,0,0,0,,0,,partial_assembled,0,8.7417757069247,11449.0,,8.66140051805679,0.08037518886790984,5775.617857950206
20260725,2026-07-25,400,Las Vegas Aviators,Pacific Coast League,Las Vegas Ballpark,El Paso Chihuahuas,4904,7877.0,1,night,Saturday,5,7,July,18,1,,0,400-8,5,6,1.0,0.6161616161616161,0.43,Clear,Clear,107.0,7,Out To RF,0,0,0,,0,,partial_assembled,0,8.971702399703325,11449.0,,8.635553476788271,0.33614892291505427,5628.247967004357
20260726,2026-07-26,400,Las Vegas Aviators,Pacific Coast League,Las Vegas Ballpark,El Paso Chihuahuas,4904,4962.0,1,night,Sunday,6,7,July,18,1,,0,400-8,6,6,1.0,0.61,0.4356435643564356,Partly Cloudy,Cloudy,106.0,9,Out To RF,0,0,0,,0,,partial_assembled,0,8.509564164251746,11236.0,,8.334321710994171,0.17524245325757448,4164.375948134054
20260804,2026-08-04,400,Las Vegas Aviators,Pacific Coast League,Las Vegas Ballpark,Tacoma Rainiers,529,4373.0,1,night,Tuesday,1,8,August,19,0,,0,400-9,1,12,9.0,0.5887850467289719,0.4128440366972477,Clear,Clear,105.0,8,Out To CF,0,0,0,,1,-10.0,partial_assembled,0,8.38320455141292,11025.0,-10.0,8.336022440413515,0.047182110999404614,4171.464450926261
20260805,2026-08-05,400,Las Vegas Aviators,Pacific Coast League,Las Vegas Ballpark,Tacoma Rainiers,529,4075.0,1,night,Wednesday,2,8,August,19,0,,0,400-9,2,12,1.0,0.5833333333333334,0.4181818181818181,Clear,Clear,106.0,7,Out To CF,0,0,0,,1,-9.0,partial_assembled,0,8.312626025674962,11236.0,-9.0,8.265446827511397,0.04717919816356542,3887.209501959886
20260806,2026-08-06,400,Las Vegas Aviators,Pacific Coast League,Las Vegas Ballpark,Tacoma Rainiers,529,4586.0,1,night,Thursday,3,8,August,19,0,,0,400-9,3,12,1.0,0.5779816513761468,0.4234234234234234,Partly Cloudy,Cloudy,101.0,5,Out To CF,0,0,0,,1,-8.0,partial_assembled,0,8.43076346341785,10201.0,-8.0,8.52282695092071,-0.09206348750285898,5028.248294857253
20260807,2026-08-07,400,Las Vegas Aviators,Pacific Coast League,Las Vegas Ballpark,Tacoma Rainiers,529,5528.0,1,night,Friday,4,8,August,20,1,,0,400-9,4,12,1.0,0.5818181818181818,0.4196428571428571,Partly Cloudy,Cloudy,104.0,4,Out To LF,0,0,0,,1,-7.0,partial_assembled,0,8.617581365447506,10816.0,-7.0,8.752145473184175,-0.1345641077366686,6324.242054814111
20260808,2026-08-08,400,Las Vegas Aviators,Pacific Coast League,Las Vegas Ballpark,Tacoma Rainiers,529,5387.0,1,night,Saturday,5,8,August,20,1,,0,400-9,5,12,1.0,0.5765765765765766,0.4247787610619469,Clear,Clear,107.0,4,Out To CF,0,0,0,,1,-6.0,partial_assembled,0,8.591743922680534,11449.0,-6.0,8.640198904313166,-0.04845498163263251,5654.454407960397
20260809,2026-08-09,400,Las Vegas Aviators,Pacific Coast League,Las Vegas Ballpark,Tacoma Rainiers,529,4585.0,1,night,Sunday,6,8,August,20,1,,0,400-9,6,12,1.0,0.5714285714285714,0.4298245614035088,Cloudy,Cloudy,102.0,5,L To R,0,0,0,,1,-5.0,partial_assembled,0,8.430545384690566,10404.0,-5.0,8.449841692119007,-0.019296307428440684,4674.332693232347
20260811,2026-08-11,400,Las Vegas Aviators,Pacific Coast League,Las Vegas Ballpark,Sacramento River Cats,105,4039.0,1,night,Tuesday,1,8,August,20,0,,0,400-9,7,12,2.0,0.5752212389380531,0.5714285714285714,Cloudy,Cloudy,95.0,7,Out To RF,0,0,0,,1,-4.0,partial_assembled,0,8.303752415563412,9025.0,-4.0,8.54645230542153,-0.24269988985811786,5148.456836828778
20260812,2026-08-12,400,Las Vegas Aviators,Pacific Coast League,Las Vegas Ballpark,Sacramento River Cats,105,4200.0,1,night,Wednesday,2,8,August,20,0,,0,400-9,8,12,1.0,0.5701754385964912,0.5752212389380531,Cloudy,Cloudy,88.0,6,Out To LF,0,0,0,,1,-3.0,partial_assembled,0,8.34283980427146,7744.0,-3.0,8.595803575200579,-0.25296377092911904,5408.913799234261
20260813,2026-08-13,400,Las Vegas Aviators,Pacific Coast League,Las Vegas Ballpark,Sacramento River Cats,105,5041.0,1,night,Thursday,3,8,August,20,0,,0,400-9,9,12,1.0,0.5652173913043478,0.5789473684210527,Partly Cloudy,Cloudy,86.0,5,Out To RF,0,0,0,,1,-2.0,partial_assembled,0,8.525359754082631,7396.0,-2.0,8.741359764275684,-0.21600001019305282,6256.397156314173
20260814,2026-08-14,400,Las Vegas Aviators,Pacific Coast League,Las Vegas Ballpark,Sacramento River Cats,105,6163.0,1,night,Friday,4,8,August,21,1,,0,400-9,10,12,1.0,0.5689655172413793,0.5739130434782609,Partly Cloudy,Cloudy,83.0,6,R To L,0,0,0,,1,-1.0,partial_assembled,0,8.726318950962243,6889.0,-1.0,9.080207517228889,-0.35388856626664555,8779.787795230039
20260815,2026-08-15,400,Las Vegas Aviators,Pacific Coast League,Las Vegas Ballpark,Sacramento River Cats,105,5888.0,1,night,Saturday,5,8,August,21,1,,0,400-9,11,12,1.0,0.5641025641025641,0.5775862068965517,Partly Cloudy,Cloudy,87.0,2,Out To CF,0,1,1,Bobblehead and baseball card hybrid giveaway,1,0.0,partial_assembled,0,8.680671660408713,7569.0,0.0,9.013429210559229,-0.3327575501505162,8212.635899655672
20260816,2026-08-16,400,Las Vegas Aviators,Pacific Coast League,Las Vegas Ballpark,Sacramento River Cats,105,5356.0,1,night,Sunday,6,8,August,21,1,,0,400-9,12,12,1.0,0.559322033898305,0.5811965811965812,Partly Cloudy,Cloudy,97.0,3,Out To LF,0,0,0,,1,1.0,partial_assembled,0,8.585972706811063,9409.0,1.0,8.513158212628385,0.07281449418267805,4979.865754005707
20260825,2026-08-25,400,Las Vegas Aviators,Pacific Coast League,Las Vegas Ballpark,Sugar Land Space Cowboys,5434,4546.0,1,night,Tuesday,1,8,August,22,0,,0,400-10,1,6,9.0,0.576,0.5238095238095238,Clear,Clear,101.0,3,Out To CF,0,0,0,,1,-3.0,partial_assembled,0,8.422003004412488,10201.0,-3.0,8.441394942941086,-0.019391938528597663,4635.016060029963
20260826,2026-08-26,400,Las Vegas Aviators,Pacific Coast League,Las Vegas Ballpark,Sugar Land Space Cowboys,5434,4551.0,1,night,Wednesday,2,8,August,22,0,,0,400-10,2,6,1.0,0.5793650793650794,0.5196850393700787,Clear,Clear,104.0,5,Out To RF,0,0,0,,1,-2.0,partial_assembled,0,8.423102268016642,10816.0,-2.0,8.319549552727025,0.10355271528961651,4103.311266554931
20260827,2026-08-27,400,Las Vegas Aviators,Pacific Coast League,Las Vegas Ballpark,Sugar Land Space Cowboys,5434,6151.0,1,night,Thursday,3,8,August,22,0,,0,400-10,3,6,1.0,0.5826771653543307,0.515625,Partly Cloudy,Cloudy,102.0,6,Out To RF,0,0,0,,1,-1.0,partial_assembled,0,8.724369949208368,10404.0,-1.0,8.492939889502912,0.23143005970545616,4880.192230185921
20260828,2026-08-28,400,Las Vegas Aviators,Pacific Coast League,Las Vegas Ballpark,Sugar Land Space Cowboys,5434,6279.0,1,night,Friday,4,8,August,23,1,,0,400-10,4,6,1.0,0.5859375,0.5116279069767442,Partly Cloudy,Cloudy,99.0,7,Out To RF,0,1,1,Blue Collar Button Down Shirt presented by LiUNA,1,0.0,partial_assembled,0,8.744966011114109,9801.0,0.0,8.875323538756284,-0.13035752764217534,7153.260450105979
20260829,2026-08-29,400,Las Vegas Aviators,Pacific Coast League,Las Vegas Ballpark,Sugar Land Space Cowboys,5434,6369.0,1,night,Saturday,5,8,August,23,1,,0,400-10,5,6,1.0,0.5813953488372093,0.5153846153846153,Partly Cloudy,Cloudy,97.0,9,Out To CF,0,1,1,"Giveaway Surprise Night, item unspecified, first 2000 fans",1,0.0,partial_assembled,0,8.759197750371365,9409.0,0.0,8.895299517831873,-0.13610176746050762,7297.590599780946
20260830,2026-08-30,400,Las Vegas Aviators,Pacific Coast League,Las Vegas Ballpark,Sugar Land Space Cowboys,5434,10640.0,1,night,Sunday,6,8,August,23,1,,0,400-10,6,6,1.0,0.5769230769230769,0.5190839694656488,Partly Cloudy,Cloudy,94.0,10,Out To CF,0,0,0,,1,1.0,partial_assembled,0,9.272375762895635,8836.0,1.0,8.623990764721322,0.648384998174313,5563.544948385535
20260327,2026-03-27,1410,Lehigh Valley IronPigs,International League,Coca-Cola Park,Toledo Mud Hens,512,7459.0,1,night,Friday,4,3,March,1,1,,0,1410-1,1,3,1.0,1.0,0.0,Partly Cloudy,Cloudy,43.0,8,L To R,0,1,1,Drinking Glass presented by Service Electric Network,1,0.0,full_season_release,1,8.917176635955164,1849.0,0.0,8.768162361115376,0.14901427483978757,6426.352292227187
20260328,2026-03-28,1410,Lehigh Valley IronPigs,International League,Coca-Cola Park,Toledo Mud Hens,512,6740.0,1,day,Saturday,5,3,March,1,1,,0,1410-1,2,3,1.0,1.0,0.0,Sunny,Clear,45.0,18,L To R,0,1,1,"2026 IronPigs Magnet Schedule, first 5000 fans",1,0.0,full_season_release,1,8.815815203906352,2025.0,0.0,8.961756674433195,-0.14594147052684292,7799.045820060532
20260329,2026-03-29,1410,Lehigh Valley IronPigs,International League,Coca-Cola Park,Toledo Mud Hens,512,5003.0,1,day,Sunday,6,3,March,1,1,,0,1410-1,3,3,1.0,1.0,0.0,Sunny,Clear,50.0,11,Out To CF,0,0,0,,1,1.0,full_season_release,1,8.517793011488205,2500.0,1.0,8.746800597925056,-0.22900758643685037,6290.529943693377
20260407,2026-04-07,1410,Lehigh Valley IronPigs,International League,Coca-Cola Park,Rochester Red Wings,534,4851.0,1,night,Tuesday,1,4,April,2,0,,0,1410-2,1,6,9.0,0.7,0.5,Clear,Clear,43.0,12,L To R,0,0,0,,0,,full_season_release,1,8.486940148245216,1849.0,,8.232357408188717,0.25458274005649884,3760.688789067403
20260408,2026-04-08,1410,Lehigh Valley IronPigs,International League,Coca-Cola Park,Rochester Red Wings,534,4304.0,1,night,Wednesday,2,4,April,2,0,,0,1410-2,2,6,1.0,0.6363636363636364,0.5454545454545454,Clear,Clear,49.0,12,Out To CF,0,0,0,,0,,full_season_release,1,8.36730010184162,2401.0,,8.348376419795018,0.018923682046601442,4223.318277801649
20260409,2026-04-09,1410,Lehigh Valley IronPigs,International League,Coca-Cola Park,Rochester Red Wings,534,4319.0,1,night,Thursday,3,4,April,2,0,,0,1410-2,3,6,1.0,0.6666666666666666,0.5,Clear,Clear,57.0,10,Varies,0,0,0,,0,,full_season_release,1,8.3707791729607,3249.0,,8.612501953014933,-0.2417227800542321,5499.9921998745685
20260410,2026-04-10,1410,Lehigh Valley IronPigs,International League,Coca-Cola Park,Rochester Red Wings,534,7494.0,1,night,Friday,4,4,April,3,1,,0,1410-2,4,6,1.0,0.6923076923076923,0.4615384615384615,Partly Cloudy,Cloudy,68.0,8,Varies,0,0,0,,0,,full_season_release,1,8.921857979353632,4624.0,,9.0267806393696,-0.1049226600159674,8323.02158675642
20260411,2026-04-11,1410,Lehigh Valley IronPigs,International League,Coca-Cola Park,Rochester Red Wings,534,6955.0,1,night,Saturday,5,4,April,3,1,,0,1410-2,5,6,1.0,0.6428571428571429,0.5,Clear,Clear,61.0,9,Varies,0,0,0,,0,,full_season_release,1,8.847216104357543,3721.0,,8.95248437910245,-0.1052682747449083,7727.06499337517
20260412,2026-04-12,1410,Lehigh Valley IronPigs,International League,Coca-Cola Park,Rochester Red Wings,534,7776.0,1,day,Sunday,6,4,April,3,1,,0,1410-2,6,6,1.0,0.6,0.5333333333333333,Sunny,Clear,62.0,7,Out To CF,0,0,0,,0,,full_season_release,1,8.958797346140274,3844.0,,8.803095551818645,0.15570179432162945,6654.812471326874
20260421,2026-04-21,1410,Lehigh Valley IronPigs,International League,Coca-Cola Park,Durham Bulls,234,4119.0,1,night,Tuesday,1,4,April,4,0,,0,1410-3,1,5,9.0,0.5454545454545454,0.3636363636363636,Partly Cloudy,Cloudy,56.0,6,Varies,0,0,0,,1,-1.0,full_season_release,1,8.323365694436081,3136.0,-1.0,8.545997708891504,-0.22263201445542258,5146.11689812007
20260422,2026-04-22,1410,Lehigh Valley IronPigs,International League,Coca-Cola Park,Durham Bulls,234,4845.0,1,night,Wednesday,2,4,April,4,0,,0,1410-3,2,5,1.0,0.5652173913043478,0.3478260869565217,Clear,Clear,66.0,4,Calm,0,1,1,Rubix Cube presented by US Cold Storage,1,0.0,full_season_release,1,8.485702524324866,4356.0,0.0,8.612925435575724,-0.1272229112508576,5502.321843902695
20260423,2026-04-23,1410,Lehigh Valley IronPigs,International League,Coca-Cola Park,Durham Bulls,234,5223.0,1,night,Thursday,3,4,April,4,0,,0,1410-3,3,5,1.0,0.5833333333333334,0.3333333333333333,Clear,Clear,74.0,4,Calm,0,0,0,,1,1.0,full_season_release,1,8.560827228436299,5476.0,1.0,8.754784118862323,-0.1939568904260245,6340.951524269387
20260424,2026-04-24,1410,Lehigh Valley IronPigs,International League,Coca-Cola Park,Durham Bulls,234,8345.0,1,night,Friday,4,4,April,5,1,,0,1410-3,4,5,1.0,0.56,0.36,Partly Cloudy,Cloudy,73.0,2,Calm,0,0,0,,1,2.0,full_season_release,1,9.029417836095936,5329.0,2.0,9.067041461128722,-0.03762362503278638,8664.95025419597
20260426,2026-04-26,1410,Lehigh Valley IronPigs,International League,Coca-Cola Park,Durham Bulls,234,8812.0,2,day,Sunday,6,4,April,5,1,,0,1410-3,5,5,2.0,0.5925925925925926,0.3333333333333333,Partly Cloudy,Cloudy,53.0,11,In From CF,0,0,0,,1,3.0,full_season_release,1,9.083869707922235,2809.0,3.0,8.687882652163315,0.3959870557589191,5930.611771371935
20260505,2026-05-05,1410,Lehigh Valley IronPigs,International League,Coca-Cola Park,Buffalo Bisons,422,10000.0,1,day,Tuesday,1,5,May,6,0,,0,1410-4,1,6,9.0,0.5294117647058824,0.4411764705882353,Sunny,Clear,73.0,7,Out To CF,0,0,0,,1,-2.0,full_season_release,1,9.210340371976184,5329.0,-2.0,9.056752954906909,0.15358741706927503,8576.257897887768
20260506,2026-05-06,1410,Lehigh Valley IronPigs,International League,Coca-Cola Park,Buffalo Bisons,422,5432.0,1,night,Wednesday,2,5,May,6,0,,0,1410-4,2,6,1.0,0.5142857142857142,0.4571428571428571,Cloudy,Cloudy,65.0,6,Out To CF,0,0,0,,1,-1.0,full_season_release,1,8.600062669238532,4225.0,-1.0,8.819252687936958,-0.21919001869842525,6763.208508952513
20260507,2026-05-07,1410,Lehigh Valley IronPigs,International League,Coca-Cola Park,Buffalo Bisons,422,5901.0,1,night,Thursday,3,5,May,6,0,,0,1410-4,3,6,1.0,0.5,0.4722222222222222,Clear,Clear,63.0,4,Calm,0,1,1,Scrub Jersey presented by St. Luke's University Health Network,1,0.0,full_season_release,1,8.682877107057168,3969.0,0.0,8.924338961450898,-0.24146185439373014,7512.615562727182
20260508,2026-05-08,1410,Lehigh Valley IronPigs,International League,Coca-Cola Park,Buffalo Bisons,422,7838.0,1,night,Friday,4,5,May,7,1,,0,1410-4,4,6,1.0,0.5135135135135135,0.4594594594594595,Overcast,Cloudy,61.0,2,Calm,0,0,0,,1,1.0,full_season_release,1,8.966738978759576,3721.0,1.0,9.210899768393372,-0.24416078963379562,10005.595529085434
20260509,2026-05-09,1410,Lehigh Valley IronPigs,International League,Coca-Cola Park,Buffalo Bisons,422,8525.0,1,night,Saturday,5,5,May,7,1,,0,1410-4,5,6,1.0,0.5,0.4736842105263157,Partly Cloudy,Cloudy,60.0,4,Calm,0,0,0,,1,-1.0,full_season_release,1,9.050758302151717,3600.0,-1.0,9.175757119674559,-0.12499881752284203,9660.079139565009
20260510,2026-05-10,1410,Lehigh Valley IronPigs,International League,Coca-Cola Park,Buffalo Bisons,422,8725.0,1,day,Sunday,6,5,May,7,1,Mother's Day,1,1410-4,6,6,1.0,0.4871794871794871,0.4871794871794871,Partly Cloudy,Cloudy,69.0,11,Varies,0,1,1,"Wine Tumbler, first 1500 women 18 and over",1,0.0,full_season_release,1,9.073947747070628,4761.0,0.0,9.159333407208088,-0.08538566013745985,9502.720520849092
20260519,2026-05-19,1410,Lehigh Valley IronPigs,International League,Coca-Cola Park,Scranton/Wilkes-Barre RailRiders,531,6659.0,1,night,Tuesday,1,5,May,8,0,,0,1410-5,1,6,9.0,0.4347826086956521,0.5454545454545454,Clear,Clear,88.0,8,Varies,0,1,1,Umbrella presented by The Morning Call,1,0.0,full_season_release,1,8.803724602110622,7744.0,0.0,8.806735018308075,-0.003010416197453125,6679.0765657059665
20260520,2026-05-20,1410,Lehigh Valley IronPigs,International League,Coca-Cola Park,Scranton/Wilkes-Barre RailRiders,531,10000.0,1,day,Wednesday,2,5,May,8,0,,0,1410-5,2,6,1.0,0.4468085106382978,0.5333333333333333,Sunny,Clear,84.0,11,L To R,0,0,0,,1,1.0,full_season_release,1,9.210340371976184,7056.0,1.0,8.974369162598599,0.23597120937758476,7898.034125373052
20260521,2026-05-21,1410,Lehigh Valley IronPigs,International League,Coca-Cola Park,Scranton/Wilkes-Barre RailRiders,531,7353.0,1,night,Thursday,3,5,May,8,0,,0,1410-5,3,6,1.0,0.4375,0.5434782608695652,Cloudy,Cloudy,59.0,2,Calm,0,0,0,,1,2.0,full_season_release,1,8.902863672196222,3481.0,2.0,8.887810316634992,0.01505335556123022,7243.141619705001
20260522,2026-05-22,1410,Lehigh Valley IronPigs,International League,Coca-Cola Park,Scranton/Wilkes-Barre RailRiders,531,8688.0,1,night,Friday,4,5,May,9,1,,0,1410-5,4,6,1.0,0.4489795918367347,0.5319148936170213,Cloudy,Cloudy,63.0,10,R To L,0,0,0,,1,-2.0,full_season_release,1,9.069698042173716,3969.0,-2.0,9.240084282370987,-0.17038624019727067,10301.906790454357
20260523,2026-05-23,1410,Lehigh Valley IronPigs,International League,Coca-Cola Park,Scranton/Wilkes-Barre RailRiders,531,6998.0,1,night,Saturday,5,5,May,9,1,,0,1410-5,5,6,1.0,0.46,0.5208333333333334,Rain,Precipitation,49.0,15,Varies,1,0,0,,1,-1.0,full_season_release,1,8.853379672927634,2401.0,-1.0,9.030998913700536,-0.17761924077290203,8358.204528551847
20260524,2026-05-24,1410,Lehigh Valley IronPigs,International League,Coca-Cola Park,Scranton/Wilkes-Barre RailRiders,531,8088.0,1,night,Sunday,6,5,May,9,1,,0,1410-5,6,6,1.0,0.4509803921568627,0.5306122448979592,Cloudy,Cloudy,58.0,11,Varies,0,1,1,Memorial Day Cap presented by Nacci Printing,1,0.0,full_season_release,1,8.998136760700307,3364.0,0.0,8.82405827596237,0.17407848473793663,6795.787921696205
20260602,2026-06-02,1410,Lehigh Valley IronPigs,International League,Coca-Cola Park,Rochester Red Wings,534,6142.0,1,night,Tuesday,1,6,June,10,0,,0,1410-6,1,6,9.0,0.4655172413793103,0.6140350877192983,Clear,Clear,74.0,10,Varies,0,0,0,,1,-1.0,full_season_release,1,8.722905701000768,5476.0,-1.0,9.017447973544057,-0.29454227254328913,8245.706944653468
20260603,2026-06-03,1410,Lehigh Valley IronPigs,International League,Coca-Cola Park,Rochester Red Wings,534,6409.0,1,night,Wednesday,2,6,June,10,0,,0,1410-6,2,6,1.0,0.4576271186440678,0.6206896551724138,Clear,Clear,82.0,3,Calm,0,1,1,Aidan Miller Bobblehead presented by St. Luke's,1,0.0,full_season_release,1,8.765458531504226,6724.0,0.0,8.942763974571685,-0.17730544306745877,7652.318666611547
20260604,2026-06-04,1410,Lehigh Valley IronPigs,International League,Coca-Cola Park,Rochester Red Wings,534,7345.0,1,night,Thursday,3,6,June,10,0,,0,1410-6,3,6,1.0,0.45,0.6271186440677966,Clear,Clear,84.0,8,Varies,0,1,1,Ice Cream Cap presented by Lehigh Valley Health Network,1,0.0,full_season_release,1,8.901775088607979,7056.0,0.0,9.046515476004952,-0.1447403873969737,8488.906530402017
20260605,2026-06-05,1410,Lehigh Valley IronPigs,International League,Coca-Cola Park,Rochester Red Wings,534,9059.0,1,night,Friday,4,6,June,11,1,,0,1410-6,4,6,1.0,0.4590163934426229,0.6166666666666667,Clear,Clear,86.0,8,L To R,0,0,0,,1,1.0,full_season_release,1,9.111514017669288,7396.0,1.0,9.333287325973467,-0.2217733083041793,11308.244336404823
20260606,2026-06-06,1410,Lehigh Valley IronPigs,International League,Coca-Cola Park,Rochester Red Wings,534,9875.0,1,night,Saturday,5,6,June,11,1,,0,1410-6,5,6,1.0,0.4677419354838709,0.6065573770491803,Partly Cloudy,Cloudy,67.0,4,Calm,0,1,1,"Rally Towel presented by Shammy Shine, first 5000 fans",1,0.0,full_season_release,1,9.197761589769323,4489.0,0.0,9.360803139936236,-0.16304155016691269,11623.720268157353
20260607,2026-06-07,1410,Lehigh Valley IronPigs,International League,Coca-Cola Park,Rochester Red Wings,534,9812.0,1,day,Sunday,6,6,June,11,1,,0,1410-6,6,6,1.0,0.4603174603174603,0.6129032258064516,Sunny,Clear,82.0,7,Varies,0,0,0,,1,1.0,full_season_release,1,9.19136140537838,6724.0,1.0,9.180011083496899,0.011350321881481662,9701.26029621906
20260616,2026-06-16,1410,Lehigh Valley IronPigs,International League,Coca-Cola Park,Worcester Red Sox,533,7786.0,1,night,Tuesday,1,6,June,12,0,,0,1410-7,1,12,9.0,0.4571428571428571,0.5151515151515151,Clear,Clear,73.0,2,Calm,0,0,0,,1,-1.0,full_season_release,1,8.960082528170402,5329.0,-1.0,9.022873889428249,-0.06279136125784746,8290.569055898095
20260617,2026-06-17,1410,Lehigh Valley IronPigs,International League,Coca-Cola Park,Worcester Red Sox,533,7192.0,1,night,Wednesday,2,6,June,12,0,,0,1410-7,2,12,1.0,0.4507042253521127,0.5223880597014925,Partly Cloudy,Cloudy,78.0,2,Calm,0,1,1,Soccer Youth Cap presented by Berks Packings,1,0.0,full_season_release,1,8.880724576151456,6084.0,0.0,8.971838341566954,-0.0911137654154981,7878.07088684734
20260618,2026-06-18,1410,Lehigh Valley IronPigs,International League,Coca-Cola Park,Worcester Red Sox,533,6755.0,1,night,Thursday,3,6,June,12,0,,0,1410-7,3,12,1.0,0.4583333333333333,0.5147058823529411,Partly Cloudy,Cloudy,84.0,18,Out To CF,0,1,1,Duffle Bag presented by Air Products,1,0.0,full_season_release,1,8.818038250394299,7056.0,0.0,9.049391197872891,-0.2313529474785927,8513.35339889604
20260619,2026-06-19,1410,Lehigh Valley IronPigs,International League,Coca-Cola Park,Worcester Red Sox,533,10000.0,1,night,Friday,4,6,June,13,1,,0,1410-7,4,12,1.0,0.4657534246575342,0.5072463768115942,Partly Cloudy,Cloudy,7.0,11,Varies,0,0,0,,1,1.0,full_season_release,1,9.210340371976184,49.0,1.0,7.413496676352263,1.7968436956239202,1658.2144606782879
20260620,2026-06-20,1410,Lehigh Valley IronPigs,International League,Coca-Cola Park,Worcester Red Sox,533,10000.0,1,night,Saturday,5,6,June,13,1,,0,1410-7,5,12,1.0,0.4729729729729729,0.5,Clear,Clear,76.0,6,Varies,0,0,0,,1,-1.0,full_season_release,1,9.210340371976184,5776.0,-1.0,9.379198232829454,-0.16885786085327048,11839.518410589393
20260621,2026-06-21,1410,Lehigh Valley IronPigs,International League,Coca-Cola Park,Worcester Red Sox,533,10000.0,1,day,Sunday,6,6,June,13,1,Father's Day,1,1410-7,6,12,1.0,0.4666666666666667,0.5070422535211268,Sunny,Clear,79.0,12,L To R,0,1,1,"Necktie presented by Capital Blue Cross, first 1500 men",1,0.0,full_season_release,1,9.210340371976184,6241.0,0.0,9.278352685175447,-0.06801231319926337,10703.784881812451
20260623,2026-06-23,1410,Lehigh Valley IronPigs,International League,Coca-Cola Park,Syracuse Mets,552,6165.0,1,night,Tuesday,1,6,June,13,0,,0,1410-7,7,12,2.0,0.4605263157894737,0.5131578947368421,Clear,Clear,74.0,7,Varies,0,1,1,Clack Fans presented by The Novus Foundation,1,0.0,full_season_release,1,8.726643415598444,5476.0,0.0,8.995063312468604,-0.2684198968701601,8063.1801115606595
20260624,2026-06-24,1410,Lehigh Valley IronPigs,International League,Coca-Cola Park,Syracuse Mets,552,5959.0,1,night,Wednesday,2,6,June,13,0,,0,1410-7,8,12,1.0,0.4545454545454545,0.5194805194805194,Clear,Clear,81.0,2,Calm,0,0,0,,1,1.0,full_season_release,1,8.69265796074698,6561.0,1.0,8.903224126231866,-0.21056616548488627,7355.650896258511
20260625,2026-06-25,1410,Lehigh Valley IronPigs,International League,Coca-Cola Park,Syracuse Mets,552,6535.0,1,night,Thursday,3,6,June,13,0,,0,1410-7,9,12,1.0,0.4615384615384615,0.5128205128205128,Cloudy,Cloudy,80.0,9,Out To CF,0,1,1,Margaritaville Cap presented by Coca-Cola,1,0.0,full_season_release,1,8.784927626058323,6400.0,0.0,9.028827646201245,-0.243900020142922,8340.076318425285
20260626,2026-06-26,1410,Lehigh Valley IronPigs,International League,Coca-Cola Park,Syracuse Mets,552,9305.0,1,night,Friday,4,6,June,14,1,,0,1410-7,10,12,1.0,0.4556962025316455,0.5189873417721519,Partly Cloudy,Cloudy,80.0,9,Varies,0,1,1,Corn Cob Holder presented by Newhard Farms Cornshed,1,0.0,full_season_release,1,9.13830716907635,6400.0,0.0,9.338666042383037,-0.200358873306687,11369.232046544996
20260627,2026-06-27,1410,Lehigh Valley IronPigs,International League,Coca-Cola Park,Syracuse Mets,552,9300.0,1,night,Saturday,5,6,June,14,1,,0,1410-7,11,12,1.0,0.4625,0.5125,Overcast,Cloudy,69.0,2,Calm,0,1,1,T-Shirt presented by Teamsters Local 773,1,0.0,full_season_release,1,9.137769679141348,4761.0,0.0,9.323716052235582,-0.18594637309423412,11200.526355834776
20260628,2026-06-28,1410,Lehigh Valley IronPigs,International League,Coca-Cola Park,Syracuse Mets,552,8929.0,1,day,Sunday,6,6,June,14,1,,0,1410-7,12,12,1.0,0.4567901234567901,0.5185185185185185,Sunny,Clear,79.0,2,Calm,0,1,1,TBA presented by Hatfield,1,0.0,full_season_release,1,9.097059685517216,6241.0,0.0,9.15231134043014,-0.05525165491292405,9436.225522175662
20260707,2026-07-07,1410,Lehigh Valley IronPigs,International League,Coca-Cola Park,Columbus Clippers,445,8121.0,1,day,Tuesday,1,7,July,15,0,,0,1410-8,1,6,9.0,0.4772727272727273,0.5517241379310345,Cloudy,Cloudy,69.0,7,In From CF,0,0,0,,1,-2.0,full_season_release,1,9.002208578282412,4761.0,-2.0,9.17195008059002,-0.16974150230760898,9623.37275637248
20260708,2026-07-08,1410,Lehigh Valley IronPigs,International League,Coca-Cola Park,Columbus Clippers,445,6305.0,1,night,Wednesday,2,7,July,15,0,,0,1410-8,2,6,1.0,0.4719101123595505,0.5568181818181818,Clear,Clear,84.0,4,Calm,0,0,0,,1,-1.0,full_season_release,1,8.74909824839902,7056.0,-1.0,8.922153698466182,-0.17305545006716194,7496.216446736126
20260709,2026-07-09,1410,Lehigh Valley IronPigs,International League,Coca-Cola Park,Columbus Clippers,445,7660.0,1,night,Thursday,3,7,July,15,0,,0,1410-8,3,6,1.0,0.4777777777777778,0.550561797752809,Cloudy,Cloudy,79.0,4,Calm,0,1,1,Rubber Duck presented by Lehigh Valley Reilly Children's Hospital,1,0.0,full_season_release,1,8.943767262734637,6241.0,0.0,9.078333221280268,-0.1345659585456307,8763.347286538043
20260710,2026-07-10,1410,Lehigh Valley IronPigs,International League,Coca-Cola Park,Columbus Clippers,445,8959.0,1,night,Friday,4,7,July,16,1,,0,1410-8,4,6,1.0,0.4725274725274725,0.5555555555555556,Overcast,Cloudy,79.0,2,Calm,0,0,0,,1,1.0,full_season_release,1,9.100413892597578,6241.0,1.0,9.388112463605383,-0.28769857100780527,11945.530415710338
20260711,2026-07-11,1410,Lehigh Valley IronPigs,International League,Coca-Cola Park,Columbus Clippers,445,10000.0,1,night,Saturday,5,7,July,16,1,,0,1410-8,5,6,1.0,0.4782608695652174,0.5494505494505495,Partly Cloudy,Cloudy,80.0,7,R To L,0,1,1,Pickleball Paddle presented by St. Luke's,1,0.0,full_season_release,1,9.210340371976184,6400.0,0.0,9.356453143479419,-0.1461127715032351,11573.266941630085
20260712,2026-07-12,1410,Lehigh Valley IronPigs,International League,Coca-Cola Park,Columbus Clippers,445,7488.0,1,day,Sunday,6,7,July,16,1,,0,1410-8,6,6,1.0,0.4838709677419355,0.5434782608695652,Sunny,Clear,83.0,2,Calm,0,0,0,,1,1.0,full_season_release,1,8.921057018157429,6889.0,1.0,9.167162529271616,-0.24610551111418744,9577.410476622119
20260729,2026-07-29,1410,Lehigh Valley IronPigs,International League,Coca-Cola Park,Buffalo Bisons,422,6560.0,1,night,Wednesday,2,7,July,18,0,,0,1410-9,1,5,14.0,0.4660194174757281,0.4854368932038835,Partly Cloudy,Cloudy,75.0,4,Varies,0,1,1,Festers Cap presented by Service Electric Network,1,0.0,full_season_release,1,8.788745881938135,5625.0,0.0,8.939604745612948,-0.15085886367481294,7628.181387549637
20260730,2026-07-30,1410,Lehigh Valley IronPigs,International League,Coca-Cola Park,Buffalo Bisons,422,7171.0,2,night,Thursday,3,7,July,18,0,,0,1410-9,2,5,1.0,0.4666666666666667,0.4857142857142857,Partly Cloudy,Cloudy,76.0,2,Calm,0,0,0,,1,1.0,full_season_release,1,8.877800393882575,5776.0,1.0,9.10260701058532,-0.22480661670274493,8978.669705160388
20260731,2026-07-31,1410,Lehigh Valley IronPigs,International League,Coca-Cola Park,Buffalo Bisons,422,10000.0,1,night,Friday,4,7,July,19,1,,0,1410-9,3,5,1.0,0.4716981132075472,0.4811320754716981,Clear,Clear,83.0,2,Calm,0,0,0,,1,2.0,full_season_release,1,9.210340371976184,6889.0,2.0,9.372023693638251,-0.16168332166206767,11754.87930808587
20260801,2026-08-01,1410,Lehigh Valley IronPigs,International League,Coca-Cola Park,Buffalo Bisons,422,10000.0,1,night,Saturday,5,8,August,19,1,,0,1410-9,4,5,1.0,0.4766355140186916,0.4766355140186916,Partly Cloudy,Cloudy,84.0,9,Out To CF,0,0,0,,1,3.0,full_season_release,1,9.210340371976184,7056.0,3.0,9.334272809599057,-0.12393243762287298,11319.393918995698
20260802,2026-08-02,1410,Lehigh Valley IronPigs,International League,Coca-Cola Park,Buffalo Bisons,422,7605.0,1,day,Sunday,6,8,August,19,1,,0,1410-9,5,5,1.0,0.4722222222222222,0.4814814814814814,Cloudy,Cloudy,82.0,11,Varies,0,0,0,,1,4.0,full_season_release,1,8.936561204693394,6724.0,4.0,9.185910324375838,-0.249349119682444,9758.659506958349
20260811,2026-08-11,1410,Lehigh Valley IronPigs,International League,Coca-Cola Park,Scranton/Wilkes-Barre RailRiders,531,8497.0,1,night,Tuesday,1,8,August,20,0,,0,1410-10,1,6,9.0,0.4695652173913043,0.5446428571428571,Partly Cloudy,Cloudy,82.0,5,Varies,0,1,1,Collapsible Dog Bowl presented by Abby Road Veterinary Hospital,1,0.0,full_season_release,1,9.047468439003541,6724.0,0.0,8.980169465328853,0.06729897367468851,7943.9782303227685
20260812,2026-08-12,1410,Lehigh Valley IronPigs,International League,Coca-Cola Park,Scranton/Wilkes-Barre RailRiders,531,7404.0,1,night,Wednesday,2,8,August,20,0,,0,1410-10,2,6,1.0,0.4741379310344827,0.5398230088495575,Cloudy,Cloudy,83.0,8,Out To CF,0,0,0,,1,1.0,full_season_release,1,8.909775673693389,6889.0,1.0,8.929055609527026,-0.019279935833637296,7548.133623718011
20260813,2026-08-13,1410,Lehigh Valley IronPigs,International League,Coca-Cola Park,Scranton/Wilkes-Barre RailRiders,531,7959.0,1,night,Thursday,3,8,August,20,0,,0,1410-10,3,6,1.0,0.4700854700854701,0.543859649122807,Cloudy,Cloudy,79.0,2,Calm,0,1,1,Chris P. Bacon Bobblehead presented by Provident Bank,1,0.0,full_season_release,1,8.98205864280585,6241.0,0.0,9.077404827093599,-0.09534618428774877,8755.215221326587
20260814,2026-08-14,1410,Lehigh Valley IronPigs,International League,Coca-Cola Park,Scranton/Wilkes-Barre RailRiders,531,10000.0,1,night,Friday,4,8,August,21,1,,0,1410-10,4,6,1.0,0.4745762711864407,0.5391304347826087,Partly Cloudy,Cloudy,85.0,2,Calm,0,0,0,,1,1.0,full_season_release,1,9.210340371976184,7225.0,1.0,9.338891706491074,-0.12855133451489031,11371.797963660649
20260815,2026-08-15,1410,Lehigh Valley IronPigs,International League,Coca-Cola Park,Scranton/Wilkes-Barre RailRiders,531,10000.0,1,night,Saturday,5,8,August,21,1,,0,1410-10,5,6,1.0,0.4789915966386555,0.5344827586206896,Clear,Clear,83.0,8,R To L,0,1,1,TBA presented by Lehigh Valley Health Network,1,0.0,full_season_release,1,9.210340371976184,6889.0,0.0,9.332242029534644,-0.12190165755846039,11296.430044664912
20260825,2026-08-25,1410,Lehigh Valley IronPigs,International League,Coca-Cola Park,Syracuse Mets,552,6912.0,1,night,Tuesday,1,8,August,22,0,,0,1410-11,1,5,10.0,0.488,0.5079365079365079,Partly Cloudy,Cloudy,75.0,4,Varies,0,1,1,Patriotic Hambone Poster,1,0.0,full_season_release,1,8.841014310483892,5625.0,0.0,9.007451712412403,-0.1664374019285102,8163.6913126085
20260826,2026-08-26,1410,Lehigh Valley IronPigs,International League,Coca-Cola Park,Syracuse Mets,552,6048.0,1,night,Wednesday,2,8,August,22,0,,0,1410-11,2,5,1.0,0.4841269841269841,0.5118110236220472,Partly Cloudy,Cloudy,80.0,5,Varies,0,0,0,,1,1.0,full_season_release,1,8.70748291785937,6400.0,1.0,8.950490310586042,-0.24300739272667293,7711.672048741366
20260828,2026-08-28,1410,Lehigh Valley IronPigs,International League,Coca-Cola Park,Syracuse Mets,552,10000.0,1,night,Friday,4,8,August,23,1,,0,1410-11,3,5,2.0,0.4881889763779528,0.5078125,Clear,Clear,80.0,3,Calm,0,1,1,Clear Tote Bag presented by AARP Lehigh Valley,1,0.0,full_season_release,1,9.210340371976184,6400.0,0.0,9.384192146567111,-0.17385177459092738,11898.791824198746
20260829,2026-08-29,1410,Lehigh Valley IronPigs,International League,Coca-Cola Park,Syracuse Mets,552,10000.0,2,night,Saturday,5,8,August,23,1,,0,1410-11,4,5,1.0,0.4806201550387597,0.5153846153846153,Clear,Clear,76.0,4,Varies,0,0,0,,1,1.0,full_season_release,1,9.210340371976184,5776.0,1.0,9.380172097329261,-0.16983172535307745,11851.054113458313
20260830,2026-08-30,1410,Lehigh Valley IronPigs,International League,Coca-Cola Park,Syracuse Mets,552,9377.0,1,day,Sunday,6,8,August,23,1,,0,1410-11,5,5,1.0,0.4769230769230769,0.5190839694656488,Cloudy,Cloudy,74.0,4,Calm,0,0,0,,1,2.0,full_season_release,1,9.146015161419625,5476.0,2.0,9.217230868444759,-0.07121570702513402,10069.14290559004
20260327,2026-03-27,416,Louisville Bats,International League,Louisville Slugger Field,Omaha Storm Chasers,541,4274.0,1,night,Friday,4,3,March,1,1,,0,416-1,1,9,1.0,1.0,0.0,Cloudy,Cloudy,47.0,13,In From LF,0,0,0,,0,,partial_assembled,0,8.360305435879093,2209.0,,8.150378783797652,0.20992665208144068,3464.691185843865
20260328,2026-03-28,416,Louisville Bats,International League,Louisville Slugger Field,Omaha Storm Chasers,541,3240.0,1,day,Saturday,5,3,March,1,1,,0,416-1,2,9,1.0,1.0,0.0,Sunny,Clear,47.0,7,L To R,0,0,0,,0,,partial_assembled,0,8.083328608786376,2209.0,,8.290763597435719,-0.20743498864934296,3986.877401851701
20260329,2026-03-29,416,Louisville Bats,International League,Louisville Slugger Field,Omaha Storm Chasers,541,3135.0,1,day,Sunday,6,3,March,1,1,,0,416-1,3,9,1.0,1.0,0.0,Sunny,Clear,66.0,13,Out To CF,0,0,0,,0,,partial_assembled,0,8.050384453067021,4356.0,,8.248945398712266,-0.1985609456452444,3823.591330083466
20260331,2026-03-31,416,Louisville Bats,International League,Louisville Slugger Field,Iowa Cubs,451,3062.0,1,night,Tuesday,1,3,March,1,0,,0,416-1,4,9,2.0,1.0,0.25,Cloudy,Cloudy,82.0,19,Out To RF,0,0,0,,0,,partial_assembled,0,8.026823576217629,6724.0,,8.007682127921811,0.019141448295817654,3003.9462740539525
20260401,2026-04-01,416,Louisville Bats,International League,Louisville Slugger Field,Iowa Cubs,451,2153.0,1,day,Wednesday,2,4,April,1,0,,0,416-1,5,9,1.0,0.8,0.4,Cloudy,Cloudy,78.0,11,R To L,0,0,0,,0,,partial_assembled,0,7.674617497364363,6084.0,,8.003726742232764,-0.3291092448684019,2992.087975483454
20260402,2026-04-02,416,Louisville Bats,International League,Louisville Slugger Field,Iowa Cubs,451,2929.0,1,night,Thursday,3,4,April,1,0,,0,416-1,6,9,1.0,0.6666666666666666,0.5,Partly Cloudy,Cloudy,81.0,18,Out To RF,0,0,0,,0,,partial_assembled,0,7.982416346827733,6561.0,,7.961129266115244,0.021287080712489193,2867.309079923928
20260403,2026-04-03,416,Louisville Bats,International League,Louisville Slugger Field,Iowa Cubs,451,3770.0,1,night,Friday,4,4,April,2,1,,0,416-1,7,9,1.0,0.5714285714285714,0.5714285714285714,Partly Cloudy,Cloudy,82.0,11,R To L,0,0,0,,0,,partial_assembled,0,8.234830280442056,6724.0,,8.276856257446848,-0.04202597700479238,3931.814320323225
20260404,2026-04-04,416,Louisville Bats,International League,Louisville Slugger Field,Iowa Cubs,451,4319.0,1,day,Saturday,5,4,April,2,1,,0,416-1,8,9,1.0,0.5,0.625,Partly Cloudy,Cloudy,81.0,19,Out To RF,0,0,0,,0,,partial_assembled,0,8.3707791729607,6561.0,,8.435152816579564,-0.06437364361886289,4606.173816211846
20260405,2026-04-05,416,Louisville Bats,International League,Louisville Slugger Field,Iowa Cubs,451,2667.0,1,day,Sunday,6,4,April,2,1,,0,416-1,9,9,1.0,0.4444444444444444,0.6666666666666666,Sunny,Clear,54.0,14,L To R,0,0,0,,0,,partial_assembled,0,7.888709524182015,2916.0,,7.9677800896787465,-0.07907056549673186,2886.442603031265
20260414,2026-04-14,416,Louisville Bats,International League,Louisville Slugger Field,Toledo Mud Hens,512,2832.0,1,night,Tuesday,1,4,April,3,0,,0,416-2,1,6,9.0,0.5625,0.4375,Partly Cloudy,Cloudy,83.0,16,Out To RF,0,0,0,,0,,partial_assembled,0,7.94873845481361,6889.0,,7.914073593607817,0.03466486120579315,2735.511161147088
20260415,2026-04-15,416,Louisville Bats,International League,Louisville Slugger Field,Toledo Mud Hens,512,5645.0,1,day,Wednesday,2,4,April,3,0,,0,416-2,2,6,1.0,0.5882352941176471,0.4117647058823529,Overcast,Cloudy,75.0,11,In From CF,0,0,0,,0,,partial_assembled,0,8.638525476583762,5625.0,,8.074871016324472,0.5636544602592899,3212.7129544341933
20260416,2026-04-16,416,Louisville Bats,International League,Louisville Slugger Field,Toledo Mud Hens,512,4025.0,1,night,Thursday,3,4,April,3,0,,0,416-2,3,6,1.0,0.5555555555555556,0.4444444444444444,Partly Cloudy,Cloudy,81.0,14,Out To RF,0,0,0,,0,,partial_assembled,0,8.300280189852664,6561.0,,8.008580551056827,0.29169963879583705,3006.646301584894
20260417,2026-04-17,416,Louisville Bats,International League,Louisville Slugger Field,Toledo Mud Hens,512,4085.0,1,night,Friday,4,4,April,4,1,,0,416-2,4,6,1.0,0.5263157894736842,0.4736842105263157,Partly Cloudy,Cloudy,83.0,13,Out To CF,0,0,0,,0,,partial_assembled,0,8.315077007294104,6889.0,,8.306008365459892,0.009068641834211633,4048.122067226435
20260418,2026-04-18,416,Louisville Bats,International League,Louisville Slugger Field,Toledo Mud Hens,512,7743.0,1,day,Saturday,5,4,April,4,1,,0,416-2,5,6,1.0,0.55,0.45,Cloudy,Cloudy,70.0,10,Out To CF,0,0,0,,0,,partial_assembled,0,8.954544488386723,4900.0,,8.480067106145643,0.47447738224107994,4817.773188212298
20260419,2026-04-19,416,Louisville Bats,International League,Louisville Slugger Field,Toledo Mud Hens,512,3112.0,1,day,Sunday,6,4,April,4,1,,0,416-2,6,6,1.0,0.5714285714285714,0.4285714285714285,Sunny,Clear,59.0,13,L To R,0,0,0,,0,,partial_assembled,0,8.043020885298283,3481.0,,8.0566477101747,-0.013626824876416421,3154.6969301114696
20260506,2026-05-06,416,Louisville Bats,International League,Louisville Slugger Field,Nashville Sounds,556,4802.0,1,day,Wednesday,2,5,May,6,0,,0,416-3,1,10,14.0,0.6176470588235294,0.5,Partly Cloudy,Cloudy,51.0,7,In From CF,0,0,0,,0,,partial_assembled,0,8.4767877767812,2601.0,,8.013206400044632,0.46358137673656685,3020.586811824559
20260507,2026-05-07,416,Louisville Bats,International League,Louisville Slugger Field,Nashville Sounds,556,4422.0,2,night,Thursday,3,5,May,6,0,,0,416-3,2,10,1.0,0.5833333333333334,0.5277777777777778,Clear,Clear,65.0,10,L To R,0,0,0,,0,,partial_assembled,0,8.394347361417392,4225.0,,8.212428066985334,0.181919294432058,3686.482634987723
20260508,2026-05-08,416,Louisville Bats,International League,Louisville Slugger Field,Nashville Sounds,556,6534.0,1,night,Friday,4,5,May,7,1,,0,416-3,3,10,1.0,0.5945945945945946,0.5135135135135135,Clear,Clear,67.0,10,Out To CF,0,0,0,,0,,partial_assembled,0,8.784774592161016,4489.0,,8.533380468254784,0.2513941239062323,5081.595002970555
20260509,2026-05-09,416,Louisville Bats,International League,Louisville Slugger Field,Nashville Sounds,556,5467.0,1,night,Saturday,5,5,May,7,1,,0,416-3,4,10,1.0,0.6052631578947368,0.5,Clear,Clear,79.0,10,L To R,0,0,0,,0,,partial_assembled,0,8.606485298894999,6241.0,,8.510651274686115,0.09583402420888376,4967.397175106488
20260510,2026-05-10,416,Louisville Bats,International League,Louisville Slugger Field,Nashville Sounds,556,4067.0,1,day,Sunday,6,5,May,7,1,Mother's Day,1,416-3,5,10,1.0,0.5897435897435898,0.5128205128205128,Sunny,Clear,76.0,7,L To R,0,0,0,,0,,partial_assembled,0,8.310660905907225,5776.0,,8.433694378954794,-0.12303347304756862,4599.460895390091
20260512,2026-05-12,416,Louisville Bats,International League,Louisville Slugger Field,Indianapolis Indians,484,2595.0,1,night,Tuesday,1,5,May,7,0,,0,416-3,6,10,2.0,0.575,0.4,Clear,Clear,78.0,5,L To R,0,0,0,,0,,partial_assembled,0,7.861341795599989,6084.0,,8.135726667305573,-0.2743848717055837,3414.2962249799903
20260513,2026-05-13,416,Louisville Bats,International League,Louisville Slugger Field,Indianapolis Indians,484,6639.0,1,day,Wednesday,2,5,May,7,0,,0,416-3,7,10,1.0,0.5853658536585366,0.3902439024390244,Sunny,Clear,72.0,11,L To R,0,0,0,,0,,partial_assembled,0,8.80071662871916,5184.0,,8.242459022786933,0.5582576059322264,3798.870340820443
20260514,2026-05-14,416,Louisville Bats,International League,Louisville Slugger Field,Indianapolis Indians,484,3418.0,1,night,Thursday,3,5,May,7,0,,0,416-3,8,10,1.0,0.5952380952380952,0.3809523809523809,Clear,Clear,66.0,7,L To R,0,0,0,,0,,partial_assembled,0,8.136810863675537,4356.0,,8.171759366241885,-0.03494850256634763,3539.5658814244584
20260515,2026-05-15,416,Louisville Bats,International League,Louisville Slugger Field,Indianapolis Indians,484,5020.0,1,night,Friday,4,5,May,8,1,,0,416-3,9,10,1.0,0.5813953488372093,0.3953488372093023,Clear,Clear,75.0,8,R To L,0,0,0,,0,,partial_assembled,0,8.521185212685776,5625.0,,8.506044513800752,0.01514069888502334,4944.566192913064
20260517,2026-05-17,416,Louisville Bats,International League,Louisville Slugger Field,Indianapolis Indians,484,4195.0,2,day,Sunday,6,5,May,8,1,,0,416-3,10,10,2.0,0.5777777777777777,0.4,Sunny,Clear,81.0,9,Out To RF,0,0,0,,0,,partial_assembled,0,8.341648618901306,6561.0,,8.294664625266288,0.046983993635018706,4002.4606972256292
20260526,2026-05-26,416,Louisville Bats,International League,Louisville Slugger Field,St. Paul Saints,1960,2518.0,1,night,Tuesday,1,5,May,9,0,,0,416-4,1,6,9.0,0.5490196078431373,0.5098039215686274,Rain,Precipitation,71.0,5,In From CF,1,0,0,,0,,partial_assembled,0,7.831220214604293,5041.0,,8.199886329843869,-0.36866611523957626,3640.536463463749
20260527,2026-05-27,416,Louisville Bats,International League,Louisville Slugger Field,St. Paul Saints,1960,2590.0,1,day,Wednesday,2,5,May,9,0,,0,416-4,2,6,1.0,0.5576923076923077,0.5,Overcast,Cloudy,78.0,8,L To R,0,0,0,,0,,partial_assembled,0,7.859413154693583,6084.0,,8.277013944723219,-0.4176007900296357,3932.4343662999877
20260528,2026-05-28,416,Louisville Bats,International League,Louisville Slugger Field,St. Paul Saints,1960,3948.0,1,night,Thursday,3,5,May,9,0,,0,416-4,3,6,1.0,0.5471698113207547,0.5094339622641509,Partly Cloudy,Cloudy,83.0,7,In From RF,0,0,0,,0,,partial_assembled,0,8.280964400553373,6889.0,,8.20058534488875,0.080379055664622,3643.082142853591
20260529,2026-05-29,416,Louisville Bats,International League,Louisville Slugger Field,St. Paul Saints,1960,4799.0,1,night,Friday,4,5,May,10,1,,0,416-4,4,6,1.0,0.5555555555555556,0.5,Cloudy,Cloudy,79.0,3,Calm,0,0,0,,0,,partial_assembled,0,8.476162841858246,6241.0,,8.536189689795451,-0.060026847937205474,5095.890399180053
20260530,2026-05-30,416,Louisville Bats,International League,Louisville Slugger Field,St. Paul Saints,1960,5151.0,1,night,Saturday,5,5,May,10,1,,0,416-4,5,6,1.0,0.5454545454545454,0.509090909090909,Clear,Clear,84.0,9,Varies,0,0,0,,0,,partial_assembled,0,8.546946149565585,7056.0,,8.475439553222985,0.0715065963425996,4795.530192826702
20260531,2026-05-31,416,Louisville Bats,International League,Louisville Slugger Field,St. Paul Saints,1960,3643.0,1,day,Sunday,6,5,May,10,1,,0,416-4,6,6,1.0,0.5357142857142857,0.5178571428571429,Sunny,Clear,79.0,2,L To R,0,0,0,,0,,partial_assembled,0,8.200562797008564,6241.0,,8.347263056951041,-0.14670025994247737,4218.6188087454175
20260609,2026-06-09,416,Louisville Bats,International League,Louisville Slugger Field,Iowa Cubs,451,3223.0,1,night,Tuesday,1,6,June,11,0,,0,416-5,1,6,9.0,0.5238095238095238,0.4193548387096774,Cloudy,Cloudy,84.0,9,Out To LF,0,0,0,,0,,partial_assembled,0,8.078067881815437,7056.0,,8.24303948158496,-0.16497159976952247,3801.076068637461
20260610,2026-06-10,416,Louisville Bats,International League,Louisville Slugger Field,Iowa Cubs,451,2889.0,1,night,Wednesday,2,6,June,11,0,,0,416-5,2,6,1.0,0.53125,0.4126984126984127,Partly Cloudy,Cloudy,91.0,9,Out To RF,0,0,0,,0,,partial_assembled,0,7.968665700466235,8281.0,,8.11011238235198,-0.14144668188574538,3327.9520119533972
20260611,2026-06-11,416,Louisville Bats,International League,Louisville Slugger Field,Iowa Cubs,451,4124.0,1,night,Thursday,3,6,June,11,0,,0,416-5,3,6,1.0,0.5384615384615384,0.40625,Partly Cloudy,Cloudy,88.0,11,Out To CF,0,0,0,,0,,partial_assembled,0,8.32457884513685,7744.0,,8.273063553656513,0.051515291480336955,3916.9303563226354
20260612,2026-06-12,416,Louisville Bats,International League,Louisville Slugger Field,Iowa Cubs,451,5855.0,1,night,Friday,4,6,June,12,1,,0,416-5,4,6,1.0,0.5303030303030303,0.4153846153846154,Clear,Clear,86.0,8,L To R,0,0,0,,0,,partial_assembled,0,8.675051276031818,7396.0,,8.607906018168643,0.06714525786317438,5474.772592297476
20260613,2026-06-13,416,Louisville Bats,International League,Louisville Slugger Field,Iowa Cubs,451,5112.0,1,night,Saturday,5,6,June,12,1,,0,416-5,5,6,1.0,0.5373134328358209,0.4090909090909091,Partly Cloudy,Cloudy,82.0,5,L To R,0,0,0,,0,,partial_assembled,0,8.53934599605737,6724.0,,8.620135433591683,-0.08078943753431211,5542.136934362955
20260614,2026-06-14,416,Louisville Bats,International League,Louisville Slugger Field,Iowa Cubs,451,3788.0,1,day,Sunday,6,6,June,12,1,,0,416-5,6,6,1.0,0.5373134328358209,0.4090909090909091,Cloudy,Cloudy,79.0,12,L To R,0,0,0,,0,,partial_assembled,0,8.239593454305968,6241.0,,8.473116603995699,-0.23352314968973076,4784.403348221842
20260623,2026-06-23,416,Louisville Bats,International League,Louisville Slugger Field,St. Paul Saints,1960,4623.0,1,night,Tuesday,1,6,June,13,0,,0,416-6,1,5,9.0,0.5405405405405406,0.56,Partly Cloudy,Cloudy,83.0,9,L To R,0,0,0,,0,,partial_assembled,0,8.438799123988225,6889.0,,8.243830342857587,0.19496878113063865,3804.083381521356
20260624,2026-06-24,416,Louisville Bats,International League,Louisville Slugger Field,St. Paul Saints,1960,4486.0,1,day,Wednesday,2,6,June,13,0,,0,416-6,2,5,1.0,0.5333333333333333,0.5657894736842105,Sunny,Clear,78.0,2,Varies,0,0,0,,0,,partial_assembled,0,8.408716715080153,6084.0,,8.400700549516323,0.008016165563830668,4450.18322965652
20260626,2026-06-26,416,Louisville Bats,International League,Louisville Slugger Field,St. Paul Saints,1960,4712.0,1,night,Friday,4,6,June,14,1,,0,416-6,3,5,2.0,0.5263157894736842,0.5714285714285714,Cloudy,Cloudy,75.0,7,R To L,0,0,0,,0,,partial_assembled,0,8.457867725331422,5625.0,,8.678802233479923,-0.2209345081485008,5877.003096399774
20260627,2026-06-27,416,Louisville Bats,International League,Louisville Slugger Field,St. Paul Saints,1960,5301.0,1,day,Saturday,5,6,June,14,1,,0,416-6,4,5,1.0,0.5194805194805194,0.5769230769230769,Cloudy,Cloudy,77.0,11,Out To RF,0,0,0,,0,,partial_assembled,0,8.575650760987806,5929.0,,8.81886194086105,-0.24321117987324392,6760.56632125106
20260628,2026-06-28,416,Louisville Bats,International League,Louisville Slugger Field,St. Paul Saints,1960,3705.0,1,day,Sunday,6,6,June,14,1,,0,416-6,5,5,1.0,0.5256410256410257,0.569620253164557,Partly Cloudy,Cloudy,82.0,5,Calm,0,0,0,,0,,partial_assembled,0,8.217438537730187,6724.0,,8.45813428082288,-0.2406957430926937,4713.256176888737
20260707,2026-07-07,416,Louisville Bats,International League,Louisville Slugger Field,Omaha Storm Chasers,541,3177.0,1,night,Tuesday,1,7,July,15,0,,0,416-7,1,6,9.0,0.5176470588235295,0.4367816091954023,Cloudy,Cloudy,84.0,5,In From RF,0,0,0,,0,,partial_assembled,0,8.063692634269517,7056.0,,8.240356819431879,-0.17666418516236249,3790.892731061481
20260708,2026-07-08,416,Louisville Bats,International League,Louisville Slugger Field,Omaha Storm Chasers,541,3131.0,1,night,Wednesday,2,7,July,15,0,,0,416-7,2,6,1.0,0.5232558139534884,0.4318181818181818,Cloudy,Cloudy,84.0,3,R To L,0,0,0,,0,,partial_assembled,0,8.049107721326406,7056.0,,8.197343347573424,-0.14823562624701836,3631.2904050462357
20260709,2026-07-09,416,Louisville Bats,International League,Louisville Slugger Field,Omaha Storm Chasers,541,4748.0,1,night,Thursday,3,7,July,15,0,,0,416-7,3,6,1.0,0.5287356321839081,0.4269662921348314,Partly Cloudy,Cloudy,87.0,7,L To R,0,0,0,,0,,partial_assembled,0,8.465478755729558,7569.0,,8.283690811215628,0.1817879445139301,3958.7785560028915
20260710,2026-07-10,416,Louisville Bats,International League,Louisville Slugger Field,Omaha Storm Chasers,541,5745.0,1,night,Friday,4,7,July,16,1,,0,416-7,4,6,1.0,0.5227272727272727,0.4333333333333333,Partly Cloudy,Cloudy,86.0,12,Out To LF,0,0,0,,0,,partial_assembled,0,8.656085190282855,7396.0,,8.605452707688041,0.05063248259481412,5461.357737448245
20260711,2026-07-11,416,Louisville Bats,International League,Louisville Slugger Field,Omaha Storm Chasers,541,4921.0,1,night,Saturday,5,7,July,16,1,,0,416-7,5,6,1.0,0.5280898876404494,0.4285714285714285,Cloudy,Cloudy,83.0,4,In From LF,0,0,0,,0,,partial_assembled,0,8.501267040865978,6889.0,,8.609636067575945,-0.10836902670996729,5484.252417294217
20260712,2026-07-12,416,Louisville Bats,International League,Louisville Slugger Field,Omaha Storm Chasers,541,3838.0,1,day,Sunday,6,7,July,16,1,,0,416-7,6,6,1.0,0.5222222222222223,0.4347826086956521,Cloudy,Cloudy,80.0,13,R To L,0,0,0,,0,,partial_assembled,0,8.252706676567644,6400.0,,8.46613117967969,-0.21342450311204608,4751.098719644766
20260728,2026-07-28,416,Louisville Bats,International League,Louisville Slugger Field,Indianapolis Indians,484,3294.0,1,night,Tuesday,1,7,July,18,0,,0,416-9,1,6,14.0,0.4752475247524752,0.4757281553398058,Clear,Clear,87.0,8,In From CF,0,0,0,,0,,partial_assembled,0,8.099857910737585,7569.0,,8.196061707647587,-0.09620379691000203,3626.639379387557
20260729,2026-07-29,416,Louisville Bats,International League,Louisville Slugger Field,Indianapolis Indians,484,3019.0,1,night,Wednesday,2,7,July,18,0,,0,416-9,2,6,1.0,0.4803921568627451,0.4711538461538461,Clear,Clear,86.0,9,Varies,0,0,0,,0,,partial_assembled,0,8.012680929706839,7396.0,,8.182304649031712,-0.16962371932487308,3577.089103366696
20260730,2026-07-30,416,Louisville Bats,International League,Louisville Slugger Field,Indianapolis Indians,484,4791.0,1,night,Thursday,3,7,July,18,0,,0,416-9,3,6,1.0,0.4757281553398058,0.4761904761904761,Clear,Clear,84.0,4,L To R,0,0,0,,0,,partial_assembled,0,8.474494436883122,7056.0,,8.324134085641614,0.15036035124150793,4122.16621966748
20260731,2026-07-31,416,Louisville Bats,International League,Louisville Slugger Field,Indianapolis Indians,484,6800.0,1,night,Friday,4,7,July,19,1,,0,416-9,4,6,1.0,0.4711538461538461,0.4811320754716981,Cloudy,Cloudy,84.0,6,R To L,0,0,0,,0,,partial_assembled,0,8.824677891164198,7056.0,,8.633795988803028,0.19088190236116986,5618.365075899393
20260801,2026-08-01,416,Louisville Bats,International League,Louisville Slugger Field,Indianapolis Indians,484,5554.0,1,night,Saturday,5,8,August,19,1,,0,416-9,5,6,1.0,0.4666666666666667,0.4859813084112149,Partly Cloudy,Cloudy,75.0,10,L To R,0,0,0,,0,,partial_assembled,0,8.622273667866745,5625.0,,8.656568299953632,-0.03429463208688688,5747.776135593588
20260802,2026-08-02,416,Louisville Bats,International League,Louisville Slugger Field,Indianapolis Indians,484,3464.0,1,day,Sunday,6,8,August,19,1,,0,416-9,6,6,1.0,0.4716981132075472,0.4814814814814814,Cloudy,Cloudy,74.0,3,R To L,0,0,0,,0,,partial_assembled,0,8.150179269682326,5476.0,,8.490467516908515,-0.340288247226189,4868.14147977163
20260811,2026-08-11,416,Louisville Bats,International League,Louisville Slugger Field,Toledo Mud Hens,512,9802.0,1,night,Tuesday,1,8,August,20,0,,0,416-10,1,5,9.0,0.4513274336283185,0.4736842105263157,Cloudy,Cloudy,80.0,5,R To L,0,0,0,,1,-3.0,partial_assembled,0,9.190341725469493,6400.0,-3.0,8.279392593194133,0.9109491322753591,3941.7993789132465
20260813,2026-08-13,416,Louisville Bats,International League,Louisville Slugger Field,Toledo Mud Hens,512,3531.0,2,night,Thursday,3,8,August,20,0,,0,416-10,2,5,2.0,0.4521739130434782,0.4741379310344827,Cloudy,Cloudy,88.0,5,L To R,0,0,0,,1,-2.0,partial_assembled,0,8.169336395928386,7744.0,-2.0,8.285135007080742,-0.11579861115235524,3964.4999380280788
20260814,2026-08-14,416,Louisville Bats,International League,Louisville Slugger Field,Toledo Mud Hens,512,5191.0,1,night,Friday,4,8,August,21,1,,0,416-10,3,5,1.0,0.4568965517241379,0.4700854700854701,Clear,Clear,87.0,4,R To L,0,0,0,,1,-1.0,partial_assembled,0,8.55468163582723,7569.0,-1.0,8.609768690487973,-0.05508705466074382,5484.97980305304
20260815,2026-08-15,416,Louisville Bats,International League,Louisville Slugger Field,Toledo Mud Hens,512,5832.0,1,night,Saturday,5,8,August,21,1,,0,416-10,4,5,1.0,0.452991452991453,0.4745762711864407,Clear,Clear,91.0,6,L To R,0,1,1,"Terry Francona bobblehead, first 1500 fans",1,0.0,partial_assembled,0,8.671115273688494,8281.0,0.0,8.528293016222031,0.14282225746646304,5055.808282113785
20260816,2026-08-16,416,Louisville Bats,International League,Louisville Slugger Field,Toledo Mud Hens,512,3400.0,1,day,Sunday,6,8,August,21,1,,0,416-10,5,5,1.0,0.4576271186440678,0.4705882352941176,Sunny,Clear,92.0,7,L To R,0,0,0,,1,1.0,partial_assembled,0,8.131530710604252,8464.0,1.0,8.344780765774994,-0.21325005517074125,4208.159954832172
20260825,2026-08-25,416,Louisville Bats,International League,Louisville Slugger Field,Gwinnett Stripers,431,3128.0,1,night,Tuesday,1,8,August,22,0,,0,416-11,1,6,9.0,0.456,0.5,Clear,Clear,81.0,2,In From CF,0,0,0,,1,-3.0,partial_assembled,0,8.048149101665201,6561.0,-3.0,8.271084257830791,-0.22293515616559034,3909.18525986579
20260826,2026-08-26,416,Louisville Bats,International League,Louisville Slugger Field,Gwinnett Stripers,431,2735.0,1,night,Wednesday,2,8,August,22,0,,0,416-11,2,6,1.0,0.4523809523809524,0.5039370078740157,Partly Cloudy,Cloudy,88.0,8,Varies,0,0,0,,1,-2.0,partial_assembled,0,7.913886714856082,7744.0,-2.0,8.158727032846876,-0.24484031799079453,3493.7363602291125
20260827,2026-08-27,416,Louisville Bats,International League,Louisville Slugger Field,Gwinnett Stripers,431,3983.0,1,night,Thursday,3,8,August,22,0,,0,416-11,3,6,1.0,0.4488188976377952,0.5078125,Clear,Clear,82.0,7,L To R,0,0,0,,1,-1.0,partial_assembled,0,8.289790583181643,6724.0,-1.0,8.34257823446358,-0.05278765128193719,4198.901550473786
20260828,2026-08-28,416,Louisville Bats,International League,Louisville Slugger Field,Gwinnett Stripers,431,5496.0,1,night,Friday,4,8,August,23,1,,0,416-11,4,6,1.0,0.4453125,0.5116279069767442,Clear,Clear,83.0,8,In From RF,0,1,1,"Pat Kelsey bobblehead, first 2000 fans",1,0.0,partial_assembled,0,8.611775833902186,6889.0,0.0,8.643817375541825,-0.03204154163963935,5674.951951069271
20260829,2026-08-29,416,Louisville Bats,International League,Louisville Slugger Field,Gwinnett Stripers,431,6140.0,1,night,Saturday,5,8,August,23,1,,0,416-11,5,6,1.0,0.4418604651162791,0.5153846153846153,Partly Cloudy,Cloudy,88.0,5,L To R,0,0,0,,1,1.0,partial_assembled,0,8.722580021141189,7744.0,1.0,8.56397876702074,0.15860125412044823,5239.486451224566
20260830,2026-08-30,416,Louisville Bats,International League,Louisville Slugger Field,Gwinnett Stripers,431,4079.0,1,day,Sunday,6,8,August,23,1,,0,416-11,6,6,1.0,0.4461538461538462,0.5114503816793893,Sunny,Clear,91.0,9,Out To CF,0,0,0,,1,2.0,partial_assembled,0,8.313607139317558,8281.0,2.0,8.353096883452062,-0.03948974413450479,4243.301425999898
20260331,2026-03-31,235,Memphis Redbirds,International League,AutoZone Park,Norfolk Tides,568,2026.0,1,night,Tuesday,1,3,March,1,0,,0,235-1,1,5,1.0,1.0,0.5,Partly Cloudy,Cloudy,80.0,10,L To R,0,0,0,,1,-4.0,partial_assembled,0,7.613818684808629,6400.0,-4.0,7.476919583739809,0.13689910106881964,1766.78993636667
20260401,2026-04-01,235,Memphis Redbirds,International League,AutoZone Park,Norfolk Tides,568,1467.0,1,day,Wednesday,2,4,April,1,0,,0,235-1,2,5,1.0,1.0,0.4,Partly Cloudy,Cloudy,80.0,5,Out To CF,0,0,0,,1,-3.0,partial_assembled,0,7.2909747781429814,6400.0,-3.0,7.419811035818801,-0.12883625767581997,1668.7181499911667
20260402,2026-04-02,235,Memphis Redbirds,International League,AutoZone Park,Norfolk Tides,568,1286.0,1,night,Thursday,3,4,April,1,0,,0,235-1,3,5,1.0,1.0,0.3333333333333333,Cloudy,Cloudy,77.0,14,R To L,0,0,0,,1,-2.0,partial_assembled,0,7.1592919047975645,5929.0,-2.0,7.390756622294111,-0.2314647174965465,1620.9320824280871
20260403,2026-04-03,235,Memphis Redbirds,International League,AutoZone Park,Norfolk Tides,568,2500.0,1,day,Friday,4,4,April,2,1,,0,235-1,4,5,1.0,1.0,0.2857142857142857,Partly Cloudy,Cloudy,78.0,15,Varies,0,0,0,,1,-1.0,partial_assembled,0,7.824046010856292,6084.0,-1.0,7.863604135247659,-0.03955812439136697,2600.877417235916
20260405,2026-04-05,235,Memphis Redbirds,International League,AutoZone Park,Norfolk Tides,568,2824.0,2,day,Sunday,6,4,April,2,1,,0,235-1,5,5,2.0,0.8888888888888888,0.3333333333333333,Sunny,Clear,61.0,3,Calm,0,1,1,"Redbirds Easter bucket, first 500 kids",1,0.0,partial_assembled,0,7.945909598613133,3721.0,0.0,7.4695245359042595,0.47638506270887326,1753.7726313911317
20260414,2026-04-14,235,Memphis Redbirds,International League,AutoZone Park,Gwinnett Stripers,431,1274.0,1,night,Tuesday,1,4,April,3,0,,0,235-2,1,6,9.0,0.75,0.625,Partly Cloudy,Cloudy,84.0,13,R To L,0,0,0,,1,-3.0,partial_assembled,0,7.149916836132109,7056.0,-3.0,7.3004588589531325,-0.1505420228210239,1480.9793323231916
20260415,2026-04-15,235,Memphis Redbirds,International League,AutoZone Park,Gwinnett Stripers,431,1796.0,1,day,Wednesday,2,4,April,3,0,,0,235-2,2,6,1.0,0.7058823529411765,0.6470588235294118,Partly Cloudy,Cloudy,77.0,10,Out To CF,0,0,0,,1,-2.0,partial_assembled,0,7.493317248862145,5929.0,-2.0,7.4761483117600545,0.017168937102090887,1765.4277861563069
20260416,2026-04-16,235,Memphis Redbirds,International League,AutoZone Park,Gwinnett Stripers,431,1415.0,1,night,Thursday,3,4,April,3,0,,0,235-2,3,6,1.0,0.6666666666666666,0.6666666666666666,Clear,Clear,82.0,6,R To L,0,0,0,,1,-1.0,partial_assembled,0,7.254884810077338,6724.0,-1.0,7.408922643946363,-0.15403783386902514,1650.6470539745844
20260417,2026-04-17,235,Memphis Redbirds,International League,AutoZone Park,Gwinnett Stripers,431,3527.0,1,night,Friday,4,4,April,4,1,,0,235-2,4,6,1.0,0.6842105263157895,0.631578947368421,Clear,Clear,84.0,15,R To L,0,1,1,Redbirds dri-fit hoodie presented by Southern College of Optometry,1,0.0,partial_assembled,0,8.168202930236053,7056.0,0.0,7.698765694250628,0.4694372359854242,2205.6238967931763
20260418,2026-04-18,235,Memphis Redbirds,International League,AutoZone Park,Gwinnett Stripers,431,3027.0,1,day,Saturday,5,4,April,4,1,,0,235-2,5,6,1.0,0.65,0.65,Cloudy,Cloudy,72.0,9,L To R,0,1,1,"T-shirt giveaway, County Fair Day",1,0.0,partial_assembled,0,8.01532730902172,5184.0,0.0,7.894885467641057,0.1204418413806625,2683.5222088027695
20260419,2026-04-19,235,Memphis Redbirds,International League,AutoZone Park,Gwinnett Stripers,431,2480.0,1,day,Sunday,6,4,April,4,1,,0,235-2,6,6,1.0,0.6666666666666666,0.6190476190476191,Sunny,Clear,66.0,4,Calm,0,0,0,,1,1.0,partial_assembled,0,7.8160138391590275,4356.0,1.0,7.537292933478723,0.27872090568030483,1876.7426751071098
20260429,2026-04-29,235,Memphis Redbirds,International League,AutoZone Park,Indianapolis Indians,484,4010.0,2,day,Wednesday,2,4,April,5,0,,0,235-3,1,5,10.0,0.6551724137931034,0.3793103448275862,Overcast,Cloudy,75.0,8,In From RF,0,0,0,,1,-3.0,partial_assembled,0,8.296546520300614,5625.0,-3.0,7.477676776857582,0.8188697434430328,1768.1282441618202
20260430,2026-04-30,235,Memphis Redbirds,International League,AutoZone Park,Indianapolis Indians,484,1428.0,1,night,Thursday,3,4,April,5,0,,0,235-3,2,5,1.0,0.6666666666666666,0.3666666666666666,Cloudy,Cloudy,63.0,7,In From RF,0,0,0,,1,-2.0,partial_assembled,0,7.2640301428995295,3969.0,-2.0,7.414215417788917,-0.15018527488938727,1659.4067165325525
20260501,2026-05-01,235,Memphis Redbirds,International League,AutoZone Park,Indianapolis Indians,484,2352.0,1,night,Friday,4,5,May,6,1,,0,235-3,3,5,1.0,0.6774193548387096,0.3548387096774194,Partly Cloudy,Cloudy,61.0,6,In From CF,0,0,0,,1,-1.0,partial_assembled,0,7.763021309018518,3721.0,-1.0,7.90991438433938,-0.14689307532086282,2724.1572258358824
20260502,2026-05-02,235,Memphis Redbirds,International League,AutoZone Park,Indianapolis Indians,484,4568.0,1,day,Saturday,5,5,May,6,1,,0,235-3,4,5,1.0,0.6875,0.34375,Partly Cloudy,Cloudy,66.0,9,In From LF,0,1,1,"Memphis Musica jersey, first 1500 fans",1,0.0,partial_assembled,0,8.426830751335846,4356.0,0.0,8.093633062359034,0.3331976889768118,3273.55903639571
20260503,2026-05-03,235,Memphis Redbirds,International League,AutoZone Park,Indianapolis Indians,484,3389.0,1,day,Sunday,6,5,May,6,1,,0,235-3,5,5,1.0,0.6666666666666666,0.3636363636363636,Sunny,Clear,67.0,10,Out To LF,0,1,1,"Redbirds Lightsaber, first 500 kids",1,0.0,partial_assembled,0,8.128290171607052,4489.0,0.0,7.770637174793319,0.35765299681373275,2369.9808994509863
20260512,2026-05-12,235,Memphis Redbirds,International League,AutoZone Park,Jacksonville Jumbo Shrimp,564,1790.0,1,night,Tuesday,1,5,May,7,0,,0,235-4,1,6,9.0,0.625,0.525,Clear,Clear,79.0,4,Calm,0,0,0,,1,-4.0,partial_assembled,0,7.489970898834801,6241.0,-4.0,7.571941804422099,-0.08197090558729858,1942.909370965483
20260513,2026-05-13,235,Memphis Redbirds,International League,AutoZone Park,Jacksonville Jumbo Shrimp,564,4504.0,1,day,Wednesday,2,5,May,7,0,,0,235-4,2,6,1.0,0.6097560975609756,0.5365853658536586,Sunny,Clear,79.0,5,In From LF,0,0,0,,1,-3.0,partial_assembled,0,8.412721169819527,6241.0,-3.0,7.697678464568955,0.7150427052505721,2203.227180152799
20260514,2026-05-14,235,Memphis Redbirds,International League,AutoZone Park,Jacksonville Jumbo Shrimp,564,10269.0,1,day,Thursday,3,5,May,7,0,,0,235-4,3,6,1.0,0.5952380952380952,0.5476190476190477,Sunny,Clear,69.0,6,R To L,0,0,0,,1,-2.0,partial_assembled,0,9.236884927198295,4761.0,-2.0,7.825694389703864,1.4111905374944307,2504.1243454269384
20260515,2026-05-15,235,Memphis Redbirds,International League,AutoZone Park,Jacksonville Jumbo Shrimp,564,2388.0,1,night,Friday,4,5,May,8,1,,0,235-4,4,6,1.0,0.6046511627906976,0.5348837209302325,Partly Cloudy,Cloudy,83.0,12,R To L,0,0,0,,1,-1.0,partial_assembled,0,7.778211474512493,6889.0,-1.0,7.934422888344885,-0.15621141383239223,2791.7471245519787
20260516,2026-05-16,235,Memphis Redbirds,International League,AutoZone Park,Jacksonville Jumbo Shrimp,564,8501.0,1,night,Saturday,5,5,May,8,1,,0,235-4,5,6,1.0,0.6136363636363636,0.5227272727272727,Partly Cloudy,Cloudy,83.0,12,R To L,0,1,1,BBQ Nacho Oven Mitt presented by Memphis BBQ,1,0.0,partial_assembled,0,9.04793908261736,6889.0,0.0,7.9079830734405885,1.139956009176771,2718.9011085276834
20260517,2026-05-17,235,Memphis Redbirds,International League,AutoZone Park,Jacksonville Jumbo Shrimp,564,2355.0,1,day,Sunday,6,5,May,8,1,,0,235-4,6,6,1.0,0.6,0.5333333333333333,Partly Cloudy,Cloudy,84.0,5,Calm,0,0,0,,1,1.0,partial_assembled,0,7.764296006450518,7056.0,1.0,7.73438094391284,0.02991506253767806,2285.593355761948
20260602,2026-06-02,235,Memphis Redbirds,International League,AutoZone Park,Louisville Bats,416,1534.0,1,night,Tuesday,1,6,June,10,0,,0,235-5,1,6,14.0,0.603448275862069,0.543859649122807,Partly Cloudy,Cloudy,84.0,7,In From CF,0,0,0,,1,-3.0,partial_assembled,0,7.335633981927201,7056.0,-3.0,7.642801366575103,-0.3071673846479017,2085.5781095651214
20260603,2026-06-03,235,Memphis Redbirds,International League,AutoZone Park,Louisville Bats,416,1558.0,1,day,Wednesday,2,6,June,10,0,,0,235-5,2,6,1.0,0.6101694915254238,0.5344827586206896,Sunny,Clear,80.0,8,Calm,0,0,0,,1,-2.0,partial_assembled,0,7.351158226430694,6400.0,-2.0,7.814056970747915,-0.4628987443172212,2475.1517116187733
20260604,2026-06-04,235,Memphis Redbirds,International League,AutoZone Park,Louisville Bats,416,2411.0,1,night,Thursday,3,6,June,10,0,,0,235-5,3,6,1.0,0.6166666666666667,0.5254237288135594,Partly Cloudy,Cloudy,80.0,4,Calm,0,0,0,,1,-1.0,partial_assembled,0,7.787796878181171,6400.0,-1.0,7.767666858611468,0.020130019569702284,2362.951751398822
20260605,2026-06-05,235,Memphis Redbirds,International League,AutoZone Park,Louisville Bats,416,3232.0,1,night,Friday,4,6,June,11,1,,0,235-5,4,6,1.0,0.6065573770491803,0.5333333333333333,Clear,Clear,82.0,3,Calm,0,1,1,Redbirds Beach Towel presented by Welcome to Memphis,1,0.0,partial_assembled,0,8.080856419640986,6724.0,0.0,8.064353862107797,0.016502557533188522,3179.1014155228754
20260606,2026-06-06,235,Memphis Redbirds,International League,AutoZone Park,Louisville Bats,416,6320.0,1,night,Saturday,5,6,June,11,1,,0,235-5,5,6,1.0,0.5967741935483871,0.5409836065573771,Cloudy,Cloudy,86.0,9,R To L,0,1,1,Redbirds soccer jersey presented by Embassy Suites,1,0.0,partial_assembled,0,8.751474487140904,7396.0,0.0,8.001914647084757,0.749559840056147,2986.6709369576047
20260607,2026-06-07,235,Memphis Redbirds,International League,AutoZone Park,Louisville Bats,416,3267.0,1,day,Sunday,6,6,June,11,1,,0,235-5,6,6,1.0,0.6031746031746031,0.532258064516129,Cloudy,Cloudy,81.0,7,Out To CF,0,0,0,,1,1.0,partial_assembled,0,8.09162741160107,6561.0,1.0,7.880625110721173,0.21100230087989758,2645.52578945702
20260616,2026-06-16,235,Memphis Redbirds,International League,AutoZone Park,Nashville Sounds,556,1853.0,1,night,Tuesday,1,6,June,12,0,,0,235-6,1,6,9.0,0.6285714285714286,0.5857142857142857,Partly Cloudy,Cloudy,83.0,3,Out To CF,0,0,0,,1,-4.0,partial_assembled,0,7.52456122628536,6889.0,-4.0,7.663218383661596,-0.13865715737623674,2128.5970583931658
20260617,2026-06-17,235,Memphis Redbirds,International League,AutoZone Park,Nashville Sounds,556,3841.0,1,day,Wednesday,2,6,June,12,0,,0,235-6,2,6,1.0,0.6197183098591549,0.5915492957746479,Overcast,Cloudy,82.0,20,R To L,0,0,0,,1,-3.0,partial_assembled,0,8.253488028345904,6724.0,-3.0,7.796326794342107,0.45716123400379693,2431.653589328181
20260618,2026-06-18,235,Memphis Redbirds,International League,AutoZone Park,Nashville Sounds,556,2392.0,1,night,Thursday,3,6,June,12,0,,0,235-6,3,6,1.0,0.625,0.5833333333333334,Partly Cloudy,Cloudy,84.0,4,Calm,0,0,0,,1,-2.0,partial_assembled,0,7.779885115070522,7056.0,-2.0,7.7326571338611885,0.04722798120933369,2281.6568208553085
20260619,2026-06-19,235,Memphis Redbirds,International League,AutoZone Park,Nashville Sounds,556,3176.0,1,night,Friday,4,6,June,13,1,,0,235-6,4,6,1.0,0.6301369863013698,0.5753424657534246,Cloudy,Cloudy,83.0,4,L To R,0,0,0,,1,-1.0,partial_assembled,0,8.063377822367027,6889.0,-1.0,8.050288283333902,0.013089539033124709,3134.698522383416
20260620,2026-06-20,235,Memphis Redbirds,International League,AutoZone Park,Nashville Sounds,556,6830.0,1,night,Saturday,5,6,June,13,1,,0,235-6,5,6,1.0,0.6216216216216216,0.581081081081081,Partly Cloudy,Cloudy,82.0,1,Calm,0,1,1,Basketball jersey presented by Beale St.,1,0.0,partial_assembled,0,8.829079952564836,6724.0,0.0,8.03452417146902,0.7945557810958164,3085.67024317215
20260621,2026-06-21,235,Memphis Redbirds,International League,AutoZone Park,Nashville Sounds,556,2518.0,1,day,Sunday,6,6,June,13,1,Father's Day,1,235-6,6,6,1.0,0.6266666666666667,0.5733333333333334,Partly Cloudy,Cloudy,86.0,6,Calm,0,1,1,"Melonheads themed bucket hat, first 1500 fans",1,0.0,partial_assembled,0,7.831220214604293,7396.0,0.0,7.904941749171076,-0.07372153456678365,2710.644610308267
20260630,2026-06-30,235,Memphis Redbirds,International League,AutoZone Park,Charlotte Knights,494,1834.0,1,night,Tuesday,1,6,June,14,0,,0,235-7,1,6,9.0,0.5975609756097561,0.5365853658536586,Partly Cloudy,Cloudy,93.0,5,Out To CF,0,0,0,,1,-5.0,partial_assembled,0,7.51425465281641,8649.0,-5.0,7.537983804736309,-0.023729151919899216,1878.0397106699327
20260701,2026-07-01,235,Memphis Redbirds,International League,AutoZone Park,Charlotte Knights,494,1086.0,1,night,Wednesday,2,7,July,14,0,,0,235-7,2,6,1.0,0.5903614457831325,0.5421686746987951,Clear,Clear,94.0,3,Calm,0,0,0,,1,-4.0,partial_assembled,0,6.990256500493881,8836.0,-4.0,7.475482945674647,-0.48522644518076685,1764.2535210825627
20260702,2026-07-02,235,Memphis Redbirds,International League,AutoZone Park,Charlotte Knights,494,2240.0,1,night,Thursday,3,7,July,14,0,,0,235-7,3,6,1.0,0.5952380952380952,0.5357142857142857,Clear,Clear,93.0,5,Out To LF,0,0,0,,1,-3.0,partial_assembled,0,7.7142311448490855,8649.0,-3.0,7.6132306949289585,0.10100044992012691,2024.809082661771
20260703,2026-07-03,235,Memphis Redbirds,International League,AutoZone Park,Charlotte Knights,494,6551.0,1,night,Friday,4,7,July,15,1,,0,235-7,4,6,1.0,0.6,0.5294117647058824,Clear,Clear,91.0,3,Calm,0,0,0,,1,-2.0,partial_assembled,0,8.787372988731876,8281.0,-2.0,7.955449244408626,0.8319237443232499,2851.068868150735
20260704,2026-07-04,235,Memphis Redbirds,International League,AutoZone Park,Charlotte Knights,494,8876.0,1,night,Saturday,5,7,July,15,1,Independence Day,1,235-7,5,6,1.0,0.5930232558139535,0.5348837209302325,Cloudy,Cloudy,86.0,9,Out To RF,0,0,0,,1,-1.0,partial_assembled,0,9.091106284052485,7396.0,-1.0,8.075687867622639,1.0154184164298456,3215.338335308566
20260705,2026-07-05,235,Memphis Redbirds,International League,AutoZone Park,Charlotte Knights,494,2005.0,1,day,Sunday,6,7,July,15,1,,0,235-7,6,6,1.0,0.5977011494252874,0.5287356321839081,Partly Cloudy,Cloudy,88.0,2,Calm,0,1,1,"Kids dinosaur jersey, first 500 kids",1,0.0,partial_assembled,0,7.60339933974067,7744.0,0.0,7.8080020562416355,-0.20460271650096562,2460.21016017204
20260717,2026-07-17,235,Memphis Redbirds,International League,AutoZone Park,Iowa Cubs,451,3821.0,1,night,Friday,4,7,July,17,1,,0,235-8,1,9,12.0,0.5851063829787234,0.4285714285714285,Clear,Clear,89.0,3,Calm,0,0,0,,1,-2.0,partial_assembled,0,8.2482674474469,7921.0,-2.0,7.979776624817573,0.26849082262932633,2921.278450088598
20260718,2026-07-18,235,Memphis Redbirds,International League,AutoZone Park,Iowa Cubs,451,7568.0,1,night,Saturday,5,7,July,17,1,,0,235-8,2,9,1.0,0.5789473684210527,0.4347826086956521,Partly Cloudy,Cloudy,93.0,7,Out To CF,0,0,0,,1,-1.0,partial_assembled,0,8.931684110731714,8649.0,-1.0,7.92941678389543,1.002267326836284,2777.8062706497744
20260719,2026-07-19,235,Memphis Redbirds,International League,AutoZone Park,Iowa Cubs,451,1651.0,1,day,Sunday,6,7,July,17,1,,0,235-8,3,9,1.0,0.5729166666666666,0.4408602150537634,Partly Cloudy,Cloudy,93.0,12,Out To RF,0,1,1,"Redbirds ugly sweater t-shirt, first 500 kids",1,0.0,partial_assembled,0,7.409136443920128,8649.0,0.0,7.7638306892247595,-0.3546942453046311,2353.9044328462405
20260721,2026-07-21,235,Memphis Redbirds,International League,AutoZone Park,Durham Bulls,234,1331.0,1,night,Tuesday,1,7,July,17,0,,0,235-8,4,9,2.0,0.5670103092783505,0.4631578947368421,Clear,Clear,93.0,1,Calm,0,0,0,,1,1.0,partial_assembled,0,7.193685818395112,8649.0,1.0,7.541638489938719,-0.34795267154360676,1884.9159121322969
20260722,2026-07-22,235,Memphis Redbirds,International League,AutoZone Park,Durham Bulls,234,1775.0,1,night,Wednesday,2,7,July,17,0,,0,235-8,5,9,1.0,0.5612244897959183,0.46875,Clear,Clear,87.0,11,In From RF,0,0,0,,1,2.0,partial_assembled,0,7.4815557019095165,7569.0,2.0,7.566464370523594,-0.08490866861407742,1932.2963060307204
20260723,2026-07-23,235,Memphis Redbirds,International League,AutoZone Park,Durham Bulls,234,2200.0,1,night,Thursday,3,7,July,17,0,,0,235-8,6,9,1.0,0.5656565656565656,0.4639175257731959,Partly Cloudy,Cloudy,85.0,8,In From CF,0,0,0,,1,3.0,partial_assembled,0,7.696212639346407,7225.0,3.0,7.7088814965086225,-0.012668857162215552,2228.0487836221737
20260724,2026-07-24,235,Memphis Redbirds,International League,AutoZone Park,Durham Bulls,234,2441.0,1,night,Friday,4,7,July,18,1,,0,235-8,7,9,1.0,0.57,0.4591836734693877,Cloudy,Cloudy,85.0,4,R To L,0,0,0,,1,4.0,partial_assembled,0,7.80016307039296,7225.0,4.0,8.01734300922501,-0.2171799388320501,3033.1076780713474
20260725,2026-07-25,235,Memphis Redbirds,International League,AutoZone Park,Durham Bulls,234,8589.0,1,night,Saturday,5,7,July,18,1,,0,235-8,8,9,1.0,0.5643564356435643,0.4646464646464646,Rain,Precipitation,88.0,5,L To R,1,0,0,,1,5.0,partial_assembled,0,9.058237593766226,7744.0,5.0,7.995106275331494,1.0631313184347313,2966.4056360465743
20260726,2026-07-26,235,Memphis Redbirds,International League,AutoZone Park,Durham Bulls,234,1679.0,1,day,Sunday,6,7,July,18,1,,0,235-8,9,9,1.0,0.5686274509803921,0.46,Sunny,Clear,93.0,5,Calm,0,0,0,,1,6.0,partial_assembled,0,7.425953657077541,8649.0,6.0,7.712478350138031,-0.2865246930604908,2236.0771788017
20260804,2026-08-04,235,Memphis Redbirds,International League,AutoZone Park,Nashville Sounds,556,1356.0,1,night,Tuesday,1,8,August,19,0,,0,235-9,1,6,9.0,0.5596330275229358,0.5412844036697247,Clear,Clear,87.0,4,Calm,0,0,0,,0,,partial_assembled,0,7.212294468500341,7569.0,,7.629294519239495,-0.417000050739154,2057.5979119407493
20260805,2026-08-05,235,Memphis Redbirds,International League,AutoZone Park,Nashville Sounds,556,1781.0,1,night,Wednesday,2,8,August,19,0,,0,235-9,2,6,1.0,0.5636363636363636,0.5363636363636364,Clear,Clear,92.0,3,In From CF,0,0,0,,0,,partial_assembled,0,7.484930283289661,8464.0,,7.513462691307769,-0.028532408018107525,1832.5481175865307
20260806,2026-08-06,235,Memphis Redbirds,International League,AutoZone Park,Nashville Sounds,556,1581.0,1,night,Thursday,3,8,August,19,0,,0,235-9,3,6,1.0,0.5585585585585585,0.5405405405405406,Clear,Clear,90.0,7,In From CF,0,0,0,,0,,partial_assembled,0,7.365812837209472,8100.0,,7.66627090689294,-0.3004580696834678,2135.1045774876557
20260807,2026-08-07,235,Memphis Redbirds,International League,AutoZone Park,Nashville Sounds,556,3946.0,1,night,Friday,4,8,August,20,1,,0,235-9,4,6,1.0,0.5535714285714286,0.5446428571428571,Partly Cloudy,Cloudy,91.0,4,R To L,0,0,0,,0,,partial_assembled,0,8.28045768658256,8281.0,,7.9605120826690765,0.31994560391348337,2865.5399702135232
20260808,2026-08-08,235,Memphis Redbirds,International League,AutoZone Park,Nashville Sounds,556,5431.0,1,night,Saturday,5,8,August,20,1,,0,235-9,5,6,1.0,0.5486725663716814,0.5486725663716814,Partly Cloudy,Cloudy,86.0,3,In From CF,0,0,0,,0,,partial_assembled,0,8.599878558034845,7396.0,,8.004467723506131,0.5954108345287139,2994.305878252284
20260809,2026-08-09,235,Memphis Redbirds,International League,AutoZone Park,Nashville Sounds,556,1941.0,1,day,Sunday,6,8,August,20,1,,0,235-9,6,6,1.0,0.5526315789473685,0.543859649122807,Partly Cloudy,Cloudy,90.0,4,Calm,0,0,0,,0,,partial_assembled,0,7.57095858316901,8100.0,,7.7844950586715616,-0.2135364755025515,2403.052441085235
20260818,2026-08-18,235,Memphis Redbirds,International League,AutoZone Park,Jacksonville Jumbo Shrimp,564,1186.0,1,night,Tuesday,1,8,August,21,0,,0,235-10,1,6,9.0,0.5537190082644629,0.5042016806722689,Clear,Clear,89.0,6,In From CF,0,0,0,,0,,partial_assembled,0,7.078341579557671,7921.0,,7.605250786345935,-0.5269092067882637,2008.7155889894927
20260819,2026-08-19,235,Memphis Redbirds,International League,AutoZone Park,Jacksonville Jumbo Shrimp,564,1154.0,1,night,Wednesday,2,8,August,21,0,,0,235-10,2,6,1.0,0.5491803278688525,0.5083333333333333,Cloudy,Cloudy,95.0,6,Out To LF,0,0,0,,0,,partial_assembled,0,7.050989447068045,9025.0,,7.462366481649479,-0.4113770345814336,1741.2638544073172
20260820,2026-08-20,235,Memphis Redbirds,International League,AutoZone Park,Jacksonville Jumbo Shrimp,564,1174.0,1,night,Thursday,3,8,August,21,0,,0,235-10,3,6,1.0,0.5447154471544715,0.512396694214876,Partly Cloudy,Cloudy,95.0,3,Calm,0,0,0,,0,,partial_assembled,0,7.068172000388042,9025.0,,7.583112684619881,-0.5149406842318385,1964.7350578847168
20260821,2026-08-21,235,Memphis Redbirds,International League,AutoZone Park,Jacksonville Jumbo Shrimp,564,2582.0,1,night,Friday,4,8,August,22,1,,0,235-10,4,6,1.0,0.5483870967741935,0.5081967213114754,Clear,Clear,91.0,9,In From CF,0,0,0,,0,,partial_assembled,0,7.856319571406588,8281.0,,7.962836844686226,-0.10651727327963822,2872.209418130734
20260822,2026-08-22,235,Memphis Redbirds,International League,AutoZone Park,Jacksonville Jumbo Shrimp,564,5280.0,1,night,Saturday,5,8,August,22,1,,0,235-10,5,6,1.0,0.552,0.5040650406504065,Rain,Precipitation,76.0,7,L To R,1,0,0,,0,,partial_assembled,0,8.571681376700306,5776.0,,8.112799496231926,0.45888188046838074,3336.90662363906
20260823,2026-08-23,235,Memphis Redbirds,International League,AutoZone Park,Jacksonville Jumbo Shrimp,564,1809.0,1,day,Sunday,6,8,August,22,1,,0,235-10,6,6,1.0,0.5476190476190477,0.5080645161290323,Sunny,Clear,88.0,4,Calm,0,0,0,,0,,partial_assembled,0,7.500529485395295,7744.0,,7.815098338929323,-0.31456885353402786,2477.7305984076775
20260331,2026-03-31,556,Nashville Sounds,International League,First Horizon Park,Charlotte Knights,494,7678.0,1,night,Tuesday,1,3,March,1,0,,0,556-1,1,5,1.0,0.5,0.75,Partly Cloudy,Cloudy,79.0,11,R To L,0,1,1,2026 Tour T-shirt,1,0.0,full_season_release,1,8.946114375560743,6241.0,0.0,8.59135290007891,0.35476147548183334,5384.893973023959
20260401,2026-04-01,556,Nashville Sounds,International League,First Horizon Park,Charlotte Knights,494,4002.0,1,night,Wednesday,2,4,April,1,0,,0,556-1,2,5,1.0,0.4,0.8,Partly Cloudy,Cloudy,78.0,9,R To L,0,1,1,2026 Schedule Concert Poster,1,0.0,full_season_release,1,8.294549515143679,6084.0,0.0,8.385045416156565,-0.09049590101288629,4381.057515646764
20260402,2026-04-02,556,Nashville Sounds,International League,First Horizon Park,Charlotte Knights,494,5217.0,1,night,Thursday,3,4,April,1,0,,0,556-1,3,5,1.0,0.5,0.6666666666666666,Partly Cloudy,Cloudy,81.0,15,R To L,0,0,0,,1,1.0,full_season_release,1,8.559677803022392,6561.0,1.0,8.475981250551557,0.08369655247083507,4798.128622438892
20260403,2026-04-03,556,Nashville Sounds,International League,First Horizon Park,Charlotte Knights,494,7892.0,1,night,Friday,4,4,April,2,1,,0,556-1,4,5,1.0,0.5714285714285714,0.5714285714285714,Clear,Clear,82.0,8,R To L,0,0,0,,1,2.0,full_season_release,1,8.973604867142505,6724.0,2.0,8.76872612828102,0.20487873886148478,6429.976280091106
20260405,2026-04-05,556,Nashville Sounds,International League,First Horizon Park,Charlotte Knights,494,4881.0,1,day,Sunday,6,4,April,2,1,,0,556-1,5,5,2.0,0.625,0.5,Partly Cloudy,Cloudy,57.0,10,Out To LF,0,0,0,,1,3.0,full_season_release,1,8.493105395887147,3249.0,3.0,8.48787554010176,0.005229855785387372,4855.539708768392
20260414,2026-04-14,556,Nashville Sounds,International League,First Horizon Park,Worcester Red Sox,533,5029.0,1,night,Tuesday,1,4,April,3,0,,0,556-2,1,6,9.0,0.4666666666666667,0.6666666666666666,Clear,Clear,82.0,10,R To L,0,0,0,,1,-1.0,full_season_release,1,8.522976436171964,6724.0,-1.0,8.396595086902439,0.1263813492695256,4431.950621037692
20260415,2026-04-15,556,Nashville Sounds,International League,First Horizon Park,Worcester Red Sox,533,5255.0,1,night,Wednesday,2,4,April,3,0,,0,556-2,2,6,1.0,0.5,0.625,Clear,Clear,84.0,13,R To L,0,1,1,Jackie Robinson Replica Jersey,1,0.0,full_season_release,1,8.566935283311052,7056.0,0.0,8.33264425350129,0.23429102980976246,4157.3962402150155
20260416,2026-04-16,556,Nashville Sounds,International League,First Horizon Park,Worcester Red Sox,533,6144.0,1,night,Thursday,3,4,April,3,0,,0,556-2,3,6,1.0,0.5294117647058824,0.5882352941176471,Partly Cloudy,Cloudy,82.0,8,R To L,0,0,0,,1,1.0,full_season_release,1,8.723231274827508,6724.0,1.0,8.466449488026216,0.2567817868012927,4752.611274739079
20260417,2026-04-17,556,Nashville Sounds,International League,First Horizon Park,Worcester Red Sox,533,7789.0,1,night,Friday,4,4,April,4,1,,0,556-2,4,6,1.0,0.5555555555555556,0.5555555555555556,Clear,Clear,79.0,5,R To L,0,0,0,,1,-1.0,full_season_release,1,8.960467760919949,6241.0,-1.0,8.791539584126303,0.1689281767936457,6578.352309862196
20260418,2026-04-18,556,Nashville Sounds,International League,First Horizon Park,Worcester Red Sox,533,5997.0,1,night,Saturday,5,4,April,4,1,,0,556-2,5,6,1.0,0.5789473684210527,0.5263157894736842,Overcast,Cloudy,54.0,15,Out To LF,0,1,1,"Jacob Misiorowski Skyline Bobblehead, first 2000 fans",1,0.0,full_season_release,1,8.69901462316851,2916.0,0.0,8.60774500673738,0.09126961643113063,5473.891162288606
20260419,2026-04-19,556,Nashville Sounds,International League,First Horizon Park,Worcester Red Sox,533,8812.0,1,day,Sunday,6,4,April,4,1,,0,556-2,6,6,1.0,0.55,0.55,Sunny,Clear,64.0,11,L To R,0,1,1,"Sounds Ice Cream Jersey, first 500 kids",1,0.0,full_season_release,1,9.083869707922235,4096.0,0.0,8.575665917828019,0.5082037900942158,5301.080347018869
20260429,2026-04-29,556,Nashville Sounds,International League,First Horizon Park,Norfolk Tides,568,4514.0,1,night,Wednesday,2,4,April,5,0,,0,556-4,1,5,10.0,0.5357142857142857,0.3571428571428571,Partly Cloudy,Cloudy,68.0,7,Out To RF,0,1,1,Country Legends Coasters presented by First Horizon,1,0.0,full_season_release,1,8.414938957377482,4624.0,0.0,8.352356620313977,0.06258233706350502,4240.161428725951
20260430,2026-04-30,556,Nashville Sounds,International League,First Horizon Park,Norfolk Tides,568,6426.0,2,night,Thursday,3,4,April,5,0,,0,556-4,2,5,1.0,0.5333333333333333,0.3666666666666666,Partly Cloudy,Cloudy,63.0,7,L To R,0,0,0,,1,1.0,full_season_release,1,8.768107539675803,3969.0,1.0,8.468016857842672,0.30009068183313126,4760.066214998446
20260501,2026-05-01,556,Nashville Sounds,International League,First Horizon Park,Norfolk Tides,568,6607.0,1,night,Friday,4,5,May,6,1,,0,556-4,3,5,1.0,0.5161290322580645,0.3870967741935484,Clear,Clear,62.0,9,Out To RF,0,0,0,,1,-1.0,full_season_release,1,8.795884972029885,3844.0,-1.0,8.978153627046918,-0.18226865501703315,7927.980584645858
20260502,2026-05-02,556,Nashville Sounds,International League,First Horizon Park,Norfolk Tides,568,9019.0,1,night,Saturday,5,5,May,6,1,,0,556-4,4,5,1.0,0.5,0.40625,Partly Cloudy,Cloudy,54.0,9,L To R,0,1,1,Tune Squad Jersey,1,0.0,full_season_release,1,9.107088742165708,2916.0,0.0,8.843575688496191,0.2635130536695165,6929.726937823702
20260503,2026-05-03,556,Nashville Sounds,International League,First Horizon Park,Norfolk Tides,568,7511.0,1,day,Sunday,6,5,May,6,1,,0,556-4,5,5,1.0,0.5151515151515151,0.3939393939393939,Sunny,Clear,66.0,7,R To L,0,1,1,Booster Building Block Set presented by First Horizon,1,0.0,full_season_release,1,8.924123891686012,4356.0,0.0,8.820258150131195,0.10386574155481654,6770.012079213178
20260512,2026-05-12,556,Nashville Sounds,International League,First Horizon Park,Iowa Cubs,451,5687.0,1,night,Tuesday,1,5,May,7,0,,0,556-5,1,6,9.0,0.525,0.4615384615384615,Clear,Clear,81.0,6,R To L,0,0,0,,1,-1.0,full_season_release,1,8.645938147306799,6561.0,-1.0,8.610286580060395,0.03565156724640417,5487.821152587125
20260513,2026-05-13,556,Nashville Sounds,International League,First Horizon Park,Iowa Cubs,451,5677.0,1,night,Wednesday,2,5,May,7,0,,0,556-5,2,6,1.0,0.5365853658536586,0.45,Clear,Clear,79.0,14,Out To LF,0,1,1,Vihuelas Sunglasses,1,0.0,full_season_release,1,8.644178203170727,6241.0,0.0,8.578497440196408,0.0656807629743188,5316.111745425614
20260514,2026-05-14,556,Nashville Sounds,International League,First Horizon Park,Iowa Cubs,451,6044.0,1,night,Thursday,3,5,May,7,0,,0,556-5,3,6,1.0,0.5476190476190477,0.4390243902439024,Clear,Clear,70.0,6,Out To CF,0,0,0,,1,1.0,full_season_release,1,8.70682132339263,4900.0,1.0,8.706353738890197,0.0004675845024326719,6041.174579880102
20260515,2026-05-15,556,Nashville Sounds,International League,First Horizon Park,Iowa Cubs,451,8644.0,1,night,Friday,4,5,May,8,1,,0,556-5,4,6,1.0,0.5581395348837209,0.4285714285714285,Partly Cloudy,Cloudy,79.0,9,In From CF,0,0,0,,1,-1.0,full_season_release,1,9.064620717626777,6241.0,-1.0,9.004680765385775,0.05993995224100246,8141.101468524181
20260516,2026-05-16,556,Nashville Sounds,International League,First Horizon Park,Iowa Cubs,451,10078.0,1,night,Saturday,5,5,May,8,1,,0,556-5,5,6,1.0,0.5681818181818182,0.4186046511627907,Partly Cloudy,Cloudy,83.0,10,In From CF,0,1,1,Sleeveless Hoodie presented by RJ Young,1,0.0,full_season_release,1,9.218110109240543,6889.0,0.0,8.95029483269511,0.26781527654543247,7710.164734681806
20260517,2026-05-17,556,Nashville Sounds,International League,First Horizon Park,Iowa Cubs,451,6513.0,1,day,Sunday,6,5,May,8,1,,0,556-5,6,6,1.0,0.5777777777777777,0.4090909090909091,Partly Cloudy,Cloudy,88.0,10,In From CF,0,1,1,"Ice Cream Batter Sleeve, first 500 kids",1,0.0,full_season_release,1,8.781555458546402,7744.0,0.0,8.727573189206785,0.053982269339616806,6170.734719877886
20260526,2026-05-26,556,Nashville Sounds,International League,First Horizon Park,Gwinnett Stripers,431,4919.0,1,night,Tuesday,1,5,May,9,0,,0,556-6,1,6,9.0,0.5961538461538461,0.5384615384615384,Cloudy,Cloudy,79.0,7,R To L,0,0,0,,1,-1.0,full_season_release,1,8.50086053679534,6241.0,-1.0,8.606774063992079,-0.10591352719673885,5468.5789067413425
20260527,2026-05-27,556,Nashville Sounds,International League,First Horizon Park,Gwinnett Stripers,431,5247.0,1,night,Wednesday,2,5,May,9,0,,0,556-6,2,6,1.0,0.5849056603773585,0.5471698113207547,Partly Cloudy,Cloudy,85.0,5,Out To CF,0,1,1,Denim Bucket Hat presented by First Horizon,1,0.0,full_season_release,1,8.565411763686711,7225.0,0.0,8.519259782115318,0.04615198157139311,5010.3436378469905
20260528,2026-05-28,556,Nashville Sounds,International League,First Horizon Park,Gwinnett Stripers,431,6421.0,1,night,Thursday,3,5,May,9,0,,0,556-6,3,6,1.0,0.5925925925925926,0.5370370370370371,Partly Cloudy,Cloudy,85.0,8,L To R,0,0,0,,1,1.0,full_season_release,1,8.76732914779405,7225.0,1.0,8.638409394449072,0.1289197533449773,5644.344754381563
20260529,2026-05-29,556,Nashville Sounds,International League,First Horizon Park,Gwinnett Stripers,431,6219.0,1,night,Friday,4,5,May,10,1,,0,556-6,4,6,1.0,0.6,0.5272727272727272,Cloudy,Cloudy,75.0,4,L To R,0,0,0,,1,2.0,full_season_release,1,8.735364401103888,5625.0,2.0,9.006651060104375,-0.2712866590004861,8157.157650261982
20260530,2026-05-30,556,Nashville Sounds,International League,First Horizon Park,Gwinnett Stripers,431,7873.0,1,night,Saturday,5,5,May,10,1,,0,556-6,5,6,1.0,0.6071428571428571,0.5178571428571429,Overcast,Cloudy,77.0,7,Out To CF,0,0,0,,1,3.0,full_season_release,1,8.971194463184467,5929.0,3.0,8.975653536536555,-0.004459073352087728,7908.184671717985
20260531,2026-05-31,556,Nashville Sounds,International League,First Horizon Park,Gwinnett Stripers,431,5311.0,1,day,Sunday,6,5,May,10,1,,0,556-6,6,6,1.0,0.6140350877192983,0.5087719298245614,Partly Cloudy,Cloudy,84.0,1,Out To LF,0,0,0,,1,4.0,full_season_release,1,8.577535420422398,7056.0,4.0,8.763112320097092,-0.18557689967469315,6393.980757140843
20260609,2026-06-09,556,Nashville Sounds,International League,First Horizon Park,Durham Bulls,234,5012.0,1,night,Tuesday,1,6,June,11,0,,0,556-7,1,6,9.0,0.609375,0.375,Cloudy,Cloudy,80.0,4,L To R,0,0,0,,1,-1.0,full_season_release,1,8.51959031601596,6400.0,-1.0,8.727131056160239,-0.20754074014427992,6168.007037180525
20260610,2026-06-10,556,Nashville Sounds,International League,First Horizon Park,Durham Bulls,234,6569.0,1,night,Wednesday,2,6,June,11,0,,0,556-7,2,6,1.0,0.6153846153846154,0.3692307692307692,Partly Cloudy,Cloudy,91.0,8,R To L,0,1,1,Brewmaster Shirt presented by Nobody Trashes TN,1,0.0,full_season_release,1,8.790116892892472,8281.0,0.0,8.563123329846812,0.2269935630456601,5235.006316252096
20260611,2026-06-11,556,Nashville Sounds,International League,First Horizon Park,Durham Bulls,234,6886.0,1,night,Thursday,3,6,June,11,0,,0,556-7,3,6,1.0,0.6212121212121212,0.3636363636363636,Clear,Clear,90.0,9,R To L,0,1,1,Vintage Panel Throwback Hat presented by Advance Financial,1,0.0,full_season_release,1,8.83724564389847,8100.0,0.0,8.697951818924162,0.13929382497430787,5990.629748711328
20260612,2026-06-12,556,Nashville Sounds,International League,First Horizon Park,Durham Bulls,234,7677.0,1,night,Friday,4,6,June,12,1,,0,556-7,4,6,1.0,0.6119402985074627,0.373134328358209,Partly Cloudy,Cloudy,82.0,6,R To L,0,0,0,,1,1.0,full_season_release,1,8.945984124827898,6724.0,1.0,9.099858099452437,-0.15387397462453833,8954.02203270087
20260613,2026-06-13,556,Nashville Sounds,International League,First Horizon Park,Durham Bulls,234,8815.0,1,night,Saturday,5,6,June,12,1,,0,556-7,5,6,1.0,0.6029411764705882,0.3823529411764705,Partly Cloudy,Cloudy,87.0,4,R To L,0,1,1,Sulphur Dell Replica,1,0.0,full_season_release,1,9.08421009483197,7569.0,0.0,9.02531788364144,0.05889221119053012,8310.85593910938
20260614,2026-06-14,556,Nashville Sounds,International League,First Horizon Park,Durham Bulls,234,5007.0,1,day,Sunday,6,6,June,12,1,,0,556-7,6,6,1.0,0.5942028985507246,0.391304347826087,Rain,Precipitation,81.0,7,R To L,1,0,0,,1,1.0,full_season_release,1,8.518592212329946,6561.0,1.0,8.95592689178566,-0.4373346794557147,7753.711351516521
20260623,2026-06-23,556,Nashville Sounds,International League,First Horizon Park,Gwinnett Stripers,431,6581.0,1,night,Tuesday,1,6,June,13,0,,0,556-8,1,11,9.0,0.5789473684210527,0.5066666666666667,Partly Cloudy,Cloudy,80.0,7,L To R,0,0,0,,1,-1.0,full_season_release,1,8.791941988456118,6400.0,-1.0,8.727411816409933,0.06453017204618483,6169.739011499794
20260624,2026-06-24,556,Nashville Sounds,International League,First Horizon Park,Gwinnett Stripers,431,7591.0,1,night,Wednesday,2,6,June,13,0,,0,556-8,2,11,1.0,0.5714285714285714,0.5131578947368421,Partly Cloudy,Cloudy,82.0,3,Out To CF,0,1,1,"Brice Turang Skyline Bobblehead, first 2000 fans",1,0.0,full_season_release,1,8.934718614016768,6724.0,0.0,8.672435830287588,0.2622827837291801,5839.706573449191
20260625,2026-06-25,556,Nashville Sounds,International League,First Horizon Park,Gwinnett Stripers,431,5761.0,1,night,Thursday,3,6,June,13,0,,0,556-8,3,11,1.0,0.5769230769230769,0.5064935064935064,Partly Cloudy,Cloudy,84.0,9,In From RF,0,0,0,,1,1.0,full_season_release,1,8.658866349732383,7056.0,1.0,8.774376863449147,-0.1155105137167638,6466.413223992361
20260626,2026-06-26,556,Nashville Sounds,International League,First Horizon Park,Gwinnett Stripers,431,8167.0,1,night,Friday,4,6,June,14,1,,0,556-8,4,11,1.0,0.569620253164557,0.5128205128205128,Cloudy,Cloudy,86.0,7,R To L,0,0,0,,1,-1.0,full_season_release,1,9.007856923358275,7396.0,-1.0,9.063381234531793,-0.055524311173517304,8633.292545352311
20260627,2026-06-27,556,Nashville Sounds,International League,First Horizon Park,Gwinnett Stripers,431,8119.0,1,night,Saturday,5,6,June,14,1,,0,556-8,5,11,1.0,0.5625,0.5189873417721519,Overcast,Cloudy,80.0,7,In From RF,0,1,1,"Hawaiian Shirt, first 2000 fans",1,0.0,full_season_release,1,9.001962272862446,6400.0,0.0,9.091461148506054,-0.08949887564360814,8879.150335827928
20260628,2026-06-28,556,Nashville Sounds,International League,First Horizon Park,Gwinnett Stripers,431,5237.0,1,night,Sunday,6,6,June,14,1,,0,556-8,6,11,1.0,0.5679012345679012,0.5125,Clear,Clear,90.0,10,R To L,0,0,0,,1,1.0,full_season_release,1,8.563504094279487,8100.0,1.0,8.653205652221445,-0.08970155794195733,5728.480849013568
20260630,2026-06-30,556,Nashville Sounds,International League,First Horizon Park,Jacksonville Jumbo Shrimp,564,5338.0,1,night,Tuesday,1,6,June,14,0,,0,556-8,7,11,2.0,0.573170731707317,0.5802469135802469,Clear,Clear,95.0,4,In From RF,0,0,0,,1,-1.0,full_season_release,1,8.58260632996447,9025.0,-1.0,8.506300168032112,0.07630616193235795,4945.830453782456
20260701,2026-07-01,556,Nashville Sounds,International League,First Horizon Park,Jacksonville Jumbo Shrimp,564,5076.0,1,night,Wednesday,2,7,July,14,0,,0,556-8,8,11,1.0,0.5662650602409639,0.5853658536585366,Partly Cloudy,Cloudy,94.0,6,Out To LF,0,1,1,Hot Chickens Cooling Towel,1,0.0,full_season_release,1,8.532278828834277,8836.0,0.0,8.456957162823832,0.07532166601044565,4707.711382287797
20260702,2026-07-02,556,Nashville Sounds,International League,First Horizon Park,Jacksonville Jumbo Shrimp,564,5074.0,1,night,Thursday,3,7,July,14,0,,0,556-8,9,11,1.0,0.5595238095238095,0.5903614457831325,Cloudy,Cloudy,83.0,6,Out To LF,0,0,0,,1,1.0,full_season_release,1,8.531884740159228,6889.0,1.0,8.72892317058884,-0.1970384304296129,6179.070722321381
20260704,2026-07-04,556,Nashville Sounds,International League,First Horizon Park,Jacksonville Jumbo Shrimp,564,9823.0,2,night,Saturday,5,7,July,15,1,Independence Day,1,556-8,10,11,2.0,0.5697674418604651,0.5764705882352941,Partly Cloudy,Cloudy,91.0,3,R To L,0,0,0,,1,2.0,full_season_release,1,9.19248185367487,8281.0,2.0,8.99361003883937,0.19887181483550087,8051.470615148809
20260705,2026-07-05,556,Nashville Sounds,International League,First Horizon Park,Jacksonville Jumbo Shrimp,564,7242.0,1,night,Sunday,6,7,July,15,1,,0,556-8,11,11,1.0,0.5747126436781609,0.5697674418604651,Partly Cloudy,Cloudy,81.0,7,R To L,0,0,0,,1,3.0,full_season_release,1,8.887652690325586,6561.0,3.0,8.70284657303878,0.18480611728680607,6020.024289159199
20260717,2026-07-17,556,Nashville Sounds,International League,First Horizon Park,Norfolk Tides,568,10154.0,1,night,Friday,4,7,July,17,1,,0,556-9,1,3,12.0,0.5638297872340425,0.3695652173913043,Cloudy,Cloudy,81.0,6,R To L,0,0,0,,1,-1.0,full_season_release,1,9.22562299550734,6561.0,-1.0,9.100417611089295,0.12520538441804518,8959.033314029228
20260718,2026-07-18,556,Nashville Sounds,International League,First Horizon Park,Norfolk Tides,568,9811.0,1,night,Saturday,5,7,July,17,1,,0,556-9,2,3,1.0,0.5578947368421052,0.3763440860215054,Partly Cloudy,Cloudy,83.0,5,R To L,0,1,1,Spider-Man Funko Pop,1,0.0,full_season_release,1,9.19125948416339,6889.0,0.0,9.098263162030895,0.09299632213249609,8939.752310569487
20260719,2026-07-19,556,Nashville Sounds,International League,First Horizon Park,Norfolk Tides,568,6771.0,1,night,Sunday,6,7,July,17,1,,0,556-9,3,3,1.0,0.5625,0.3723404255319149,Cloudy,Cloudy,83.0,4,Out To RF,0,1,1,"Sounds Ice Cream Jersey, first 500 kids",1,0.0,full_season_release,1,8.820404065485645,6889.0,0.0,8.765480725501932,0.05492333998371279,6409.142242909759
20260728,2026-07-28,556,Nashville Sounds,International League,First Horizon Park,Charlotte Knights,494,5518.0,1,night,Tuesday,1,7,July,18,0,,0,556-10,1,6,9.0,0.5436893203883495,0.5436893203883495,Partly Cloudy,Cloudy,90.0,11,Out To CF,0,0,0,,1,-1.0,full_season_release,1,8.615770754777232,8100.0,-1.0,8.623680016462078,-0.007909261684845958,5561.816355070192
20260729,2026-07-29,556,Nashville Sounds,International League,First Horizon Park,Charlotte Knights,494,6466.0,1,night,Wednesday,2,7,July,18,0,,0,556-10,2,6,1.0,0.5384615384615384,0.5480769230769231,Partly Cloudy,Cloudy,86.0,8,Out To RF,0,1,1,Country Legends Coasters presented by First Horizon,1,0.0,full_season_release,1,8.774312958285378,7396.0,0.0,8.635262166017958,0.13905079226742068,5626.608636542477
20260730,2026-07-30,556,Nashville Sounds,International League,First Horizon Park,Charlotte Knights,494,7001.0,1,night,Thursday,3,7,July,18,0,,0,556-10,3,6,1.0,0.5333333333333333,0.5523809523809524,Partly Cloudy,Cloudy,84.0,8,Out To RF,0,0,0,,1,1.0,full_season_release,1,8.853808274977197,7056.0,1.0,8.777201894206074,0.07660638077112303,6484.706868124315
20260731,2026-07-31,556,Nashville Sounds,International League,First Horizon Park,Charlotte Knights,494,10557.0,1,night,Friday,4,7,July,19,1,,0,556-10,4,6,1.0,0.5377358490566038,0.5471698113207547,Partly Cloudy,Cloudy,87.0,4,R To L,0,0,0,,1,-1.0,full_season_release,1,9.264544425989694,7569.0,-1.0,9.05268380381563,0.21186062217406487,8541.430715293181
20260801,2026-08-01,556,Nashville Sounds,International League,First Horizon Park,Charlotte Knights,494,11559.0,1,night,Saturday,5,8,August,19,1,,0,556-10,5,6,1.0,0.5420560747663551,0.5420560747663551,Partly Cloudy,Cloudy,83.0,14,R To L,0,1,1,Denim Bucket Hat presented by First Horizon,1,0.0,full_season_release,1,9.355219633294267,6889.0,0.0,9.066420981206662,0.28879865208760513,8659.575494175362
20260802,2026-08-02,556,Nashville Sounds,International League,First Horizon Park,Charlotte Knights,494,5501.0,1,night,Sunday,6,8,August,19,1,,0,556-10,6,6,1.0,0.5462962962962963,0.5370370370370371,Overcast,Cloudy,75.0,8,Out To LF,0,0,0,,1,1.0,full_season_release,1,8.612685172875459,5625.0,1.0,8.774595235209434,-0.1619100623339751,6467.825460221469
20260811,2026-08-11,556,Nashville Sounds,International League,First Horizon Park,Indianapolis Indians,484,4989.0,1,night,Tuesday,1,8,August,20,0,,0,556-11,1,6,9.0,0.5478260869565217,0.4869565217391304,Clear,Clear,90.0,6,Out To CF,0,0,0,,1,-1.0,full_season_release,1,8.514990767861038,8100.0,-1.0,8.622597762353736,-0.1076069944926985,5555.800312500671
20260812,2026-08-12,556,Nashville Sounds,International League,First Horizon Park,Indianapolis Indians,484,4711.0,1,night,Wednesday,2,8,August,20,0,,0,556-11,2,6,1.0,0.5431034482758621,0.4913793103448275,Partly Cloudy,Cloudy,90.0,6,R To L,0,1,1,Booster Building Block Set presented by First Horizon,1,0.0,full_season_release,1,8.45765547870004,8100.0,0.0,8.58104546480988,-0.12338998610984042,5329.674600907741
20260813,2026-08-13,556,Nashville Sounds,International League,First Horizon Park,Indianapolis Indians,484,4981.0,1,night,Thursday,3,8,August,20,0,,0,556-11,3,6,1.0,0.5384615384615384,0.4957264957264957,Partly Cloudy,Cloudy,93.0,6,R To L,0,0,0,,1,1.0,full_season_release,1,8.513385953073284,8649.0,1.0,8.652515615069088,-0.13912966199580445,5724.529347899268
20260814,2026-08-14,556,Nashville Sounds,International League,First Horizon Park,Indianapolis Indians,484,7513.0,1,night,Friday,4,8,August,21,1,,0,556-11,4,6,1.0,0.5423728813559322,0.4915254237288136,Clear,Clear,95.0,7,R To L,0,0,0,,1,-1.0,full_season_release,1,8.92439013236916,9025.0,-1.0,8.923638397832358,0.0007517345368022177,7507.354340709401
20260815,2026-08-15,556,Nashville Sounds,International League,First Horizon Park,Indianapolis Indians,484,8945.0,1,night,Saturday,5,8,August,21,1,,0,556-11,5,6,1.0,0.5378151260504201,0.4957983193277311,Clear,Clear,96.0,7,R To L,0,1,1,Brewmaster Shirt presented by Nobody Trashes TN,1,0.0,full_season_release,1,9.09884999594282,9216.0,0.0,8.878898170731555,0.21995182521126466,7178.876480301892
20260816,2026-08-16,556,Nashville Sounds,International League,First Horizon Park,Indianapolis Indians,484,6186.0,1,night,Sunday,6,8,August,21,1,,0,556-11,6,6,1.0,0.5416666666666666,0.4916666666666666,Clear,Clear,97.0,9,R To L,0,0,0,,1,1.0,full_season_release,1,8.730043953245016,9409.0,1.0,8.52529145637802,0.2047524968669947,5040.655723027859
20260327,2026-03-27,238,Oklahoma City Comets,Pacific Coast League,Chickasaw Bricktown Ballpark,Albuquerque Isotopes,342,6834.0,1,night,Friday,4,3,March,1,1,,0,238-1,1,3,1.0,0.0,1.0,Overcast,Cloudy,58.0,18,In From CF,0,0,0,,1,-1.0,full_season_release,1,8.829665432675236,3364.0,-1.0,8.830033447746729,-0.0003680150714924224,6836.515477837062
20260328,2026-03-28,238,Oklahoma City Comets,Pacific Coast League,Chickasaw Bricktown Ballpark,Albuquerque Isotopes,342,5386.0,1,night,Saturday,5,3,March,1,1,,0,238-1,2,3,1.0,0.5,0.5,Partly Cloudy,Cloudy,60.0,7,R To L,0,1,1,"Comets hat, first 1000 fans",1,0.0,full_season_release,1,8.591558273371545,3600.0,0.0,8.761791975251674,-0.17023370188012876,6385.544068501277
20260329,2026-03-29,238,Oklahoma City Comets,Pacific Coast League,Chickasaw Bricktown Ballpark,Albuquerque Isotopes,342,4022.0,1,day,Sunday,6,3,March,1,1,,0,238-1,3,3,1.0,0.6666666666666666,0.3333333333333333,Sunny,Clear,75.0,22,Out To CF,0,0,0,,1,1.0,full_season_release,1,8.299534570332597,5625.0,1.0,8.652086427226818,-0.3525518568942214,5722.072976660473
20260407,2026-04-07,238,Oklahoma City Comets,Pacific Coast League,Chickasaw Bricktown Ballpark,Round Rock Express,102,3898.0,1,night,Tuesday,1,4,April,2,0,,0,238-2,1,6,9.0,0.5,0.2,Clear,Clear,70.0,8,R To L,0,0,0,,0,,full_season_release,1,8.268218880067506,4900.0,,8.305057309358917,-0.03683842929141079,4044.2739062354585
20260408,2026-04-08,238,Oklahoma City Comets,Pacific Coast League,Chickasaw Bricktown Ballpark,Round Rock Express,102,6328.0,1,day,Wednesday,2,4,April,2,0,,0,238-2,2,6,1.0,0.4545454545454545,0.2727272727272727,Sunny,Clear,66.0,13,Out To LF,0,0,0,,0,,full_season_release,1,8.75273950944749,4356.0,,8.41432442359257,0.33841508585492086,4511.226846680386
20260409,2026-04-09,238,Oklahoma City Comets,Pacific Coast League,Chickasaw Bricktown Ballpark,Round Rock Express,102,3649.0,1,night,Thursday,3,4,April,2,0,,0,238-2,3,6,1.0,0.4166666666666667,0.3333333333333333,Clear,Clear,78.0,21,R To L,0,0,0,,0,,full_season_release,1,8.202208436436448,6084.0,,8.3879033159886,-0.1856948795521518,4393.596047584895
20260410,2026-04-10,238,Oklahoma City Comets,Pacific Coast League,Chickasaw Bricktown Ballpark,Round Rock Express,102,5429.0,1,night,Friday,4,4,April,3,1,,0,238-2,4,6,1.0,0.4615384615384615,0.3076923076923077,Partly Cloudy,Cloudy,73.0,11,In From RF,0,0,0,,0,,full_season_release,1,8.599510233905452,5329.0,,8.699694920662225,-0.10018468675677283,6001.081132104382
20260411,2026-04-11,238,Oklahoma City Comets,Pacific Coast League,Chickasaw Bricktown Ballpark,Round Rock Express,102,5988.0,1,night,Saturday,5,4,April,3,1,,0,238-2,5,6,1.0,0.5,0.2857142857142857,Partly Cloudy,Cloudy,77.0,9,R To L,0,0,0,,0,,full_season_release,1,8.69751274553952,5929.0,,8.662500611269117,0.03501213427040284,5781.975072075652
20260412,2026-04-12,238,Oklahoma City Comets,Pacific Coast League,Chickasaw Bricktown Ballpark,Round Rock Express,102,4167.0,1,day,Sunday,6,4,April,3,1,,0,238-2,6,6,1.0,0.5333333333333333,0.2666666666666666,Partly Cloudy,Cloudy,74.0,12,Out To CF,0,0,0,,0,,full_season_release,1,8.334951631422454,5476.0,,8.496742332217003,-0.16179070079454938,4898.784206636544
20260421,2026-04-21,238,Oklahoma City Comets,Pacific Coast League,Chickasaw Bricktown Ballpark,Tacoma Rainiers,529,3628.0,1,night,Tuesday,1,4,April,4,0,,0,238-3,1,6,9.0,0.5,0.4545454545454545,Overcast,Cloudy,60.0,7,Out To LF,0,0,0,,1,-3.0,full_season_release,1,8.196436811235028,3600.0,-3.0,8.21943458038897,-0.02299776915394247,3712.4027236690895
20260422,2026-04-22,238,Oklahoma City Comets,Pacific Coast League,Chickasaw Bricktown Ballpark,Tacoma Rainiers,529,3438.0,1,night,Wednesday,2,4,April,4,0,,0,238-3,2,6,1.0,0.5217391304347826,0.4347826086956521,Cloudy,Cloudy,68.0,13,Out To LF,0,0,0,,1,-2.0,full_season_release,1,8.142645185942795,4624.0,-2.0,8.242017108398372,-0.09937192245557647,3797.1919362394356
20260423,2026-04-23,238,Oklahoma City Comets,Pacific Coast League,Chickasaw Bricktown Ballpark,Tacoma Rainiers,529,6488.0,1,day,Thursday,3,4,April,4,0,,0,238-3,3,6,1.0,0.5,0.4583333333333333,Partly Cloudy,Cloudy,71.0,20,Out To LF,0,0,0,,1,-1.0,full_season_release,1,8.77770959579525,5041.0,-1.0,8.541270242923886,0.23643935287136308,5121.846220222678
20260424,2026-04-24,238,Oklahoma City Comets,Pacific Coast League,Chickasaw Bricktown Ballpark,Tacoma Rainiers,529,6367.0,1,night,Friday,4,4,April,5,1,,0,238-3,4,6,1.0,0.48,0.48,Cloudy,Cloudy,69.0,11,In From RF,0,1,1,"Los Angeles Dodgers Celebration Night Poster, first 1000 fans",1,0.0,full_season_release,1,8.758883680017025,4761.0,0.0,8.681205256328923,0.07767842368810207,5891.142651156552
20260425,2026-04-25,238,Oklahoma City Comets,Pacific Coast League,Chickasaw Bricktown Ballpark,Tacoma Rainiers,529,5839.0,1,night,Saturday,5,4,April,5,1,,0,238-3,5,6,1.0,0.4615384615384615,0.5,Partly Cloudy,Cloudy,72.0,5,R To L,0,0,0,,1,1.0,full_season_release,1,8.672314828283538,5184.0,1.0,8.666152152599398,0.006162675684139529,5803.126787701258
20260426,2026-04-26,238,Oklahoma City Comets,Pacific Coast League,Chickasaw Bricktown Ballpark,Tacoma Rainiers,529,4639.0,1,day,Sunday,6,4,April,5,1,,0,238-3,6,6,1.0,0.4444444444444444,0.5185185185185185,Partly Cloudy,Cloudy,85.0,16,Out To LF,0,0,0,,1,2.0,full_season_release,1,8.442254104751743,7225.0,2.0,8.441541510399556,0.0007125943521870681,4635.695452341037
20260505,2026-05-05,238,Oklahoma City Comets,Pacific Coast League,Chickasaw Bricktown Ballpark,Salt Lake Bees,561,5004.0,1,night,Tuesday,1,5,May,6,0,,0,238-4,1,6,9.0,0.5,0.4411764705882353,Cloudy,Cloudy,52.0,15,In From CF,0,0,0,,0,,full_season_release,1,8.517992871586802,2704.0,,8.302780179978729,0.21521269160807321,4035.0750487712576
20260506,2026-05-06,238,Oklahoma City Comets,Pacific Coast League,Chickasaw Bricktown Ballpark,Salt Lake Bees,561,9436.0,1,day,Wednesday,2,5,May,6,0,,0,238-4,2,6,1.0,0.5142857142857142,0.4285714285714285,Partly Cloudy,Cloudy,54.0,14,In From CF,0,0,0,,0,,full_season_release,1,9.152287440527566,2916.0,,8.46113924538976,0.6911481951378065,4727.440645934762
20260507,2026-05-07,238,Oklahoma City Comets,Pacific Coast League,Chickasaw Bricktown Ballpark,Salt Lake Bees,561,3633.0,1,night,Thursday,3,5,May,6,0,,0,238-4,3,6,1.0,0.5277777777777778,0.4166666666666667,Clear,Clear,74.0,4,R To L,0,0,0,,0,,full_season_release,1,8.197814032221203,5476.0,,8.583303462555163,-0.3854894303339602,5341.722591188179
20260508,2026-05-08,238,Oklahoma City Comets,Pacific Coast League,Chickasaw Bricktown Ballpark,Salt Lake Bees,561,8586.0,1,night,Friday,4,5,May,7,1,,0,238-4,4,6,1.0,0.5135135135135135,0.4324324324324324,Partly Cloudy,Cloudy,65.0,6,Out To LF,0,0,0,,0,,full_season_release,1,9.057888248784506,4225.0,,8.862750922463986,0.19513732632051983,7063.888249676801
20260509,2026-05-09,238,Oklahoma City Comets,Pacific Coast League,Chickasaw Bricktown Ballpark,Salt Lake Bees,561,10050.0,1,night,Saturday,5,5,May,7,1,,0,238-4,5,6,1.0,0.5263157894736842,0.4210526315789473,Clear,Clear,84.0,8,R To L,0,0,0,,0,,full_season_release,1,9.215327913487222,7056.0,,8.816047659395464,0.3992802540917584,6741.566932110538
20260519,2026-05-19,238,Oklahoma City Comets,Pacific Coast League,Chickasaw Bricktown Ballpark,Reno Aces,2310,3213.0,1,night,Tuesday,1,5,May,8,0,,0,238-5,1,6,10.0,0.5555555555555556,0.4782608695652174,Overcast,Cloudy,54.0,9,In From CF,0,0,0,,1,-4.0,full_season_release,1,8.074960359115858,2916.0,-4.0,8.324980295478378,-0.25001993636251996,4125.6559135697535
20260520,2026-05-20,238,Oklahoma City Comets,Pacific Coast League,Chickasaw Bricktown Ballpark,Reno Aces,2310,3034.0,1,night,Wednesday,2,5,May,8,0,,0,238-5,2,6,1.0,0.5652173913043478,0.4680851063829787,Overcast,Cloudy,60.0,9,L To R,0,0,0,,1,-3.0,full_season_release,1,8.017637159908478,3600.0,-3.0,8.373867725216739,-0.3562305653082607,4332.360078223376
20260521,2026-05-21,238,Oklahoma City Comets,Pacific Coast League,Chickasaw Bricktown Ballpark,Reno Aces,2310,3529.0,1,night,Thursday,3,5,May,8,0,,0,238-5,3,6,1.0,0.574468085106383,0.4583333333333333,Overcast,Cloudy,65.0,4,In From RF,0,0,0,,1,-2.0,full_season_release,1,8.16876982367527,4225.0,-2.0,8.54194162576484,-0.3731718020895709,5125.286094496011
20260522,2026-05-22,238,Oklahoma City Comets,Pacific Coast League,Chickasaw Bricktown Ballpark,Reno Aces,2310,6324.0,1,night,Friday,4,5,May,9,1,,0,238-5,4,6,1.0,0.5625,0.4693877551020408,Partly Cloudy,Cloudy,78.0,7,Out To LF,0,0,0,,1,-1.0,full_season_release,1,8.752107198329362,6084.0,-1.0,8.87462535238176,-0.12251815405239697,7148.267884199842
20260523,2026-05-23,238,Oklahoma City Comets,Pacific Coast League,Chickasaw Bricktown Ballpark,Reno Aces,2310,6958.0,1,night,Saturday,5,5,May,9,1,,0,238-5,5,6,1.0,0.5510204081632653,0.48,Partly Cloudy,Cloudy,78.0,8,In From LF,0,1,1,"Y2K bucket hat, first 1000 fans",1,0.0,full_season_release,1,8.847647355711887,6084.0,0.0,8.85091838910641,-0.0032710333945225045,6980.797115094694
20260524,2026-05-24,238,Oklahoma City Comets,Pacific Coast League,Chickasaw Bricktown Ballpark,Reno Aces,2310,6005.0,1,day,Sunday,6,5,May,9,1,,0,238-5,6,6,1.0,0.56,0.4705882352941176,Sunny,Clear,81.0,5,In From RF,0,0,0,,1,1.0,full_season_release,1,8.700347734514084,6561.0,1.0,8.666602087745392,0.03374564676869163,5805.738405885051
20260602,2026-06-02,238,Oklahoma City Comets,Pacific Coast League,Chickasaw Bricktown Ballpark,Round Rock Express,102,5023.0,1,night,Tuesday,1,6,June,10,0,,0,238-6,1,6,9.0,0.5789473684210527,0.4137931034482758,Partly Cloudy,Cloudy,83.0,10,In From RF,0,0,0,,0,,full_season_release,1,8.521782643750045,6889.0,,8.576527427382056,-0.054744783632010297,5305.649246177095
20260603,2026-06-03,238,Oklahoma City Comets,Pacific Coast League,Chickasaw Bricktown Ballpark,Round Rock Express,102,3524.0,1,night,Wednesday,2,6,June,10,0,,0,238-6,2,6,1.0,0.5689655172413793,0.423728813559322,Partly Cloudy,Cloudy,81.0,11,R To L,0,0,0,,0,,full_season_release,1,8.16735198705607,6561.0,,8.551340003769493,-0.3839880167134222,5173.682538395344
20260604,2026-06-04,238,Oklahoma City Comets,Pacific Coast League,Chickasaw Bricktown Ballpark,Round Rock Express,102,4249.0,1,night,Thursday,3,6,June,10,0,,0,238-6,3,6,1.0,0.576271186440678,0.4166666666666667,Partly Cloudy,Cloudy,86.0,13,Out To LF,0,0,0,,0,,full_season_release,1,8.354438940114811,7396.0,,8.62451920061138,-0.2700802604965684,5566.485702143692
20260605,2026-06-05,238,Oklahoma City Comets,Pacific Coast League,Chickasaw Bricktown Ballpark,Round Rock Express,102,7728.0,1,night,Friday,4,6,June,11,1,,0,238-6,4,6,1.0,0.5666666666666667,0.4262295081967213,Cloudy,Cloudy,82.0,4,R To L,0,0,0,,0,,full_season_release,1,8.952605375892354,6724.0,,8.973437817816558,-0.020832441924204304,7890.681756828502
20260606,2026-06-06,238,Oklahoma City Comets,Pacific Coast League,Chickasaw Bricktown Ballpark,Round Rock Express,102,7860.0,1,night,Saturday,5,6,June,11,1,,0,238-6,5,6,1.0,0.5573770491803278,0.4354838709677419,Cloudy,Cloudy,82.0,12,R To L,0,0,0,,0,,full_season_release,1,8.969541885423252,6724.0,,8.949396695491064,0.0201451899321885,7703.243057657366
20260607,2026-06-07,238,Oklahoma City Comets,Pacific Coast League,Chickasaw Bricktown Ballpark,Round Rock Express,102,6343.0,1,day,Sunday,6,6,June,11,1,,0,238-6,6,6,1.0,0.5645161290322581,0.4285714285714285,Cloudy,Cloudy,79.0,10,Out To CF,0,0,0,,0,,full_season_release,1,8.755107121633896,6241.0,,8.801384674794033,-0.046277553160136264,6643.436639665941
20260616,2026-06-16,238,Oklahoma City Comets,Pacific Coast League,Chickasaw Bricktown Ballpark,Sacramento River Cats,105,5012.0,1,night,Tuesday,1,6,June,12,0,,0,238-7,1,6,9.0,0.5507246376811594,0.5970149253731343,Clear,Clear,87.0,7,Out To LF,0,0,0,,0,,full_season_release,1,8.51959031601596,7569.0,,8.532253780850757,-0.012663464834798077,5075.8728580279785
20260617,2026-06-17,238,Oklahoma City Comets,Pacific Coast League,Chickasaw Bricktown Ballpark,Sacramento River Cats,105,3426.0,1,night,Wednesday,2,6,June,12,0,,0,238-7,2,6,1.0,0.5428571428571428,0.6029411764705882,Clear,Clear,92.0,16,Out To LF,0,0,0,,0,,full_season_release,1,8.139148678884066,8464.0,,8.418098445208768,-0.27894976632470225,4528.284482011237
20260618,2026-06-18,238,Oklahoma City Comets,Pacific Coast League,Chickasaw Bricktown Ballpark,Sacramento River Cats,105,5028.0,1,day,Thursday,3,6,June,12,0,,0,238-7,3,6,1.0,0.5492957746478874,0.5942028985507246,Cloudy,Cloudy,80.0,11,In From CF,0,0,0,,0,,full_season_release,1,8.522777569710138,6400.0,,8.840509554584527,-0.3177319848743885,6908.512007590019
20260619,2026-06-19,238,Oklahoma City Comets,Pacific Coast League,Chickasaw Bricktown Ballpark,Sacramento River Cats,105,8322.0,1,night,Friday,4,6,June,13,1,,0,238-7,4,6,1.0,0.5555555555555556,0.5857142857142857,Clear,Clear,82.0,5,Out To LF,0,0,0,,0,,full_season_release,1,9.026657889542886,6724.0,,8.969232240624375,0.05742564891851032,7857.5665686499515
20260620,2026-06-20,238,Oklahoma City Comets,Pacific Coast League,Chickasaw Bricktown Ballpark,Sacramento River Cats,105,10210.0,1,night,Saturday,5,6,June,13,1,,0,238-7,5,6,1.0,0.5616438356164384,0.5774647887323944,Clear,Clear,85.0,16,R To L,0,0,0,,0,,full_season_release,1,9.231122911158712,7225.0,,8.915601437768903,0.3155214733898095,7447.259845691089
20260621,2026-06-21,238,Oklahoma City Comets,Pacific Coast League,Chickasaw Bricktown Ballpark,Sacramento River Cats,105,5472.0,1,night,Sunday,6,6,June,13,1,Father's Day,1,238-7,6,6,1.0,0.5540540540540541,0.5833333333333334,Partly Cloudy,Cloudy,91.0,13,Out To RF,0,0,0,,0,,full_season_release,1,8.607399459302387,8281.0,,8.580996466823828,0.02640299247855893,5329.413463983625
20260630,2026-06-30,238,Oklahoma City Comets,Pacific Coast League,Chickasaw Bricktown Ballpark,Sugar Land Space Cowboys,5434,4648.0,1,night,Tuesday,1,6,June,14,0,,0,238-8,1,11,9.0,0.5555555555555556,0.4567901234567901,Clear,Clear,91.0,8,Out To LF,0,0,0,,1,-3.0,full_season_release,1,8.444192298531748,8281.0,-3.0,8.480155359714677,-0.03596306118292958,4818.198392653583
20260701,2026-07-01,238,Oklahoma City Comets,Pacific Coast League,Chickasaw Bricktown Ballpark,Sugar Land Space Cowboys,5434,3893.0,1,night,Wednesday,2,7,July,14,0,,0,238-8,2,11,1.0,0.5487804878048781,0.4634146341463415,Partly Cloudy,Cloudy,91.0,15,R To L,0,0,0,,1,-2.0,full_season_release,1,8.266935347610456,8281.0,-2.0,8.43578348179851,-0.16884813418805322,4609.079686049354
20260702,2026-07-02,238,Oklahoma City Comets,Pacific Coast League,Chickasaw Bricktown Ballpark,Sugar Land Space Cowboys,5434,5102.0,1,night,Thursday,3,7,July,14,0,,0,238-8,3,11,1.0,0.5421686746987951,0.4698795180722891,Clear,Clear,91.0,9,R To L,0,0,0,,1,-1.0,full_season_release,1,8.537387898701757,8281.0,-1.0,8.556815885827072,-0.019427987125315127,5202.090722726802
20260703,2026-07-03,238,Oklahoma City Comets,Pacific Coast League,Chickasaw Bricktown Ballpark,Sugar Land Space Cowboys,5434,7263.0,1,night,Friday,4,7,July,15,1,,0,238-8,4,11,1.0,0.5476190476190477,0.4642857142857143,Clear,Clear,91.0,6,Out To LF,0,1,1,"Comets luggage tag, first 1000 fans",1,0.0,full_season_release,1,8.890548245606167,8281.0,0.0,8.865115208643319,0.025433036962848377,7080.609061641279
20260704,2026-07-04,238,Oklahoma City Comets,Pacific Coast League,Chickasaw Bricktown Ballpark,Sugar Land Space Cowboys,5434,11290.0,1,night,Saturday,5,7,July,15,1,Independence Day,1,238-8,5,11,1.0,0.5411764705882353,0.4705882352941176,Cloudy,Cloudy,95.0,12,Out To LF,0,0,0,,1,1.0,full_season_release,1,9.331672657143708,9025.0,1.0,8.84549274995279,0.48617990719091786,6943.02439218709
20260705,2026-07-05,238,Oklahoma City Comets,Pacific Coast League,Chickasaw Bricktown Ballpark,Sugar Land Space Cowboys,5434,4448.0,1,night,Sunday,6,7,July,15,1,,0,238-8,6,11,1.0,0.5465116279069767,0.4651162790697674,Partly Cloudy,Cloudy,88.0,4,In From RF,0,0,0,,1,2.0,full_season_release,1,8.400209835930418,7744.0,2.0,8.551691122736361,-0.15148128680594297,5175.499435417967
20260707,2026-07-07,238,Oklahoma City Comets,Pacific Coast League,Chickasaw Bricktown Ballpark,El Paso Chihuahuas,4904,4013.0,1,night,Tuesday,1,7,July,15,0,,0,238-8,7,11,2.0,0.5402298850574713,0.4659090909090909,Clear,Clear,91.0,4,In From RF,0,0,0,,1,3.0,full_season_release,1,8.297294370266917,8281.0,3.0,8.452244982515122,-0.1549506122482054,4685.579981939194
20260708,2026-07-08,238,Oklahoma City Comets,Pacific Coast League,Chickasaw Bricktown Ballpark,El Paso Chihuahuas,4904,3265.0,1,night,Wednesday,2,7,July,15,0,,0,238-8,8,11,1.0,0.5454545454545454,0.4606741573033708,Clear,Clear,95.0,5,Out To LF,0,0,0,,1,4.0,full_season_release,1,8.09101504171053,9025.0,4.0,8.313942509342919,-0.22292746763238824,4080.3682037478843
20260709,2026-07-09,238,Oklahoma City Comets,Pacific Coast League,Chickasaw Bricktown Ballpark,El Paso Chihuahuas,4904,4254.0,1,night,Thursday,3,7,July,15,0,,0,238-8,9,11,1.0,0.550561797752809,0.4555555555555555,Clear,Clear,95.0,14,R To L,0,0,0,,1,5.0,full_season_release,1,8.355614995760183,9025.0,5.0,8.433353697049629,-0.07773870128944615,4597.894209175493
20260710,2026-07-10,238,Oklahoma City Comets,Pacific Coast League,Chickasaw Bricktown Ballpark,El Paso Chihuahuas,4904,9126.0,1,night,Friday,4,7,July,16,1,,0,238-8,10,11,1.0,0.5555555555555556,0.4505494505494505,Clear,Clear,95.0,10,R To L,0,0,0,,1,6.0,full_season_release,1,9.118882761487347,9025.0,6.0,8.741710914647859,0.377171846839488,6258.594478276724
20260712,2026-07-12,238,Oklahoma City Comets,Pacific Coast League,Chickasaw Bricktown Ballpark,El Paso Chihuahuas,4904,4896.0,1,day,Sunday,6,7,July,16,1,,0,238-8,11,11,2.0,0.5604395604395604,0.4456521739130434,Sunny,Clear,81.0,6,In From RF,0,0,0,,1,7.0,full_season_release,1,8.496173824192162,6561.0,7.0,8.740056336179379,-0.24388251198721633,6248.247704744837
20260728,2026-07-28,238,Oklahoma City Comets,Pacific Coast League,Chickasaw Bricktown Ballpark,Las Vegas Aviators,400,4987.0,1,night,Tuesday,1,7,July,18,0,,0,238-9,1,6,14.0,0.5247524752475248,0.6138613861386139,Clear,Clear,99.0,6,Out To LF,0,0,0,,1,-3.0,full_season_release,1,8.514589805546123,9801.0,-3.0,8.302309588516238,0.21228021702988542,4033.1766236291605
20260729,2026-07-29,238,Oklahoma City Comets,Pacific Coast League,Chickasaw Bricktown Ballpark,Las Vegas Aviators,400,3960.0,1,night,Wednesday,2,7,July,18,0,,0,238-9,2,6,1.0,0.5294117647058824,0.6078431372549019,Partly Cloudy,Cloudy,99.0,11,R To L,0,0,0,,1,-2.0,full_season_release,1,8.283999304248526,9801.0,-2.0,8.276792146476064,0.0072071577724628355,3931.5622559703356
20260730,2026-07-30,238,Oklahoma City Comets,Pacific Coast League,Chickasaw Bricktown Ballpark,Las Vegas Aviators,400,4087.0,1,night,Thursday,3,7,July,18,0,,0,238-9,3,6,1.0,0.5339805825242718,0.6019417475728155,Clear,Clear,100.0,6,R To L,0,0,0,,1,-1.0,full_season_release,1,8.315566483564277,10000.0,-1.0,8.372648248248902,-0.057081764684625114,4327.080084961029
20260731,2026-07-31,238,Oklahoma City Comets,Pacific Coast League,Chickasaw Bricktown Ballpark,Las Vegas Aviators,400,8988.0,1,night,Friday,4,7,July,19,1,,0,238-9,4,6,1.0,0.5384615384615384,0.5961538461538461,Clear,Clear,102.0,12,In From LF,0,1,1,"Harry Potter scarf, first 1000 fans",1,0.0,full_season_release,1,9.10364563330522,10404.0,0.0,8.631047273499084,0.4725983598061365,5602.942994997063
20260801,2026-08-01,238,Oklahoma City Comets,Pacific Coast League,Chickasaw Bricktown Ballpark,Las Vegas Aviators,400,7586.0,1,night,Saturday,5,8,August,19,1,,0,238-9,5,6,1.0,0.5428571428571428,0.5904761904761905,Clear,Clear,90.0,12,In From RF,0,1,1,"Player bobblehead presented by Lime, first 1000 fans",1,0.0,full_season_release,1,8.934059722248843,8100.0,0.0,8.848732973798782,0.08532674845006127,6965.557832366087
20260802,2026-08-02,238,Oklahoma City Comets,Pacific Coast League,Chickasaw Bricktown Ballpark,Las Vegas Aviators,400,5189.0,1,night,Sunday,6,8,August,19,1,,0,238-9,6,6,1.0,0.5471698113207547,0.5849056603773585,Clear,Clear,92.0,5,In From CF,0,0,0,,1,1.0,full_season_release,1,8.55429627936774,8464.0,1.0,8.484104607380335,0.07019167198740561,4837.264274573106
20260811,2026-08-11,238,Oklahoma City Comets,Pacific Coast League,Chickasaw Bricktown Ballpark,Albuquerque Isotopes,342,4012.0,1,night,Tuesday,1,8,August,20,0,,0,238-10,1,6,9.0,0.5575221238938053,0.5217391304347826,Clear,Clear,100.0,9,Out To LF,0,0,0,,0,,full_season_release,1,8.297045149081827,10000.0,,8.291147524663938,0.005897624417888991,3988.4083665125468
20260812,2026-08-12,238,Oklahoma City Comets,Pacific Coast League,Chickasaw Bricktown Ballpark,Albuquerque Isotopes,342,3405.0,1,night,Wednesday,2,8,August,20,0,,0,238-10,2,6,1.0,0.5614035087719298,0.5172413793103449,Clear,Clear,101.0,8,R To L,0,0,0,,0,,full_season_release,1,8.133000218583613,10201.0,,8.223834571224467,-0.09083435264085438,3728.7732503034904
20260813,2026-08-13,238,Oklahoma City Comets,Pacific Coast League,Chickasaw Bricktown Ballpark,Albuquerque Isotopes,342,3755.0,1,night,Thursday,3,8,August,20,0,,0,238-10,3,6,1.0,0.5652173913043478,0.5128205128205128,Clear,Clear,102.0,9,R To L,0,0,0,,0,,full_season_release,1,8.230843564198235,10404.0,,8.317954635670402,-0.08711107147216701,4096.772041574182
20260814,2026-08-14,238,Oklahoma City Comets,Pacific Coast League,Chickasaw Bricktown Ballpark,Albuquerque Isotopes,342,7358.0,1,night,Friday,4,8,August,21,1,,0,238-10,4,6,1.0,0.5603448275862069,0.5169491525423728,Clear,Clear,100.0,10,Out To LF,0,0,0,,0,,full_season_release,1,8.90354343566472,10000.0,,8.677779604443785,0.22576383122093446,5870.996174337873
20260815,2026-08-15,238,Oklahoma City Comets,Pacific Coast League,Chickasaw Bricktown Ballpark,Albuquerque Isotopes,342,7012.0,1,night,Saturday,5,8,August,21,1,,0,238-10,5,6,1.0,0.5641025641025641,0.5126050420168067,Clear,Clear,99.0,8,Out To LF,0,0,0,,0,,full_season_release,1,8.855378246041125,9801.0,,8.675641084417082,0.1797371616240433,5858.454346696906
20260816,2026-08-16,238,Oklahoma City Comets,Pacific Coast League,Chickasaw Bricktown Ballpark,Albuquerque Isotopes,342,4108.0,1,night,Sunday,6,8,August,21,1,,0,238-10,6,6,1.0,0.5677966101694916,0.5083333333333333,Partly Cloudy,Cloudy,103.0,6,In From LF,0,0,0,,0,,full_season_release,1,8.32069157104845,10609.0,,8.242871967038944,0.07781960400950538,3800.4393864337057
20260825,2026-08-25,238,Oklahoma City Comets,Pacific Coast League,Chickasaw Bricktown Ballpark,El Paso Chihuahuas,4904,4269.0,1,night,Tuesday,1,8,August,22,0,,0,238-11,1,6,9.0,0.56,0.4047619047619047,Partly Cloudy,Cloudy,95.0,12,In From RF,0,0,0,,0,,full_season_release,1,8.359134886757962,9025.0,,8.404575349102082,-0.04544046234411958,4467.4602486678705
20260826,2026-08-26,238,Oklahoma City Comets,Pacific Coast League,Chickasaw Bricktown Ballpark,El Paso Chihuahuas,4904,3522.0,2,night,Wednesday,2,8,August,22,0,,0,238-11,2,6,1.0,0.5590551181102362,0.40625,Partly Cloudy,Cloudy,92.0,6,In From LF,0,0,0,,0,,full_season_release,1,8.166784289056151,8464.0,,8.417202093627763,-0.25041780457161167,4524.227365629526
20260827,2026-08-27,238,Oklahoma City Comets,Pacific Coast League,Chickasaw Bricktown Ballpark,El Paso Chihuahuas,4904,3788.0,1,night,Thursday,3,8,August,22,0,,0,238-11,3,6,1.0,0.5546875,0.4108527131782946,Clear,Clear,95.0,9,In From CF,0,0,0,,0,,full_season_release,1,8.239593454305968,9025.0,,8.483177697470923,-0.24358424316495508,4832.782643737448
20260828,2026-08-28,238,Oklahoma City Comets,Pacific Coast League,Chickasaw Bricktown Ballpark,El Paso Chihuahuas,4904,8108.0,1,night,Friday,4,8,August,23,1,,0,238-11,4,6,1.0,0.5581395348837209,0.4076923076923077,Clear,Clear,97.0,10,Out To LF,0,0,0,,0,,full_season_release,1,9.000606507571892,9409.0,,8.750717177162633,0.24988933040925865,6315.215612798077
20260829,2026-08-29,238,Oklahoma City Comets,Pacific Coast League,Chickasaw Bricktown Ballpark,El Paso Chihuahuas,4904,8364.0,1,night,Saturday,5,8,August,23,1,,0,238-11,5,6,1.0,0.5615384615384615,0.4045801526717557,Partly Cloudy,Cloudy,100.0,9,Out To LF,0,0,0,,0,,full_season_release,1,9.031692060548524,10000.0,,8.656590787777514,0.37510127277101013,5747.905392024381
20260830,2026-08-30,238,Oklahoma City Comets,Pacific Coast League,Chickasaw Bricktown Ballpark,El Paso Chihuahuas,4904,5650.0,1,night,Sunday,6,8,August,23,1,,0,238-11,6,6,1.0,0.5648854961832062,0.4015151515151515,Clear,Clear,101.0,7,Out To LF,0,0,0,,0,,full_season_release,1,8.639410824140487,10201.0,,8.299407745799957,0.3400030783405299,4021.489944074208
20260331,2026-03-31,541,Omaha Storm Chasers,International League,Werner Park,Buffalo Bisons,422,3002.0,1,night,Tuesday,1,3,March,1,0,,0,541-1,1,5,1.0,0.0,0.5,Partly Cloudy,Cloudy,60.0,14,L To R,0,1,1,2026 Magnet Schedule presented by Great Plains Communication,1,0.0,full_season_release,1,8.007034012193408,3600.0,0.0,7.843654465436043,0.16337954675736466,2549.504907641377
20260401,2026-04-01,541,Omaha Storm Chasers,International League,Werner Park,Buffalo Bisons,422,1470.0,1,day,Wednesday,2,4,April,1,0,,0,541-1,2,5,1.0,0.2,0.4,Overcast,Cloudy,46.0,5,Out To RF,0,0,0,,1,1.0,full_season_release,1,7.293017679772782,2116.0,1.0,7.492927674184905,-0.1999099944121232,1795.3004601500304
20260402,2026-04-02,541,Omaha Storm Chasers,International League,Werner Park,Buffalo Bisons,422,1332.0,1,night,Thursday,3,4,April,1,0,,0,541-1,3,5,1.0,0.3333333333333333,0.3333333333333333,Overcast,Cloudy,46.0,9,Out To RF,0,0,0,,1,2.0,full_season_release,1,7.194436851100335,2116.0,2.0,7.426370666563544,-0.23193381546320957,1679.7003049337516
20260404,2026-04-04,541,Omaha Storm Chasers,International League,Werner Park,Buffalo Bisons,422,1390.0,2,day,Saturday,5,4,April,2,1,,0,541-1,4,5,2.0,0.375,0.375,Partly Cloudy,Cloudy,44.0,21,L To R,0,0,0,,1,3.0,full_season_release,1,7.237059026124737,1936.0,3.0,7.82053937742492,-0.5834803513001825,2491.2487690684857
20260405,2026-04-05,541,Omaha Storm Chasers,International League,Werner Park,Buffalo Bisons,422,2192.0,1,day,Sunday,6,4,April,2,1,,0,541-1,5,5,1.0,0.4444444444444444,0.3333333333333333,Sunny,Clear,59.0,10,Out To RF,0,0,0,,1,4.0,full_season_release,1,7.692569648067906,3481.0,4.0,7.77836452906252,-0.08579488099461408,2388.365522237172
20260414,2026-04-14,541,Omaha Storm Chasers,International League,Werner Park,Indianapolis Indians,484,1699.0,1,day,Tuesday,1,4,April,3,0,,0,541-2,1,6,9.0,0.5333333333333333,0.25,Partly Cloudy,Cloudy,73.0,2,Out To RF,0,0,0,,0,,full_season_release,1,7.4377951216719325,5329.0,,7.821239771429314,-0.38344464975738113,2492.9942359557126
20260415,2026-04-15,541,Omaha Storm Chasers,International League,Werner Park,Indianapolis Indians,484,7690.0,1,day,Wednesday,2,4,April,3,0,,0,541-2,2,6,1.0,0.5625,0.2352941176470588,Cloudy,Cloudy,65.0,2,In From LF,0,0,0,,0,,full_season_release,1,8.94767606249969,4225.0,,7.742813419796073,1.2048626427036169,2304.9480559473714
20260416,2026-04-16,541,Omaha Storm Chasers,International League,Werner Park,Indianapolis Indians,484,2621.0,1,night,Thursday,3,4,April,3,0,,0,541-2,3,6,1.0,0.5294117647058824,0.2777777777777778,Clear,Clear,80.0,15,Out To LF,0,0,0,,0,,full_season_release,1,7.8713112033234065,6400.0,,7.713158946743784,0.15815225657962273,2237.599563345904
20260417,2026-04-17,541,Omaha Storm Chasers,International League,Werner Park,Indianapolis Indians,484,2069.0,1,night,Friday,4,4,April,4,1,,0,541-2,4,6,1.0,0.5555555555555556,0.2631578947368421,Overcast,Cloudy,53.0,19,L To R,0,0,0,,0,,full_season_release,1,7.634820677745543,2809.0,,7.850244171362852,-0.21542349361730917,2566.3608721699793
20260418,2026-04-18,541,Omaha Storm Chasers,International League,Werner Park,Indianapolis Indians,484,2052.0,1,day,Saturday,5,4,April,4,1,,0,541-2,5,6,1.0,0.5263157894736842,0.3,Partly Cloudy,Cloudy,52.0,7,Out To RF,0,0,0,,0,,full_season_release,1,7.62657020629066,2704.0,,7.975463529948941,-0.34889332365828096,2908.7058319335733
20260419,2026-04-19,541,Omaha Storm Chasers,International League,Werner Park,Indianapolis Indians,484,2604.0,1,day,Sunday,6,4,April,4,1,,0,541-2,6,6,1.0,0.55,0.2857142857142857,Sunny,Clear,61.0,8,L To R,0,0,0,,0,,full_season_release,1,7.86480400332846,3721.0,,7.777223404520374,0.08758059880808577,2385.6416541560675
20260428,2026-04-28,541,Omaha Storm Chasers,International League,Werner Park,Louisville Bats,416,2776.0,1,day,Tuesday,1,4,April,5,0,,0,541-3,1,6,9.0,0.4444444444444444,0.6071428571428571,Overcast,Cloudy,51.0,5,In From RF,0,0,0,,0,,full_season_release,1,7.9287663216266955,2601.0,,7.596610341189027,0.33215598043766814,1991.4341592452354
20260429,2026-04-29,541,Omaha Storm Chasers,International League,Werner Park,Louisville Bats,416,2406.0,1,night,Wednesday,2,4,April,5,0,,0,541-3,2,6,1.0,0.4285714285714285,0.6206896551724138,Clear,Clear,62.0,3,Out To RF,0,0,0,,0,,full_season_release,1,7.785720896534624,3844.0,,7.559037551379167,0.22668334515545663,1917.9986496053084
20260430,2026-04-30,541,Omaha Storm Chasers,International League,Werner Park,Louisville Bats,416,2243.0,1,night,Thursday,3,4,April,5,0,,0,541-3,3,6,1.0,0.4482758620689655,0.6,Partly Cloudy,Cloudy,56.0,12,L To R,0,0,0,,0,,full_season_release,1,7.715569534520208,3136.0,,7.598388582290463,0.11718095222974512,1994.9785597833752
20260501,2026-05-01,541,Omaha Storm Chasers,International League,Werner Park,Louisville Bats,416,4640.0,1,night,Friday,4,5,May,6,1,,0,541-3,4,6,1.0,0.4333333333333333,0.6129032258064516,Clear,Clear,56.0,12,L To R,0,0,0,,0,,full_season_release,1,8.442469645220301,3136.0,,8.118260100247118,0.3242095449731828,3355.177990293909
20260502,2026-05-02,541,Omaha Storm Chasers,International League,Werner Park,Louisville Bats,416,3146.0,1,night,Saturday,5,5,May,6,1,,0,541-3,5,6,1.0,0.4516129032258064,0.59375,Clear,Clear,67.0,7,Out To RF,0,0,0,,0,,full_season_release,1,8.053887083618223,4489.0,,8.208689516092818,-0.1548024324745949,3672.726262514199
20260503,2026-05-03,541,Omaha Storm Chasers,International League,Werner Park,Louisville Bats,416,2549.0,1,day,Sunday,6,5,May,6,1,,0,541-3,6,6,1.0,0.4375,0.6060606060606061,Sunny,Clear,72.0,7,Out To RF,0,0,0,,0,,full_season_release,1,7.8434564043761155,5184.0,,8.061793161372897,-0.21833675699678157,3170.971102284032
20260512,2026-05-12,541,Omaha Storm Chasers,International League,Werner Park,Toledo Mud Hens,512,2045.0,1,night,Tuesday,1,5,May,7,0,,0,541-4,1,6,9.0,0.4358974358974359,0.525,Clear,Clear,79.0,15,L To R,0,0,0,,0,,full_season_release,1,7.623153068476902,6241.0,,7.8564564901018805,-0.23330342162497875,2582.3535482743778
20260513,2026-05-13,541,Omaha Storm Chasers,International League,Werner Park,Toledo Mud Hens,512,3506.0,1,day,Wednesday,2,5,May,7,0,,0,541-4,2,6,1.0,0.45,0.5121951219512195,Sunny,Clear,73.0,3,In From LF,0,0,0,,0,,full_season_release,1,8.16223106548118,5329.0,,7.9922858503771765,0.1699452151040033,2958.0508990587355
20260514,2026-05-14,541,Omaha Storm Chasers,International League,Werner Park,Toledo Mud Hens,512,2682.0,1,night,Thursday,3,5,May,7,0,,0,541-4,3,6,1.0,0.4634146341463415,0.5,Partly Cloudy,Cloudy,79.0,15,R To L,0,0,0,,0,,full_season_release,1,7.894318063841624,6241.0,,7.930464619202177,-0.036146555360553556,2780.718479626701
20260515,2026-05-15,541,Omaha Storm Chasers,International League,Werner Park,Toledo Mud Hens,512,3842.0,1,night,Friday,4,5,May,8,1,,0,541-4,4,6,1.0,0.4523809523809524,0.5116279069767442,Overcast,Cloudy,86.0,12,Out To LF,0,0,0,,0,,full_season_release,1,8.253748343328501,7396.0,,8.183064136234849,0.07068420709365242,3579.806888696133
20260516,2026-05-16,541,Omaha Storm Chasers,International League,Werner Park,Toledo Mud Hens,512,5075.0,1,night,Saturday,5,5,May,8,1,,0,541-4,5,6,1.0,0.4651162790697674,0.5,Overcast,Cloudy,78.0,11,In From CF,0,0,0,,0,,full_season_release,1,8.532081803909987,6084.0,,8.21853965975679,0.3135421441531978,3709.08190403335
20260517,2026-05-17,541,Omaha Storm Chasers,International League,Werner Park,Toledo Mud Hens,512,4274.0,1,day,Sunday,6,5,May,8,1,,0,541-4,6,6,1.0,0.4772727272727273,0.4888888888888889,Cloudy,Cloudy,83.0,12,Out To LF,0,0,0,,0,,full_season_release,1,8.360305435879093,6889.0,,8.018078678633202,0.342226757245891,3035.339863576477
20260526,2026-05-26,541,Omaha Storm Chasers,International League,Werner Park,Memphis Redbirds,235,1798.0,1,night,Tuesday,1,5,May,9,0,,0,541-5,1,6,9.0,0.4901960784313725,0.5961538461538461,Clear,Clear,88.0,10,R To L,0,0,0,,1,-4.0,full_season_release,1,7.494430215031565,7744.0,-4.0,7.7614635847324305,-0.2670333697008651,2348.3390845678314
20260527,2026-05-27,541,Omaha Storm Chasers,International League,Werner Park,Memphis Redbirds,235,2766.0,1,night,Wednesday,2,5,May,9,0,,0,541-5,2,6,1.0,0.4807692307692308,0.6037735849056604,Overcast,Cloudy,86.0,5,Out To RF,0,0,0,,1,-3.0,full_season_release,1,7.925157512224703,7396.0,-3.0,7.745328119926723,0.17982939229797967,2310.751603156935
20260528,2026-05-28,541,Omaha Storm Chasers,International League,Werner Park,Memphis Redbirds,235,3282.0,1,night,Thursday,3,5,May,9,0,,0,541-5,3,6,1.0,0.4716981132075472,0.6111111111111112,Overcast,Cloudy,82.0,10,R To L,0,0,0,,1,-2.0,full_season_release,1,8.096208271650037,6724.0,-2.0,7.905308271139503,0.1909000005105339,2711.6383032005547
20260529,2026-05-29,541,Omaha Storm Chasers,International League,Werner Park,Memphis Redbirds,235,3872.0,1,night,Friday,4,5,May,10,1,,0,541-5,4,6,1.0,0.4814814814814814,0.6,Partly Cloudy,Cloudy,74.0,10,R To L,0,0,0,,1,-1.0,full_season_release,1,8.261526448396468,5476.0,-1.0,8.246660562519187,0.014865885877281215,3814.8650231122388
20260530,2026-05-30,541,Omaha Storm Chasers,International League,Werner Park,Memphis Redbirds,235,6330.0,1,night,Saturday,5,5,May,10,1,,0,541-5,5,6,1.0,0.4727272727272727,0.6071428571428571,Cloudy,Cloudy,80.0,14,R To L,0,1,1,Runza Hockey Jersey presented by Runza,1,0.0,full_season_release,1,8.753055515138222,6400.0,0.0,8.20283930112955,0.550216214008671,3651.3027515510853
20260531,2026-05-31,541,Omaha Storm Chasers,International League,Werner Park,Memphis Redbirds,235,4060.0,1,night,Sunday,6,5,May,10,1,,0,541-5,6,6,1.0,0.4642857142857143,0.6140350877192983,Overcast,Cloudy,86.0,5,Out To LF,0,0,0,,1,1.0,full_season_release,1,8.308938252595778,7396.0,1.0,7.819554434394821,0.4893838182009578,2488.796238956638
20260609,2026-06-09,541,Omaha Storm Chasers,International League,Werner Park,Las Vegas Aviators,400,3089.0,1,night,Tuesday,1,6,June,11,0,,0,541-6,1,6,9.0,0.4444444444444444,0.5967741935483871,Cloudy,Cloudy,88.0,16,Out To LF,0,0,0,,0,,full_season_release,1,8.035602692918582,7744.0,,7.891447488242007,0.14415520467657483,2674.3121557899462
20260610,2026-06-10,541,Omaha Storm Chasers,International League,Werner Park,Las Vegas Aviators,400,3105.0,1,day,Wednesday,2,6,June,11,0,,0,541-6,2,6,1.0,0.453125,0.5873015873015873,Partly Cloudy,Cloudy,85.0,8,Out To CF,0,0,0,,0,,full_season_release,1,8.040768994367578,7225.0,,8.049480037762617,-0.008711043395038587,3132.165939797584
20260611,2026-06-11,541,Omaha Storm Chasers,International League,Werner Park,Las Vegas Aviators,400,3275.0,1,night,Thursday,3,6,June,11,0,,0,541-6,3,6,1.0,0.4461538461538462,0.59375,Clear,Clear,78.0,17,L To R,0,0,0,,0,,full_season_release,1,8.094073148069352,6084.0,,8.056470291933934,0.03760285613541825,3154.1372789796087
20260612,2026-06-12,541,Omaha Storm Chasers,International League,Werner Park,Las Vegas Aviators,400,4057.0,1,night,Friday,4,6,June,12,1,,0,541-6,4,6,1.0,0.4545454545454545,0.5846153846153846,Partly Cloudy,Cloudy,80.0,10,Out To LF,0,0,0,,0,,full_season_release,1,8.308199063206446,6400.0,,8.354173982911608,-0.0459749197051611,4247.874345975242
20260613,2026-06-13,541,Omaha Storm Chasers,International League,Werner Park,Las Vegas Aviators,400,3074.0,1,night,Saturday,5,6,June,12,1,,0,541-6,5,6,1.0,0.4477611940298507,0.5909090909090909,Overcast,Cloudy,73.0,15,In From LF,0,0,0,,0,,full_season_release,1,8.03073492409854,5329.0,,8.349695661916812,-0.31896073781827106,4228.893533915219
20260614,2026-06-14,541,Omaha Storm Chasers,International League,Werner Park,Las Vegas Aviators,400,4660.0,1,day,Sunday,6,6,June,12,1,,0,541-6,6,6,1.0,0.4411764705882353,0.5970149253731343,Partly Cloudy,Cloudy,69.0,14,L To R,0,0,0,,0,,full_season_release,1,8.446770727119691,4761.0,,8.175639527868146,0.2711311992515455,3553.3266488673003
20260623,2026-06-23,541,Omaha Storm Chasers,International League,Werner Park,Columbus Clippers,445,2083.0,1,night,Tuesday,1,6,June,13,0,,0,541-7,1,12,9.0,0.4533333333333333,0.5466666666666666,Partly Cloudy,Cloudy,76.0,4,Out To CF,0,0,0,,1,-3.0,full_season_release,1,7.641564441260972,5776.0,-3.0,7.985712599142674,-0.34414815788170205,2938.6706527299903
20260624,2026-06-24,541,Omaha Storm Chasers,International League,Werner Park,Columbus Clippers,445,2933.0,1,night,Wednesday,2,6,June,13,0,,0,541-7,2,12,1.0,0.4473684210526316,0.5526315789473685,Clear,Clear,81.0,5,L To R,0,0,0,,1,-2.0,full_season_release,1,7.983781068977451,6561.0,-2.0,7.9210519969717845,0.06272907200566635,2754.6674237605134
20260625,2026-06-25,541,Omaha Storm Chasers,International League,Werner Park,Columbus Clippers,445,3666.0,1,night,Thursday,3,6,June,13,0,,0,541-7,3,12,1.0,0.4545454545454545,0.5454545454545454,Cloudy,Cloudy,71.0,5,In From RF,0,0,0,,1,-1.0,full_season_release,1,8.20685642839965,5041.0,-1.0,8.064062377852332,0.14279405054731775,3178.174892553713
20260626,2026-06-26,541,Omaha Storm Chasers,International League,Werner Park,Columbus Clippers,445,4685.0,1,night,Friday,4,6,June,14,1,,0,541-7,4,12,1.0,0.4487179487179487,0.5512820512820513,Partly Cloudy,Cloudy,80.0,4,Out To LF,0,1,1,Pink out the Park Storm Chasers T-Shirt,1,0.0,full_season_release,1,8.452121194672523,6400.0,0.0,8.35649193158309,0.09562926308943354,4257.7321211668495
20260627,2026-06-27,541,Omaha Storm Chasers,International League,Werner Park,Columbus Clippers,445,4111.0,1,night,Saturday,5,6,June,14,1,,0,541-7,5,12,1.0,0.4556962025316455,0.5443037974683544,Cloudy,Cloudy,79.0,5,Out To LF,0,0,0,,1,1.0,full_season_release,1,8.321421586897879,6241.0,1.0,8.335765866644703,-0.014344279746824284,4170.394299862836
20260628,2026-06-28,541,Omaha Storm Chasers,International League,Werner Park,Columbus Clippers,445,4997.0,1,night,Sunday,6,6,June,14,1,,0,541-7,6,12,1.0,0.45,0.55,Clear,Clear,95.0,17,Out To LF,0,0,0,,1,2.0,full_season_release,1,8.516593011344206,9025.0,2.0,7.806748231688755,0.7098447796554508,2457.127421278686
20260630,2026-06-30,541,Omaha Storm Chasers,International League,Werner Park,Indianapolis Indians,484,1531.0,1,night,Tuesday,1,6,June,14,0,,0,541-7,7,12,2.0,0.4444444444444444,0.4268292682926829,Partly Cloudy,Cloudy,88.0,8,R To L,0,0,0,,1,3.0,full_season_release,1,7.333676395657684,7744.0,3.0,7.870852511989654,-0.5371761163319704,2619.798045698321
20260701,2026-07-01,541,Omaha Storm Chasers,International League,Werner Park,Indianapolis Indians,484,2087.0,1,night,Wednesday,2,7,July,14,0,,0,541-7,8,12,1.0,0.4512195121951219,0.4216867469879518,Partly Cloudy,Cloudy,86.0,12,Out To LF,0,0,0,,1,4.0,full_season_release,1,7.643482907077201,7396.0,4.0,7.825050448102334,-0.1815675410251334,2502.512354655175
20260702,2026-07-02,541,Omaha Storm Chasers,International League,Werner Park,Indianapolis Indians,484,2767.0,1,night,Thursday,3,7,July,14,0,,0,541-7,9,12,1.0,0.4457831325301205,0.4285714285714285,Clear,Clear,91.0,10,R To L,0,0,0,,1,5.0,full_season_release,1,7.925518979786926,8281.0,5.0,7.877289110980964,0.04822986880596147,2636.715020643088
20260703,2026-07-03,541,Omaha Storm Chasers,International League,Werner Park,Indianapolis Indians,484,6540.0,1,night,Friday,4,7,July,15,1,,0,541-7,10,12,1.0,0.4404761904761904,0.4352941176470588,Cloudy,Cloudy,74.0,2,Out To RF,0,0,0,,1,6.0,full_season_release,1,8.785692444451245,5476.0,6.0,8.327733391401193,0.45795905305005213,4137.02988968385
20260704,2026-07-04,541,Omaha Storm Chasers,International League,Werner Park,Indianapolis Indians,484,7775.0,1,night,Saturday,5,7,July,15,1,Independence Day,1,541-7,11,12,1.0,0.4352941176470588,0.4418604651162791,Clear,Clear,83.0,2,Out To LF,0,0,0,,1,7.0,full_season_release,1,8.958668737047434,6889.0,7.0,8.337160434320491,0.6215083027269426,4176.21425416556
20260705,2026-07-05,541,Omaha Storm Chasers,International League,Werner Park,Indianapolis Indians,484,2139.0,1,day,Sunday,6,7,July,15,1,,0,541-7,12,12,1.0,0.4418604651162791,0.4367816091954023,Partly Cloudy,Cloudy,87.0,2,In From CF,0,0,0,,1,8.0,full_season_release,1,7.668093709082406,7569.0,8.0,8.051638286574956,-0.38354457749255033,3138.93323334197
20260717,2026-07-17,541,Omaha Storm Chasers,International League,Werner Park,Lehigh Valley IronPigs,1410,4863.0,1,night,Friday,4,7,July,17,1,,0,541-8,1,3,12.0,0.4408602150537634,0.4787234042553192,Partly Cloudy,Cloudy,92.0,9,R To L,0,1,1,Storm Chasers Ice Cream Jersey,1,0.0,full_season_release,1,8.489410810403786,8464.0,0.0,8.207853682249638,0.281557128154148,3669.657756166624
20260718,2026-07-18,541,Omaha Storm Chasers,International League,Werner Park,Lehigh Valley IronPigs,1410,5065.0,1,night,Saturday,5,7,July,17,1,,0,541-8,2,3,1.0,0.4468085106382978,0.4736842105263157,Partly Cloudy,Cloudy,90.0,4,Out To LF,0,1,1,Jac Caglianone Bobblehead presented by IAMS Wealth Management,1,0.0,full_season_release,1,8.530109416682784,8100.0,0.0,8.251665743711992,0.2784436729707913,3834.0069782942983
20260719,2026-07-19,541,Omaha Storm Chasers,International League,Werner Park,Lehigh Valley IronPigs,1410,5072.0,1,night,Sunday,6,7,July,17,1,,0,541-8,3,3,1.0,0.4526315789473684,0.46875,Cloudy,Cloudy,95.0,4,Out To LF,0,0,0,,1,1.0,full_season_release,1,8.531490496117062,9025.0,1.0,7.832013520037477,0.6994769760795849,2519.9983356212097
20260728,2026-07-28,541,Omaha Storm Chasers,International League,Werner Park,St. Paul Saints,1960,2373.0,1,night,Tuesday,1,7,July,18,0,,0,541-9,1,6,9.0,0.4803921568627451,0.5686274509803921,Clear,Clear,92.0,7,R To L,0,0,0,,1,-4.0,full_season_release,1,7.771910256435763,8464.0,-4.0,7.822799860450796,-0.0508896040150324,2496.8865642937453
20260729,2026-07-29,541,Omaha Storm Chasers,International League,Werner Park,St. Paul Saints,1960,2727.0,1,day,Wednesday,2,7,July,18,0,,0,541-9,2,6,1.0,0.4757281553398058,0.5728155339805825,Cloudy,Cloudy,80.0,3,R To L,0,0,0,,1,-3.0,full_season_release,1,7.910957382845589,6400.0,-3.0,8.084341305020372,-0.17338392217478305,3243.2827977560546
20260730,2026-07-30,541,Omaha Storm Chasers,International League,Werner Park,St. Paul Saints,1960,4046.0,1,night,Thursday,3,7,July,18,0,,0,541-9,3,6,1.0,0.4711538461538461,0.5769230769230769,Cloudy,Cloudy,83.0,5,R To L,0,0,0,,1,-2.0,full_season_release,1,8.305484017727691,6889.0,-2.0,8.017281692525623,0.288202325202068,3032.92170362137
20260731,2026-07-31,541,Omaha Storm Chasers,International League,Werner Park,St. Paul Saints,1960,6058.0,1,night,Friday,4,7,July,19,1,,0,541-9,4,6,1.0,0.4761904761904761,0.5714285714285714,Cloudy,Cloudy,73.0,18,In From LF,0,0,0,,1,-1.0,full_season_release,1,8.709134991587183,5329.0,-1.0,8.367656050638296,0.3414789409488872,4305.532276310666
20260801,2026-08-01,541,Omaha Storm Chasers,International League,Werner Park,St. Paul Saints,1960,5035.0,1,night,Saturday,5,8,August,19,1,,0,541-9,5,6,1.0,0.4811320754716981,0.5660377358490566,Clear,Clear,84.0,5,L To R,0,1,1,Storm Chasers Hawaiian Shirt,1,0.0,full_season_release,1,8.524168805152662,7056.0,0.0,8.287933184158248,0.23623562099441386,3975.6088459758616
20260802,2026-08-02,541,Omaha Storm Chasers,International League,Werner Park,St. Paul Saints,1960,6055.0,1,night,Sunday,6,8,August,19,1,,0,541-9,6,6,1.0,0.4766355140186916,0.5700934579439252,Clear,Clear,88.0,3,R To L,0,0,0,,1,1.0,full_season_release,1,8.708639655987193,7744.0,1.0,7.910650551461576,0.7979891045256169,2726.163399170058
20260818,2026-08-18,541,Omaha Storm Chasers,International League,Werner Park,Rochester Red Wings,534,2032.0,1,night,Tuesday,1,8,August,21,0,,0,541-10,1,6,14.0,0.4745762711864407,0.6050420168067226,Partly Cloudy,Cloudy,84.0,5,L To R,0,0,0,,1,-4.0,full_season_release,1,7.616775808698373,7056.0,-4.0,7.908672998973625,-0.29189719027525207,2720.7775950678124
20260819,2026-08-19,541,Omaha Storm Chasers,International League,Werner Park,Rochester Red Wings,534,2145.0,1,night,Wednesday,2,8,August,21,0,,0,541-10,2,6,1.0,0.4705882352941176,0.6083333333333333,Clear,Clear,80.0,3,Out To RF,0,0,0,,1,-3.0,full_season_release,1,7.6708948313621175,6400.0,-3.0,7.915621306766419,-0.2447264754043017,2739.748225801263
20260820,2026-08-20,541,Omaha Storm Chasers,International League,Werner Park,Rochester Red Wings,534,3831.0,1,night,Thursday,3,8,August,21,0,,0,541-10,3,6,1.0,0.4666666666666667,0.6115702479338843,Partly Cloudy,Cloudy,82.0,5,Out To LF,0,0,0,,1,-2.0,full_season_release,1,8.25088114470065,6724.0,-2.0,8.022466140216471,0.2284150044841784,3048.686558265074
20260821,2026-08-21,541,Omaha Storm Chasers,International League,Werner Park,Rochester Red Wings,534,4810.0,1,night,Friday,4,8,August,22,1,,0,541-10,4,6,1.0,0.4710743801652892,0.6065573770491803,Clear,Clear,84.0,1,Calm,0,0,0,,1,-1.0,full_season_release,1,8.478452363099807,7056.0,-1.0,8.313465536945591,0.164986826154216,4078.4224448173018
20260822,2026-08-22,541,Omaha Storm Chasers,International League,Werner Park,Rochester Red Wings,534,6089.0,1,night,Saturday,5,8,August,22,1,,0,541-10,5,6,1.0,0.4672131147540984,0.6097560975609756,Clear,Clear,84.0,6,L To R,0,1,1,Noah Cameron Bobblehead,1,0.0,full_season_release,1,8.714239143608575,7056.0,0.0,8.288700142365505,0.4255390012430702,3978.659141384151
20260823,2026-08-23,541,Omaha Storm Chasers,International League,Werner Park,Rochester Red Wings,534,3077.0,1,night,Sunday,6,8,August,22,1,,0,541-10,6,6,1.0,0.4634146341463415,0.6129032258064516,Cloudy,Cloudy,74.0,6,Out To CF,0,0,0,,1,1.0,full_season_release,1,8.031710375322042,5476.0,1.0,8.00819118848212,0.023519186839921602,3005.4758539187224
20260327,2026-03-27,2310,Reno Aces,Pacific Coast League,Greater Nevada Field,Tacoma Rainiers,529,6055.0,1,day,Friday,4,3,March,1,1,,0,2310-1,1,3,1.0,0.0,1.0,Partly Cloudy,Cloudy,68.0,4,Out To RF,0,1,1,2026 magnet schedule at all gates,1,0.0,partial_assembled,0,8.708639655987193,4624.0,0.0,8.861840791399214,-0.1532011354120204,7057.46211030081
20260328,2026-03-28,2310,Reno Aces,Pacific Coast League,Greater Nevada Field,Tacoma Rainiers,529,5682.0,1,day,Saturday,5,3,March,1,1,,0,2310-1,2,3,1.0,0.5,0.5,Partly Cloudy,Cloudy,75.0,9,L To R,0,0,0,,1,1.0,partial_assembled,0,8.645058562414134,5625.0,1.0,8.779391701077609,-0.13433313866347518,6498.92268304792
20260329,2026-03-29,2310,Reno Aces,Pacific Coast League,Greater Nevada Field,Tacoma Rainiers,529,4663.0,1,day,Sunday,6,3,March,1,1,,0,2310-1,3,3,1.0,0.3333333333333333,0.6666666666666666,Sunny,Clear,68.0,2,Out To RF,0,0,0,,1,2.0,partial_assembled,0,8.44741429680832,4624.0,2.0,8.458428968249686,-0.01101467144136592,4714.645318894668
20260407,2026-04-07,2310,Reno Aces,Pacific Coast League,Greater Nevada Field,Salt Lake Bees,561,2910.0,1,night,Tuesday,1,4,April,2,0,,0,2310-2,1,12,9.0,0.6,0.3,Partly Cloudy,Cloudy,65.0,12,L To R,0,0,0,,0,,partial_assembled,0,7.975908360165538,4225.0,,8.029168769925366,-0.0532604097598286,3069.189410117671
20260408,2026-04-08,2310,Reno Aces,Pacific Coast League,Greater Nevada Field,Salt Lake Bees,561,2994.0,1,night,Wednesday,2,4,April,2,0,,0,2310-2,2,12,1.0,0.6363636363636364,0.2727272727272727,Partly Cloudy,Cloudy,68.0,13,Out To RF,0,0,0,,0,,partial_assembled,0,8.004365564979574,4624.0,,8.00024443297425,0.004121132005323602,2981.6867205282356
20260409,2026-04-09,2310,Reno Aces,Pacific Coast League,Greater Nevada Field,Salt Lake Bees,561,2933.0,1,night,Thursday,3,4,April,2,0,,0,2310-2,3,12,1.0,0.6666666666666666,0.25,Cloudy,Cloudy,58.0,10,Out To RF,0,0,0,,0,,partial_assembled,0,7.983781068977451,3364.0,,8.021987854437741,-0.03820678546029033,3047.2287634894956
20260410,2026-04-10,2310,Reno Aces,Pacific Coast League,Greater Nevada Field,Salt Lake Bees,561,3889.0,1,night,Friday,4,4,April,3,1,,0,2310-2,4,12,1.0,0.6153846153846154,0.3076923076923077,Cloudy,Cloudy,53.0,13,Out To RF,0,0,0,,0,,partial_assembled,0,8.265907334155747,2809.0,,8.256930231234028,0.008977102921718938,3854.2442829704682
20260411,2026-04-11,2310,Reno Aces,Pacific Coast League,Greater Nevada Field,Salt Lake Bees,561,4316.0,1,day,Saturday,5,4,April,3,1,,0,2310-2,5,12,1.0,0.6428571428571429,0.2857142857142857,Cloudy,Cloudy,55.0,10,Out To LF,0,0,0,,0,,partial_assembled,0,8.370084326378025,3025.0,,8.42840302389162,-0.0583186975135952,4575.187790136652
20260412,2026-04-12,2310,Reno Aces,Pacific Coast League,Greater Nevada Field,Salt Lake Bees,561,2715.0,1,day,Sunday,6,4,April,3,1,,0,2310-2,6,12,1.0,0.6,0.3333333333333333,Cloudy,Cloudy,45.0,9,L To R,0,0,0,,0,,partial_assembled,0,7.906547232368036,2025.0,,7.890319276385035,0.016227955983000975,2671.2966664817927
20260414,2026-04-14,2310,Reno Aces,Pacific Coast League,Greater Nevada Field,Las Vegas Aviators,400,2849.0,1,night,Tuesday,1,4,April,3,0,,0,2310-2,7,12,2.0,0.5625,0.5714285714285714,Clear,Clear,58.0,14,L To R,0,0,0,,0,,partial_assembled,0,7.954723334497908,3364.0,,7.922883236878655,0.031840097619252994,2759.7165023031384
20260415,2026-04-15,2310,Reno Aces,Pacific Coast League,Greater Nevada Field,Las Vegas Aviators,400,2500.0,1,night,Wednesday,2,4,April,3,0,,0,2310-2,8,12,1.0,0.5294117647058824,0.6,Partly Cloudy,Cloudy,58.0,18,L To R,0,0,0,,0,,partial_assembled,0,7.824046010856292,3364.0,,7.861202782830968,-0.037156771974675706,2594.6392869368315
20260416,2026-04-16,2310,Reno Aces,Pacific Coast League,Greater Nevada Field,Las Vegas Aviators,400,2590.0,1,night,Thursday,3,4,April,3,0,,0,2310-2,9,12,1.0,0.5,0.625,Clear,Clear,49.0,14,L To R,0,0,0,,0,,partial_assembled,0,7.859413154693583,2401.0,,7.823567659108738,0.03584549558484529,2498.804406611006
20260417,2026-04-17,2310,Reno Aces,Pacific Coast League,Greater Nevada Field,Las Vegas Aviators,400,5212.0,1,night,Friday,4,4,April,4,1,,0,2310-2,10,12,1.0,0.5263157894736842,0.5882352941176471,Partly Cloudy,Cloudy,53.0,5,Out To RF,0,0,0,,0,,partial_assembled,0,8.558718938244736,2809.0,,8.210438216611726,0.34828072163301016,3679.1543796230526
20260418,2026-04-18,2310,Reno Aces,Pacific Coast League,Greater Nevada Field,Las Vegas Aviators,400,6580.0,1,day,Saturday,5,4,April,4,1,,0,2310-2,11,12,1.0,0.5,0.6111111111111112,Sunny,Clear,70.0,3,L To R,0,0,0,,0,,partial_assembled,0,8.791790024319363,4900.0,,8.537318902001253,0.25447112231811,5101.647990977901
20260419,2026-04-19,2310,Reno Aces,Pacific Coast League,Greater Nevada Field,Las Vegas Aviators,400,5136.0,1,day,Sunday,6,4,April,4,1,,0,2310-2,12,12,1.0,0.5238095238095238,0.5789473684210527,Cloudy,Cloudy,69.0,9,Out To LF,0,0,0,,0,,partial_assembled,0,8.544029845369797,4761.0,,8.198733915929527,0.34529592944027065,3636.343475080705
20260428,2026-04-28,2310,Reno Aces,Pacific Coast League,Greater Nevada Field,Sugar Land Space Cowboys,5434,5412.0,1,day,Tuesday,1,4,April,5,0,,0,2310-3,1,6,9.0,0.4642857142857143,0.5714285714285714,Partly Cloudy,Cloudy,53.0,5,Out To RF,0,0,0,,1,-4.0,partial_assembled,0,8.59637398929068,2809.0,-4.0,8.052172930301122,0.5442010589895574,3140.611893004472
20260429,2026-04-29,2310,Reno Aces,Pacific Coast League,Greater Nevada Field,Sugar Land Space Cowboys,5434,2946.0,1,night,Wednesday,2,4,April,5,0,,0,2310-3,2,6,1.0,0.4827586206896552,0.5517241379310345,Partly Cloudy,Cloudy,69.0,5,L To R,0,0,0,,1,-3.0,partial_assembled,0,7.988203597022576,4761.0,-3.0,8.02098323593581,-0.032779638913234876,3044.168998299781
20260430,2026-04-30,2310,Reno Aces,Pacific Coast League,Greater Nevada Field,Sugar Land Space Cowboys,5434,3106.0,1,night,Thursday,3,4,April,5,0,,0,2310-3,3,6,1.0,0.5,0.5333333333333333,Partly Cloudy,Cloudy,70.0,10,L To R,0,0,0,,1,-2.0,partial_assembled,0,8.041091003708633,4900.0,-2.0,8.142265977260626,-0.10117497355199312,3436.69652771033
20260501,2026-05-01,2310,Reno Aces,Pacific Coast League,Greater Nevada Field,Sugar Land Space Cowboys,5434,5112.0,1,night,Friday,4,5,May,6,1,,0,2310-3,4,6,1.0,0.5161290322580645,0.5161290322580645,Cloudy,Cloudy,72.0,8,R To L,0,0,0,,1,-1.0,partial_assembled,0,8.53934599605737,5184.0,-1.0,8.662099058314475,-0.1227530622571038,5779.65376899604
20260502,2026-05-02,2310,Reno Aces,Pacific Coast League,Greater Nevada Field,Sugar Land Space Cowboys,5434,6709.0,1,day,Saturday,5,5,May,6,1,,0,2310-3,5,6,1.0,0.5,0.53125,Overcast,Cloudy,72.0,10,Out To RF,0,1,1,Dog bandana (Scooby Doo Night),1,0.0,partial_assembled,0,8.811205187562887,5184.0,0.0,8.804746930053874,0.006458257509013521,6665.811162801913
20260503,2026-05-03,2310,Reno Aces,Pacific Coast League,Greater Nevada Field,Sugar Land Space Cowboys,5434,4508.0,1,day,Sunday,6,5,May,6,1,,0,2310-3,6,6,1.0,0.5151515151515151,0.5151515151515151,Partly Cloudy,Cloudy,69.0,8,L To R,0,0,0,,1,1.0,partial_assembled,0,8.413608875159667,4761.0,1.0,8.462785992406845,-0.04917711724717755,4735.23195811626
20260512,2026-05-12,2310,Reno Aces,Pacific Coast League,Greater Nevada Field,Las Vegas Aviators,400,2879.0,1,night,Tuesday,1,5,May,7,0,,0,2310-4,1,6,9.0,0.525,0.5,Partly Cloudy,Cloudy,83.0,14,Out To RF,0,0,0,,1,-4.0,partial_assembled,0,7.965198290612176,6889.0,-4.0,8.232988067194805,-0.2677897765826289,3763.0612493494114
20260513,2026-05-13,2310,Reno Aces,Pacific Coast League,Greater Nevada Field,Las Vegas Aviators,400,3173.0,1,night,Wednesday,2,5,May,7,0,,0,2310-4,2,6,1.0,0.5121951219512195,0.5128205128205128,Clear,Clear,75.0,13,Out To RF,0,0,0,,1,-3.0,partial_assembled,0,8.062432791583195,5625.0,-3.0,8.233391023437752,-0.1709582318545575,3764.577903924622
20260514,2026-05-14,2310,Reno Aces,Pacific Coast League,Greater Nevada Field,Las Vegas Aviators,400,6112.0,1,day,Thursday,3,5,May,7,0,,0,2310-4,3,6,1.0,0.5,0.525,Sunny,Clear,67.0,3,Out To RF,0,0,0,,1,-2.0,partial_assembled,0,8.718009330846357,4489.0,-2.0,8.503762981727814,0.21424634911854312,4933.297865969831
20260515,2026-05-15,2310,Reno Aces,Pacific Coast League,Greater Nevada Field,Las Vegas Aviators,400,6771.0,1,night,Friday,4,5,May,8,1,,0,2310-4,4,6,1.0,0.5116279069767442,0.5121951219512195,Partly Cloudy,Cloudy,76.0,18,L To R,0,0,0,,1,-1.0,partial_assembled,0,8.820404065485645,5776.0,-1.0,8.66074021709534,0.15966384839030567,5771.805470725618
20260516,2026-05-16,2310,Reno Aces,Pacific Coast League,Greater Nevada Field,Las Vegas Aviators,400,6266.0,1,day,Saturday,5,5,May,8,1,,0,2310-4,5,6,1.0,0.5,0.5238095238095238,Partly Cloudy,Cloudy,70.0,11,L To R,0,1,1,Aces Rope Hat (Top Gun Night),1,0.0,partial_assembled,0,8.742893471512136,4900.0,0.0,8.80075127483698,-0.05785780332484336,6639.2300195608295
20260517,2026-05-17,2310,Reno Aces,Pacific Coast League,Greater Nevada Field,Las Vegas Aviators,400,4476.0,1,day,Sunday,6,5,May,8,1,,0,2310-4,6,6,1.0,0.4888888888888889,0.5348837209302325,Cloudy,Cloudy,46.0,13,L To R,0,1,1,Flower for moms (Mother's Day),1,0.0,partial_assembled,0,8.406485069431817,2116.0,0.0,8.136075872100495,0.27040919733132185,3415.488721793723
20260526,2026-05-26,2310,Reno Aces,Pacific Coast League,Greater Nevada Field,Sacramento River Cats,105,6694.0,1,day,Tuesday,1,5,May,9,0,,0,2310-5,1,6,9.0,0.4615384615384615,0.6,Partly Cloudy,Cloudy,54.0,16,L To R,0,0,0,,1,-4.0,partial_assembled,0,8.808966881771273,2916.0,-4.0,8.278237342701184,0.530729539070089,3937.2482425950493
20260527,2026-05-27,2310,Reno Aces,Pacific Coast League,Greater Nevada Field,Sacramento River Cats,105,2812.0,1,night,Wednesday,2,5,May,9,0,,0,2310-5,2,6,1.0,0.4528301886792453,0.6078431372549019,Partly Cloudy,Cloudy,51.0,11,L To R,0,0,0,,1,-3.0,partial_assembled,0,7.941651252930556,2601.0,-3.0,8.014837975004777,-0.0731867220742215,3025.519148275829
20260528,2026-05-28,2310,Reno Aces,Pacific Coast League,Greater Nevada Field,Sacramento River Cats,105,2537.0,1,night,Thursday,3,5,May,9,0,,0,2310-5,3,6,1.0,0.4444444444444444,0.6153846153846154,Partly Cloudy,Cloudy,58.0,6,In From LF,0,0,0,,1,-2.0,partial_assembled,0,7.838737559599282,3364.0,-2.0,8.255781326706442,-0.4170437671071605,3849.8186670552336
20260529,2026-05-29,2310,Reno Aces,Pacific Coast League,Greater Nevada Field,Sacramento River Cats,105,6936.0,1,night,Friday,4,5,May,10,1,,0,2310-5,4,6,1.0,0.4545454545454545,0.6037735849056604,Partly Cloudy,Cloudy,60.0,10,L To R,0,0,0,,1,-1.0,partial_assembled,0,8.844480518460378,3600.0,-1.0,8.58952053193444,0.25495998652593777,5375.035899414733
20260530,2026-05-30,2310,Reno Aces,Pacific Coast League,Greater Nevada Field,Sacramento River Cats,105,6197.0,1,night,Saturday,5,5,May,10,1,,0,2310-5,5,6,1.0,0.4642857142857143,0.5925925925925926,Partly Cloudy,Cloudy,69.0,8,L To R,0,1,1,Rally towel (Harry Potter Night),1,0.0,partial_assembled,0,8.731820582962108,4761.0,0.0,8.635188199198753,0.09663238376335492,5626.192469590185
20260531,2026-05-31,2310,Reno Aces,Pacific Coast League,Greater Nevada Field,Sacramento River Cats,105,4744.0,1,day,Sunday,6,5,May,10,1,,0,2310-5,6,6,1.0,0.4561403508771929,0.6,Sunny,Clear,69.0,3,In From RF,0,0,0,,1,1.0,partial_assembled,0,8.464635940677562,4761.0,1.0,8.469924052027375,-0.005288111349813107,4769.153248216525
20260609,2026-06-09,2310,Reno Aces,Pacific Coast League,Greater Nevada Field,Salt Lake Bees,561,3372.0,1,night,Tuesday,1,6,June,11,0,,0,2310-6,1,6,9.0,0.453125,0.5079365079365079,Clear,Clear,75.0,12,Out To RF,0,0,0,,1,-5.0,partial_assembled,0,8.123261319121745,5625.0,-5.0,8.408154452231424,-0.28489313310967823,4483.478397828639
20260610,2026-06-10,2310,Reno Aces,Pacific Coast League,Greater Nevada Field,Salt Lake Bees,561,3750.0,1,night,Wednesday,2,6,June,11,0,,0,2310-6,2,6,1.0,0.4461538461538462,0.515625,Clear,Clear,80.0,9,Out To RF,0,0,0,,1,-4.0,partial_assembled,0,8.229511118964457,6400.0,-4.0,8.3481350593238,-0.11862394035934365,4222.299058716562
20260611,2026-06-11,2310,Reno Aces,Pacific Coast League,Greater Nevada Field,Salt Lake Bees,561,3201.0,1,night,Thursday,3,6,June,11,0,,0,2310-6,3,6,1.0,0.4545454545454545,0.5076923076923077,Clear,Clear,87.0,4,In From CF,0,0,0,,1,-3.0,partial_assembled,0,8.071218539969863,7569.0,-3.0,8.402788587989235,-0.3315700480193726,4459.485091394539
20260612,2026-06-12,2310,Reno Aces,Pacific Coast League,Greater Nevada Field,Salt Lake Bees,561,8125.0,1,night,Friday,4,6,June,12,1,,0,2310-6,4,6,1.0,0.4477611940298507,0.5151515151515151,Clear,Clear,90.0,11,Out To RF,0,0,0,,1,-2.0,partial_assembled,0,9.002701007197938,8100.0,-2.0,8.671601348713528,0.33109965848441014,5834.835478617841
20260613,2026-06-13,2310,Reno Aces,Pacific Coast League,Greater Nevada Field,Salt Lake Bees,561,6033.0,1,night,Saturday,5,6,June,12,1,,0,2310-6,5,6,1.0,0.4411764705882353,0.5223880597014925,Partly Cloudy,Cloudy,91.0,6,In From CF,0,0,0,,1,-1.0,partial_assembled,0,8.704999678440762,8281.0,-1.0,8.631634599461485,0.07336507897927724,5606.234715445696
20260614,2026-06-14,2310,Reno Aces,Pacific Coast League,Greater Nevada Field,Salt Lake Bees,561,3750.0,1,day,Sunday,6,6,June,12,1,,0,2310-6,6,6,1.0,0.4347826086956521,0.5294117647058824,Sunny,Clear,87.0,4,In From CF,0,1,1,Woodstock bobblehead (Peanuts Night),1,0.0,partial_assembled,0,8.229511118964457,7569.0,0.0,8.522744092604201,-0.29323297363974454,5027.831679928799
20260623,2026-06-23,2310,Reno Aces,Pacific Coast League,Greater Nevada Field,Oklahoma City Comets,238,4052.0,1,night,Tuesday,1,6,June,13,0,,0,2310-7,1,6,9.0,0.4342105263157895,0.5466666666666666,Clear,Clear,86.0,12,Out To RF,0,0,0,,1,-5.0,partial_assembled,0,8.306965865368573,7396.0,-5.0,8.338873849495531,-0.031907984126958056,4183.37597679287
20260624,2026-06-24,2310,Reno Aces,Pacific Coast League,Greater Nevada Field,Oklahoma City Comets,238,4074.0,1,night,Wednesday,2,6,June,13,0,,0,2310-7,2,6,1.0,0.4415584415584415,0.5394736842105263,Clear,Clear,83.0,20,L To R,0,0,0,,1,-4.0,partial_assembled,0,8.31238059678675,6889.0,-4.0,8.325909035173751,-0.013528438387000463,4129.489353844668
20260625,2026-06-25,2310,Reno Aces,Pacific Coast League,Greater Nevada Field,Oklahoma City Comets,238,3914.0,1,night,Thursday,3,6,June,13,0,,0,2310-7,3,6,1.0,0.4358974358974359,0.5454545454545454,Clear,Clear,82.0,17,L To R,0,0,0,,1,-3.0,partial_assembled,0,8.272315147956022,6724.0,-3.0,8.455070037561635,-0.18275488960561326,4698.835718589773
20260626,2026-06-26,2310,Reno Aces,Pacific Coast League,Greater Nevada Field,Oklahoma City Comets,238,6899.0,1,night,Friday,4,6,June,14,1,,0,2310-7,4,6,1.0,0.430379746835443,0.5512820512820513,Partly Cloudy,Cloudy,72.0,17,L To R,0,0,0,,1,-2.0,partial_assembled,0,8.839131752546109,5184.0,-2.0,8.79780968000119,0.0413220725449186,6619.728791239908
20260627,2026-06-27,2310,Reno Aces,Pacific Coast League,Greater Nevada Field,Oklahoma City Comets,238,7434.0,1,night,Saturday,5,6,June,14,1,,0,2310-7,5,6,1.0,0.4375,0.5443037974683544,Clear,Clear,68.0,14,Out To RF,0,0,0,,1,-1.0,partial_assembled,0,8.913819350857198,4624.0,-1.0,8.759307977599555,0.15451137325764286,6369.702075909566
20260628,2026-06-28,2310,Reno Aces,Pacific Coast League,Greater Nevada Field,Oklahoma City Comets,238,4364.0,1,night,Sunday,6,6,June,14,1,,0,2310-7,6,6,1.0,0.4320987654320987,0.55,Clear,Clear,68.0,11,L To R,0,1,1,Scarf giveaway (Harry Potter Night),1,0.0,partial_assembled,0,8.381144346952961,4624.0,0.0,8.427917221663643,-0.04677287471068148,4572.965693508237
20260707,2026-07-07,2310,Reno Aces,Pacific Coast League,Greater Nevada Field,Round Rock Express,102,3395.0,1,night,Tuesday,1,7,July,15,0,,0,2310-8,1,6,9.0,0.4431818181818182,0.4431818181818182,Clear,Clear,89.0,16,Out To RF,0,0,0,,1,-4.0,partial_assembled,0,8.130059039992796,7921.0,-4.0,8.299770996557012,-0.16971195656421578,4022.951018693044
20260708,2026-07-08,2310,Reno Aces,Pacific Coast League,Greater Nevada Field,Round Rock Express,102,3374.0,1,day,Wednesday,2,7,July,15,0,,0,2310-8,2,6,1.0,0.449438202247191,0.4382022471910112,Sunny,Clear,90.0,1,Calm,0,0,0,,1,-3.0,partial_assembled,0,8.123854263105914,8100.0,-3.0,8.407732038037256,-0.2838777749313426,4481.584912859772
20260709,2026-07-09,2310,Reno Aces,Pacific Coast League,Greater Nevada Field,Round Rock Express,102,3499.0,1,night,Thursday,3,7,July,15,0,,0,2310-8,3,6,1.0,0.4555555555555555,0.4333333333333333,Clear,Clear,87.0,11,Out To RF,0,0,0,,1,-2.0,partial_assembled,0,8.160232492367689,7569.0,-2.0,8.40238893493121,-0.24215644256352142,4457.703200633309
20260710,2026-07-10,2310,Reno Aces,Pacific Coast League,Greater Nevada Field,Round Rock Express,102,7268.0,1,night,Friday,4,7,July,16,1,,0,2310-8,4,6,1.0,0.4615384615384615,0.4285714285714285,Clear,Clear,88.0,12,Out To RF,0,0,0,,1,-1.0,partial_assembled,0,8.891236429516061,7744.0,-1.0,8.697754107185581,0.19348232233048002,5989.445447967453
20260711,2026-07-11,2310,Reno Aces,Pacific Coast League,Greater Nevada Field,Round Rock Express,102,6103.0,1,night,Saturday,5,7,July,16,1,,0,2310-8,5,6,1.0,0.4673913043478261,0.4239130434782608,Cloudy,Cloudy,91.0,16,L To R,0,1,1,Hula Girl Giveaway (Lilo and Stitch Night),1,0.0,partial_assembled,0,8.716535732544495,8281.0,0.0,8.627717297743244,0.08881843480125085,5584.316360994345
20260712,2026-07-12,2310,Reno Aces,Pacific Coast League,Greater Nevada Field,Round Rock Express,102,4377.0,1,day,Sunday,6,7,July,16,1,,0,2310-8,6,6,1.0,0.4623655913978494,0.4301075268817204,Cloudy,Cloudy,85.0,12,Out To RF,0,0,0,,1,1.0,partial_assembled,0,8.384118837190895,7225.0,1.0,8.541515084028195,-0.15739624683729936,5123.100412239949
20260721,2026-07-21,2310,Reno Aces,Pacific Coast League,Greater Nevada Field,Tacoma Rainiers,529,3361.0,1,night,Tuesday,1,7,July,17,0,,0,2310-9,1,6,9.0,0.4536082474226804,0.4432989690721649,Partly Cloudy,Cloudy,80.0,12,In From RF,0,0,0,,0,,partial_assembled,0,8.119993827725105,6400.0,,8.388734073491356,-0.2687402457662511,4397.247577023234
20260722,2026-07-22,2310,Reno Aces,Pacific Coast League,Greater Nevada Field,Tacoma Rainiers,529,3550.0,1,night,Wednesday,2,7,July,17,0,,0,2310-9,2,6,1.0,0.4591836734693877,0.4387755102040816,Clear,Clear,85.0,12,Out To RF,0,0,0,,0,,partial_assembled,0,8.174702882469461,7225.0,,8.304320679148335,-0.12961779667887363,4041.2958688870585
20260723,2026-07-23,2310,Reno Aces,Pacific Coast League,Greater Nevada Field,Tacoma Rainiers,529,3624.0,1,night,Thursday,3,7,July,17,0,,0,2310-9,3,6,1.0,0.4545454545454545,0.4444444444444444,Clear,Clear,90.0,14,Out To RF,0,0,0,,0,,partial_assembled,0,8.19533366716287,8100.0,,8.36099562578955,-0.16566195862668032,4276.950889897373
20260724,2026-07-24,2310,Reno Aces,Pacific Coast League,Greater Nevada Field,Tacoma Rainiers,529,7519.0,1,night,Friday,4,7,July,18,1,,0,2310-9,4,6,1.0,0.46,0.44,Clear,Clear,93.0,14,L To R,0,0,0,,0,,partial_assembled,0,8.925188429378027,8649.0,,8.619953431450945,0.30523499792708186,5541.128345362101
20260725,2026-07-25,2310,Reno Aces,Pacific Coast League,Greater Nevada Field,Tacoma Rainiers,529,7547.0,1,night,Saturday,5,7,July,18,1,,0,2310-9,5,6,1.0,0.4653465346534653,0.4356435643564356,Clear,Clear,88.0,15,L To R,0,0,0,,0,,partial_assembled,0,8.928905412284868,7744.0,,8.67148480022602,0.2574206120588478,5834.1554769953
20260726,2026-07-26,2310,Reno Aces,Pacific Coast League,Greater Nevada Field,Tacoma Rainiers,529,4076.0,1,night,Sunday,6,7,July,18,1,,0,2310-9,6,6,1.0,0.4705882352941176,0.4313725490196078,Clear,Clear,91.0,17,L To R,0,0,0,,0,,partial_assembled,0,8.312871394342615,8281.0,,8.294740232148515,0.01813116219410027,4002.7633222403056
20260804,2026-08-04,2310,Reno Aces,Pacific Coast League,Greater Nevada Field,El Paso Chihuahuas,4904,3337.0,1,night,Tuesday,1,8,August,19,0,,0,2310-10,1,6,9.0,0.4587155963302752,0.4074074074074074,Clear,Clear,93.0,6,L To R,0,0,0,,0,,partial_assembled,0,8.112827478751374,8649.0,,8.231949604220215,-0.11912212546884149,3759.1554779213566
20260805,2026-08-05,2310,Reno Aces,Pacific Coast League,Greater Nevada Field,El Paso Chihuahuas,4904,3037.0,1,night,Wednesday,2,8,August,19,0,,0,2310-10,2,6,1.0,0.4636363636363636,0.4036697247706422,Clear,Clear,95.0,12,L To R,0,0,0,,0,,partial_assembled,0,8.01862546504575,9025.0,,8.151615786904745,-0.13299032185899584,3468.9796714940635
20260806,2026-08-06,2310,Reno Aces,Pacific Coast League,Greater Nevada Field,El Paso Chihuahuas,4904,3191.0,1,night,Thursday,3,8,August,19,0,,0,2310-10,3,6,1.0,0.4684684684684684,0.4,Clear,Clear,94.0,13,L To R,0,0,0,,0,,partial_assembled,0,8.068089626278244,8836.0,,8.290169755291423,-0.22208012901317886,3984.51052887036
20260807,2026-08-07,2310,Reno Aces,Pacific Coast League,Greater Nevada Field,El Paso Chihuahuas,4904,7781.0,1,night,Friday,4,8,August,20,1,,0,2310-10,4,6,1.0,0.4642857142857143,0.4054054054054054,Partly Cloudy,Cloudy,95.0,7,In From CF,0,0,0,,0,,partial_assembled,0,8.95944014361693,9025.0,,8.580594359607748,0.378845784009183,5327.270899171534
20260808,2026-08-08,2310,Reno Aces,Pacific Coast League,Greater Nevada Field,El Paso Chihuahuas,4904,6644.0,1,night,Saturday,5,8,August,20,1,,0,2310-10,5,6,1.0,0.4601769911504424,0.4107142857142857,Partly Cloudy,Cloudy,95.0,11,L To R,0,0,0,,0,,partial_assembled,0,8.801469470733185,9025.0,,8.55579105558655,0.24567841514663513,5196.762193725407
20260809,2026-08-09,2310,Reno Aces,Pacific Coast League,Greater Nevada Field,El Paso Chihuahuas,4904,4159.0,1,day,Sunday,6,8,August,20,1,,0,2310-10,6,6,1.0,0.4561403508771929,0.415929203539823,Sunny,Clear,97.0,4,In From LF,0,0,0,,0,,partial_assembled,0,8.33302993974291,9409.0,,8.348867668195465,-0.0158377284525546,4225.393485829777
20260825,2026-08-25,2310,Reno Aces,Pacific Coast League,Greater Nevada Field,Sacramento River Cats,105,4326.0,1,night,Tuesday,1,8,August,22,0,,0,2310-11,1,6,14.0,0.4365079365079365,0.5806451612903226,Partly Cloudy,Cloudy,84.0,12,Out To RF,0,0,0,,1,-4.0,partial_assembled,0,8.372398606513004,7056.0,-4.0,8.335309779398196,0.03708882711480754,4168.492669897316
20260826,2026-08-26,2310,Reno Aces,Pacific Coast League,Greater Nevada Field,Sacramento River Cats,105,3467.0,1,night,Wednesday,2,8,August,22,0,,0,2310-11,2,6,1.0,0.4330708661417323,0.584,Clear,Clear,84.0,14,L To R,0,0,0,,1,-3.0,partial_assembled,0,8.151044945685024,7056.0,-3.0,8.310859394129787,-0.159814448444763,4067.807331721431
20260827,2026-08-27,2310,Reno Aces,Pacific Coast League,Greater Nevada Field,Sacramento River Cats,105,3632.0,1,night,Thursday,3,8,August,22,0,,0,2310-11,3,6,1.0,0.4375,0.5793650793650794,Cloudy,Cloudy,82.0,16,L To R,0,0,0,,1,-2.0,partial_assembled,0,8.197538739721184,6724.0,-2.0,8.44783316493285,-0.250294425211667,4664.953591184657
20260828,2026-08-28,2310,Reno Aces,Pacific Coast League,Greater Nevada Field,Sacramento River Cats,105,6991.0,1,night,Friday,4,8,August,23,1,,0,2310-11,4,6,1.0,0.4418604651162791,0.5748031496062992,Partly Cloudy,Cloudy,71.0,4,Out To RF,0,0,0,,1,-1.0,partial_assembled,0,8.852378886511985,5041.0,-1.0,8.787541781485848,0.06483710502613782,6552.105854658767
20260829,2026-08-29,2310,Reno Aces,Pacific Coast League,Greater Nevada Field,Sacramento River Cats,105,6640.0,1,night,Saturday,5,8,August,23,1,,0,2310-11,5,6,1.0,0.4461538461538462,0.5703125,Clear,Clear,78.0,12,L To R,0,1,1,Aces cross body bag (Great Balloon Race Night),1,0.0,partial_assembled,0,8.80086724247048,6084.0,0.0,8.754427811850244,0.04643943062023581,6338.692601236989
20260830,2026-08-30,2310,Reno Aces,Pacific Coast League,Greater Nevada Field,Sacramento River Cats,105,5389.0,1,day,Sunday,6,8,August,23,1,,0,2310-11,6,6,1.0,0.4427480916030534,0.5736434108527132,Sunny,Clear,79.0,2,In From RF,0,0,0,,1,1.0,partial_assembled,0,8.592115117933497,6241.0,1.0,8.583830862337665,0.008284255595832235,5344.540557553064
20260401,2026-04-01,534,Rochester Red Wings,International League,ESL Ballpark,Scranton/Wilkes-Barre RailRiders,531,2549.0,1,day,Wednesday,2,4,April,1,0,,0,534-1,1,5,1.0,0.75,0.5,Overcast,Cloudy,41.0,7,In From LF,0,0,0,,0,,full_season_release,1,7.8434564043761155,1681.0,,7.771857020319664,0.0715993840564515,2372.8736740590766
20260402,2026-04-02,534,Rochester Red Wings,International League,ESL Ballpark,Scranton/Wilkes-Barre RailRiders,531,2393.0,1,night,Thursday,3,4,April,1,0,,0,534-1,2,5,1.0,0.8,0.4,Overcast,Cloudy,48.0,5,In From RF,0,0,0,,0,,full_season_release,1,7.780303087908373,2304.0,,7.904364766492792,-0.12406167858441908,2709.0810664333776
20260403,2026-04-03,534,Rochester Red Wings,International League,ESL Ballpark,Scranton/Wilkes-Barre RailRiders,531,4736.0,2,day,Friday,4,4,April,2,1,,0,534-1,3,5,1.0,0.5714285714285714,0.5714285714285714,Partly Cloudy,Cloudy,75.0,28,Out To LF,0,0,0,,0,,full_season_release,1,8.462948176563842,5625.0,,8.703071194416946,-0.24012301785310441,6021.376667192445
20260404,2026-04-04,534,Rochester Red Wings,International League,ESL Ballpark,Scranton/Wilkes-Barre RailRiders,531,3416.0,1,day,Saturday,5,4,April,2,1,,0,534-1,4,5,1.0,0.5,0.625,Overcast,Cloudy,49.0,10,R To L,0,0,0,,0,,full_season_release,1,8.13622555490846,2401.0,,8.420590605718267,-0.28436505080980723,4539.583767741731
20260405,2026-04-05,534,Rochester Red Wings,International League,ESL Ballpark,Scranton/Wilkes-Barre RailRiders,531,2321.0,1,day,Sunday,6,4,April,2,1,,0,534-1,5,5,1.0,0.4444444444444444,0.6666666666666666,Overcast,Cloudy,45.0,16,Out To LF,0,0,0,,0,,full_season_release,1,7.749753406274437,2025.0,,8.001117734527558,-0.2513643282531204,2984.291769503843
20260414,2026-04-14,534,Rochester Red Wings,International League,ESL Ballpark,Buffalo Bisons,422,2698.0,1,night,Tuesday,1,4,April,3,0,,0,534-2,1,5,9.0,0.5,0.5,Partly Cloudy,Cloudy,75.0,25,Out To LF,0,0,0,,0,,full_season_release,1,7.900266036767701,5625.0,,8.157229973495445,-0.2569639367277441,3488.509942644372
20260415,2026-04-15,534,Rochester Red Wings,International League,ESL Ballpark,Buffalo Bisons,422,2628.0,1,day,Wednesday,2,4,April,3,0,,0,534-2,2,5,1.0,0.5294117647058824,0.4705882352941176,Partly Cloudy,Cloudy,74.0,20,Out To LF,0,0,0,,0,,full_season_release,1,7.873978379604501,5476.0,,8.277696910869286,-0.4037185312647855,3935.1210031803907
20260417,2026-04-17,534,Rochester Red Wings,International League,ESL Ballpark,Buffalo Bisons,422,3321.0,2,night,Friday,4,4,April,4,1,,0,534-2,3,5,2.0,0.5263157894736842,0.4736842105263157,Clear,Clear,61.0,4,Out To LF,0,0,0,,0,,full_season_release,1,8.108021221376747,3721.0,,8.47761318509462,-0.3695919637178733,4805.965246969832
20260418,2026-04-18,534,Rochester Red Wings,International League,ESL Ballpark,Buffalo Bisons,422,4667.0,1,day,Saturday,5,4,April,4,1,,0,534-2,4,5,1.0,0.5,0.5,Overcast,Cloudy,76.0,13,Out To LF,0,0,0,,0,,full_season_release,1,8.448271745949816,5776.0,,8.691186121476273,-0.2429143755264569,5950.235761143497
20260419,2026-04-19,534,Rochester Red Wings,International League,ESL Ballpark,Buffalo Bisons,422,3575.0,1,day,Sunday,6,4,April,4,1,,0,534-2,5,5,1.0,0.5238095238095238,0.4761904761904761,Partly Cloudy,Cloudy,43.0,11,Out To RF,0,0,0,,0,,full_season_release,1,8.181720455128108,1849.0,,7.941261119085103,0.2404593360430054,2810.9031575981703
20260428,2026-04-28,534,Rochester Red Wings,International League,ESL Ballpark,Worcester Red Sox,533,2755.0,1,night,Tuesday,1,4,April,5,0,,0,534-3,1,5,9.0,0.5,0.5555555555555556,Overcast,Cloudy,64.0,12,Out To LF,0,0,0,,0,,full_season_release,1,7.9211727215870145,4096.0,,8.116573341794433,-0.195400620207419,3349.5233857751873
20260430,2026-04-30,534,Rochester Red Wings,International League,ESL Ballpark,Worcester Red Sox,533,4095.0,2,day,Thursday,3,4,April,5,0,,0,534-3,2,5,2.0,0.4666666666666667,0.5862068965517241,Overcast,Cloudy,50.0,11,Out To LF,0,0,0,,0,,full_season_release,1,8.31752199628717,2500.0,,8.162418338293186,0.1551036579939833,3506.656639962381
20260501,2026-05-01,534,Rochester Red Wings,International League,ESL Ballpark,Worcester Red Sox,533,3642.0,1,night,Friday,4,5,May,6,1,,0,534-3,3,5,1.0,0.4516129032258064,0.6,Drizzle,Precipitation,45.0,3,Calm,1,0,0,,0,,full_season_release,1,8.200288260287554,2025.0,,8.44086354189223,-0.24057528160467712,4632.553661952609
20260502,2026-05-02,534,Rochester Red Wings,International League,ESL Ballpark,Worcester Red Sox,533,6663.0,1,day,Saturday,5,5,May,6,1,,0,534-3,4,5,1.0,0.46875,0.5806451612903226,Partly Cloudy,Cloudy,46.0,14,L To R,0,0,0,,0,,full_season_release,1,8.804325112562537,2116.0,,8.566209456752656,0.2381156558098816,5251.187165331355
20260503,2026-05-03,534,Rochester Red Wings,International League,ESL Ballpark,Worcester Red Sox,533,4166.0,1,day,Sunday,6,5,May,6,1,,0,534-3,5,5,1.0,0.4848484848484848,0.5625,Partly Cloudy,Cloudy,55.0,10,Out To LF,0,0,0,,0,,full_season_release,1,8.334711621820917,3025.0,,8.418384056382285,-0.08367243456136819,4529.577995368304
20260512,2026-05-12,534,Rochester Red Wings,International League,ESL Ballpark,Lehigh Valley IronPigs,1410,3566.0,1,night,Tuesday,1,5,May,7,0,,0,534-4,1,6,9.0,0.525,0.475,Overcast,Cloudy,53.0,12,In From LF,0,0,0,,1,-1.0,full_season_release,1,8.179199798423086,2809.0,-1.0,8.175822248412192,0.003377550010894126,3553.975973966467
20260513,2026-05-13,534,Rochester Red Wings,International League,ESL Ballpark,Lehigh Valley IronPigs,1410,3193.0,1,night,Wednesday,2,5,May,7,0,,0,534-4,2,6,1.0,0.5365853658536586,0.4634146341463415,Partly Cloudy,Cloudy,59.0,8,Out To LF,0,1,1,"ROC the Lilac Jersey, first 1000 fans",1,0.0,full_season_release,1,8.068716192714781,3481.0,0.0,8.226403278926835,-0.15768708621205363,3738.3636911181725
20260514,2026-05-14,534,Rochester Red Wings,International League,ESL Ballpark,Lehigh Valley IronPigs,1410,2881.0,1,night,Thursday,3,5,May,7,0,,0,534-4,3,6,1.0,0.5238095238095238,0.4761904761904761,Drizzle,Precipitation,46.0,6,L To R,1,0,0,,1,1.0,full_season_release,1,7.9658927350845286,2116.0,1.0,8.140542828552599,-0.17465009346807037,3430.7796877902992
20260515,2026-05-15,534,Rochester Red Wings,International League,ESL Ballpark,Lehigh Valley IronPigs,1410,5186.0,1,night,Friday,4,5,May,8,1,,0,534-4,4,6,1.0,0.5348837209302325,0.4651162790697674,Partly Cloudy,Cloudy,66.0,10,Out To LF,0,0,0,,1,2.0,full_season_release,1,8.55371796609861,4356.0,2.0,8.724699442465594,-0.17098147636698435,6153.027046956009
20260516,2026-05-16,534,Rochester Red Wings,International League,ESL Ballpark,Lehigh Valley IronPigs,1410,6493.0,1,night,Saturday,5,5,May,8,1,,0,534-4,5,6,1.0,0.5454545454545454,0.4545454545454545,Cloudy,Cloudy,63.0,10,Out To LF,0,0,0,,1,3.0,full_season_release,1,8.778479952508487,3969.0,3.0,8.673825507362439,0.10465444514604805,5847.827521238721
20260517,2026-05-17,534,Rochester Red Wings,International League,ESL Ballpark,Lehigh Valley IronPigs,1410,4810.0,1,day,Sunday,6,5,May,8,1,,0,534-4,6,6,1.0,0.5555555555555556,0.4444444444444444,Sunny,Clear,80.0,8,Out To LF,0,0,0,,1,4.0,full_season_release,1,8.478452363099807,6400.0,4.0,8.534724211354373,-0.05627184825456588,5088.427951025947
20260525,2026-05-25,534,Rochester Red Wings,International League,ESL Ballpark,Syracuse Mets,552,10565.0,1,day,Monday,0,5,May,9,0,Memorial Day,1,534-5,1,6,8.0,0.6078431372549019,0.5294117647058824,Sunny,Clear,70.0,8,L To R,0,1,1,"Camo Jersey, first 1000 fans 21 and over",1,0.0,full_season_release,1,9.265301930050157,4900.0,0.0,8.686692714682255,0.5786092153679014,5923.558911203105
20260527,2026-05-27,534,Rochester Red Wings,International League,ESL Ballpark,Syracuse Mets,552,9410.0,1,day,Wednesday,2,5,May,9,0,,0,534-5,2,6,2.0,0.6153846153846154,0.5192307692307693,Sunny,Clear,72.0,6,L To R,0,0,0,,1,1.0,full_season_release,1,9.149528232579426,5184.0,1.0,8.4652063103603,0.6843219222191266,4746.706605584417
20260528,2026-05-28,534,Rochester Red Wings,International League,ESL Ballpark,Syracuse Mets,552,5507.0,1,night,Thursday,3,5,May,9,0,,0,534-5,3,6,1.0,0.6037735849056604,0.5283018867924528,Clear,Clear,66.0,6,L To R,0,0,0,,1,-1.0,full_season_release,1,8.613775289262481,4356.0,-1.0,8.401047236608216,0.2127280526542652,4451.726318207786
20260529,2026-05-29,534,Rochester Red Wings,International League,ESL Ballpark,Syracuse Mets,552,6807.0,1,night,Friday,4,5,May,10,1,,0,534-5,4,6,1.0,0.6111111111111112,0.5185185185185185,Partly Cloudy,Cloudy,72.0,18,Out To LF,0,1,1,"Mittsy Jersey, first 1000 fans, presented by ESL",1,0.0,full_season_release,1,8.825706773447951,5184.0,0.0,8.732897992505498,0.0928087809424536,6203.680305006358
20260530,2026-05-30,534,Rochester Red Wings,International League,ESL Ballpark,Syracuse Mets,552,7729.0,1,night,Saturday,5,5,May,10,1,,0,534-5,5,6,1.0,0.6181818181818182,0.509090909090909,Clear,Clear,65.0,6,In From LF,0,0,0,,1,1.0,full_season_release,1,8.952734767106872,4225.0,1.0,8.675843151747626,0.27689161535924534,5859.638268539795
20260531,2026-05-31,534,Rochester Red Wings,International League,ESL Ballpark,Syracuse Mets,552,7771.0,1,day,Sunday,6,5,May,10,1,,0,534-5,6,6,1.0,0.6071428571428571,0.5178571428571429,Partly Cloudy,Cloudy,73.0,15,L To R,0,0,0,,1,2.0,full_season_release,1,8.958154135209242,5329.0,2.0,8.542667523618968,0.4154866115902731,5129.007879328184
20260609,2026-06-09,534,Rochester Red Wings,International League,ESL Ballpark,Worcester Red Sox,533,6321.0,1,night,Tuesday,1,6,June,11,0,,0,534-6,1,12,9.0,0.6031746031746031,0.5409836065573771,Overcast,Cloudy,75.0,5,In From LF,0,0,0,,1,-1.0,full_season_release,1,8.751632702472298,5625.0,-1.0,8.468044924147723,0.28358777832457527,4760.1998143437095
20260610,2026-06-10,534,Rochester Red Wings,International League,ESL Ballpark,Worcester Red Sox,533,4973.0,1,night,Wednesday,2,6,June,11,0,,0,534-6,2,12,1.0,0.609375,0.532258064516129,Clear,Clear,82.0,6,Out To LF,0,1,1,"White Hots Jersey, first 1000 fans",1,0.0,full_season_release,1,8.511778558714738,6724.0,0.0,8.39249726023479,0.1192812984799474,4413.826415880791
20260611,2026-06-11,534,Rochester Red Wings,International League,ESL Ballpark,Worcester Red Sox,533,4616.0,1,day,Thursday,3,6,June,11,0,,0,534-6,3,12,1.0,0.6153846153846154,0.5238095238095238,Partly Cloudy,Cloudy,90.0,4,Out To LF,0,0,0,,1,1.0,full_season_release,1,8.437283808187935,8100.0,1.0,8.585994998032566,-0.14871118984463116,5356.119393113075
20260612,2026-06-12,534,Rochester Red Wings,International League,ESL Ballpark,Worcester Red Sox,533,6910.0,1,night,Friday,4,6,June,12,1,,0,534-6,4,12,1.0,0.6212121212121212,0.515625,Partly Cloudy,Cloudy,76.0,10,Out To LF,0,0,0,,1,-1.0,full_season_release,1,8.840724916761715,5776.0,-1.0,8.850850543905535,-0.010125627143819926,6980.323517577999
20260613,2026-06-13,534,Rochester Red Wings,International League,ESL Ballpark,Worcester Red Sox,533,10280.0,1,night,Saturday,5,6,June,12,1,,0,534-6,5,12,1.0,0.6268656716417911,0.5076923076923077,Clear,Clear,80.0,12,Out To LF,0,1,1,"Red Wings Performance Mesh Hat, first 2000 fans",1,0.0,full_season_release,1,9.237955539009157,6400.0,0.0,8.808033311489108,0.4299222275200485,6687.753596713109
20260616,2026-06-16,534,Rochester Red Wings,International League,ESL Ballpark,Toledo Mud Hens,512,4868.0,1,night,Tuesday,1,6,June,12,0,,0,534-6,7,12,3.0,0.6176470588235294,0.463768115942029,Partly Cloudy,Cloudy,64.0,8,In From LF,0,0,0,,1,2.0,full_season_release,1,8.490438454107418,4096.0,2.0,8.399342949332238,0.09109550477517914,4444.145759247493
20260617,2026-06-17,534,Rochester Red Wings,International League,ESL Ballpark,Toledo Mud Hens,512,4632.0,1,day,Wednesday,2,6,June,12,0,,0,534-6,8,12,1.0,0.6231884057971014,0.4571428571428571,Cloudy,Cloudy,74.0,10,Out To LF,0,0,0,,1,-1.0,full_season_release,1,8.440744019252831,5476.0,-1.0,8.540906498211884,-0.10016247895905295,5119.983514539592
20260618,2026-06-18,534,Rochester Red Wings,International League,ESL Ballpark,Toledo Mud Hens,512,4412.0,1,night,Thursday,3,6,June,12,0,,0,534-6,9,12,1.0,0.6142857142857143,0.4647887323943662,Cloudy,Cloudy,71.0,20,Out To LF,0,1,1,"Plates Jersey, first 500 fans 21 and over",1,0.0,full_season_release,1,8.392083380373393,5041.0,0.0,8.49424154871143,-0.10215816833803792,4886.548713431668
20260619,2026-06-19,534,Rochester Red Wings,International League,ESL Ballpark,Toledo Mud Hens,512,6277.0,1,night,Friday,4,6,June,13,1,,0,534-6,10,12,1.0,0.6197183098591549,0.4583333333333333,Partly Cloudy,Cloudy,70.0,12,Out To RF,0,1,1,"Tom Alston Bobblehead, first 1000 fans",1,0.0,full_season_release,1,8.744647438317532,4900.0,0.0,8.799982617350663,-0.0553351790331309,6634.128686542992
20260620,2026-06-20,534,Rochester Red Wings,International League,ESL Ballpark,Toledo Mud Hens,512,10199.0,1,night,Saturday,5,6,June,13,1,,0,534-6,11,12,1.0,0.625,0.4520547945205479,Clear,Clear,73.0,13,Out To RF,0,1,1,"Cocos Locos Red Hawaiian Shirt, first 1000 fans",1,0.0,full_season_release,1,9.230044955250518,5329.0,0.0,8.779035420912342,0.45100953433817637,6496.607658223548
20260621,2026-06-21,534,Rochester Red Wings,International League,ESL Ballpark,Toledo Mud Hens,512,10260.0,1,day,Sunday,6,6,June,13,1,Father's Day,1,534-6,12,12,1.0,0.6164383561643836,0.4594594594594595,Sunny,Clear,73.0,3,Out To LF,0,0,0,,1,1.0,full_season_release,1,9.23600811872476,5329.0,1.0,8.689816756875148,0.5461913618496119,5942.093295198524
20260630,2026-06-30,534,Rochester Red Wings,International League,ESL Ballpark,Lehigh Valley IronPigs,1410,6554.0,1,night,Tuesday,1,6,June,14,0,,0,534-7,1,6,9.0,0.6125,0.4634146341463415,Partly Cloudy,Cloudy,91.0,10,Out To LF,0,0,0,,1,-5.0,full_season_release,1,8.787830829258759,8281.0,-5.0,8.329705597165384,0.45812523209337463,4145.1970148573555
20260701,2026-07-01,534,Rochester Red Wings,International League,ESL Ballpark,Lehigh Valley IronPigs,1410,3859.0,1,night,Wednesday,2,7,July,14,0,,0,534-7,2,6,1.0,0.6049382716049383,0.4698795180722891,Clear,Clear,93.0,15,Out To LF,0,0,0,,1,-4.0,full_season_release,1,8.258163361537619,8649.0,-4.0,8.25170852585726,0.006454835680358428,3834.1710088465675
20260702,2026-07-02,534,Rochester Red Wings,International League,ESL Ballpark,Lehigh Valley IronPigs,1410,3911.0,1,night,Thursday,3,7,July,14,0,,0,534-7,3,6,1.0,0.5975609756097561,0.4761904761904761,Partly Cloudy,Cloudy,91.0,6,Out To LF,0,0,0,,1,-3.0,full_season_release,1,8.271548374755515,8281.0,-3.0,8.406652300343527,-0.13510392558801243,4476.7485881526145
20260703,2026-07-03,534,Rochester Red Wings,International League,ESL Ballpark,Lehigh Valley IronPigs,1410,7467.0,1,night,Friday,4,7,July,15,1,,0,534-7,4,6,1.0,0.6024096385542169,0.4705882352941176,Partly Cloudy,Cloudy,80.0,8,Out To LF,0,0,0,,1,-2.0,full_season_release,1,8.918248591035702,6400.0,-2.0,8.836012827602056,0.08223576343364591,6877.516057628626
20260704,2026-07-04,534,Rochester Red Wings,International League,ESL Ballpark,Lehigh Valley IronPigs,1410,9210.0,1,night,Saturday,5,7,July,15,1,Independence Day,1,534-7,5,6,1.0,0.6071428571428571,0.4651162790697674,Partly Cloudy,Cloudy,74.0,4,Calm,0,0,0,,1,-1.0,full_season_release,1,9.128045129249353,5476.0,-1.0,8.905804399130133,0.22224073011921952,7374.65499024578
20260705,2026-07-05,534,Rochester Red Wings,International League,ESL Ballpark,Lehigh Valley IronPigs,1410,4793.0,1,day,Sunday,6,7,July,15,1,,0,534-7,6,6,1.0,0.6,0.4712643678160919,Partly Cloudy,Cloudy,78.0,7,In From LF,0,1,1,"Bruce and Josh Snyder Bobblehead, first 1000 fans",1,0.0,full_season_release,1,8.474911799159631,6084.0,0.0,8.654886051718359,-0.17997425255872734,5738.115077759854
20260717,2026-07-17,534,Rochester Red Wings,International League,ESL Ballpark,Jacksonville Jumbo Shrimp,564,7715.0,1,night,Friday,4,7,July,17,1,,0,534-8,1,3,12.0,0.5869565217391305,0.5434782608695652,Clear,Clear,78.0,6,In From LF,0,0,0,,0,,full_season_release,1,8.950921764797261,6084.0,,8.833787853171515,0.11713391162574638,6862.230771246276
20260718,2026-07-18,534,Rochester Red Wings,International League,ESL Ballpark,Jacksonville Jumbo Shrimp,564,4951.0,1,night,Saturday,5,7,July,17,1,,0,534-8,2,3,1.0,0.5913978494623656,0.5376344086021505,Overcast,Cloudy,72.0,5,Out To LF,0,0,0,,0,,full_season_release,1,8.507344855361422,5184.0,,8.854833712112104,-0.3474888567506813,7008.1827674903325
20260719,2026-07-19,534,Rochester Red Wings,International League,ESL Ballpark,Jacksonville Jumbo Shrimp,564,5343.0,1,night,Sunday,6,7,July,17,1,,0,534-8,3,3,1.0,0.5957446808510638,0.5319148936170213,Clear,Clear,74.0,3,L To R,0,0,0,,0,,full_season_release,1,8.583542571957771,5476.0,,8.522822485666577,0.06072008629119452,5028.225842500902
20260728,2026-07-28,534,Rochester Red Wings,International League,ESL Ballpark,Syracuse Mets,552,7528.0,1,night,Tuesday,1,7,July,18,0,,0,534-9,1,5,9.0,0.594059405940594,0.4901960784313725,Partly Cloudy,Cloudy,77.0,10,L To R,0,1,1,"Ernie Clement Bobblehead, first 1000 fans",1,0.0,full_season_release,1,8.926384681265215,5929.0,0.0,8.463744495299736,0.46264018596547984,4739.772867536376
20260730,2026-07-30,534,Rochester Red Wings,International League,ESL Ballpark,Syracuse Mets,552,6269.0,2,night,Thursday,3,7,July,18,0,,0,534-9,2,5,2.0,0.5922330097087378,0.4903846153846153,Clear,Clear,75.0,5,L To R,0,0,0,,1,1.0,full_season_release,1,8.743372131273969,5625.0,1.0,8.551840643446447,0.19153148782752183,5176.273337624359
20260731,2026-07-31,534,Rochester Red Wings,International League,ESL Ballpark,Syracuse Mets,552,9478.0,1,night,Friday,4,7,July,19,1,,0,534-9,3,5,1.0,0.5961538461538461,0.4857142857142857,Clear,Clear,83.0,4,Calm,0,0,0,,1,2.0,full_season_release,1,9.156728602527533,6889.0,2.0,8.8229788625069,0.3337497400206324,6788.456414348696
20260801,2026-08-01,534,Rochester Red Wings,International League,ESL Ballpark,Syracuse Mets,552,7433.0,1,night,Saturday,5,8,August,19,1,,0,534-9,4,5,1.0,0.6,0.4811320754716981,Cloudy,Cloudy,82.0,4,In From RF,0,0,0,,1,3.0,full_season_release,1,8.913684824725294,6724.0,3.0,8.802885521349511,0.11079930337578325,6653.4149047124465
20260802,2026-08-02,534,Rochester Red Wings,International League,ESL Ballpark,Syracuse Mets,552,4806.0,1,day,Sunday,6,8,August,19,1,,0,534-9,5,5,1.0,0.5943396226415094,0.4859813084112149,Overcast,Cloudy,72.0,3,Calm,0,0,0,,1,4.0,full_season_release,1,8.477620416296414,5184.0,4.0,8.670226974599121,-0.1926065583027068,5826.821739973112
20260811,2026-08-11,534,Rochester Red Wings,International League,ESL Ballpark,Charlotte Knights,494,8698.0,1,night,Tuesday,1,8,August,20,0,,0,534-10,1,6,9.0,0.5929203539823009,0.5478260869565217,Clear,Clear,79.0,5,Out To RF,0,1,1,"ZOO Cap, first 1000 fans",1,0.0,full_season_release,1,9.070848393157585,6241.0,0.0,8.450770099717344,0.6200782934402405,4678.674394344194
20260812,2026-08-12,534,Rochester Red Wings,International League,ESL Ballpark,Charlotte Knights,494,6457.0,1,night,Wednesday,2,8,August,20,0,,0,534-10,2,6,1.0,0.5964912280701754,0.5431034482758621,Cloudy,Cloudy,68.0,6,Out To LF,0,1,1,White Hots Jersey,1,0.0,full_season_release,1,8.772920092626467,4624.0,0.0,8.409464597837136,0.36345549478933137,4489.3562569347305
20260813,2026-08-13,534,Rochester Red Wings,International League,ESL Ballpark,Charlotte Knights,494,5799.0,1,day,Thursday,3,8,August,20,0,,0,534-10,3,6,1.0,0.591304347826087,0.5470085470085471,Partly Cloudy,Cloudy,78.0,10,Out To RF,0,0,0,,1,1.0,full_season_release,1,8.66544076787644,6084.0,1.0,8.699348804882982,-0.0339080370065421,5999.004422643735
20260814,2026-08-14,534,Rochester Red Wings,International League,ESL Ballpark,Charlotte Knights,494,8164.0,1,night,Friday,4,8,August,21,1,,0,534-10,4,6,1.0,0.5948275862068966,0.5423728813559322,Clear,Clear,77.0,6,In From LF,0,0,0,,1,2.0,full_season_release,1,9.007489523929735,5929.0,2.0,8.845990630439259,0.1614988934904762,6946.482049227596
20260815,2026-08-15,534,Rochester Red Wings,International League,ESL Ballpark,Charlotte Knights,494,9244.0,1,night,Saturday,5,8,August,21,1,,0,534-10,5,6,1.0,0.5982905982905983,0.5378151260504201,Clear,Clear,75.0,9,In From LF,0,0,0,,1,3.0,full_season_release,1,9.131729971394272,5625.0,3.0,8.825008992968392,0.3067209784258793,6802.251865046239
20260816,2026-08-16,534,Rochester Red Wings,International League,ESL Ballpark,Charlotte Knights,494,6398.0,1,day,Sunday,6,8,August,21,1,,0,534-10,6,6,1.0,0.6016949152542372,0.5333333333333333,Cloudy,Cloudy,83.0,4,Calm,0,0,0,,1,4.0,full_season_release,1,8.763740720509464,6889.0,4.0,8.617312386719192,0.1464283337902721,5526.513285546125
20260825,2026-08-25,534,Rochester Red Wings,International League,ESL Ballpark,Buffalo Bisons,422,7568.0,1,night,Tuesday,1,8,August,22,0,,0,534-11,1,6,9.0,0.608,0.5,Partly Cloudy,Cloudy,72.0,8,L To R,0,0,0,,0,,full_season_release,1,8.931684110731714,5184.0,,8.463505446374942,0.46817866435677225,4738.639965343546
20260826,2026-08-26,534,Rochester Red Wings,International League,ESL Ballpark,Buffalo Bisons,422,6766.0,1,day,Wednesday,2,8,August,22,0,,0,534-11,2,6,1.0,0.6111111111111112,0.4960629921259842,Partly Cloudy,Cloudy,78.0,10,Out To LF,0,0,0,,0,,full_season_release,1,8.819665349340653,6084.0,,8.577706755473955,0.24195859386669838,5311.910038417324
20260827,2026-08-27,534,Rochester Red Wings,International League,ESL Ballpark,Buffalo Bisons,422,5547.0,1,night,Thursday,3,8,August,22,0,,0,534-11,3,6,1.0,0.6141732283464567,0.4921875,Partly Cloudy,Cloudy,77.0,9,Out To LF,0,0,0,,0,,full_season_release,1,8.621012520055235,5929.0,,8.535470260440107,0.08554225961512785,5092.225584480972
20260828,2026-08-28,534,Rochester Red Wings,International League,ESL Ballpark,Buffalo Bisons,422,8425.0,1,night,Friday,4,8,August,23,1,,0,534-11,4,6,1.0,0.6171875,0.4883720930232558,Clear,Clear,70.0,5,L To R,0,0,0,,0,,full_season_release,1,9.038958755220563,4900.0,,8.844994779846159,0.19396397537440357,6939.567834292852
20260829,2026-08-29,534,Rochester Red Wings,International League,ESL Ballpark,Buffalo Bisons,422,7769.0,1,night,Saturday,5,8,August,23,1,,0,534-11,5,6,1.0,0.6124031007751938,0.4923076923076923,Partly Cloudy,Cloudy,75.0,8,Out To LF,0,0,0,,0,,full_season_release,1,8.95789673495042,5625.0,,8.824277047089064,0.1336196878613567,6797.274806514407
20260830,2026-08-30,534,Rochester Red Wings,International League,ESL Ballpark,Buffalo Bisons,422,7885.0,1,day,Sunday,6,8,August,23,1,,0,534-11,6,6,1.0,0.6153846153846154,0.4885496183206106,Rain,Precipitation,69.0,6,Out To LF,1,0,0,,0,,full_season_release,1,8.972717499397138,4761.0,,8.688073432493509,0.2846440669036294,5931.743323379426
20260331,2026-03-31,102,Round Rock Express,Pacific Coast League,Dell Diamond,Gwinnett Stripers,431,8907.0,1,night,Tuesday,1,3,March,1,0,,0,102-1,1,6,1.0,0.25,0.25,Partly Cloudy,Cloudy,84.0,14,Out To LF,0,0,0,,1,-3.0,full_season_release,1,9.09459276343187,7056.0,-3.0,8.305818425912157,0.7887743375197118,4047.3532417693027
20260401,2026-04-01,102,Round Rock Express,Pacific Coast League,Dell Diamond,Gwinnett Stripers,431,2635.0,1,night,Wednesday,2,4,April,1,0,,0,102-1,2,6,1.0,0.2,0.4,Partly Cloudy,Cloudy,87.0,18,Out To LF,0,0,0,,1,-2.0,full_season_release,1,7.876638460975463,7569.0,-2.0,8.049174467771245,-0.17253600679578174,3131.208990093386
20260402,2026-04-02,102,Round Rock Express,Pacific Coast League,Dell Diamond,Gwinnett Stripers,431,5293.0,1,night,Thursday,3,4,April,1,0,,0,102-1,3,6,1.0,0.1666666666666666,0.5,Partly Cloudy,Cloudy,80.0,13,Out To LF,0,0,0,,1,-1.0,full_season_release,1,8.574140471857987,6400.0,-1.0,8.235594428167916,0.33854604369007113,3772.8819378994012
20260403,2026-04-03,102,Round Rock Express,Pacific Coast League,Dell Diamond,Gwinnett Stripers,431,6030.0,1,night,Friday,4,4,April,2,1,,0,102-1,4,6,1.0,0.1428571428571428,0.5714285714285714,Partly Cloudy,Cloudy,80.0,15,Out To LF,0,1,1,"Retro Express Cap presented by Nyle Maxwell, first 2000 fans",1,0.0,full_season_release,1,8.704502289721232,6400.0,0.0,8.546081466664097,0.1584208230571349,5146.547943460408
20260404,2026-04-04,102,Round Rock Express,Pacific Coast League,Dell Diamond,Gwinnett Stripers,431,4250.0,1,night,Saturday,5,4,April,2,1,,0,102-1,5,6,1.0,0.25,0.5,Partly Cloudy,Cloudy,63.0,16,L To R,0,1,1,"Short-Sleeve Quarter Zip Pullover presented by Intel, first 1500 fans",1,0.0,full_season_release,1,8.354674261918463,3969.0,0.0,8.475895267499927,-0.12122100558146442,4797.716082433802
20260405,2026-04-05,102,Round Rock Express,Pacific Coast League,Dell Diamond,Gwinnett Stripers,431,3098.0,1,day,Sunday,6,4,April,2,1,,0,102-1,6,6,1.0,0.2222222222222222,0.5555555555555556,Overcast,Cloudy,59.0,15,In From LF,0,0,0,,1,1.0,full_season_release,1,8.038512020976814,3481.0,1.0,8.267427227326284,-0.2289152063494697,3894.9153587581613
20260414,2026-04-14,102,Round Rock Express,Pacific Coast League,Dell Diamond,El Paso Chihuahuas,4904,3477.0,1,day,Tuesday,1,4,April,3,0,,0,102-2,1,6,9.0,0.3125,0.375,Overcast,Cloudy,75.0,13,Out To LF,0,0,0,,1,-4.0,full_season_release,1,8.153925132007862,5625.0,-4.0,8.321225630580386,-0.1673004985725246,4110.194502502529
20260415,2026-04-15,102,Round Rock Express,Pacific Coast League,Dell Diamond,El Paso Chihuahuas,4904,3170.0,1,night,Wednesday,2,4,April,3,0,,0,102-2,2,6,1.0,0.2941176470588235,0.4117647058823529,Partly Cloudy,Cloudy,79.0,9,Out To LF,0,0,0,,1,-3.0,full_season_release,1,8.061486866871327,6241.0,-3.0,8.101948011043802,-0.04046114417247537,3300.8919903752926
20260416,2026-04-16,102,Round Rock Express,Pacific Coast League,Dell Diamond,El Paso Chihuahuas,4904,3137.0,1,night,Thursday,3,4,April,3,0,,0,102-2,3,6,1.0,0.3333333333333333,0.3888888888888889,Partly Cloudy,Cloudy,84.0,14,Out To LF,0,0,0,,1,-2.0,full_season_release,1,8.051022208190679,7056.0,-2.0,8.179164984378492,-0.1281427761878131,3565.8758552779805
20260417,2026-04-17,102,Round Rock Express,Pacific Coast League,Dell Diamond,El Paso Chihuahuas,4904,8134.0,1,night,Friday,4,4,April,4,1,,0,102-2,4,6,1.0,0.3684210526315789,0.3684210526315789,Cloudy,Cloudy,83.0,14,Out To LF,0,0,0,,1,-1.0,full_season_release,1,9.00380808646717,6889.0,-1.0,8.4919904237274,0.5118176627397713,4875.560853700096
20260418,2026-04-18,102,Round Rock Express,Pacific Coast League,Dell Diamond,El Paso Chihuahuas,4904,6239.0,1,night,Saturday,5,4,April,4,1,,0,102-2,5,6,1.0,0.35,0.4,Overcast,Cloudy,57.0,18,L To R,0,1,1,"Sling Bag presented by The Sanders Family, first 1500 fans",1,0.0,full_season_release,1,8.738575192110787,3249.0,0.0,8.389457261742402,0.3491179303683847,4400.428764968102
20260419,2026-04-19,102,Round Rock Express,Pacific Coast League,Dell Diamond,El Paso Chihuahuas,4904,5538.0,1,day,Sunday,6,4,April,4,1,,0,102-2,6,6,1.0,0.3809523809523809,0.3809523809523809,Partly Cloudy,Cloudy,69.0,12,In From CF,0,0,0,,1,1.0,full_season_release,1,8.619388703730907,4761.0,1.0,8.33099298326778,0.2883957204631269,4150.53692040856
20260428,2026-04-28,102,Round Rock Express,Pacific Coast League,Dell Diamond,Oklahoma City Comets,238,3019.0,1,night,Tuesday,1,4,April,5,0,,0,102-3,1,6,9.0,0.4285714285714285,0.4642857142857143,Overcast,Cloudy,88.0,11,Out To RF,0,0,0,,0,,full_season_release,1,8.012680929706839,7744.0,,8.035738296549024,-0.023057366842184734,3089.418908016518
20260429,2026-04-29,102,Round Rock Express,Pacific Coast League,Dell Diamond,Oklahoma City Comets,238,2869.0,1,night,Wednesday,2,4,April,5,0,,0,102-3,2,6,1.0,0.4482758620689655,0.4482758620689655,Overcast,Cloudy,68.0,10,In From LF,0,0,0,,0,,full_season_release,1,7.9617188159813645,4624.0,,8.074674863696398,-0.11295604771503331,3212.0828341468277
20260430,2026-04-30,102,Round Rock Express,Pacific Coast League,Dell Diamond,Oklahoma City Comets,238,2511.0,1,night,Thursday,3,4,April,5,0,,0,102-3,3,6,1.0,0.4333333333333333,0.4666666666666667,Overcast,Cloudy,65.0,9,In From CF,0,0,0,,0,,full_season_release,1,7.828436359157585,4225.0,,8.178060378481806,-0.3496240193242208,3561.9391424397822
20260501,2026-05-01,102,Round Rock Express,Pacific Coast League,Dell Diamond,Oklahoma City Comets,238,4341.0,1,night,Friday,4,5,May,6,1,,0,102-3,4,6,1.0,0.4193548387096774,0.4838709677419355,Overcast,Cloudy,55.0,15,In From LF,0,0,0,,0,,full_season_release,1,8.375860015299594,3025.0,,8.57651412823547,-0.20065411293587587,5305.578686039233
20260502,2026-05-02,102,Round Rock Express,Pacific Coast League,Dell Diamond,Oklahoma City Comets,238,5808.0,1,night,Saturday,5,5,May,6,1,,0,102-3,5,6,1.0,0.40625,0.5,Clear,Clear,70.0,4,In From RF,0,0,0,,0,,full_season_release,1,8.666991556504632,4900.0,,8.700526160572387,-0.033534604067755325,6006.071544072962
20260503,2026-05-03,102,Round Rock Express,Pacific Coast League,Dell Diamond,Oklahoma City Comets,238,6193.0,1,day,Sunday,6,5,May,6,1,,0,102-3,6,6,1.0,0.3939393939393939,0.5151515151515151,Sunny,Clear,75.0,8,Out To LF,0,0,0,,0,,full_season_release,1,8.731174900938061,5625.0,,8.539611138359035,0.19156376257902608,5113.355587149916
20260512,2026-05-12,102,Round Rock Express,Pacific Coast League,Dell Diamond,Sacramento River Cats,105,6363.0,1,day,Tuesday,1,5,May,7,0,,0,102-4,1,6,9.0,0.375,0.5526315789473685,Partly Cloudy,Cloudy,75.0,4,In From LF,0,0,0,,1,-3.0,full_season_release,1,8.758255243232792,5625.0,-3.0,8.51200812284083,0.24624712039196162,4974.141753446858
20260513,2026-05-13,102,Round Rock Express,Pacific Coast League,Dell Diamond,Sacramento River Cats,105,5004.0,1,night,Wednesday,2,5,May,7,0,,0,102-4,2,6,1.0,0.3902439024390244,0.5384615384615384,Clear,Clear,87.0,1,Calm,0,0,0,,1,-2.0,full_season_release,1,8.517992871586802,7569.0,-2.0,8.21891679480059,0.2990760767862124,3710.480992605769
20260514,2026-05-14,102,Round Rock Express,Pacific Coast League,Dell Diamond,Sacramento River Cats,105,4011.0,1,night,Thursday,3,5,May,7,0,,0,102-4,3,6,1.0,0.3809523809523809,0.55,Clear,Clear,87.0,10,Out To LF,0,0,0,,1,-1.0,full_season_release,1,8.296795865770052,7569.0,-1.0,8.340226138331248,-0.04343027256119569,4189.036936185309
20260515,2026-05-15,102,Round Rock Express,Pacific Coast League,Dell Diamond,Sacramento River Cats,105,8365.0,1,night,Friday,4,5,May,8,1,,0,102-4,4,6,1.0,0.3720930232558139,0.5609756097560976,Overcast,Cloudy,84.0,15,Out To LF,0,1,1,"Texas T-Bone T-Shirt presented by Goodstock, first 2000 fans",1,0.0,full_season_release,1,9.031811613420924,7056.0,0.0,8.683398913287256,0.3484127001336681,5904.079982070776
20260516,2026-05-16,102,Round Rock Express,Pacific Coast League,Dell Diamond,Sacramento River Cats,105,8073.0,1,night,Saturday,5,5,May,8,1,,0,102-4,5,6,1.0,0.3636363636363636,0.5714285714285714,Partly Cloudy,Cloudy,87.0,15,Out To LF,0,0,0,,1,1.0,full_season_release,1,8.996280439395015,7569.0,1.0,8.626176741781322,0.3701036976136933,5575.720032393941
20260517,2026-05-17,102,Round Rock Express,Pacific Coast League,Dell Diamond,Sacramento River Cats,105,4301.0,1,day,Sunday,6,5,May,8,1,,0,102-4,6,6,1.0,0.3555555555555555,0.5813953488372093,Overcast,Cloudy,84.0,19,Out To LF,0,0,0,,1,2.0,full_season_release,1,8.366602832783736,7056.0,2.0,8.493789852394658,-0.12718701961092194,4884.341975801228
20260526,2026-05-26,102,Round Rock Express,Pacific Coast League,Dell Diamond,Salt Lake Bees,561,3751.0,1,night,Tuesday,1,5,May,9,0,,0,102-5,1,6,9.0,0.3846153846153846,0.5098039215686274,Cloudy,Cloudy,84.0,5,Out To CF,0,0,0,,1,-3.0,full_season_release,1,8.229777750081887,7056.0,-3.0,8.296221534978827,-0.06644378489693992,4008.6970205956877
20260527,2026-05-27,102,Round Rock Express,Pacific Coast League,Dell Diamond,Salt Lake Bees,561,4711.0,1,night,Wednesday,2,5,May,9,0,,0,102-5,2,6,1.0,0.3962264150943396,0.5,Partly Cloudy,Cloudy,77.0,3,In From CF,0,0,0,,1,-2.0,full_season_release,1,8.45765547870004,5929.0,-2.0,8.297595228395146,0.16006025030489468,4014.2075253063763
20260528,2026-05-28,102,Round Rock Express,Pacific Coast League,Dell Diamond,Salt Lake Bees,561,3231.0,1,night,Thursday,3,5,May,9,0,,0,102-5,3,6,1.0,0.4074074074074074,0.490566037735849,Clear,Clear,87.0,4,In From CF,0,0,0,,1,-1.0,full_season_release,1,8.080546965824498,7569.0,-1.0,8.337853503337211,-0.25730653751271326,4179.1096621151755
20260529,2026-05-29,102,Round Rock Express,Pacific Coast League,Dell Diamond,Salt Lake Bees,561,9049.0,1,night,Friday,4,5,May,10,1,,0,102-5,4,6,1.0,0.4,0.5,Partly Cloudy,Cloudy,86.0,8,Out To LF,0,1,1,"Round Rock Donuts Jersey, first 2000 fans",1,0.0,full_season_release,1,9.110409533351133,7396.0,0.0,8.659743820411164,0.45066571293996915,5766.057327084077
20260530,2026-05-30,102,Round Rock Express,Pacific Coast League,Dell Diamond,Salt Lake Bees,561,9008.0,1,night,Saturday,5,5,May,10,1,,0,102-5,5,6,1.0,0.4107142857142857,0.4909090909090909,Overcast,Cloudy,87.0,11,Out To LF,0,0,0,,1,1.0,full_season_release,1,9.105868350379472,7569.0,1.0,8.620978250362464,0.48489010001700805,5546.8099092713965
20260531,2026-05-31,102,Round Rock Express,Pacific Coast League,Dell Diamond,Salt Lake Bees,561,4298.0,1,day,Sunday,6,5,May,10,1,,0,102-5,6,6,1.0,0.4035087719298245,0.5,Partly Cloudy,Cloudy,83.0,9,Out To LF,0,1,1,"Dell Dinger Home Run Chain presented by Dell, first 1500 fans",1,0.0,full_season_release,1,8.365905077202456,6889.0,0.0,8.497654484333097,-0.13174940713064132,4903.254681583543
20260609,2026-06-09,102,Round Rock Express,Pacific Coast League,Dell Diamond,El Paso Chihuahuas,4904,3531.0,1,night,Tuesday,1,6,June,11,0,,0,102-6,1,6,9.0,0.421875,0.4375,Clear,Clear,90.0,10,Out To LF,0,0,0,,1,-4.0,full_season_release,1,8.169336395928386,8100.0,-4.0,8.340239113966573,-0.17090271803818702,4189.091291953608
20260610,2026-06-10,102,Round Rock Express,Pacific Coast League,Dell Diamond,El Paso Chihuahuas,4904,4003.0,1,night,Wednesday,2,6,June,11,0,,0,102-6,2,6,1.0,0.4307692307692308,0.4307692307692308,Partly Cloudy,Cloudy,90.0,13,Out To LF,0,0,0,,1,-3.0,full_season_release,1,8.294799358992574,8100.0,-3.0,8.296713891719028,-0.0019145327264542544,4010.6712155574196
20260611,2026-06-11,102,Round Rock Express,Pacific Coast League,Dell Diamond,El Paso Chihuahuas,4904,4056.0,1,night,Thursday,3,6,June,11,0,,0,102-6,3,6,1.0,0.4242424242424242,0.4393939393939394,Partly Cloudy,Cloudy,90.0,14,Out To LF,0,0,0,,1,-2.0,full_season_release,1,8.30795254527102,8100.0,-2.0,8.41764776469656,-0.10969521942554117,4526.244132248937
20260612,2026-06-12,102,Round Rock Express,Pacific Coast League,Dell Diamond,El Paso Chihuahuas,4904,8257.0,1,night,Friday,4,6,June,12,1,,0,102-6,4,6,1.0,0.417910447761194,0.4477611940298507,Partly Cloudy,Cloudy,89.0,10,Out To LF,0,0,0,,1,-1.0,full_season_release,1,9.01881660441743,7921.0,-1.0,8.742107567925004,0.2767090364924254,6261.07746269625
20260613,2026-06-13,102,Round Rock Express,Pacific Coast League,Dell Diamond,El Paso Chihuahuas,4904,5645.0,1,night,Saturday,5,6,June,12,1,,0,102-6,5,6,1.0,0.4117647058823529,0.4558823529411764,Cloudy,Cloudy,90.0,16,Out To LF,0,1,1,"Nolan Ryan Bobble Card presented by Intel, first 2000 fans",1,0.0,full_season_release,1,8.638525476583762,8100.0,0.0,8.70293514108823,-0.06440966450446695,6020.557494580259
20260614,2026-06-14,102,Round Rock Express,Pacific Coast League,Dell Diamond,El Paso Chihuahuas,4904,4059.0,1,night,Sunday,6,6,June,12,1,,0,102-6,6,6,1.0,0.4202898550724637,0.4492753623188406,Partly Cloudy,Cloudy,87.0,8,In From LF,0,0,0,,1,1.0,full_season_release,1,8.308691916838898,7569.0,1.0,8.410703250021069,-0.10201133318217082,4494.920453207356
20260630,2026-06-30,102,Round Rock Express,Pacific Coast League,Dell Diamond,Albuquerque Isotopes,342,4442.0,1,night,Tuesday,1,6,June,14,0,,0,102-7,1,6,14.0,0.4390243902439024,0.5121951219512195,Clear,Clear,93.0,11,Out To LF,0,0,0,,1,-3.0,full_season_release,1,8.398860004454372,8649.0,-3.0,8.267738712085624,0.13112129236874814,3896.128754498664
20260701,2026-07-01,102,Round Rock Express,Pacific Coast League,Dell Diamond,Albuquerque Isotopes,342,3195.0,1,night,Wednesday,2,7,July,14,0,,0,102-7,2,6,1.0,0.4457831325301205,0.5060240963855421,Partly Cloudy,Cloudy,93.0,12,Out To LF,0,0,0,,1,-2.0,full_season_release,1,8.069342366811636,8649.0,-2.0,8.238759669425407,-0.16941730261377153,3784.842939210109
20260702,2026-07-02,102,Round Rock Express,Pacific Coast League,Dell Diamond,Albuquerque Isotopes,342,3825.0,1,night,Thursday,3,7,July,14,0,,0,102-7,3,6,1.0,0.4404761904761904,0.5119047619047619,Partly Cloudy,Cloudy,91.0,10,R To L,0,0,0,,1,-1.0,full_season_release,1,8.249313746260636,8281.0,-1.0,8.3933545348843,-0.14404078862366454,4417.611899742303
20260703,2026-07-03,102,Round Rock Express,Pacific Coast League,Dell Diamond,Albuquerque Isotopes,342,9040.0,1,night,Friday,4,7,July,15,1,,0,102-7,4,6,1.0,0.4352941176470588,0.5176470588235295,Partly Cloudy,Cloudy,91.0,9,Out To LF,0,1,1,"Widget Cap presented by H-E-B, first 2000 fans",1,0.0,full_season_release,1,9.109414453386222,8281.0,0.0,8.703092783305713,0.40632167008050857,6021.506663426771
20260704,2026-07-04,102,Round Rock Express,Pacific Coast League,Dell Diamond,Albuquerque Isotopes,342,11417.0,1,night,Saturday,5,7,July,15,1,Independence Day,1,102-7,5,6,1.0,0.4418604651162791,0.5116279069767442,Partly Cloudy,Cloudy,92.0,8,Out To LF,0,0,0,,1,1.0,full_season_release,1,9.342858751676328,8464.0,1.0,8.73638248157022,0.6064762701061088,6225.334666473053
20260705,2026-07-05,102,Round Rock Express,Pacific Coast League,Dell Diamond,Albuquerque Isotopes,342,3330.0,1,night,Sunday,6,7,July,15,1,,0,102-7,6,6,1.0,0.4367816091954023,0.5172413793103449,Cloudy,Cloudy,93.0,7,R To L,0,0,0,,1,2.0,full_season_release,1,8.110727582974489,8649.0,2.0,8.311627976936828,-0.20090039396233905,4070.9349802734346
20260717,2026-07-17,102,Round Rock Express,Pacific Coast League,Dell Diamond,Las Vegas Aviators,400,7947.0,1,night,Friday,4,7,July,17,1,,0,102-8,1,3,12.0,0.4361702127659574,0.6086956521739131,Partly Cloudy,Cloudy,92.0,8,Out To LF,0,0,0,,1,-1.0,full_season_release,1,8.98054977794018,8464.0,-1.0,8.67063710808095,0.30991266985923005,5829.212004791633
20260718,2026-07-18,102,Round Rock Express,Pacific Coast League,Dell Diamond,Las Vegas Aviators,400,7132.0,1,night,Saturday,5,7,July,17,1,,0,102-8,2,3,1.0,0.431578947368421,0.6129032258064516,Partly Cloudy,Cloudy,91.0,9,Out To LF,0,1,1,"Mystery Jersey presented by Pepsi, first 2000 fans",1,0.0,full_season_release,1,8.872346978983032,8281.0,0.0,8.700426419035031,0.17192055994800093,6005.472519138014
20260719,2026-07-19,102,Round Rock Express,Pacific Coast League,Dell Diamond,Las Vegas Aviators,400,3445.0,1,night,Sunday,6,7,July,17,1,,0,102-8,3,3,1.0,0.4375,0.6063829787234043,Clear,Clear,93.0,10,Out To LF,0,0,0,,1,1.0,full_season_release,1,8.144679183447758,8649.0,1.0,8.333738718705906,-0.18905953525814745,4161.948856627413
20260728,2026-07-28,102,Round Rock Express,Pacific Coast League,Dell Diamond,Reno Aces,2310,3087.0,1,night,Tuesday,1,7,July,18,0,,0,102-9,1,6,9.0,0.4563106796116505,0.4660194174757281,Partly Cloudy,Cloudy,97.0,11,Out To LF,0,0,0,,0,,full_season_release,1,8.034955024502159,9409.0,,8.202250016525177,-0.16729499202301845,3649.1517288982022
20260729,2026-07-29,102,Round Rock Express,Pacific Coast League,Dell Diamond,Reno Aces,2310,3539.0,1,night,Wednesday,2,7,July,18,0,,0,102-9,2,6,1.0,0.4519230769230769,0.4711538461538461,Clear,Clear,96.0,7,Out To CF,0,0,0,,0,,full_season_release,1,8.171599480345463,9216.0,,8.181573351440969,-0.009973871095505515,3574.474142997178
20260730,2026-07-30,102,Round Rock Express,Pacific Coast League,Dell Diamond,Reno Aces,2310,5023.0,1,night,Thursday,3,7,July,18,0,,0,102-9,3,6,1.0,0.4571428571428571,0.4666666666666667,Clear,Clear,97.0,9,In From LF,0,0,0,,0,,full_season_release,1,8.521782643750045,9409.0,,8.279977946074391,0.24180469767565427,3944.107397969991
20260731,2026-07-31,102,Round Rock Express,Pacific Coast League,Dell Diamond,Reno Aces,2310,5954.0,1,night,Friday,4,7,July,19,1,,0,102-9,4,6,1.0,0.4622641509433962,0.4622641509433962,Clear,Clear,98.0,10,Out To LF,0,0,0,,0,,full_season_release,1,8.691818541575723,9604.0,,8.566420957862068,0.12539758371365473,5252.297914700774
20260801,2026-08-01,102,Round Rock Express,Pacific Coast League,Dell Diamond,Reno Aces,2310,4358.0,1,night,Saturday,5,8,August,19,1,,0,102-9,5,6,1.0,0.4672897196261682,0.4579439252336448,Cloudy,Cloudy,91.0,8,In From LF,0,0,0,,0,,full_season_release,1,8.379768515504566,8281.0,,8.671883087258884,-0.2921145717543183,5836.479608274451
20260802,2026-08-02,102,Round Rock Express,Pacific Coast League,Dell Diamond,Reno Aces,2310,5132.0,1,night,Sunday,6,8,August,19,1,,0,102-9,6,6,1.0,0.4722222222222222,0.4537037037037037,Clear,Clear,95.0,1,Calm,0,0,0,,0,,full_season_release,1,8.543250725735527,9025.0,,8.267887339953045,0.275363385782482,3896.7078708419917
20260811,2026-08-11,102,Round Rock Express,Pacific Coast League,Dell Diamond,Sugar Land Space Cowboys,5434,2893.0,1,night,Tuesday,1,8,August,20,0,,0,102-10,1,6,9.0,0.4782608695652174,0.5175438596491229,Partly Cloudy,Cloudy,95.0,12,Out To LF,0,0,0,,1,-4.0,full_season_release,1,7.970049304976135,9025.0,-4.0,8.234854752207553,-0.2648054472314181,3770.0922596847977
20260812,2026-08-12,102,Round Rock Express,Pacific Coast League,Dell Diamond,Sugar Land Space Cowboys,5434,3638.0,1,night,Wednesday,2,8,August,20,0,,0,102-10,2,6,1.0,0.4741379310344827,0.5217391304347826,Partly Cloudy,Cloudy,96.0,13,Out To LF,0,0,0,,1,-3.0,full_season_release,1,8.199189359078067,9216.0,-3.0,8.17314909982163,0.026040259256436826,3544.488354658516
20260813,2026-08-13,102,Round Rock Express,Pacific Coast League,Dell Diamond,Sugar Land Space Cowboys,5434,3116.0,1,night,Thursday,3,8,August,20,0,,0,102-10,3,6,1.0,0.4700854700854701,0.5258620689655172,Clear,Clear,96.0,16,Out To LF,0,0,0,,1,-2.0,full_season_release,1,8.044305406990638,9216.0,-2.0,8.293820180639718,-0.24951477364908037,3999.082267445999
20260814,2026-08-14,102,Round Rock Express,Pacific Coast League,Dell Diamond,Sugar Land Space Cowboys,5434,5147.0,1,night,Friday,4,8,August,21,1,,0,102-10,4,6,1.0,0.4661016949152542,0.5299145299145299,Partly Cloudy,Cloudy,92.0,11,Out To LF,0,0,0,,1,-1.0,full_season_release,1,8.546169299652755,8464.0,-1.0,8.678201037709336,-0.13203173805658075,5873.470928862973
20260815,2026-08-15,102,Round Rock Express,Pacific Coast League,Dell Diamond,Sugar Land Space Cowboys,5434,6057.0,1,night,Saturday,5,8,August,21,1,,0,102-10,5,6,1.0,0.4621848739495798,0.5338983050847458,Partly Cloudy,Cloudy,97.0,13,Out To LF,0,1,1,"Express Western Shirt presented by AARP, first 2000 fans",1,0.0,full_season_release,1,8.708969906980947,9409.0,0.0,8.55766394939085,0.1513059575900968,5206.504297555687
20260816,2026-08-16,102,Round Rock Express,Pacific Coast League,Dell Diamond,Sugar Land Space Cowboys,5434,3276.0,1,day,Sunday,6,8,August,21,1,,0,102-10,6,6,1.0,0.4666666666666667,0.5294117647058824,Sunny,Clear,93.0,7,Out To CF,0,0,0,,1,1.0,full_season_release,1,8.09437844497296,8649.0,1.0,8.469043249804816,-0.3746648048318555,4764.954416877218
20260825,2026-08-25,102,Round Rock Express,Pacific Coast League,Dell Diamond,Albuquerque Isotopes,342,3272.0,1,night,Tuesday,1,8,August,22,0,,0,102-11,1,12,9.0,0.4881889763779528,0.4881889763779528,Partly Cloudy,Cloudy,100.0,11,Out To LF,0,0,0,,1,-4.0,full_season_release,1,8.093156697722637,10000.0,-4.0,8.124895254672067,-0.03173855694942951,3377.5141343189507
20260826,2026-08-26,102,Round Rock Express,Pacific Coast League,Dell Diamond,Albuquerque Isotopes,342,3021.0,1,night,Wednesday,2,8,August,22,0,,0,102-11,2,12,1.0,0.484375,0.4921875,Cloudy,Cloudy,99.0,6,In From LF,0,0,0,,1,-3.0,full_season_release,1,8.013343181386672,9801.0,-3.0,8.106879351992694,-0.09353617060602204,3317.210016020699
20260827,2026-08-27,102,Round Rock Express,Pacific Coast League,Dell Diamond,Albuquerque Isotopes,342,3008.0,1,night,Thursday,3,8,August,22,0,,0,102-11,3,12,1.0,0.4806201550387597,0.4961240310077519,Cloudy,Cloudy,97.0,8,Out To LF,0,0,0,,1,-2.0,full_season_release,1,8.00903068506973,9409.0,-2.0,8.272147825175178,-0.2631171401054484,3913.3451534226824
20260828,2026-08-28,102,Round Rock Express,Pacific Coast League,Dell Diamond,Albuquerque Isotopes,342,6250.0,1,night,Friday,4,8,August,23,1,,0,102-11,4,12,1.0,0.4769230769230769,0.5,Cloudy,Cloudy,87.0,7,Out To LF,0,0,0,,1,-1.0,full_season_release,1,8.740336742730447,7569.0,-1.0,8.750547358943676,-0.010210616213228718,6314.14326518504
20260829,2026-08-29,102,Round Rock Express,Pacific Coast League,Dell Diamond,Albuquerque Isotopes,342,5019.0,1,night,Saturday,5,8,August,23,1,,0,102-11,5,12,1.0,0.4809160305343511,0.4961832061068702,Clear,Clear,93.0,8,Out To LF,0,1,1,"Vince Young Bobblehead presented by Dell, first 2000 fans",1,0.0,full_season_release,1,8.520985989654934,8649.0,0.0,8.634228176610783,-0.11324218695584953,5620.79378957713
20260830,2026-08-30,102,Round Rock Express,Pacific Coast League,Dell Diamond,Albuquerque Isotopes,342,3225.0,1,day,Sunday,6,8,August,23,1,,0,102-11,6,12,1.0,0.4848484848484848,0.4924242424242424,Partly Cloudy,Cloudy,93.0,8,Out To LF,0,0,0,,1,1.0,full_season_release,1,8.078688229229872,8649.0,1.0,8.467263340458302,-0.38857511122843036,4756.480773370641
20260327,2026-03-27,105,Sacramento River Cats,Pacific Coast League,Sutter Health Park,El Paso Chihuahuas,4904,6258.0,1,night,Friday,4,3,March,1,1,,0,105-1,1,3,1.0,0.0,1.0,Partly Cloudy,Cloudy,81.0,2,Out To RF,0,0,0,,1,-1.0,full_season_release,1,8.741615924228828,6561.0,-1.0,8.416536772969849,0.32507915125897924,4521.218304808232
20260328,2026-03-28,105,Sacramento River Cats,Pacific Coast League,Sutter Health Park,El Paso Chihuahuas,4904,4573.0,1,night,Saturday,5,3,March,1,1,,0,105-1,2,3,1.0,0.5,0.5,Clear,Clear,80.0,4,L To R,0,1,1,"Dinger Building Blocks Set, first 2500 fans",1,0.0,full_season_release,1,8.427924723658055,6400.0,0.0,8.328732656538088,0.09919206711996686,4141.165945586976
20260329,2026-03-29,105,Sacramento River Cats,Pacific Coast League,Sutter Health Park,El Paso Chihuahuas,4904,4105.0,1,day,Sunday,6,3,March,1,1,,0,105-1,3,3,1.0,0.6666666666666666,0.3333333333333333,Partly Cloudy,Cloudy,83.0,6,Out To RF,0,0,0,,1,1.0,full_season_release,1,8.31996102188653,6889.0,1.0,8.117219514042253,0.20274150784427647,3351.688454258748
20260407,2026-04-07,105,Sacramento River Cats,Pacific Coast League,Sutter Health Park,Las Vegas Aviators,400,2073.0,1,night,Tuesday,1,4,April,2,0,,0,105-2,1,5,9.0,0.6,0.7,Clear,Clear,75.0,5,Out To LF,0,0,0,,1,-3.0,full_season_release,1,7.636752112435779,5625.0,-3.0,7.777964827547155,-0.1412127151113758,2387.4110796774644
20260408,2026-04-08,105,Sacramento River Cats,Pacific Coast League,Sutter Health Park,Las Vegas Aviators,400,2043.0,1,night,Wednesday,2,4,April,2,0,,0,105-2,2,5,1.0,0.6363636363636364,0.6363636363636364,Clear,Clear,79.0,7,R To L,0,0,0,,1,-2.0,full_season_release,1,7.622174594817622,6241.0,-2.0,7.718611921606077,-0.09643732678845485,2249.8344655066835
20260409,2026-04-09,105,Sacramento River Cats,Pacific Coast League,Sutter Health Park,Las Vegas Aviators,400,2324.0,1,night,Thursday,3,4,April,2,0,,0,105-2,3,5,1.0,0.6666666666666666,0.5833333333333334,Partly Cloudy,Cloudy,73.0,9,Out To RF,0,0,0,,1,-1.0,full_season_release,1,7.751045117971802,5329.0,-1.0,7.8497582611172,-0.0987131431453987,2565.1141540492367
20260410,2026-04-10,105,Sacramento River Cats,Pacific Coast League,Sutter Health Park,Las Vegas Aviators,400,2573.0,1,night,Friday,4,4,April,3,1,,0,105-2,4,5,1.0,0.6923076923076923,0.5384615384615384,Rain,Precipitation,62.0,5,R To L,1,1,1,Kirk Rueter T-Shirt,1,0.0,full_season_release,1,7.8528278122817445,3844.0,0.0,8.135577713555467,-0.28274990127372224,3413.7876906282972
20260422,2026-04-22,105,Sacramento River Cats,Pacific Coast League,Sutter Health Park,Albuquerque Isotopes,342,3461.0,1,night,Wednesday,2,4,April,4,0,,0,105-3,1,5,12.0,0.55,0.5909090909090909,Partly Cloudy,Cloudy,63.0,4,L To R,0,0,0,,1,-2.0,full_season_release,1,8.149312843635345,3969.0,-2.0,7.671880138139897,0.47743270549544814,2147.1145245949742
20260423,2026-04-23,105,Sacramento River Cats,Pacific Coast League,Sutter Health Park,Albuquerque Isotopes,342,2391.0,1,night,Thursday,3,4,April,4,0,,0,105-3,2,5,1.0,0.5714285714285714,0.5652173913043478,Clear,Clear,71.0,6,Out To RF,0,0,0,,1,-1.0,full_season_release,1,7.779466967458324,5041.0,-1.0,7.873364660103192,-0.0938976926448678,2626.387639969565
20260424,2026-04-24,105,Sacramento River Cats,Pacific Coast League,Sutter Health Park,Albuquerque Isotopes,342,6215.0,1,night,Friday,4,4,April,5,1,,0,105-3,3,5,1.0,0.5909090909090909,0.5416666666666666,Clear,Clear,69.0,10,Out To RF,0,1,1,River Cats Crewneck,1,0.0,full_season_release,1,8.734721003944811,4761.0,0.0,8.173785717386554,0.5609352865582569,3546.7455566147323
20260425,2026-04-25,105,Sacramento River Cats,Pacific Coast League,Sutter Health Park,Albuquerque Isotopes,342,5298.0,2,night,Saturday,5,4,April,5,1,,0,105-3,4,5,1.0,0.5833333333333334,0.5384615384615384,Cloudy,Cloudy,62.0,10,Out To CF,0,0,0,,1,1.0,full_season_release,1,8.575084669832014,3844.0,1.0,8.100049455693823,0.4750352141381917,3294.6310095172603
20260426,2026-04-26,105,Sacramento River Cats,Pacific Coast League,Sutter Health Park,Albuquerque Isotopes,342,5500.0,1,day,Sunday,6,4,April,5,1,,0,105-3,5,5,1.0,0.56,0.5555555555555556,Cloudy,Cloudy,60.0,9,R To L,0,0,0,,1,2.0,full_season_release,1,8.612503371220562,3600.0,2.0,7.914688192541959,0.6978151786786029,2737.1929201417674
20260505,2026-05-05,105,Sacramento River Cats,Pacific Coast League,Sutter Health Park,Reno Aces,2310,3701.0,1,night,Tuesday,1,5,May,6,0,,0,105-4,1,6,9.0,0.53125,0.5294117647058824,Cloudy,Cloudy,64.0,5,Out To LF,0,0,0,,1,-3.0,full_season_release,1,8.216358332386156,4096.0,-3.0,7.9668789245700715,0.24947940781608402,2883.842613355164
20260506,2026-05-06,105,Sacramento River Cats,Pacific Coast League,Sutter Health Park,Reno Aces,2310,3753.0,1,day,Wednesday,2,5,May,6,0,,0,105-4,2,6,1.0,0.5454545454545454,0.5142857142857142,Overcast,Cloudy,69.0,0,Calm,0,0,0,,1,-2.0,full_season_release,1,8.23031079913502,4761.0,-2.0,8.119543357513168,0.11076744162185292,3359.4863105792706
20260507,2026-05-07,105,Sacramento River Cats,Pacific Coast League,Sutter Health Park,Reno Aces,2310,3237.0,1,night,Thursday,3,5,May,6,0,,0,105-4,3,6,1.0,0.5588235294117647,0.5,Clear,Clear,81.0,8,Out To RF,0,0,0,,1,-1.0,full_season_release,1,8.082402253926244,6561.0,-1.0,8.054352477558146,0.028049776368098023,3147.4644700863155
20260508,2026-05-08,105,Sacramento River Cats,Pacific Coast League,Sutter Health Park,Reno Aces,2310,5930.0,1,night,Friday,4,5,May,7,1,,0,105-4,4,6,1.0,0.5428571428571428,0.5135135135135135,Clear,Clear,80.0,9,Out To LF,0,1,1,Dinger Plush Keychain,1,0.0,full_season_release,1,8.68777949199177,6400.0,0.0,8.372160002878388,0.31561948911338256,4324.9679238101135
20260509,2026-05-09,105,Sacramento River Cats,Pacific Coast League,Sutter Health Park,Reno Aces,2310,5642.0,1,night,Saturday,5,5,May,7,1,,0,105-4,5,6,1.0,0.5277777777777778,0.5263157894736842,Clear,Clear,82.0,10,Out To LF,0,0,0,,1,1.0,full_season_release,1,8.637993891561942,6724.0,1.0,8.335166537982996,0.3028273535789463,4167.895611870767
20260510,2026-05-10,105,Sacramento River Cats,Pacific Coast League,Sutter Health Park,Reno Aces,2310,4531.0,1,day,Sunday,6,5,May,7,1,Mother's Day,1,105-4,6,6,1.0,0.5405405405405406,0.5128205128205128,Sunny,Clear,76.0,6,Out To CF,0,0,0,,1,2.0,full_season_release,1,8.418697944667139,5776.0,2.0,8.273630709081527,0.1450672355856124,3919.1524947129797
20260519,2026-05-19,105,Sacramento River Cats,Pacific Coast League,Sutter Health Park,Sugar Land Space Cowboys,5434,5723.0,1,day,Tuesday,1,5,May,8,0,,0,105-5,1,6,9.0,0.5909090909090909,0.4347826086956521,Sunny,Clear,81.0,5,L To R,0,0,0,,1,-3.0,full_season_release,1,8.652248422409102,6561.0,-3.0,8.139017723813385,0.5132306985957165,3425.5513773032
20260520,2026-05-20,105,Sacramento River Cats,Pacific Coast League,Sutter Health Park,Sugar Land Space Cowboys,5434,2850.0,1,night,Wednesday,2,5,May,8,0,,0,105-5,2,6,1.0,0.6,0.425531914893617,Clear,Clear,89.0,6,Out To RF,0,0,0,,1,-2.0,full_season_release,1,7.955074273262696,7921.0,-2.0,7.845504100261287,0.10957017300140848,2554.2249245138155
20260521,2026-05-21,105,Sacramento River Cats,Pacific Coast League,Sutter Health Park,Sugar Land Space Cowboys,5434,3366.0,1,night,Thursday,3,5,May,8,0,,0,105-5,3,6,1.0,0.6086956521739131,0.4166666666666667,Clear,Clear,90.0,9,Varies,0,0,0,,1,-1.0,full_season_release,1,8.121480374750751,8100.0,-1.0,7.949806560470846,0.17167381427990502,2835.026491239769
20260522,2026-05-22,105,Sacramento River Cats,Pacific Coast League,Sutter Health Park,Sugar Land Space Cowboys,5434,5299.0,1,night,Friday,4,5,May,9,1,,0,105-5,4,6,1.0,0.5957446808510638,0.4285714285714285,Clear,Clear,81.0,13,Out To RF,0,1,1,Bryce Eldridge Bobblecard presented by Toyota,1,0.0,full_season_release,1,8.575273402492762,6561.0,0.0,8.359641090901667,0.21563231159109542,4271.16153253168
20260523,2026-05-23,105,Sacramento River Cats,Pacific Coast League,Sutter Health Park,Sugar Land Space Cowboys,5434,6465.0,1,night,Saturday,5,5,May,9,1,,0,105-5,5,6,1.0,0.6041666666666666,0.42,Clear,Clear,75.0,11,Varies,0,0,0,,1,1.0,full_season_release,1,8.774158291205957,5625.0,1.0,8.358365577863317,0.4157927133426398,4265.717083279191
20260524,2026-05-24,105,Sacramento River Cats,Pacific Coast League,Sutter Health Park,Sugar Land Space Cowboys,5434,5165.0,1,day,Sunday,6,5,May,9,1,,0,105-5,6,6,1.0,0.5918367346938775,0.4313725490196078,Partly Cloudy,Cloudy,79.0,5,Out To LF,0,0,0,,1,2.0,full_season_release,1,8.549660381553739,6241.0,2.0,8.180508764848595,0.3691516167051443,3570.67083058666
20260602,2026-06-02,105,Sacramento River Cats,Pacific Coast League,Sutter Health Park,Tacoma Rainiers,529,2643.0,1,night,Tuesday,1,6,June,10,0,,0,105-6,1,6,9.0,0.5892857142857143,0.4137931034482758,Partly Cloudy,Cloudy,84.0,10,Out To RF,0,0,0,,1,-3.0,full_season_release,1,7.879669914604289,7056.0,-3.0,8.07150431489304,-0.19183440028875154,3201.9148962500676
20260603,2026-06-03,105,Sacramento River Cats,Pacific Coast League,Sutter Health Park,Tacoma Rainiers,529,2399.0,1,night,Wednesday,2,6,June,10,0,,0,105-6,2,6,1.0,0.5789473684210527,0.423728813559322,Clear,Clear,89.0,9,Out To RF,0,0,0,,1,-2.0,full_season_release,1,7.782807262839695,7921.0,-2.0,7.9712207801577835,-0.18841351731808853,2896.3910635861125
20260604,2026-06-04,105,Sacramento River Cats,Pacific Coast League,Sutter Health Park,Tacoma Rainiers,529,2603.0,1,night,Thursday,3,6,June,10,0,,0,105-6,3,6,1.0,0.5862068965517241,0.4166666666666667,Clear,Clear,90.0,8,Out To RF,0,0,0,,1,-1.0,full_season_release,1,7.864419904994565,8100.0,-1.0,8.075707080082791,-0.21128717508822614,3215.4001104616345
20260605,2026-06-05,105,Sacramento River Cats,Pacific Coast League,Sutter Health Park,Tacoma Rainiers,529,4041.0,1,night,Friday,4,6,June,11,1,,0,105-6,4,6,1.0,0.5932203389830508,0.4098360655737705,Partly Cloudy,Cloudy,90.0,11,Out To LF,0,1,1,River Cats Visor,1,0.0,full_season_release,1,8.304247465078474,8100.0,0.0,8.383778249868037,-0.07953078478956321,4375.509503124427
20260606,2026-06-06,105,Sacramento River Cats,Pacific Coast League,Sutter Health Park,Tacoma Rainiers,529,4611.0,1,night,Saturday,5,6,June,11,1,,0,105-6,5,6,1.0,0.6,0.4032258064516129,Clear,Clear,78.0,13,Out To LF,0,0,0,,1,1.0,full_season_release,1,8.436200032206706,6084.0,1.0,8.473155186554035,-0.036955154347328545,4784.5879463042365
20260607,2026-06-07,105,Sacramento River Cats,Pacific Coast League,Sutter Health Park,Tacoma Rainiers,529,4398.0,1,day,Sunday,6,6,June,11,1,,0,105-6,6,6,1.0,0.6065573770491803,0.3968253968253968,Sunny,Clear,78.0,4,Calm,0,0,0,,1,2.0,full_season_release,1,8.388905171114706,6084.0,2.0,8.305829031731143,0.08307613938356262,4047.3961674927873
20260623,2026-06-23,105,Sacramento River Cats,Pacific Coast League,Sutter Health Park,Las Vegas Aviators,400,3467.0,1,night,Tuesday,1,6,June,13,0,,0,105-7,1,6,14.0,0.5753424657534246,0.6081081081081081,Clear,Clear,89.0,10,Out To LF,0,0,0,,1,-3.0,full_season_release,1,8.151044945685024,7921.0,-3.0,7.989654704101082,0.1613902415839421,2950.2780646675433
20260624,2026-06-24,105,Sacramento River Cats,Pacific Coast League,Sutter Health Park,Las Vegas Aviators,400,3645.0,1,day,Wednesday,2,6,June,13,0,,0,105-7,2,6,1.0,0.5675675675675675,0.6133333333333333,Sunny,Clear,80.0,7,Calm,0,0,0,,1,-2.0,full_season_release,1,8.201111644442758,6400.0,-2.0,8.222414694026897,-0.02130304958413909,3723.4826071111406
20260625,2026-06-25,105,Sacramento River Cats,Pacific Coast League,Sutter Health Park,Las Vegas Aviators,400,4075.0,1,night,Thursday,3,6,June,13,0,,0,105-7,3,6,1.0,0.56,0.618421052631579,Partly Cloudy,Cloudy,80.0,13,Out To LF,0,0,0,,1,-1.0,full_season_release,1,8.312626025674962,6400.0,-1.0,8.177960835731485,0.13466518994347787,3561.5845948676783
20260626,2026-06-26,105,Sacramento River Cats,Pacific Coast League,Sutter Health Park,Las Vegas Aviators,400,4147.0,1,night,Friday,4,6,June,14,1,,0,105-7,4,6,1.0,0.5657894736842105,0.6103896103896104,Clear,Clear,77.0,16,Out To LF,0,1,1,Will Clark T-Shirt,1,0.0,full_season_release,1,8.330140460246382,5929.0,0.0,8.500255356806138,-0.1701148965597561,4916.024020225646
20260627,2026-06-27,105,Sacramento River Cats,Pacific Coast League,Sutter Health Park,Las Vegas Aviators,400,6412.0,1,night,Saturday,5,6,June,14,1,,0,105-7,5,6,1.0,0.5584415584415584,0.6153846153846154,Clear,Clear,78.0,10,Out To LF,0,0,0,,1,1.0,full_season_release,1,8.765926513729443,6084.0,1.0,8.47228855063734,0.29363796309210244,4780.443246775536
20260628,2026-06-28,105,Sacramento River Cats,Pacific Coast League,Sutter Health Park,Las Vegas Aviators,400,4214.0,1,day,Sunday,6,6,June,14,1,,0,105-7,6,6,1.0,0.5512820512820513,0.620253164556962,Sunny,Clear,81.0,10,L To R,0,0,0,,1,2.0,full_season_release,1,8.346167594364134,6561.0,2.0,8.29026959349449,0.055898000869644804,3984.90835510046
20260707,2026-07-07,105,Sacramento River Cats,Pacific Coast League,Sutter Health Park,Salt Lake Bees,561,3005.0,1,night,Tuesday,1,7,July,15,0,,0,105-8,1,6,9.0,0.5411764705882353,0.5057471264367817,Clear,Clear,77.0,11,Out To CF,0,0,0,,1,-3.0,full_season_release,1,8.008032846969307,5929.0,-3.0,8.118605657857636,-0.11057281088832838,3356.337597927177
20260708,2026-07-08,105,Sacramento River Cats,Pacific Coast League,Sutter Health Park,Salt Lake Bees,561,2210.0,1,night,Wednesday,2,7,July,15,0,,0,105-8,2,6,1.0,0.5465116279069767,0.5,Clear,Clear,87.0,10,Out To LF,0,0,0,,1,-2.0,full_season_release,1,7.700747794511798,7569.0,-2.0,7.997423408931129,-0.296675614419331,2973.287163846674
20260709,2026-07-09,105,Sacramento River Cats,Pacific Coast League,Sutter Health Park,Salt Lake Bees,561,2103.0,1,night,Thursday,3,7,July,15,0,,0,105-8,3,6,1.0,0.5517241379310345,0.4943820224719101,Clear,Clear,91.0,12,Out To LF,0,0,0,,1,-1.0,full_season_release,1,7.6511201757027,8281.0,-1.0,8.060167269854775,-0.40904709415207474,3165.8196362619087
20260710,2026-07-10,105,Sacramento River Cats,Pacific Coast League,Sutter Health Park,Salt Lake Bees,561,3688.0,1,night,Friday,4,7,July,16,1,,0,105-8,4,6,1.0,0.5454545454545454,0.5,Clear,Clear,84.0,13,Out To LF,0,1,1,Bryce Eldridge T-Shirt,1,0.0,full_season_release,1,8.212839584676484,7056.0,0.0,8.459758023925707,-0.24691843924922274,4720.915510810279
20260711,2026-07-11,105,Sacramento River Cats,Pacific Coast League,Sutter Health Park,Salt Lake Bees,561,8332.0,1,night,Saturday,5,7,July,16,1,,0,105-8,5,6,1.0,0.550561797752809,0.4945054945054945,Partly Cloudy,Cloudy,89.0,9,Out To LF,0,0,0,,1,1.0,full_season_release,1,9.027858802380862,7921.0,1.0,8.374235713745795,0.6536230886350669,4333.954630406367
20260712,2026-07-12,105,Sacramento River Cats,Pacific Coast League,Sutter Health Park,Salt Lake Bees,561,3048.0,1,day,Sunday,6,7,July,16,1,,0,105-8,6,6,1.0,0.5444444444444444,0.5,Cloudy,Cloudy,85.0,1,Calm,0,0,0,,1,2.0,full_season_release,1,8.022240916806537,7225.0,2.0,8.258107207398215,-0.2358662905916784,3858.7833072601948
20260721,2026-07-21,105,Sacramento River Cats,Pacific Coast League,Sutter Health Park,Oklahoma City Comets,238,3083.0,1,night,Tuesday,1,7,July,17,0,,0,105-9,1,6,9.0,0.5531914893617021,0.5473684210526316,Clear,Clear,95.0,10,Out To CF,0,0,0,,1,-3.0,full_season_release,1,8.03365842788615,9025.0,-3.0,7.908794595021678,0.12486383286447289,2721.1084509859816
20260722,2026-07-22,105,Sacramento River Cats,Pacific Coast League,Sutter Health Park,Oklahoma City Comets,238,3224.0,1,day,Wednesday,2,7,July,17,0,,0,105-9,2,6,1.0,0.5578947368421052,0.5416666666666666,Sunny,Clear,82.0,11,Out To LF,0,0,0,,1,-2.0,full_season_release,1,8.07837810362652,6724.0,-2.0,8.209959742578103,-0.1315816389515838,3677.394420867574
20260723,2026-07-23,105,Sacramento River Cats,Pacific Coast League,Sutter Health Park,Oklahoma City Comets,238,2685.0,1,night,Thursday,3,7,July,17,0,,0,105-9,3,6,1.0,0.5625,0.5360824742268041,Clear,Clear,90.0,9,R To L,0,0,0,,1,-1.0,full_season_release,1,7.895436006942965,8100.0,-1.0,8.072178132045613,-0.1767421251026473,3204.0731284735243
20260724,2026-07-24,105,Sacramento River Cats,Pacific Coast League,Sutter Health Park,Oklahoma City Comets,238,4002.0,1,night,Friday,4,7,July,18,1,,0,105-9,4,6,1.0,0.5567010309278351,0.5408163265306123,Clear,Clear,86.0,13,Out To LF,0,1,1,Carson Whisenhunt Bobblehead,1,0.0,full_season_release,1,8.294549515143679,7396.0,0.0,8.43510819568225,-0.14055868053857168,4605.968289188421
20260725,2026-07-25,105,Sacramento River Cats,Pacific Coast League,Sutter Health Park,Oklahoma City Comets,238,6299.0,1,night,Saturday,5,7,July,18,1,,0,105-9,5,6,1.0,0.5612244897959183,0.5353535353535354,Clear,Clear,90.0,10,Out To LF,0,0,0,,1,1.0,full_season_release,1,8.74814616962193,8100.0,1.0,8.356153415938739,0.39199275368319064,4256.291056159663
20260726,2026-07-26,105,Sacramento River Cats,Pacific Coast League,Sutter Health Park,Oklahoma City Comets,238,3029.0,1,day,Sunday,6,7,July,18,1,,0,105-9,6,6,1.0,0.5656565656565656,0.53,Sunny,Clear,88.0,5,Out To LF,0,0,0,,1,2.0,full_season_release,1,8.015987811027237,7744.0,2.0,8.2174960548259,-0.2015082437986635,3705.213106968207
20260804,2026-08-04,105,Sacramento River Cats,Pacific Coast League,Sutter Health Park,Round Rock Express,102,2092.0,1,night,Tuesday,1,8,August,19,0,,0,105-10,1,6,9.0,0.5849056603773585,0.4678899082568807,Clear,Clear,93.0,10,Out To LF,0,0,0,,1,-3.0,full_season_release,1,7.645875825184813,8649.0,-3.0,7.941117192157672,-0.2952413669728591,2810.49862205587
20260805,2026-08-05,105,Sacramento River Cats,Pacific Coast League,Sutter Health Park,Round Rock Express,102,2405.0,1,night,Wednesday,2,8,August,19,0,,0,105-10,2,6,1.0,0.5794392523364486,0.4727272727272727,Clear,Clear,94.0,9,R To L,0,0,0,,1,-2.0,full_season_release,1,7.785305182539862,8836.0,-2.0,7.881435995464247,-0.09613081292438519,2647.6718759539044
20260806,2026-08-06,105,Sacramento River Cats,Pacific Coast League,Sutter Health Park,Round Rock Express,102,2747.0,1,night,Thursday,3,8,August,19,0,,0,105-10,3,6,1.0,0.5740740740740741,0.4774774774774775,Clear,Clear,92.0,9,Out To LF,0,0,0,,1,-1.0,full_season_release,1,7.918264686095274,8464.0,-1.0,8.037896937414201,-0.11963225131892763,3096.095057032637
20260807,2026-08-07,105,Sacramento River Cats,Pacific Coast League,Sutter Health Park,Round Rock Express,102,5936.0,1,night,Friday,4,8,August,20,1,,0,105-10,4,6,1.0,0.5688073394495413,0.4821428571428571,Clear,Clear,90.0,10,Out To LF,0,1,1,River Cats Camo T-Shirt,1,0.0,full_season_release,1,8.688790784847216,8100.0,0.0,8.37964996258808,0.3091408222591365,4357.4833770141395
20260808,2026-08-08,105,Sacramento River Cats,Pacific Coast League,Sutter Health Park,Round Rock Express,102,5076.0,1,night,Saturday,5,8,August,20,1,,0,105-10,5,6,1.0,0.5727272727272728,0.4778761061946903,Clear,Clear,93.0,9,Out To LF,0,0,0,,1,1.0,full_season_release,1,8.532278828834277,8649.0,1.0,8.304503054379616,0.22777577445466157,4042.032968368124
20260809,2026-08-09,105,Sacramento River Cats,Pacific Coast League,Sutter Health Park,Round Rock Express,102,2511.0,1,day,Sunday,6,8,August,20,1,,0,105-10,6,6,1.0,0.5765765765765766,0.4736842105263157,Partly Cloudy,Cloudy,93.0,3,Out To RF,0,0,0,,1,2.0,full_season_release,1,7.828436359157585,8649.0,2.0,8.137569641353185,-0.30913328219559943,3420.5944862968668
20260818,2026-08-18,105,Sacramento River Cats,Pacific Coast League,Sutter Health Park,Tacoma Rainiers,529,2099.0,1,night,Tuesday,1,8,August,21,0,,0,105-11,1,6,9.0,0.5847457627118644,0.4462809917355372,Partly Cloudy,Cloudy,92.0,7,Out To RF,0,0,0,,1,-3.0,full_season_release,1,7.649216319820633,8464.0,-3.0,7.959319207299463,-0.31010288747882964,2862.123776114401
20260819,2026-08-19,105,Sacramento River Cats,Pacific Coast League,Sutter Health Park,Tacoma Rainiers,529,2137.0,1,night,Wednesday,2,8,August,21,0,,0,105-11,2,6,1.0,0.5882352941176471,0.4426229508196721,Clear,Clear,92.0,8,R To L,0,0,0,,1,-2.0,full_season_release,1,7.667158255319148,8464.0,-2.0,7.916629432564911,-0.24947117724576362,2742.511629364237
20260820,2026-08-20,105,Sacramento River Cats,Pacific Coast League,Sutter Health Park,Tacoma Rainiers,529,2341.0,1,night,Thursday,3,8,August,21,0,,0,105-11,3,6,1.0,0.5916666666666667,0.4390243902439024,Partly Cloudy,Cloudy,85.0,8,Out To LF,0,0,0,,1,-1.0,full_season_release,1,7.75833346749091,7225.0,-1.0,8.132275694435767,-0.3739422269448571,3402.5338887630373
20260821,2026-08-21,105,Sacramento River Cats,Pacific Coast League,Sutter Health Park,Tacoma Rainiers,529,4006.0,1,night,Friday,4,8,August,22,1,,0,105-11,4,6,1.0,0.5867768595041323,0.4435483870967742,Partly Cloudy,Cloudy,87.0,11,Varies,0,1,1,River Cats Lunch Box,1,0.0,full_season_release,1,8.295548516225763,7569.0,0.0,8.419111660404676,-0.12356314417891312,4532.874933824855
20260822,2026-08-22,105,Sacramento River Cats,Pacific Coast League,Sutter Health Park,Tacoma Rainiers,529,7814.0,1,night,Saturday,5,8,August,22,1,,0,105-11,5,6,1.0,0.5819672131147541,0.448,Partly Cloudy,Cloudy,92.0,6,Out To LF,0,0,0,,1,1.0,full_season_release,1,8.963672275615016,8464.0,1.0,8.321365100305075,0.6423071753099414,4110.767790175416
20260823,2026-08-23,105,Sacramento River Cats,Pacific Coast League,Sutter Health Park,Tacoma Rainiers,529,4341.0,1,day,Sunday,6,8,August,22,1,,0,105-11,6,6,1.0,0.5772357723577236,0.4523809523809524,Partly Cloudy,Cloudy,88.0,3,L To R,0,0,0,,1,2.0,full_season_release,1,8.375860015299594,7744.0,2.0,8.215907424601209,0.15995259069838497,3699.331566471013
20260408,2026-04-08,531,Scranton/Wilkes-Barre RailRiders,International League,PNC Field,Durham Bulls,234,2191.0,1,night,Wednesday,2,4,April,2,0,,0,531-1,1,5,1.0,0.7,0.2,Clear,Clear,53.0,4,Out To LF,0,0,0,,0,,full_season_release,1,7.692113339595466,2809.0,,7.7842563472201824,-0.09214300762471606,2402.4788734105928
20260409,2026-04-09,531,Scranton/Wilkes-Barre RailRiders,International League,PNC Field,Durham Bulls,234,2406.0,1,night,Thursday,3,4,April,2,0,,0,531-1,2,5,1.0,0.7272727272727273,0.1818181818181818,Clear,Clear,55.0,10,R To L,0,0,0,,0,,full_season_release,1,7.785720896534624,3025.0,,7.935347803200303,-0.14962690666567902,2794.3304474327383
20260410,2026-04-10,531,Scranton/Wilkes-Barre RailRiders,International League,PNC Field,Durham Bulls,234,4015.0,1,night,Friday,4,4,April,3,1,,0,531-1,3,5,1.0,0.6666666666666666,0.25,Cloudy,Cloudy,72.0,13,Out To CF,0,0,0,,0,,full_season_release,1,8.297792626380861,5184.0,,8.404386076660664,-0.10659345027980294,4466.614761575896
20260411,2026-04-11,531,Scranton/Wilkes-Barre RailRiders,International League,PNC Field,Durham Bulls,234,3944.0,2,day,Saturday,5,4,April,3,1,,0,531-1,4,5,1.0,0.6428571428571429,0.2857142857142857,Sunny,Clear,54.0,12,Varies,0,0,0,,0,,full_season_release,1,8.279950715722526,2916.0,,8.378573586565862,-0.09862287084333587,4352.795609742654
20260412,2026-04-12,531,Scranton/Wilkes-Barre RailRiders,International League,PNC Field,Durham Bulls,234,4487.0,1,day,Sunday,6,4,April,3,1,,0,531-1,5,5,1.0,0.6,0.3333333333333333,Sunny,Clear,59.0,10,Out To LF,0,0,0,,0,,full_season_release,1,8.408939605975984,3481.0,,8.128571286899401,0.2803683190765831,3389.9528336475532
20260421,2026-04-21,531,Scranton/Wilkes-Barre RailRiders,International League,PNC Field,Rochester Red Wings,534,2103.0,1,night,Tuesday,1,4,April,4,0,,0,531-2,1,10,9.0,0.5238095238095238,0.5,Cloudy,Cloudy,50.0,6,Varies,0,0,0,,1,-8.0,full_season_release,1,7.6511201757027,2500.0,-8.0,7.777989077351471,-0.12686890164877074,2387.468974630936
20260422,2026-04-22,531,Scranton/Wilkes-Barre RailRiders,International League,PNC Field,Rochester Red Wings,534,2218.0,1,night,Wednesday,2,4,April,4,0,,0,531-2,2,10,1.0,0.5,0.5217391304347826,Partly Cloudy,Cloudy,62.0,5,Calm,0,0,0,,1,-7.0,full_season_release,1,7.704361167910313,3844.0,-7.0,7.927924545698828,-0.22356337778851554,2773.66421326669
20260423,2026-04-23,531,Scranton/Wilkes-Barre RailRiders,International League,PNC Field,Rochester Red Wings,534,2971.0,1,night,Thursday,3,4,April,4,0,,0,531-2,3,10,1.0,0.5217391304347826,0.5,Partly Cloudy,Cloudy,69.0,10,L To R,0,0,0,,1,-6.0,full_season_release,1,7.9966538754626075,4761.0,-6.0,8.0949162322711,-0.09826235680849216,3277.762265008101
20260424,2026-04-24,531,Scranton/Wilkes-Barre RailRiders,International League,PNC Field,Rochester Red Wings,534,3233.0,1,night,Friday,4,4,April,5,1,,0,531-2,4,10,1.0,0.5416666666666666,0.48,Partly Cloudy,Cloudy,62.0,6,L To R,0,0,0,,1,-5.0,full_season_release,1,8.081165777725433,3844.0,-5.0,8.351342163833039,-0.27017638610760564,4235.862150568359
20260426,2026-04-26,531,Scranton/Wilkes-Barre RailRiders,International League,PNC Field,Rochester Red Wings,534,2957.0,2,day,Sunday,6,4,April,5,1,,0,531-2,5,10,2.0,0.5384615384615384,0.4814814814814814,Partly Cloudy,Cloudy,52.0,5,Varies,0,0,0,,1,-4.0,full_season_release,1,7.9919305198524775,2704.0,-4.0,8.01695311612233,-0.025022596269852926,3031.925320819428
20260428,2026-04-28,531,Scranton/Wilkes-Barre RailRiders,International League,PNC Field,Buffalo Bisons,422,8451.0,1,night,Tuesday,1,4,April,5,0,,0,531-2,6,10,2.0,0.5555555555555556,0.4642857142857143,Cloudy,Cloudy,56.0,7,Varies,0,0,0,,1,-3.0,full_season_release,1,9.042040056544483,3136.0,-3.0,7.865862084413927,1.1761779721305556,2606.7567012961217
20260430,2026-04-30,531,Scranton/Wilkes-Barre RailRiders,International League,PNC Field,Buffalo Bisons,422,2145.0,1,night,Thursday,3,4,April,5,0,,0,531-2,7,10,2.0,0.5714285714285714,0.4482758620689655,Partly Cloudy,Cloudy,51.0,9,Varies,0,0,0,,1,-2.0,full_season_release,1,7.6708948313621175,2601.0,-2.0,7.832493034009791,-0.16159820264767344,2521.2069997958683
20260501,2026-05-01,531,Scranton/Wilkes-Barre RailRiders,International League,PNC Field,Buffalo Bisons,422,2902.0,2,night,Friday,4,5,May,6,1,,0,531-2,8,10,1.0,0.5666666666666667,0.4516129032258064,Cloudy,Cloudy,51.0,5,Varies,0,0,0,,1,-1.0,full_season_release,1,7.973155433444133,2601.0,-1.0,8.354394477248768,-0.38123904380463447,4248.81108148214
20260502,2026-05-02,531,Scranton/Wilkes-Barre RailRiders,International League,PNC Field,Buffalo Bisons,422,3727.0,1,day,Saturday,5,5,May,6,1,,0,531-2,9,10,1.0,0.5483870967741935,0.46875,Partly Cloudy,Cloudy,51.0,8,L To R,0,1,1,CHAMP popcorn bucket courtesy of the Times-Leader,1,0.0,full_season_release,1,8.223358899479258,2601.0,0.0,8.497344090068346,-0.2739851905890873,4901.7329756283825
20260503,2026-05-03,531,Scranton/Wilkes-Barre RailRiders,International League,PNC Field,Buffalo Bisons,422,3517.0,1,day,Sunday,6,5,May,6,1,,0,531-2,10,10,1.0,0.5625,0.4545454545454545,Partly Cloudy,Cloudy,50.0,14,L To R,0,0,0,,1,1.0,full_season_release,1,8.165363632473982,2500.0,1.0,8.142561932682504,0.022801699791477503,3437.7137872053613
20260512,2026-05-12,531,Scranton/Wilkes-Barre RailRiders,International League,PNC Field,Syracuse Mets,552,3171.0,1,night,Tuesday,1,5,May,7,0,,0,531-3,1,6,9.0,0.5263157894736842,0.5384615384615384,Clear,Clear,62.0,7,Varies,0,0,0,,1,-2.0,full_season_release,1,8.061802274538348,3844.0,-2.0,8.173533431138006,-0.11173115659965838,3545.8508743464613
20260513,2026-05-13,531,Scranton/Wilkes-Barre RailRiders,International League,PNC Field,Syracuse Mets,552,5155.0,1,day,Wednesday,2,5,May,7,0,,0,531-3,2,6,1.0,0.5384615384615384,0.525,Cloudy,Cloudy,61.0,9,Varies,0,0,0,,1,-1.0,full_season_release,1,8.54772239645106,3721.0,-1.0,8.28465359889832,0.2630687975527408,3962.59185463903
20260514,2026-05-14,531,Scranton/Wilkes-Barre RailRiders,International League,PNC Field,Syracuse Mets,552,2315.0,1,night,Thursday,3,5,May,7,0,,0,531-3,3,6,1.0,0.55,0.5121951219512195,Cloudy,Cloudy,51.0,7,L To R,0,1,1,"Custom RailRiders scrubs top, first 1000 fans",1,0.0,full_season_release,1,7.747164966520335,2601.0,0.0,8.080195438126719,-0.3330304716063841,3229.864413615202
20260515,2026-05-15,531,Scranton/Wilkes-Barre RailRiders,International League,PNC Field,Syracuse Mets,552,3707.0,1,night,Friday,4,5,May,8,1,,0,531-3,4,6,1.0,0.5365853658536586,0.5238095238095238,Overcast,Cloudy,62.0,7,Out To RF,0,0,0,,1,1.0,full_season_release,1,8.217978203150732,3844.0,1.0,8.559232037832803,-0.34125383468207104,5214.67496125508
20260516,2026-05-16,531,Scranton/Wilkes-Barre RailRiders,International League,PNC Field,Syracuse Mets,552,7814.0,1,night,Saturday,5,5,May,8,1,,0,531-3,5,6,1.0,0.5238095238095238,0.5348837209302325,Cloudy,Cloudy,75.0,12,Varies,0,1,1,"Custom giveaway fit for a Jedi, item unnamed in source",1,0.0,full_season_release,1,8.963672275615016,5625.0,0.0,8.593024349434849,0.3706479261801672,5393.902076784391
20260517,2026-05-17,531,Scranton/Wilkes-Barre RailRiders,International League,PNC Field,Syracuse Mets,552,3270.0,1,day,Sunday,6,5,May,8,1,,0,531-3,6,6,1.0,0.5348837209302325,0.5227272727272727,Partly Cloudy,Cloudy,79.0,9,Out To LF,0,0,0,,1,1.0,full_season_release,1,8.0925452638913,6241.0,1.0,8.411945107040406,-0.31939984314910674,4500.505969211828
20260526,2026-05-26,531,Scranton/Wilkes-Barre RailRiders,International League,PNC Field,Worcester Red Sox,533,3172.0,1,night,Tuesday,1,5,May,9,0,,0,531-4,1,6,9.0,0.52,0.4897959183673469,Partly Cloudy,Cloudy,78.0,8,Varies,0,0,0,,1,-2.0,full_season_release,1,8.06211758275474,6084.0,-2.0,8.22529420142046,-0.1631766186657213,3734.2198543805266
20260527,2026-05-27,531,Scranton/Wilkes-Barre RailRiders,International League,PNC Field,Worcester Red Sox,533,6451.0,1,day,Wednesday,2,5,May,9,0,,0,531-4,2,6,1.0,0.5098039215686274,0.5,Cloudy,Cloudy,74.0,4,Varies,0,0,0,,1,-1.0,full_season_release,1,8.771990436532242,5476.0,-1.0,8.359747031703693,0.4122434048285495,4271.614046779458
20260528,2026-05-28,531,Scranton/Wilkes-Barre RailRiders,International League,PNC Field,Worcester Red Sox,533,3105.0,1,night,Thursday,3,5,May,9,0,,0,531-4,3,6,1.0,0.5,0.5098039215686274,Partly Cloudy,Cloudy,64.0,12,Varies,0,1,1,"RailRiders rally towel, first 1000 fans",1,0.0,full_season_release,1,8.040768994367578,4096.0,0.0,8.275967949739636,-0.23519895537205748,3928.323210178745
20260529,2026-05-29,531,Scranton/Wilkes-Barre RailRiders,International League,PNC Field,Worcester Red Sox,533,3778.0,1,night,Friday,4,5,May,10,1,,0,531-4,4,6,1.0,0.490566037735849,0.5192307692307693,Cloudy,Cloudy,70.0,11,Varies,0,0,0,,1,1.0,full_season_release,1,8.236950048061455,4900.0,1.0,8.620909533963857,-0.3839594859024018,5546.4287655662365
20260530,2026-05-30,531,Scranton/Wilkes-Barre RailRiders,International League,PNC Field,Worcester Red Sox,533,5654.0,1,night,Saturday,5,5,May,10,1,,0,531-4,5,6,1.0,0.5,0.5094339622641509,Partly Cloudy,Cloudy,64.0,13,Out To RF,0,1,1,"Patriotic hat, first 1500 fans",1,0.0,full_season_release,1,8.640118538253535,4096.0,0.0,8.559704143196432,0.0804143950571028,5217.137418497771
20260531,2026-05-31,531,Scranton/Wilkes-Barre RailRiders,International League,PNC Field,Worcester Red Sox,533,3929.0,1,day,Sunday,6,5,May,10,1,,0,531-4,6,6,1.0,0.509090909090909,0.5,Partly Cloudy,Cloudy,69.0,9,L To R,0,0,0,,1,1.0,full_season_release,1,8.27614021955846,4761.0,1.0,8.42314231026653,-0.14700209070806913,4551.182235927781
20260609,2026-06-09,531,Scranton/Wilkes-Barre RailRiders,International League,PNC Field,Lehigh Valley IronPigs,1410,6494.0,1,night,Tuesday,1,6,June,11,0,,0,531-5,1,6,9.0,0.5079365079365079,0.453125,Partly Cloudy,Cloudy,78.0,8,Varies,0,0,0,,1,-2.0,full_season_release,1,8.77863395266279,6084.0,-2.0,8.350772092133354,0.4278618605294362,4233.448093590715
20260610,2026-06-10,531,Scranton/Wilkes-Barre RailRiders,International League,PNC Field,Lehigh Valley IronPigs,1410,6084.0,1,night,Wednesday,2,6,June,11,0,,0,531-5,2,6,1.0,0.5,0.4615384615384615,Overcast,Cloudy,74.0,7,Varies,0,0,0,,1,-1.0,full_season_release,1,8.713417653379183,5476.0,-1.0,8.319186939971578,0.3942307134076053,4101.823623285621
20260611,2026-06-11,531,Scranton/Wilkes-Barre RailRiders,International League,PNC Field,Lehigh Valley IronPigs,1410,3708.0,1,night,Thursday,3,6,June,11,0,,0,531-5,3,6,1.0,0.4923076923076923,0.4696969696969697,Cloudy,Cloudy,83.0,8,R To L,0,1,1,"Pair of plush SWB slippers, first 1000 fans",1,0.0,full_season_release,1,8.218247926685745,6889.0,0.0,8.39846220876629,-0.18021428208054502,4440.233342961109
20260612,2026-06-12,531,Scranton/Wilkes-Barre RailRiders,International League,PNC Field,Lehigh Valley IronPigs,1410,3262.0,1,night,Friday,4,6,June,12,1,,0,531-5,4,6,1.0,0.4848484848484848,0.4776119402985074,Partly Cloudy,Cloudy,79.0,6,Varies,0,0,0,,1,1.0,full_season_release,1,8.09009578318096,6241.0,1.0,8.736193296501213,-0.6460975133202531,6224.157037503011
20260613,2026-06-13,531,Scranton/Wilkes-Barre RailRiders,International League,PNC Field,Lehigh Valley IronPigs,1410,6652.0,1,night,Saturday,5,6,June,12,1,,0,531-5,5,6,1.0,0.4925373134328358,0.4705882352941176,Clear,Clear,82.0,6,Calm,0,1,1,Custom SWB shamrock t-shirt,1,0.0,full_season_release,1,8.802672840312818,6724.0,0.0,8.690386845700644,0.11228599461217392,5945.48178196362
20260614,2026-06-14,531,Scranton/Wilkes-Barre RailRiders,International League,PNC Field,Lehigh Valley IronPigs,1410,3915.0,1,day,Sunday,6,6,June,12,1,,0,531-5,6,6,1.0,0.5,0.463768115942029,Cloudy,Cloudy,80.0,10,Varies,0,0,0,,1,1.0,full_season_release,1,8.272570608424903,6400.0,1.0,8.536754476587735,-0.26418386816283146,5098.769303679526
20260630,2026-06-30,531,Scranton/Wilkes-Barre RailRiders,International League,PNC Field,Norfolk Tides,568,3790.0,1,night,Tuesday,1,6,June,14,0,,0,531-6,1,5,14.0,0.5061728395061729,0.3536585365853658,Partly Cloudy,Cloudy,85.0,8,Varies,0,0,0,,1,-2.0,full_season_release,1,8.240121298076472,7225.0,-2.0,8.286040297754049,-0.04591899967757662,3968.090587891992
20260701,2026-07-01,531,Scranton/Wilkes-Barre RailRiders,International League,PNC Field,Norfolk Tides,568,2404.0,1,night,Wednesday,2,7,July,14,0,,0,531-6,2,5,1.0,0.5,0.3614457831325301,Partly Cloudy,Cloudy,92.0,6,Out To RF,0,0,0,,1,-1.0,full_season_release,1,7.784889295655098,8464.0,-1.0,8.16280676649996,-0.3779174708448618,3508.018988883059
20260702,2026-07-02,531,Scranton/Wilkes-Barre RailRiders,International League,PNC Field,Norfolk Tides,568,4258.0,1,night,Thursday,3,7,July,14,0,,0,531-6,3,5,1.0,0.5060240963855421,0.3571428571428571,Clear,Clear,92.0,9,R To L,0,1,1,"Custom SWB soccer jersey, first 1000 fans",1,0.0,full_season_release,1,8.356554845453426,8464.0,0.0,8.282024530308448,0.07453031514497788,3952.187611586665
20260703,2026-07-03,531,Scranton/Wilkes-Barre RailRiders,International League,PNC Field,Norfolk Tides,568,4185.0,1,night,Friday,4,7,July,15,1,,0,531-6,4,5,1.0,0.5119047619047619,0.3529411764705882,Overcast,Cloudy,80.0,6,Varies,0,0,0,,1,1.0,full_season_release,1,8.339261982923576,6400.0,1.0,8.72758079427435,-0.38831881135077495,6170.781648910811
20260705,2026-07-05,531,Scranton/Wilkes-Barre RailRiders,International League,PNC Field,Norfolk Tides,568,3227.0,1,day,Sunday,6,7,July,15,1,,0,531-6,5,5,2.0,0.5176470588235295,0.3488372093023256,Cloudy,Cloudy,79.0,3,Calm,0,0,0,,1,2.0,full_season_release,1,8.079308192051961,6241.0,2.0,8.545649997921288,-0.4663418058693267,5144.327847874804
20260717,2026-07-17,531,Scranton/Wilkes-Barre RailRiders,International League,PNC Field,Worcester Red Sox,533,5637.0,1,night,Friday,4,7,July,17,1,,0,531-7,1,9,12.0,0.532608695652174,0.5,Clear,Clear,82.0,5,Varies,0,0,0,,1,-7.0,full_season_release,1,8.637107288081575,6724.0,-7.0,8.692053003198493,-0.05494571511691859,5955.39614816717
20260719,2026-07-19,531,Scranton/Wilkes-Barre RailRiders,International League,PNC Field,Worcester Red Sox,533,4466.0,1,day,Sunday,6,7,July,17,1,,0,531-7,3,9,2.0,0.5376344086021505,0.4945054945054945,Partly Cloudy,Cloudy,72.0,9,L To R,0,0,0,,1,-5.0,full_season_release,1,8.404248432400102,5184.0,-5.0,8.567159424286881,-0.16291099188677904,5256.177992841287
20260721,2026-07-21,531,Scranton/Wilkes-Barre RailRiders,International League,PNC Field,Syracuse Mets,552,3035.0,1,night,Tuesday,1,7,July,17,0,,0,531-7,4,9,2.0,0.5425531914893617,0.4895833333333333,Cloudy,Cloudy,75.0,8,Varies,0,0,0,,1,-4.0,full_season_release,1,8.017966703493599,5625.0,-4.0,8.347195814010254,-0.32922911051665515,4218.335145947925
20260722,2026-07-22,531,Scranton/Wilkes-Barre RailRiders,International League,PNC Field,Syracuse Mets,552,3766.0,1,night,Wednesday,2,7,July,17,0,,0,531-7,5,9,1.0,0.5368421052631579,0.4948453608247423,Partly Cloudy,Cloudy,72.0,8,Out To RF,0,0,0,,1,-3.0,full_season_release,1,8.233768709217097,5184.0,-3.0,8.281953166736262,-0.04818445751916478,3951.905579424284
20260723,2026-07-23,531,Scranton/Wilkes-Barre RailRiders,International League,PNC Field,Syracuse Mets,552,4341.0,1,night,Thursday,3,7,July,17,0,,0,531-7,6,9,1.0,0.5416666666666666,0.4897959183673469,Clear,Clear,76.0,3,Varies,0,0,0,,1,-2.0,full_season_release,1,8.375860015299594,5776.0,-2.0,8.399105890427427,-0.023245875127832605,4443.092359784775
20260724,2026-07-24,531,Scranton/Wilkes-Barre RailRiders,International League,PNC Field,Syracuse Mets,552,5025.0,1,night,Friday,4,7,July,18,1,,0,531-7,7,9,1.0,0.5360824742268041,0.494949494949495,Partly Cloudy,Cloudy,77.0,6,Varies,0,0,0,,1,-1.0,full_season_release,1,8.522180732927277,5929.0,-1.0,8.706096381139766,-0.18391564821248885,6039.620036825693
20260725,2026-07-25,531,Scranton/Wilkes-Barre RailRiders,International League,PNC Field,Syracuse Mets,552,5058.0,1,night,Saturday,5,7,July,18,1,,0,531-7,8,9,1.0,0.5306122448979592,0.5,Clear,Clear,78.0,6,R To L,0,1,1,"Button-down shirt, first 1500 fans",1,0.0,full_season_release,1,8.52872642722991,6084.0,0.0,8.677795898111045,-0.14906947088113398,5871.091835175352
20260726,2026-07-26,531,Scranton/Wilkes-Barre RailRiders,International League,PNC Field,Syracuse Mets,552,4122.0,1,day,Sunday,6,7,July,18,1,,0,531-7,9,9,1.0,0.5353535353535354,0.495049504950495,Partly Cloudy,Cloudy,78.0,5,Out To CF,0,0,0,,1,1.0,full_season_release,1,8.324093761450404,6084.0,1.0,8.51073432847805,-0.18664056702764498,4967.809753410785
20260804,2026-08-04,531,Scranton/Wilkes-Barre RailRiders,International League,PNC Field,Rochester Red Wings,534,4568.0,1,night,Tuesday,1,8,August,19,0,,0,531-8,1,6,9.0,0.5660377358490566,0.5887850467289719,Clear,Clear,80.0,2,Varies,0,0,0,,1,-4.0,full_season_release,1,8.426830751335846,6400.0,-4.0,8.319411651580417,0.10741909975542896,4102.745454240361
20260805,2026-08-05,531,Scranton/Wilkes-Barre RailRiders,International League,PNC Field,Rochester Red Wings,534,4943.0,1,night,Wednesday,2,8,August,19,0,,0,531-8,2,6,1.0,0.5607476635514018,0.5925925925925926,Partly Cloudy,Cloudy,79.0,5,Out To RF,0,0,0,,1,-3.0,full_season_release,1,8.505727713306959,6241.0,-3.0,8.283542975049057,0.22218473825790142,3958.193348615344
20260806,2026-08-06,531,Scranton/Wilkes-Barre RailRiders,International League,PNC Field,Rochester Red Wings,534,3496.0,1,night,Thursday,3,8,August,19,0,,0,531-8,3,6,1.0,0.5555555555555556,0.5963302752293578,Partly Cloudy,Cloudy,83.0,6,Varies,0,0,0,,1,-2.0,full_season_release,1,8.159374736775426,6889.0,-2.0,8.376755374433708,-0.21738063765828208,4344.888494540971
20260807,2026-08-07,531,Scranton/Wilkes-Barre RailRiders,International League,PNC Field,Rochester Red Wings,534,4750.0,1,night,Friday,4,8,August,20,1,,0,531-8,4,6,1.0,0.5504587155963303,0.6,Partly Cloudy,Cloudy,76.0,3,Varies,0,0,0,,1,-1.0,full_season_release,1,8.465899897028686,5776.0,-1.0,8.725476209501036,-0.25957631247234936,6157.808372281806
20260808,2026-08-08,531,Scranton/Wilkes-Barre RailRiders,International League,PNC Field,Rochester Red Wings,534,4564.0,1,night,Saturday,5,8,August,20,1,,0,531-8,5,6,1.0,0.5454545454545454,0.6036036036036037,Partly Cloudy,Cloudy,80.0,9,L To R,0,1,1,"Mystery bobblehead, first 1500 fans",1,0.0,full_season_release,1,8.425954710981966,6400.0,0.0,8.684094623603702,-0.2581399126217363,5908.188940580105
20260809,2026-08-09,531,Scranton/Wilkes-Barre RailRiders,International League,PNC Field,Rochester Red Wings,534,3903.0,1,day,Sunday,6,8,August,20,1,,0,531-8,6,6,1.0,0.5495495495495496,0.5982142857142857,Partly Cloudy,Cloudy,83.0,7,L To R,0,0,0,,1,1.0,full_season_release,1,8.269500767180615,6889.0,1.0,8.495048975674335,-0.22554820849371993,4890.495837911362
20260818,2026-08-18,531,Scranton/Wilkes-Barre RailRiders,International League,PNC Field,Charlotte Knights,494,4702.0,1,night,Tuesday,1,8,August,21,0,,0,531-9,1,6,9.0,0.5299145299145299,0.5371900826446281,Partly Cloudy,Cloudy,78.0,4,Varies,0,0,0,,1,-2.0,full_season_release,1,8.455743229100015,6084.0,-2.0,8.33799814608602,0.117745083013995,4179.714183743061
20260819,2026-08-19,531,Scranton/Wilkes-Barre RailRiders,International League,PNC Field,Charlotte Knights,494,3669.0,1,night,Wednesday,2,8,August,21,0,,0,531-9,2,6,1.0,0.5254237288135594,0.5409836065573771,Overcast,Cloudy,79.0,5,Out To CF,0,0,0,,1,-1.0,full_season_release,1,8.207674424355282,6241.0,-1.0,8.29177564670477,-0.0841012223494868,3990.914360668079
20260820,2026-08-20,531,Scranton/Wilkes-Barre RailRiders,International League,PNC Field,Charlotte Knights,494,3013.0,1,night,Thursday,3,8,August,21,0,,0,531-9,3,6,1.0,0.5294117647058824,0.5365853658536586,Cloudy,Cloudy,62.0,6,Varies,0,1,1,"Play bat and ball set, first 1000 fans",1,0.0,full_season_release,1,8.0106915391303,3844.0,0.0,8.367246494268374,-0.35655495513807267,4303.769279188992
20260821,2026-08-21,531,Scranton/Wilkes-Barre RailRiders,International League,PNC Field,Charlotte Knights,494,4815.0,1,night,Friday,4,8,August,22,1,,0,531-9,4,6,1.0,0.5333333333333333,0.532258064516129,Partly Cloudy,Cloudy,75.0,2,Varies,0,0,0,,1,1.0,full_season_release,1,8.479491324232226,5625.0,1.0,8.733055039959737,-0.2535637157275108,6204.654653712663
20260822,2026-08-22,531,Scranton/Wilkes-Barre RailRiders,International League,PNC Field,Charlotte Knights,494,6059.0,1,night,Saturday,5,8,August,22,1,,0,531-9,5,6,1.0,0.5289256198347108,0.536,Partly Cloudy,Cloudy,74.0,6,R To L,0,1,1,"SWB Red Barons jersey, first 1500 fans",1,0.0,full_season_release,1,8.70930004894499,5476.0,0.0,8.70939456680064,-9.45178556506221e-05,6059.572710752658
20260823,2026-08-23,531,Scranton/Wilkes-Barre RailRiders,International League,PNC Field,Charlotte Knights,494,5327.0,1,day,Sunday,6,8,August,22,1,,0,531-9,6,6,1.0,0.5327868852459017,0.5317460317460317,Partly Cloudy,Cloudy,72.0,10,Varies,0,0,0,,1,1.0,full_season_release,1,8.580543506917,5184.0,1.0,8.541802215051,0.03874129186599973,5124.571624506482
20260331,2026-03-31,1960,St. Paul Saints,International League,CHS Field,Worcester Red Sox,533,4144.0,1,night,Tuesday,1,3,March,1,0,,0,1960-1,1,5,1.0,0.75,0.5,Partly Cloudy,Cloudy,47.0,15,L To R,0,1,1,"White Jersey Hoodie, first 1000 fans",1,0.0,full_season_release,1,8.329416783939319,2209.0,0.0,8.183856875898824,0.1455599080404948,3582.6458687435415
20260401,2026-04-01,1960,St. Paul Saints,International League,CHS Field,Worcester Red Sox,533,2617.0,1,day,Wednesday,2,4,April,1,0,,0,1960-1,2,5,1.0,0.6,0.6,Cloudy,Cloudy,42.0,11,In From CF,0,0,0,,1,1.0,full_season_release,1,7.869783902530146,1764.0,1.0,8.014740042438795,-0.14495613990864964,3025.2228659302928
20260404,2026-04-04,1960,St. Paul Saints,International League,CHS Field,Worcester Red Sox,533,2919.0,1,day,Saturday,5,4,April,2,1,,0,1960-1,4,5,3.0,0.5,0.6666666666666666,Overcast,Cloudy,38.0,14,R To L,0,1,1,"Magnet Schedule, first 2000 fans",1,0.0,full_season_release,1,7.978996370854115,1444.0,0.0,8.314386142496478,-0.3353897716423626,4082.1787919505755
20260405,2026-04-05,1960,St. Paul Saints,International League,CHS Field,Worcester Red Sox,533,2701.0,2,day,Sunday,6,4,April,2,1,,0,1960-1,5,5,1.0,0.375,0.75,Partly Cloudy,Cloudy,50.0,13,Out To CF,0,0,0,,1,1.0,full_season_release,1,7.901377353792616,2500.0,1.0,8.327281905475694,-0.42590455168307795,4135.162500496977
20260414,2026-04-14,1960,St. Paul Saints,International League,CHS Field,Lehigh Valley IronPigs,1410,2765.0,1,night,Tuesday,1,4,April,3,0,,0,1960-2,1,6,9.0,0.3333333333333333,0.625,Partly Cloudy,Cloudy,64.0,8,Out To CF,0,0,0,,0,,full_season_release,1,7.9247959139564355,4096.0,,8.343272430014853,-0.4184765160584174,4201.817421225509
20260415,2026-04-15,1960,St. Paul Saints,International League,CHS Field,Lehigh Valley IronPigs,1410,2946.0,1,night,Wednesday,2,4,April,3,0,,0,1960-2,2,6,1.0,0.375,0.5882352941176471,Clear,Clear,69.0,5,R To L,0,0,0,,0,,full_season_release,1,7.988203597022576,4761.0,,8.326216570189867,-0.3380129731672916,4130.759511718654
20260416,2026-04-16,1960,St. Paul Saints,International League,CHS Field,Lehigh Valley IronPigs,1410,3939.0,1,night,Thursday,3,4,April,3,0,,0,1960-2,3,6,1.0,0.4117647058823529,0.5555555555555556,Clear,Clear,79.0,17,R To L,0,0,0,,0,,full_season_release,1,8.278682162970906,6241.0,,8.43533976305544,-0.1566576000845341,4607.035004669628
20260417,2026-04-17,1960,St. Paul Saints,International League,CHS Field,Lehigh Valley IronPigs,1410,3222.0,1,night,Friday,4,4,April,4,1,,0,1960-2,4,6,1.0,0.4444444444444444,0.5263157894736842,Overcast,Cloudy,42.0,20,Out To CF,0,0,0,,0,,full_season_release,1,8.07775756373692,1764.0,,8.308506959150112,-0.2307493954131914,4058.2493261648065
20260418,2026-04-18,1960,St. Paul Saints,International League,CHS Field,Lehigh Valley IronPigs,1410,4334.0,1,day,Saturday,5,4,April,4,1,,0,1960-2,5,6,1.0,0.4210526315789473,0.55,Overcast,Cloudy,40.0,16,Out To CF,0,0,0,,0,,full_season_release,1,8.374246182096304,1600.0,,8.393460290590847,-0.01921410849454297,4418.079112114758
20260419,2026-04-19,1960,St. Paul Saints,International League,CHS Field,Lehigh Valley IronPigs,1410,3397.0,1,day,Sunday,6,4,April,4,1,,0,1960-2,6,6,1.0,0.45,0.5238095238095238,Partly Cloudy,Cloudy,45.0,20,Out To CF,0,0,0,,0,,full_season_release,1,8.130647968160584,2025.0,,8.197056952330882,-0.06640898417029817,3630.250569659004
20260428,2026-04-28,1960,St. Paul Saints,International League,CHS Field,Iowa Cubs,451,4342.0,1,day,Tuesday,1,4,April,5,0,,0,1960-3,1,6,9.0,0.4444444444444444,0.4814814814814814,Partly Cloudy,Cloudy,49.0,13,Out To CF,0,0,0,,1,-5.0,full_season_release,1,8.376090350438238,2401.0,-5.0,8.265723607597584,0.11036674284065384,3888.285553048753
20260429,2026-04-29,1960,St. Paul Saints,International League,CHS Field,Iowa Cubs,451,3526.0,1,night,Wednesday,2,4,April,5,0,,0,1960-3,2,6,1.0,0.4285714285714285,0.5,Cloudy,Cloudy,51.0,8,Out To CF,0,0,0,,1,-4.0,full_season_release,1,8.167919362957816,2601.0,-4.0,8.102223726467722,0.06569563649009424,3301.8022226865087
20260430,2026-04-30,1960,St. Paul Saints,International League,CHS Field,Iowa Cubs,451,4036.0,1,night,Thursday,3,4,April,5,0,,0,1960-3,3,6,1.0,0.4482758620689655,0.4827586206896552,Partly Cloudy,Cloudy,51.0,7,Out To RF,0,0,0,,1,-3.0,full_season_release,1,8.3030093814735,2601.0,-3.0,8.219526382718154,0.08348299875534515,3712.7435465299177
20260501,2026-05-01,1960,St. Paul Saints,International League,CHS Field,Iowa Cubs,451,4396.0,1,night,Friday,4,5,May,6,1,,0,1960-3,4,6,1.0,0.4333333333333333,0.5,Partly Cloudy,Cloudy,53.0,8,Out To CF,0,0,0,,1,-2.0,full_season_release,1,8.388450315523512,2809.0,-2.0,8.777943013881435,-0.3894926983579232,6489.514593303035
20260502,2026-05-02,1960,St. Paul Saints,International League,CHS Field,Iowa Cubs,451,6460.0,1,day,Saturday,5,5,May,6,1,,0,1960-3,5,6,1.0,0.4516129032258064,0.4838709677419355,Partly Cloudy,Cloudy,62.0,7,R To L,0,0,0,,1,-1.0,full_season_release,1,8.773384596776648,3844.0,-1.0,9.045083033729112,-0.2716984369524642,8476.755366810165
20260503,2026-05-03,1960,St. Paul Saints,International League,CHS Field,Iowa Cubs,451,4948.0,1,day,Sunday,6,5,May,6,1,,0,1960-3,6,6,1.0,0.46875,0.46875,Sunny,Clear,68.0,15,Out To CF,0,1,1,"Saints Crayola branded jersey, first 1000 fans",1,0.0,full_season_release,1,8.506738733512378,4624.0,0.0,8.755985410434462,-0.24924667692208402,6348.573433045623
20260512,2026-05-12,1960,St. Paul Saints,International League,CHS Field,Columbus Clippers,445,4826.0,1,night,Tuesday,1,5,May,7,0,,0,1960-4,1,11,9.0,0.5384615384615384,0.5,Partly Cloudy,Cloudy,64.0,19,Out To CF,0,0,0,,1,-3.0,full_season_release,1,8.481773246184977,4096.0,-3.0,8.520574983979198,-0.03880173779422158,5016.937586374371
20260513,2026-05-13,1960,St. Paul Saints,International League,CHS Field,Columbus Clippers,445,3521.0,1,night,Wednesday,2,5,May,7,0,,0,1960-4,2,11,1.0,0.525,0.5121951219512195,Clear,Clear,72.0,8,L To R,0,0,0,,1,-2.0,full_season_release,1,8.166500319155052,5184.0,-2.0,8.519143570423795,-0.3526432512687432,5009.761411169153
20260515,2026-05-15,1960,St. Paul Saints,International League,CHS Field,Columbus Clippers,445,4427.0,2,night,Friday,4,5,May,8,1,,0,1960-4,3,11,2.0,0.5476190476190477,0.4883720930232558,Partly Cloudy,Cloudy,84.0,12,Out To CF,0,0,0,,1,-1.0,full_season_release,1,8.395477432732141,7056.0,-1.0,8.899928549438267,-0.5044511167061252,7331.449684243092
20260516,2026-05-16,1960,St. Paul Saints,International League,CHS Field,Columbus Clippers,445,5581.0,1,day,Saturday,5,5,May,8,1,,0,1960-4,4,11,1.0,0.5348837209302325,0.5,Sunny,Clear,77.0,12,Out To CF,0,1,1,"Walker Jenkins Bobblehead presented by CHS, first 1500 fans",1,0.0,full_season_release,1,8.627123250788433,5929.0,0.0,9.090829577839065,-0.4637063270506321,8873.544295419713
20260517,2026-05-17,1960,St. Paul Saints,International League,CHS Field,Columbus Clippers,445,4424.0,1,day,Sunday,6,5,May,8,1,,0,1960-4,5,11,1.0,0.5227272727272727,0.5111111111111111,Overcast,Cloudy,67.0,14,In From CF,0,0,0,,1,1.0,full_season_release,1,8.39479954320217,4489.0,1.0,8.748065619478739,-0.3532660762765687,6298.492635082479
20260519,2026-05-19,1960,St. Paul Saints,International League,CHS Field,Omaha Storm Chasers,541,6591.0,1,day,Tuesday,1,5,May,8,0,,0,1960-4,6,11,2.0,0.5111111111111111,0.4888888888888889,Cloudy,Cloudy,50.0,19,Varies,0,0,0,,1,2.0,full_season_release,1,8.79346036105272,2500.0,2.0,8.465369360415185,0.32809100063753505,4747.480619456769
20260520,2026-05-20,1960,St. Paul Saints,International League,CHS Field,Omaha Storm Chasers,541,4509.0,1,night,Wednesday,2,5,May,8,0,,0,1960-4,7,11,1.0,0.5217391304347826,0.4782608695652174,Clear,Clear,62.0,2,Calm,0,0,0,,1,3.0,full_season_release,1,8.413830678421084,3844.0,3.0,8.420565172930187,-0.006734494509103683,4539.468314937944
20260521,2026-05-21,1960,St. Paul Saints,International League,CHS Field,Omaha Storm Chasers,541,5492.0,1,night,Thursday,3,5,May,8,0,,0,1960-4,8,11,1.0,0.5106382978723404,0.4893617021276595,Partly Cloudy,Cloudy,64.0,8,R To L,0,0,0,,1,4.0,full_season_release,1,8.61104776688786,4096.0,4.0,8.560990908805863,0.050056858081998,5223.854972539435
20260522,2026-05-22,1960,St. Paul Saints,International League,CHS Field,Omaha Storm Chasers,541,5815.0,1,night,Friday,4,5,May,9,1,,0,1960-4,9,11,1.0,0.5208333333333334,0.4791666666666667,Overcast,Cloudy,63.0,15,In From RF,0,0,0,,1,5.0,full_season_release,1,8.668196064952765,3969.0,5.0,8.859693445007851,-0.1914973800550861,7042.323554185112
20260523,2026-05-23,1960,St. Paul Saints,International League,CHS Field,Omaha Storm Chasers,541,6670.0,1,night,Saturday,5,5,May,9,1,,0,1960-4,10,11,1.0,0.5102040816326531,0.4897959183673469,Overcast,Cloudy,64.0,9,Out To CF,0,0,0,,1,6.0,full_season_release,1,8.80537513890967,4096.0,6.0,8.84477267090771,-0.0393975319980413,6938.026665407914
20260524,2026-05-24,1960,St. Paul Saints,International League,CHS Field,Omaha Storm Chasers,541,9377.0,1,night,Sunday,6,5,May,9,1,,0,1960-4,11,11,1.0,0.5,0.5,Clear,Clear,81.0,7,R To L,0,0,0,,1,7.0,full_season_release,1,9.146015161419625,6561.0,7.0,8.527360362804814,0.618654798614811,5051.095163437432
20260602,2026-06-02,1960,St. Paul Saints,International League,CHS Field,Indianapolis Indians,484,4452.0,1,night,Tuesday,1,6,June,10,0,,0,1960-5,1,6,9.0,0.5263157894736842,0.4137931034482758,Partly Cloudy,Cloudy,81.0,9,R To L,0,0,0,,0,,full_season_release,1,8.401108712395436,6561.0,,8.661287754473664,-0.26017904207822795,5774.966615304688
20260603,2026-06-03,1960,St. Paul Saints,International League,CHS Field,Indianapolis Indians,484,5003.0,1,day,Wednesday,2,6,June,10,0,,0,1960-5,2,6,1.0,0.5344827586206896,0.4067796610169492,Sunny,Clear,82.0,9,R To L,0,0,0,,0,,full_season_release,1,8.517793011488205,6724.0,,8.776238421280722,-0.2584454097925164,6478.462037473736
20260604,2026-06-04,1960,St. Paul Saints,International League,CHS Field,Indianapolis Indians,484,5113.0,1,night,Thursday,3,6,June,10,0,,0,1960-5,3,6,1.0,0.5423728813559322,0.4,Partly Cloudy,Cloudy,82.0,8,R To L,0,0,0,,0,,full_season_release,1,8.53954159508,6724.0,,8.729514220707197,-0.1899726256271972,6182.723942314841
20260605,2026-06-05,1960,St. Paul Saints,International League,CHS Field,Indianapolis Indians,484,8652.0,1,night,Friday,4,6,June,11,1,,0,1960-5,4,6,1.0,0.5333333333333333,0.4098360655737705,Clear,Clear,81.0,4,R To L,0,0,0,,0,,full_season_release,1,9.06554578707295,6561.0,,9.04714696856027,0.018398818512679327,8494.268904650258
20260606,2026-06-06,1960,St. Paul Saints,International League,CHS Field,Indianapolis Indians,484,6817.0,1,night,Saturday,5,6,June,11,1,,0,1960-5,5,6,1.0,0.5409836065573771,0.4032258064516129,Partly Cloudy,Cloudy,85.0,5,In From RF,0,0,0,,0,,full_season_release,1,8.827174771362785,7225.0,,8.985805264862226,-0.15863049349944092,7988.8752957205825
20260607,2026-06-07,1960,St. Paul Saints,International League,CHS Field,Indianapolis Indians,484,6550.0,1,day,Sunday,6,6,June,11,1,,0,1960-5,6,6,1.0,0.5483870967741935,0.3968253968253968,Partly Cloudy,Cloudy,86.0,14,In From CF,0,0,0,,0,,full_season_release,1,8.787220328629298,7396.0,,8.807333841210642,-0.02011351258134475,6683.077347481838
20260616,2026-06-16,1960,St. Paul Saints,International League,CHS Field,Omaha Storm Chasers,541,6549.0,1,night,Tuesday,1,6,June,12,0,,0,1960-6,1,5,9.0,0.5797101449275363,0.4347826086956521,Partly Cloudy,Cloudy,67.0,12,R To L,0,0,0,,0,,full_season_release,1,8.787067645218054,4489.0,,8.65911854392525,0.12794910129280446,5762.453073965808
20260618,2026-06-18,1960,St. Paul Saints,International League,CHS Field,Omaha Storm Chasers,541,6943.0,2,night,Thursday,3,6,June,12,0,,0,1960-6,2,5,2.0,0.5633802816901409,0.4507042253521127,Partly Cloudy,Cloudy,71.0,14,Out To CF,0,0,0,,0,,full_season_release,1,8.845489236753274,5041.0,,8.760205137249292,0.08528409950398164,6375.419279831774
20260619,2026-06-19,1960,St. Paul Saints,International League,CHS Field,Omaha Storm Chasers,541,7212.0,1,night,Friday,4,6,June,13,1,,0,1960-6,3,5,1.0,0.5694444444444444,0.4444444444444444,Partly Cloudy,Cloudy,65.0,11,L To R,0,0,0,,0,,full_season_release,1,8.883501584323207,4225.0,,9.042720503825361,-0.1592189195021536,8456.75241685696
20260620,2026-06-20,1960,St. Paul Saints,International League,CHS Field,Omaha Storm Chasers,541,8341.0,1,night,Saturday,5,6,June,13,1,,0,1960-6,4,5,1.0,0.5753424657534246,0.4383561643835616,Clear,Clear,75.0,8,L To R,0,0,0,,0,,full_season_release,1,9.028938392241612,5625.0,,9.047068422535638,-0.018130030294026156,8493.60173979756
20260621,2026-06-21,1960,St. Paul Saints,International League,CHS Field,Omaha Storm Chasers,541,9008.0,1,day,Sunday,6,6,June,13,1,Father's Day,1,1960-6,5,5,1.0,0.5675675675675675,0.4459459459459459,Partly Cloudy,Cloudy,75.0,4,In From CF,0,0,0,,0,,full_season_release,1,9.105868350379472,5625.0,,8.957703689406788,0.1481646609726841,7767.50037392424
20260630,2026-06-30,1960,St. Paul Saints,International League,CHS Field,Buffalo Bisons,422,6139.0,1,night,Tuesday,1,6,June,14,0,,0,1960-7,1,6,9.0,0.575,0.4756097560975609,Partly Cloudy,Cloudy,90.0,10,R To L,0,0,0,,0,,full_season_release,1,8.722417141427496,8100.0,,8.551338523202867,0.17107861822462844,5173.674878419316
20260701,2026-07-01,1960,St. Paul Saints,International League,CHS Field,Buffalo Bisons,422,5419.0,1,night,Wednesday,2,7,July,14,0,,0,1960-7,2,6,1.0,0.5679012345679012,0.4819277108433735,Cloudy,Cloudy,81.0,7,Out To CF,0,0,0,,0,,full_season_release,1,8.597666575566114,6561.0,,8.605998539001583,-0.008331963435468381,5464.33953121997
20260702,2026-07-02,1960,St. Paul Saints,International League,CHS Field,Buffalo Bisons,422,5717.0,1,night,Thursday,3,7,July,14,0,,0,1960-7,3,6,1.0,0.5609756097560976,0.4880952380952381,Partly Cloudy,Cloudy,81.0,10,R To L,0,0,0,,0,,full_season_release,1,8.651199471263972,6561.0,,8.727097849695605,-0.07589837843163316,6167.802222873581
20260703,2026-07-03,1960,St. Paul Saints,International League,CHS Field,Buffalo Bisons,422,8401.0,1,night,Friday,4,7,July,15,1,,0,1960-7,4,6,1.0,0.5662650602409639,0.4823529411764706,Partly Cloudy,Cloudy,86.0,9,R To L,0,0,0,,0,,full_season_release,1,9.036106025364846,7396.0,,8.989512338678107,0.04659368668673913,8018.545607186642
20260704,2026-07-04,1960,St. Paul Saints,International League,CHS Field,Buffalo Bisons,422,8538.0,1,night,Saturday,5,7,July,15,1,Independence Day,1,1960-7,5,6,1.0,0.5714285714285714,0.4767441860465116,Partly Cloudy,Cloudy,84.0,5,In From CF,0,0,0,,0,,full_season_release,1,9.052282067317908,7056.0,,9.060551680672779,-0.008269613354871197,8608.898707229528
20260705,2026-07-05,1960,St. Paul Saints,International League,CHS Field,Buffalo Bisons,422,6002.0,1,day,Sunday,6,7,July,15,1,,0,1960-7,6,6,1.0,0.5647058823529412,0.4827586206896552,Partly Cloudy,Cloudy,85.0,7,L To R,0,0,0,,0,,full_season_release,1,8.699848026000312,7225.0,,8.80902849433409,-0.10918046833377737,6694.412447201336
20260717,2026-07-17,1960,St. Paul Saints,International League,CHS Field,Louisville Bats,416,8267.0,1,night,Friday,4,7,July,17,1,,0,1960-8,1,9,12.0,0.5543478260869565,0.5164835164835165,Clear,Clear,95.0,15,R To L,0,0,0,,0,,full_season_release,1,9.020026965252676,9025.0,,8.838214020982507,0.18181294427016859,6892.671474330765
20260718,2026-07-18,1960,St. Paul Saints,International League,CHS Field,Louisville Bats,416,6379.0,1,night,Saturday,5,7,July,17,1,,0,1960-8,2,9,1.0,0.5591397849462365,0.5108695652173914,Clear,Clear,89.0,9,L To R,0,0,0,,0,,full_season_release,1,8.760766624241956,7921.0,,8.951605077386736,-0.19083845314477976,7720.2735581669485
20260719,2026-07-19,1960,St. Paul Saints,International League,CHS Field,Louisville Bats,416,5772.0,1,day,Sunday,6,7,July,17,1,,0,1960-8,3,9,1.0,0.5684210526315789,0.5,Sunny,Clear,89.0,6,R To L,0,0,0,,0,,full_season_release,1,8.660773919893762,7921.0,,8.783970808650707,-0.12319688875694546,6528.750188682176
20260721,2026-07-21,1960,St. Paul Saints,International League,CHS Field,Columbus Clippers,445,7036.0,1,night,Tuesday,1,7,July,17,0,,0,1960-8,4,9,2.0,0.5625,0.53125,Partly Cloudy,Cloudy,79.0,14,Out To CF,0,0,0,,0,,full_season_release,1,8.85879510585745,6241.0,,8.657803185519162,0.2009919203382875,5754.87836569551
20260722,2026-07-22,1960,St. Paul Saints,International League,CHS Field,Columbus Clippers,445,8415.0,1,day,Wednesday,2,7,July,17,0,,0,1960-8,5,9,1.0,0.5670103092783505,0.5257731958762887,Cloudy,Cloudy,72.0,5,L To R,0,0,0,,0,,full_season_release,1,9.037771106624906,5184.0,,8.770057534421868,0.2677135722030375,6438.542891550013
20260723,2026-07-23,1960,St. Paul Saints,International League,CHS Field,Columbus Clippers,445,7757.0,1,night,Thursday,3,7,July,17,0,,0,1960-8,6,9,1.0,0.5714285714285714,0.5204081632653061,Partly Cloudy,Cloudy,80.0,7,R To L,0,0,0,,0,,full_season_release,1,8.956350940490871,6400.0,,8.704783600890522,0.25156733960034927,6031.696544968161
20260724,2026-07-24,1960,St. Paul Saints,International League,CHS Field,Columbus Clippers,445,7155.0,1,night,Friday,4,7,July,18,1,,0,1960-8,7,9,1.0,0.5656565656565656,0.5252525252525253,Overcast,Cloudy,80.0,14,R To L,0,0,0,,0,,full_season_release,1,8.875566691990551,6400.0,,9.014660733685313,-0.13909404169476147,8222.756181093442
20260725,2026-07-25,1960,St. Paul Saints,International League,CHS Field,Columbus Clippers,445,7098.0,1,night,Saturday,5,7,July,18,1,,0,1960-8,8,9,1.0,0.57,0.52,Partly Cloudy,Cloudy,85.0,5,Calm,0,0,0,,0,,full_season_release,1,8.867568333206442,7225.0,,8.947384711891088,-0.07981637868464553,7687.759840171663
20260726,2026-07-26,1960,St. Paul Saints,International League,CHS Field,Columbus Clippers,445,5376.0,1,day,Sunday,6,7,July,18,1,,0,1960-8,9,9,1.0,0.5742574257425742,0.5148514851485149,Sunny,Clear,95.0,9,L To R,0,0,0,,0,,full_season_release,1,8.589699882202986,9025.0,,8.629685707451017,-0.039985825248031404,5595.3194092313515
20260804,2026-08-04,1960,St. Paul Saints,International League,CHS Field,Louisville Bats,416,6946.0,1,night,Tuesday,1,8,August,19,0,,0,1960-9,1,6,9.0,0.5740740740740741,0.4672897196261682,Partly Cloudy,Cloudy,74.0,8,Out To CF,0,0,0,,0,,full_season_release,1,8.845921233304018,5476.0,,8.671377001451189,0.1745442318528294,5833.5265960796105
20260805,2026-08-05,1960,St. Paul Saints,International League,CHS Field,Louisville Bats,416,9002.0,1,day,Wednesday,2,8,August,19,0,,0,1960-9,2,6,1.0,0.5779816513761468,0.4629629629629629,Sunny,Clear,77.0,6,Out To CF,0,0,0,,0,,full_season_release,1,9.105202053852878,5929.0,,8.78854109123794,0.3166609626149377,6558.656710558012
20260806,2026-08-06,1960,St. Paul Saints,International League,CHS Field,Louisville Bats,416,9027.0,1,night,Thursday,3,8,August,19,0,,0,1960-9,3,6,1.0,0.5818181818181818,0.4587155963302752,Clear,Clear,82.0,11,R To L,0,0,0,,0,,full_season_release,1,9.107975365298154,6724.0,,8.714636475525639,0.3933388897725152,6091.419834749962
20260807,2026-08-07,1960,St. Paul Saints,International League,CHS Field,Louisville Bats,416,7939.0,1,night,Friday,4,8,August,20,1,,0,1960-9,4,6,1.0,0.5855855855855856,0.4545454545454545,Clear,Clear,75.0,9,Out To CF,0,0,0,,0,,full_season_release,1,8.979542601725113,5625.0,,9.055753108569409,-0.07621050684429598,8567.687243221952
20260808,2026-08-08,1960,St. Paul Saints,International League,CHS Field,Louisville Bats,416,6953.0,1,night,Saturday,5,8,August,20,1,,0,1960-9,5,6,1.0,0.5892857142857143,0.4504504504504504,Clear,Clear,81.0,8,Out To CF,0,0,0,,0,,full_season_release,1,8.846928500099018,6561.0,,9.004731208076102,-0.1578027079770834,8141.512137942026
20260809,2026-08-09,1960,St. Paul Saints,International League,CHS Field,Louisville Bats,416,6853.0,1,day,Sunday,6,8,August,20,1,,0,1960-9,6,6,1.0,0.584070796460177,0.4553571428571428,Sunny,Clear,84.0,7,Out To CF,0,0,0,,0,,full_season_release,1,8.832441791585824,7056.0,,8.814213079942839,0.018228711642985118,6729.210329988268
20260825,2026-08-25,1960,St. Paul Saints,International League,CHS Field,Toledo Mud Hens,512,6883.0,1,night,Tuesday,1,8,August,22,0,,0,1960-10,1,6,14.0,0.5793650793650794,0.4603174603174603,Clear,Clear,81.0,8,R To L,0,0,0,,1,-4.0,full_season_release,1,8.836809882398365,6561.0,-4.0,8.627191888434524,0.20961799396384073,5581.38307984953
20260826,2026-08-26,1960,St. Paul Saints,International League,CHS Field,Toledo Mud Hens,512,5733.0,1,night,Wednesday,2,8,August,22,0,,0,1960-10,2,6,1.0,0.5748031496062992,0.4645669291338583,Clear,Clear,79.0,9,L To R,0,0,0,,1,-3.0,full_season_release,1,8.653994232908383,6241.0,-3.0,8.614930837581417,0.039063395326966344,5513.367282735292
20260827,2026-08-27,1960,St. Paul Saints,International League,CHS Field,Toledo Mud Hens,512,6670.0,1,night,Thursday,3,8,August,22,0,,0,1960-10,3,6,1.0,0.5703125,0.46875,Clear,Clear,80.0,5,L To R,0,0,0,,1,-2.0,full_season_release,1,8.80537513890967,6400.0,-2.0,8.730117320012328,0.07525781889734162,6186.453863471641
20260828,2026-08-28,1960,St. Paul Saints,International League,CHS Field,Toledo Mud Hens,512,7721.0,1,night,Friday,4,8,August,23,1,,0,1960-10,4,6,1.0,0.5658914728682171,0.4728682170542636,Partly Cloudy,Cloudy,80.0,8,Calm,0,0,0,,1,-1.0,full_season_release,1,8.951699168308815,6400.0,-1.0,9.03978399996358,-0.08808483165476488,8431.955556583433
20260829,2026-08-29,1960,St. Paul Saints,International League,CHS Field,Toledo Mud Hens,512,6757.0,1,night,Saturday,5,8,August,23,1,,0,1960-10,5,6,1.0,0.5692307692307692,0.4692307692307692,Partly Cloudy,Cloudy,80.0,8,L To R,0,1,1,"Toby and Ron Gardenhire bobblehead, first 1500 fans",1,0.0,full_season_release,1,8.818334283552174,6400.0,0.0,9.014011609250861,-0.19567732569868745,8217.420321143656
20260830,2026-08-30,1960,St. Paul Saints,International League,CHS Field,Toledo Mud Hens,512,7189.0,1,day,Sunday,6,8,August,23,1,,0,1960-10,6,6,1.0,0.5648854961832062,0.4732824427480916,Cloudy,Cloudy,80.0,12,R To L,0,0,0,,1,1.0,full_season_release,1,8.880307358983872,6400.0,1.0,8.84820627383981,0.032101085144061514,6961.890039339575
20260327,2026-03-27,5434,Sugar Land Space Cowboys,Pacific Coast League,Constellation Field,Round Rock Express,102,4568.0,1,night,Friday,4,3,March,1,1,,0,5434-1,1,3,1.0,0.0,1.0,Partly Cloudy,Cloudy,81.0,10,L To R,0,1,1,2026 Magnet Schedule presented by Frost Bank,1,0.0,full_season_release,1,8.426830751335846,6561.0,0.0,8.42577009290137,0.0010606584344756698,4563.157480854686
20260328,2026-03-28,5434,Sugar Land Space Cowboys,Pacific Coast League,Constellation Field,Round Rock Express,102,3974.0,1,night,Saturday,5,3,March,1,1,,0,5434-1,2,3,1.0,0.5,0.5,Cloudy,Cloudy,74.0,5,L To R,0,1,1,Concert Tee,1,0.0,full_season_release,1,8.287528423111763,5476.0,0.0,8.35773323540657,-0.0702048122948078,4263.02054191761
20260329,2026-03-29,5434,Sugar Land Space Cowboys,Pacific Coast League,Constellation Field,Round Rock Express,102,3887.0,1,day,Sunday,6,3,March,1,1,,0,5434-1,3,3,1.0,0.6666666666666666,0.3333333333333333,Partly Cloudy,Cloudy,81.0,8,L To R,0,0,0,,1,1.0,full_season_release,1,8.265392930852224,6561.0,1.0,8.142102312103075,0.1232906187491487,3436.1341062573206
20260407,2026-04-07,5434,Sugar Land Space Cowboys,Pacific Coast League,Constellation Field,Tacoma Rainiers,529,2221.0,1,night,Tuesday,1,4,April,2,0,,0,5434-2,1,6,9.0,0.6,0.5,Overcast,Cloudy,71.0,11,L To R,0,0,0,,1,-3.0,full_season_release,1,7.7057128238944275,5041.0,-3.0,7.793613839339404,-0.08790101544497642,2425.0655631082413
20260408,2026-04-08,5434,Sugar Land Space Cowboys,Pacific Coast League,Constellation Field,Tacoma Rainiers,529,2009.0,1,night,Wednesday,2,4,April,2,0,,0,5434-2,2,6,1.0,0.5454545454545454,0.5454545454545454,Partly Cloudy,Cloudy,78.0,13,In From RF,0,0,0,,1,-2.0,full_season_release,1,7.605392364814935,6084.0,-2.0,7.75206558374316,-0.1466732189282247,2326.372772913499
20260409,2026-04-09,5434,Sugar Land Space Cowboys,Pacific Coast League,Constellation Field,Tacoma Rainiers,529,2140.0,1,night,Thursday,3,4,April,2,0,,0,5434-2,3,6,1.0,0.5833333333333334,0.5,Cloudy,Cloudy,79.0,14,L To R,0,0,0,,1,-1.0,full_season_release,1,7.668561108015897,6241.0,-1.0,7.862596735789068,-0.19403562777317074,2598.258614045864
20260410,2026-04-10,5434,Sugar Land Space Cowboys,Pacific Coast League,Constellation Field,Tacoma Rainiers,529,3106.0,1,night,Friday,4,4,April,3,1,,0,5434-2,4,6,1.0,0.6153846153846154,0.4615384615384615,Cloudy,Cloudy,72.0,10,In From RF,0,1,1,Video Game Hats presented by Pepsi,1,0.0,full_season_release,1,8.041091003708633,5184.0,0.0,8.181018721320244,-0.13992771761161116,3572.492181650258
20260411,2026-04-11,5434,Sugar Land Space Cowboys,Pacific Coast League,Constellation Field,Tacoma Rainiers,529,4268.0,1,night,Saturday,5,4,April,3,1,,0,5434-2,5,6,1.0,0.6428571428571429,0.4285714285714285,Cloudy,Cloudy,78.0,14,L To R,0,1,1,Brice Matthews Home Replica Jersey presented by Houston Methodist,1,0.0,full_season_release,1,8.358900612421644,6084.0,0.0,8.143224692704742,0.2156759197169027,3439.992921647586
20260412,2026-04-12,5434,Sugar Land Space Cowboys,Pacific Coast League,Constellation Field,Tacoma Rainiers,529,4345.0,1,day,Sunday,6,4,April,3,1,,0,5434-2,6,6,1.0,0.6666666666666666,0.4,Overcast,Cloudy,80.0,14,In From LF,0,0,0,,1,1.0,full_season_release,1,8.376781037699493,6400.0,1.0,7.963496566444067,0.4132844712554258,2874.1049023542937
20260423,2026-04-23,5434,Sugar Land Space Cowboys,Pacific Coast League,Constellation Field,Round Rock Express,102,2536.0,2,night,Thursday,3,4,April,4,0,,0,5434-3,1,4,11.0,0.5652173913043478,0.4347826086956521,Partly Cloudy,Cloudy,84.0,11,In From RF,0,1,1,College Spirit Caps presented by NMDP,1,0.0,full_season_release,1,7.8383433155571165,7056.0,0.0,7.814006728129073,0.0243365874280439,2475.0273566387355
20260424,2026-04-24,5434,Sugar Land Space Cowboys,Pacific Coast League,Constellation Field,Round Rock Express,102,4033.0,1,night,Friday,4,4,April,5,1,,0,5434-3,2,4,1.0,0.5833333333333334,0.4166666666666667,Overcast,Cloudy,80.0,13,In From RF,0,0,0,,1,1.0,full_season_release,1,8.302265794873367,6400.0,1.0,8.186428167740921,0.11583762713244639,3591.869750402789
20260425,2026-04-25,5434,Sugar Land Space Cowboys,Pacific Coast League,Constellation Field,Round Rock Express,102,3912.0,2,night,Saturday,5,4,April,5,1,,0,5434-3,3,4,1.0,0.5384615384615384,0.4615384615384615,Cloudy,Cloudy,86.0,8,In From RF,0,0,0,,1,2.0,full_season_release,1,8.271804031154709,7396.0,2.0,8.114907534469038,0.15689649668567007,3343.9483699228867
20260426,2026-04-26,5434,Sugar Land Space Cowboys,Pacific Coast League,Constellation Field,Round Rock Express,102,5238.0,1,day,Sunday,6,4,April,5,1,,0,5434-3,4,4,1.0,0.5555555555555556,0.4444444444444444,Cloudy,Cloudy,84.0,10,In From RF,0,0,0,,1,3.0,full_season_release,1,8.563695025067657,7056.0,3.0,7.967220237359608,0.5964747877080496,2884.8270737170105
20260505,2026-05-05,5434,Sugar Land Space Cowboys,Pacific Coast League,Constellation Field,Albuquerque Isotopes,342,2951.0,1,night,Tuesday,1,5,May,6,0,,0,5434-4,1,6,9.0,0.5,0.5588235294117647,Cloudy,Cloudy,83.0,13,R To L,0,0,0,,1,-3.0,full_season_release,1,7.989899374942939,6889.0,-3.0,7.978147762319929,0.011751612623010388,2916.5239624306078
20260506,2026-05-06,5434,Sugar Land Space Cowboys,Pacific Coast League,Constellation Field,Albuquerque Isotopes,342,6592.0,1,day,Wednesday,2,5,May,6,0,,0,5434-4,2,6,1.0,0.4857142857142857,0.5714285714285714,Cloudy,Cloudy,77.0,5,In From RF,0,0,0,,1,-2.0,full_season_release,1,8.793612071589308,5929.0,-2.0,8.139751774081985,0.6538602975073236,3428.0668273322453
20260507,2026-05-07,5434,Sugar Land Space Cowboys,Pacific Coast League,Constellation Field,Albuquerque Isotopes,342,2764.0,1,night,Thursday,3,5,May,6,0,,0,5434-4,3,6,1.0,0.4722222222222222,0.5833333333333334,Overcast,Cloudy,77.0,7,L To R,0,0,0,,1,-1.0,full_season_release,1,7.92443418488756,5929.0,-1.0,8.096080344984413,-0.17164616009685307,3281.5801715376256
20260508,2026-05-08,5434,Sugar Land Space Cowboys,Pacific Coast League,Constellation Field,Albuquerque Isotopes,342,4527.0,1,night,Friday,4,5,May,7,1,,0,5434-4,4,6,1.0,0.4594594594594595,0.5945945945945946,Cloudy,Cloudy,74.0,7,L To R,0,1,1,Baseball Cowboy Hat presented by Constellation,1,0.0,full_season_release,1,8.417814747435958,5476.0,0.0,8.412750096655234,0.005064650780724378,4504.130288352433
20260509,2026-05-09,5434,Sugar Land Space Cowboys,Pacific Coast League,Constellation Field,Albuquerque Isotopes,342,3982.0,1,night,Saturday,5,5,May,7,1,,0,5434-4,5,6,1.0,0.4736842105263157,0.5789473684210527,Clear,Clear,88.0,5,L To R,0,1,1,Ponytail Cap presented by Houston Methodist,1,0.0,full_season_release,1,8.289539484624141,7744.0,0.0,8.288658361458376,0.000881123165765274,3978.4929128686813
20260510,2026-05-10,5434,Sugar Land Space Cowboys,Pacific Coast League,Constellation Field,Albuquerque Isotopes,342,3770.0,1,day,Sunday,6,5,May,7,1,Mother's Day,1,5434-4,6,6,1.0,0.4615384615384615,0.5897435897435898,Partly Cloudy,Cloudy,87.0,10,L To R,0,1,1,Mother's Day Replica Jersey presented by Houston Methodist,1,0.0,full_season_release,1,8.234830280442056,7569.0,0.0,8.212749319857377,0.022080960584679232,3687.6671183711064
20260526,2026-05-26,5434,Sugar Land Space Cowboys,Pacific Coast League,Constellation Field,Oklahoma City Comets,238,2890.0,1,night,Tuesday,1,5,May,9,0,,0,5434-5,1,6,14.0,0.4230769230769231,0.5686274509803921,Partly Cloudy,Cloudy,84.0,18,In From RF,0,0,0,,1,-3.0,full_season_release,1,7.969011781106478,7056.0,-3.0,7.9648790424192,0.004132738687277815,2878.081031149801
20260527,2026-05-27,5434,Sugar Land Space Cowboys,Pacific Coast League,Constellation Field,Oklahoma City Comets,238,2556.0,1,night,Wednesday,2,5,May,9,0,,0,5434-5,2,6,1.0,0.4339622641509434,0.5576923076923077,Overcast,Cloudy,75.0,5,Out To RF,0,0,0,,1,-2.0,full_season_release,1,7.846198815497425,5625.0,-2.0,7.988489217353543,-0.1422904018561173,2946.841557672298
20260528,2026-05-28,5434,Sugar Land Space Cowboys,Pacific Coast League,Constellation Field,Oklahoma City Comets,238,3104.0,1,night,Thursday,3,5,May,9,0,,0,5434-5,3,6,1.0,0.4259259259259259,0.5660377358490566,Clear,Clear,86.0,4,Calm,0,0,0,,1,-1.0,full_season_release,1,8.04044688130311,7396.0,-1.0,8.03857793516537,0.0018689461377405792,3098.2042088862017
20260529,2026-05-29,5434,Sugar Land Space Cowboys,Pacific Coast League,Constellation Field,Oklahoma City Comets,238,4909.0,1,night,Friday,4,5,May,10,1,,0,5434-5,4,6,1.0,0.4181818181818181,0.5740740740740741,Partly Cloudy,Cloudy,87.0,7,In From RF,0,1,1,Space Cowboys Fishing Shirt presented by Constellation,1,0.0,full_season_release,1,8.498825534058053,7569.0,0.0,8.336777917577981,0.1620476164800717,4174.617087783948
20260530,2026-05-30,5434,Sugar Land Space Cowboys,Pacific Coast League,Constellation Field,Oklahoma City Comets,238,3711.0,1,night,Saturday,5,5,May,10,1,,0,5434-5,5,6,1.0,0.4107142857142857,0.5818181818181818,Clear,Clear,92.0,7,L To R,0,1,1,Year of the Fire Horse Jersey,1,0.0,full_season_release,1,8.219056661060598,8464.0,0.0,8.239373319732543,-0.020316658671944765,3787.1662220109115
20260531,2026-05-31,5434,Sugar Land Space Cowboys,Pacific Coast League,Constellation Field,Oklahoma City Comets,238,3855.0,1,day,Sunday,6,5,May,10,1,,0,5434-5,6,6,1.0,0.4035087719298245,0.5892857142857143,Partly Cloudy,Cloudy,91.0,1,Calm,0,0,0,,1,1.0,full_season_release,1,8.25712628599743,8281.0,1.0,8.090373015715235,0.16675327028219478,3262.9044578935914
20260609,2026-06-09,5434,Sugar Land Space Cowboys,Pacific Coast League,Constellation Field,Sacramento River Cats,105,2937.0,1,night,Tuesday,1,6,June,11,0,,0,5434-6,1,6,9.0,0.421875,0.6129032258064516,Partly Cloudy,Cloudy,87.0,14,In From RF,0,0,0,,1,-3.0,full_season_release,1,7.98514393119862,7569.0,-3.0,8.069608879272922,-0.08446494807430138,3195.8516207925463
20260610,2026-06-10,5434,Sugar Land Space Cowboys,Pacific Coast League,Constellation Field,Sacramento River Cats,105,3328.0,1,night,Wednesday,2,6,June,11,0,,0,5434-6,2,6,1.0,0.4153846153846154,0.6190476190476191,Partly Cloudy,Cloudy,88.0,11,In From RF,0,0,0,,1,-2.0,full_season_release,1,8.1101268019411,7744.0,-2.0,8.015494170710184,0.09463263123091536,3027.505132473442
20260611,2026-06-11,5434,Sugar Land Space Cowboys,Pacific Coast League,Constellation Field,Sacramento River Cats,105,2922.0,1,night,Thursday,3,6,June,11,0,,0,5434-6,3,6,1.0,0.4242424242424242,0.609375,Partly Cloudy,Cloudy,88.0,12,In From RF,0,0,0,,1,-1.0,full_season_release,1,7.980023592310645,7744.0,-1.0,8.134419254529282,-0.15439566221863732,3409.8352472784723
20260612,2026-06-12,5434,Sugar Land Space Cowboys,Pacific Coast League,Constellation Field,Sacramento River Cats,105,3811.0,1,night,Friday,4,6,June,12,1,,0,5434-6,4,6,1.0,0.4328358208955223,0.6,Cloudy,Cloudy,84.0,14,Out To RF,0,1,1,Baseball Soccer Ball presented by Republic Services,1,0.0,full_season_release,1,8.24564690087386,7056.0,0.0,8.488105439136552,-0.24245853826269226,4856.656120986963
20260613,2026-06-13,5434,Sugar Land Space Cowboys,Pacific Coast League,Constellation Field,Sacramento River Cats,105,3743.0,1,night,Saturday,5,6,June,12,1,,0,5434-6,5,6,1.0,0.4411764705882353,0.5909090909090909,Partly Cloudy,Cloudy,88.0,12,In From RF,0,1,1,Space Cowboys Soccer Jersey presented by Houston Methodist,1,0.0,full_season_release,1,8.22764270790443,7744.0,0.0,8.41586529857997,-0.18822259067554015,4518.183441536012
20260623,2026-06-23,5434,Sugar Land Space Cowboys,Pacific Coast League,Constellation Field,El Paso Chihuahuas,4904,2820.0,1,night,Tuesday,1,6,June,13,0,,0,5434-7,1,6,10.0,0.44,0.4605263157894737,Partly Cloudy,Cloudy,90.0,14,R To L,0,0,0,,1,-3.0,full_season_release,1,7.944492163932159,8100.0,-3.0,8.027701693001843,-0.08320952906968415,3064.6899744762804
20260624,2026-06-24,5434,Sugar Land Space Cowboys,Pacific Coast League,Constellation Field,El Paso Chihuahuas,4904,4686.0,1,day,Wednesday,2,6,June,13,0,,0,5434-7,2,6,1.0,0.4473684210526316,0.4545454545454545,Cloudy,Cloudy,85.0,8,In From RF,0,0,0,,1,-2.0,full_season_release,1,8.452334619067742,7225.0,-2.0,8.217622435450261,0.23471218361748036,3705.6814037052472
20260625,2026-06-25,5434,Sugar Land Space Cowboys,Pacific Coast League,Constellation Field,El Paso Chihuahuas,4904,2010.0,1,night,Thursday,3,6,June,13,0,,0,5434-7,3,6,1.0,0.4545454545454545,0.4487179487179487,Partly Cloudy,Cloudy,89.0,12,In From RF,0,0,0,,1,-1.0,full_season_release,1,7.605890001053122,7921.0,-1.0,8.12156757991718,-0.5156775788640582,3366.2935453893497
20260626,2026-06-26,5434,Sugar Land Space Cowboys,Pacific Coast League,Constellation Field,El Paso Chihuahuas,4904,5112.0,1,night,Friday,4,6,June,14,1,,0,5434-7,4,6,1.0,0.4487179487179487,0.4556962025316455,Clear,Clear,88.0,13,In From RF,0,1,1,A Celebration of America's 250 Jersey presented by Hunton Trane,1,0.0,full_season_release,1,8.53934599605737,7744.0,0.0,8.445085986580644,0.09426000947672719,4652.1557187327635
20260627,2026-06-27,5434,Sugar Land Space Cowboys,Pacific Coast League,Constellation Field,El Paso Chihuahuas,4904,4373.0,1,night,Saturday,5,6,June,14,1,,0,5434-7,5,6,1.0,0.4556962025316455,0.45,Partly Cloudy,Cloudy,89.0,13,In From RF,0,1,1,Foam Hot Dog Hat,1,0.0,full_season_release,1,8.38320455141292,7921.0,0.0,8.405036708926273,-0.021832157513353323,4469.521830871811
20260628,2026-06-28,5434,Sugar Land Space Cowboys,Pacific Coast League,Constellation Field,El Paso Chihuahuas,4904,3694.0,1,night,Sunday,6,6,June,14,1,,0,5434-7,6,6,1.0,0.4625,0.4444444444444444,Partly Cloudy,Cloudy,88.0,15,In From RF,0,1,1,Sesame Street Plush,1,0.0,full_season_release,1,8.214465160759186,7744.0,0.0,8.085640098339216,0.1288250624199705,3247.4978884581988
20260707,2026-07-07,5434,Sugar Land Space Cowboys,Pacific Coast League,Constellation Field,Albuquerque Isotopes,342,2644.0,1,night,Tuesday,1,7,July,15,0,,0,5434-8,1,6,9.0,0.4712643678160919,0.5113636363636364,Partly Cloudy,Cloudy,89.0,13,R To L,0,0,0,,1,-3.0,full_season_release,1,7.880048200971577,7921.0,-3.0,8.035196363718585,-0.15514816274700838,3087.7451040689057
20260708,2026-07-08,5434,Sugar Land Space Cowboys,Pacific Coast League,Constellation Field,Albuquerque Isotopes,342,2539.0,1,night,Wednesday,2,7,July,15,0,,0,5434-8,2,6,1.0,0.4772727272727273,0.5056179775280899,Cloudy,Cloudy,88.0,8,In From RF,0,0,0,,1,-2.0,full_season_release,1,7.839525581704678,7744.0,-2.0,8.0058565795644,-0.16633099785972139,2998.4674273389915
20260709,2026-07-09,5434,Sugar Land Space Cowboys,Pacific Coast League,Constellation Field,Albuquerque Isotopes,342,2427.0,1,night,Thursday,3,7,July,15,0,,0,5434-8,3,6,1.0,0.4719101123595505,0.5111111111111111,Clear,Clear,89.0,10,R To L,0,0,0,,1,-1.0,full_season_release,1,7.794411205726601,7921.0,-1.0,8.112992005447495,-0.3185807997208938,3337.5490707521158
20260710,2026-07-10,5434,Sugar Land Space Cowboys,Pacific Coast League,Constellation Field,Albuquerque Isotopes,342,4048.0,1,night,Friday,4,7,July,16,1,,0,5434-8,4,6,1.0,0.4777777777777778,0.5054945054945055,Partly Cloudy,Cloudy,90.0,13,R To L,0,1,1,Texas Flag Jersey presented by Constellation,1,0.0,full_season_release,1,8.305978210967302,8100.0,0.0,8.406598498512402,-0.10062028754509988,4476.507737360249
20260711,2026-07-11,5434,Sugar Land Space Cowboys,Pacific Coast League,Constellation Field,Albuquerque Isotopes,342,4515.0,1,night,Saturday,5,7,July,16,1,,0,5434-8,5,6,1.0,0.4835164835164835,0.5,Overcast,Cloudy,86.0,9,L To R,0,1,1,Anime Jersey Giveaway,1,0.0,full_season_release,1,8.415160465851086,7396.0,0.0,8.43351817028913,-0.018357704438043854,4598.650501924213
20260712,2026-07-12,5434,Sugar Land Space Cowboys,Pacific Coast League,Constellation Field,Albuquerque Isotopes,342,3391.0,1,day,Sunday,6,7,July,16,1,,0,5434-8,6,6,1.0,0.4891304347826087,0.4946236559139785,Partly Cloudy,Cloudy,93.0,7,L To R,0,0,0,,1,1.0,full_season_release,1,8.128880142125638,8649.0,1.0,8.16397875808733,-0.03509861596169195,3512.1327678126345
20260721,2026-07-21,5434,Sugar Land Space Cowboys,Pacific Coast League,Constellation Field,Nashville Sounds,556,2467.0,1,night,Tuesday,1,7,July,17,0,,0,5434-9,1,11,9.0,0.5,0.5567010309278351,Clear,Clear,95.0,5,In From RF,0,0,0,,1,-2.0,full_season_release,1,7.810758116529357,9025.0,-2.0,7.927058686978405,-0.11630057044904873,2771.263651343823
20260722,2026-07-22,5434,Sugar Land Space Cowboys,Pacific Coast League,Constellation Field,Nashville Sounds,556,2403.0,1,night,Wednesday,2,7,July,17,0,,0,5434-9,2,11,1.0,0.5051546391752577,0.5510204081632653,Partly Cloudy,Cloudy,97.0,9,L To R,0,0,0,,1,-1.0,full_season_release,1,7.784473235736469,9409.0,-1.0,7.843134554635356,-0.05866131889888759,2548.1797370186
20260724,2026-07-24,5434,Sugar Land Space Cowboys,Pacific Coast League,Constellation Field,Nashville Sounds,556,4458.0,1,night,Friday,4,7,July,18,1,,0,5434-9,3,11,2.0,0.5102040816326531,0.5454545454545454,Partly Cloudy,Cloudy,90.0,12,R To L,0,1,1,Astros Jeremy Pena Short Sleeve Hoodie presented by Amaro Law Firm,1,0.0,full_season_release,1,8.402455513945814,8100.0,0.0,8.404431980765478,-0.0019764668196646795,4466.819802234144
20260725,2026-07-25,5434,Sugar Land Space Cowboys,Pacific Coast League,Constellation Field,Nashville Sounds,556,3856.0,2,night,Saturday,5,7,July,18,1,,0,5434-9,4,11,1.0,0.51,0.5445544554455446,Partly Cloudy,Cloudy,90.0,8,In From RF,0,1,1,Adventure Hat presented by Pepsi,1,0.0,full_season_release,1,8.257385655730436,8100.0,0.0,8.382636884976042,-0.12525122924560605,4370.5182991273205
20260726,2026-07-26,5434,Sugar Land Space Cowboys,Pacific Coast League,Constellation Field,Nashville Sounds,556,3211.0,1,night,Sunday,6,7,July,18,1,,0,5434-9,5,11,1.0,0.504950495049505,0.5490196078431373,Clear,Clear,91.0,11,R To L,0,0,0,,1,1.0,full_season_release,1,8.074337694089515,8281.0,1.0,8.035705559957814,0.03863213413170108,3089.3177726280715
20260728,2026-07-28,5434,Sugar Land Space Cowboys,Pacific Coast League,Constellation Field,Salt Lake Bees,561,2723.0,1,night,Tuesday,1,7,July,18,0,,0,5434-9,6,11,2.0,0.5098039215686274,0.4803921568627451,Partly Cloudy,Cloudy,91.0,14,R To L,0,0,0,,1,2.0,full_season_release,1,7.909489492673759,8281.0,2.0,7.980837987307895,-0.07134849463413584,2924.3806314375547
20260729,2026-07-29,5434,Sugar Land Space Cowboys,Pacific Coast League,Constellation Field,Salt Lake Bees,561,2257.0,1,night,Wednesday,2,7,July,18,0,,0,5434-9,7,11,1.0,0.5145631067961165,0.4757281553398058,Clear,Clear,93.0,11,R To L,0,0,0,,1,-2.0,full_season_release,1,7.721791776817535,8649.0,-2.0,7.8799900401492105,-0.1581982633316752,2643.846227257481
20260730,2026-07-30,5434,Sugar Land Space Cowboys,Pacific Coast League,Constellation Field,Salt Lake Bees,561,2151.0,1,night,Thursday,3,7,July,18,0,,0,5434-9,8,11,1.0,0.5192307692307693,0.4711538461538461,Clear,Clear,93.0,8,In From RF,0,0,0,,1,-1.0,full_season_release,1,7.67368812926773,8649.0,-1.0,7.999457795151172,-0.3257696658834419,2979.3421352679215
20260731,2026-07-31,5434,Sugar Land Space Cowboys,Pacific Coast League,Constellation Field,Salt Lake Bees,561,3965.0,1,night,Friday,4,7,July,19,1,,0,5434-9,9,11,1.0,0.5238095238095238,0.4666666666666667,Partly Cloudy,Cloudy,93.0,14,In From RF,0,1,1,Survivor Jersey Giveaway,1,0.0,full_season_release,1,8.285261134068948,8649.0,0.0,8.307868219905759,-0.02260708583681037,4055.6579907387336
20260801,2026-08-01,5434,Sugar Land Space Cowboys,Pacific Coast League,Constellation Field,Salt Lake Bees,561,3159.0,1,night,Saturday,5,8,August,19,1,,0,5434-9,10,11,1.0,0.5283018867924528,0.4622641509433962,Partly Cloudy,Cloudy,94.0,5,L To R,0,0,0,,1,1.0,full_season_release,1,8.058010800802085,8836.0,1.0,8.261131884630059,-0.20312108382797334,3870.472550454404
20260802,2026-08-02,5434,Sugar Land Space Cowboys,Pacific Coast League,Constellation Field,Salt Lake Bees,561,3467.0,1,night,Sunday,6,8,August,19,1,,0,5434-9,11,11,1.0,0.5327102803738317,0.4579439252336448,Clear,Clear,94.0,5,L To R,0,0,0,,1,2.0,full_season_release,1,8.151044945685024,8836.0,2.0,7.9283964498736905,0.22264849581133372,2774.973425875748
20260818,2026-08-18,5434,Sugar Land Space Cowboys,Pacific Coast League,Constellation Field,Oklahoma City Comets,238,2334.0,1,night,Tuesday,1,8,August,21,0,,0,5434-10,1,6,14.0,0.525,0.5714285714285714,Partly Cloudy,Cloudy,92.0,10,In From RF,0,0,0,,1,-3.0,full_season_release,1,7.755338812846501,8464.0,-3.0,7.95697429641251,-0.20163548356600902,2855.4202136120193
20260819,2026-08-19,5434,Sugar Land Space Cowboys,Pacific Coast League,Constellation Field,Oklahoma City Comets,238,2002.0,1,night,Wednesday,2,8,August,21,0,,0,5434-10,2,6,1.0,0.5289256198347108,0.5666666666666667,Partly Cloudy,Cloudy,95.0,9,L To R,0,0,0,,1,-2.0,full_season_release,1,7.601901959875166,9025.0,-2.0,7.876805240876856,-0.2749032810016905,2635.4395016891776
20260820,2026-08-20,5434,Sugar Land Space Cowboys,Pacific Coast League,Constellation Field,Oklahoma City Comets,238,2780.0,1,night,Thursday,3,8,August,21,0,,0,5434-10,3,6,1.0,0.5327868852459017,0.5619834710743802,Partly Cloudy,Cloudy,95.0,9,L To R,0,0,0,,1,-1.0,full_season_release,1,7.930206206684683,9025.0,-1.0,7.99641958680587,-0.06621338012118727,2970.3040099353047
20260821,2026-08-21,5434,Sugar Land Space Cowboys,Pacific Coast League,Constellation Field,Oklahoma City Comets,238,5532.0,1,night,Friday,4,8,August,22,1,,0,5434-10,4,6,1.0,0.5365853658536586,0.5573770491803278,Partly Cloudy,Cloudy,96.0,4,In From RF,0,1,1,Harry Potter Jersey Giveaway,1,0.0,full_season_release,1,8.61830469278465,9216.0,0.0,8.28491612256876,0.33338857021588986,3963.632265357409
20260822,2026-08-22,5434,Sugar Land Space Cowboys,Pacific Coast League,Constellation Field,Oklahoma City Comets,238,4613.0,1,night,Saturday,5,8,August,22,1,,0,5434-10,5,6,1.0,0.532258064516129,0.5609756097560976,Clear,Clear,101.0,7,R To L,0,0,0,,1,1.0,full_season_release,1,8.43663368355782,10201.0,1.0,8.146345622961313,0.2902880605965077,3450.745670200467
20260823,2026-08-23,5434,Sugar Land Space Cowboys,Pacific Coast League,Constellation Field,Oklahoma City Comets,238,2461.0,1,day,Sunday,6,8,August,22,1,,0,5434-10,6,6,1.0,0.528,0.5645161290322581,Sunny,Clear,98.0,5,Calm,0,0,0,,1,2.0,full_season_release,1,7.8083230503910555,9604.0,2.0,8.051585930655476,-0.2432628802644201,3138.7688959084066
20260331,2026-03-31,552,Syracuse Mets,International League,NBT Bank Stadium,Toledo Mud Hens,512,4853.0,1,day,Tuesday,1,3,March,1,0,,0,552-1,1,6,1.0,0.5,0.25,Cloudy,Cloudy,68.0,7,L To R,0,0,0,,0,,partial_assembled,0,8.487352349405215,4624.0,,8.32518029353605,0.16217205586916528,4126.481119256108
20260401,2026-04-01,552,Syracuse Mets,International League,NBT Bank Stadium,Toledo Mud Hens,512,1974.0,1,day,Wednesday,2,4,April,1,0,,0,552-1,2,6,1.0,0.6,0.2,Overcast,Cloudy,43.0,7,In From RF,0,0,0,,0,,partial_assembled,0,7.587817219993427,1849.0,,7.678141117032104,-0.09032389703867683,2160.59973456862
20260402,2026-04-02,552,Syracuse Mets,International League,NBT Bank Stadium,Toledo Mud Hens,512,1569.0,1,day,Thursday,3,4,April,1,0,,0,552-1,3,6,1.0,0.5,0.3333333333333333,Overcast,Cloudy,50.0,9,In From RF,0,0,0,,0,,partial_assembled,0,7.358193752733032,2500.0,,7.981133925565874,-0.6229401728328421,2925.2461956177513
20260403,2026-04-03,552,Syracuse Mets,International League,NBT Bank Stadium,Toledo Mud Hens,512,2871.0,1,day,Friday,4,4,April,2,1,,0,552-1,4,6,1.0,0.4285714285714285,0.4285714285714285,Sunny,Clear,73.0,7,Out To LF,0,0,0,,0,,partial_assembled,0,7.962415680121064,5329.0,,8.546336489601492,-0.5839208094804276,5147.860598605866
20260404,2026-04-04,552,Syracuse Mets,International League,NBT Bank Stadium,Toledo Mud Hens,512,2522.0,1,day,Saturday,5,4,April,2,1,,0,552-1,5,6,1.0,0.5,0.375,Partly Cloudy,Cloudy,54.0,2,R To L,0,0,0,,0,,partial_assembled,0,7.8328075165248645,2916.0,,8.340670277524683,-0.507862760999819,4190.897864896516
20260405,2026-04-05,552,Syracuse Mets,International League,NBT Bank Stadium,Toledo Mud Hens,512,1867.0,1,day,Sunday,6,4,April,2,1,,0,552-1,6,6,1.0,0.5555555555555556,0.3333333333333333,Cloudy,Cloudy,47.0,13,L To R,0,0,0,,0,,partial_assembled,0,7.532088143541722,2209.0,,7.855339873368796,-0.3232517298270734,2579.471658374313
20260414,2026-04-14,552,Syracuse Mets,International League,NBT Bank Stadium,Scranton/Wilkes-Barre RailRiders,531,1928.0,1,night,Tuesday,1,4,April,3,0,,0,552-2,1,4,9.0,0.5,0.5625,Partly Cloudy,Cloudy,75.0,18,Out To RF,0,0,0,,0,,partial_assembled,0,7.564238475170491,5625.0,,7.974739346763136,-0.41050087159264503,2906.6001586162647
20260415,2026-04-15,552,Syracuse Mets,International League,NBT Bank Stadium,Scranton/Wilkes-Barre RailRiders,531,2007.0,1,night,Wednesday,2,4,April,3,0,,0,552-2,2,4,1.0,0.4705882352941176,0.5882352941176471,Partly Cloudy,Cloudy,71.0,7,L To R,0,0,0,,0,,partial_assembled,0,7.604396348796338,5041.0,,7.935403621113646,-0.33100727231730787,2794.486425480649
20260417,2026-04-17,552,Syracuse Mets,International League,NBT Bank Stadium,Scranton/Wilkes-Barre RailRiders,531,3866.0,1,night,Friday,4,4,April,4,1,,0,552-2,3,4,2.0,0.5,0.5555555555555556,Clear,Clear,58.0,9,Out To LF,0,0,0,,0,,partial_assembled,0,8.259975659768276,3364.0,,8.261336432312016,-0.0013607725437392304,3871.264327618008
20260418,2026-04-18,552,Syracuse Mets,International League,NBT Bank Stadium,Scranton/Wilkes-Barre RailRiders,531,4898.0,2,day,Saturday,5,4,April,4,1,,0,552-2,4,4,1.0,0.55,0.5,Partly Cloudy,Cloudy,72.0,16,Out To CF,0,0,0,,0,,partial_assembled,0,8.496582237512113,5184.0,,8.50458994724154,-0.008007709729426438,4937.379220511059
20260428,2026-04-28,552,Syracuse Mets,International League,NBT Bank Stadium,Lehigh Valley IronPigs,1410,1701.0,1,night,Tuesday,1,4,April,5,0,,0,552-3,1,11,10.0,0.5185185185185185,0.5714285714285714,Overcast,Cloudy,61.0,8,Calm,0,0,0,,0,,partial_assembled,0,7.438971592395862,3721.0,,7.899629527212921,-0.46065793481705963,2696.2832436450767
20260430,2026-04-30,552,Syracuse Mets,International League,NBT Bank Stadium,Lehigh Valley IronPigs,1410,3013.0,2,night,Thursday,3,4,April,5,0,,0,552-3,2,11,2.0,0.5517241379310345,0.5333333333333333,Partly Cloudy,Cloudy,53.0,12,Out To RF,0,0,0,,0,,partial_assembled,0,8.0106915391303,2809.0,,7.863091352561262,0.14760018656903906,2599.544074213741
20260501,2026-05-01,552,Syracuse Mets,International League,NBT Bank Stadium,Lehigh Valley IronPigs,1410,2512.0,1,night,Friday,4,5,May,6,1,,0,552-3,3,11,1.0,0.5666666666666667,0.5161290322580645,Drizzle,Precipitation,49.0,5,Calm,1,0,0,,0,,partial_assembled,0,7.828834527588089,2401.0,,8.339265431542852,-0.510430903954763,4185.014432496559
20260502,2026-05-02,552,Syracuse Mets,International League,NBT Bank Stadium,Lehigh Valley IronPigs,1410,2739.0,1,day,Saturday,5,5,May,6,1,,0,552-3,4,11,1.0,0.5483870967741935,0.53125,Partly Cloudy,Cloudy,48.0,12,Out To RF,0,0,0,,0,,partial_assembled,0,7.915348169263078,2304.0,,8.421758164706189,-0.5064099954431107,4544.8870949423945
20260503,2026-05-03,552,Syracuse Mets,International League,NBT Bank Stadium,Lehigh Valley IronPigs,1410,3466.0,1,day,Sunday,6,5,May,6,1,,0,552-3,5,11,1.0,0.5625,0.5151515151515151,Sunny,Clear,52.0,6,L To R,0,0,0,,0,,partial_assembled,0,8.150756470275551,2704.0,,8.172438801498233,-0.021682331222681483,3541.9716044504394
20260505,2026-05-05,552,Syracuse Mets,International League,NBT Bank Stadium,Rochester Red Wings,534,1893.0,1,night,Tuesday,1,5,May,6,0,,0,552-3,6,11,2.0,0.5454545454545454,0.5,Cloudy,Cloudy,63.0,9,R To L,0,0,0,,0,,partial_assembled,0,7.545918151209323,3969.0,,8.11176697670198,-0.5658488254926581,3333.462980500886
20260506,2026-05-06,552,Syracuse Mets,International League,NBT Bank Stadium,Rochester Red Wings,534,1511.0,1,night,Wednesday,2,5,May,6,0,,0,552-3,7,11,1.0,0.5588235294117647,0.4857142857142857,Cloudy,Cloudy,46.0,8,Calm,0,0,0,,0,,partial_assembled,0,7.32052696227274,2116.0,,7.752988441181868,-0.43246147890912834,2328.5206742831283
20260507,2026-05-07,552,Syracuse Mets,International League,NBT Bank Stadium,Rochester Red Wings,534,2403.0,1,night,Thursday,3,5,May,6,0,,0,552-3,8,11,1.0,0.5714285714285714,0.4722222222222222,Clear,Clear,55.0,11,Calm,0,0,0,,0,,partial_assembled,0,7.784473235736469,3025.0,,8.057839057864767,-0.27336582212829796,3158.457510646702
20260508,2026-05-08,552,Syracuse Mets,International League,NBT Bank Stadium,Rochester Red Wings,534,2945.0,1,night,Friday,4,5,May,7,1,,0,552-3,9,11,1.0,0.5555555555555556,0.4864864864864865,Partly Cloudy,Cloudy,54.0,5,Calm,0,0,0,,0,,partial_assembled,0,7.987864096085687,2916.0,,8.352044046534587,-0.36417995044890006,4238.836272558277
20260509,2026-05-09,552,Syracuse Mets,International League,NBT Bank Stadium,Rochester Red Wings,534,2818.0,1,day,Saturday,5,5,May,7,1,,0,552-3,10,11,1.0,0.5405405405405406,0.5,Cloudy,Cloudy,55.0,3,R To L,0,0,0,,0,,partial_assembled,0,7.943782692458625,3025.0,,8.511648723449813,-0.5678660309911878,4972.354371141129
20260510,2026-05-10,552,Syracuse Mets,International League,NBT Bank Stadium,Rochester Red Wings,534,3053.0,1,day,Sunday,6,5,May,7,1,Mother's Day,1,552-3,11,11,1.0,0.5263157894736842,0.5128205128205128,Sunny,Clear,57.0,11,In From CF,0,0,0,,0,,partial_assembled,0,8.023879992734878,3249.0,,8.288976811918205,-0.26509681918332717,3979.7600675184945
20260519,2026-05-19,552,Syracuse Mets,International League,NBT Bank Stadium,Buffalo Bisons,422,3112.0,1,night,Tuesday,1,5,May,8,0,,0,552-4,1,5,9.0,0.5333333333333333,0.5,Clear,Clear,86.0,10,Out To RF,0,0,0,,0,,partial_assembled,0,8.043020885298283,7396.0,,8.10883518562933,-0.06581430033104674,3323.704275725406
20260520,2026-05-20,552,Syracuse Mets,International League,NBT Bank Stadium,Buffalo Bisons,422,10815.0,1,day,Wednesday,2,5,May,8,0,,0,552-4,2,5,1.0,0.5434782608695652,0.4893617021276595,Cloudy,Cloudy,62.0,8,L To R,0,0,0,,0,,partial_assembled,0,9.28868933838716,3844.0,,8.244782727301766,1.0439066110853936,3807.7080571266333
20260521,2026-05-21,552,Syracuse Mets,International League,NBT Bank Stadium,Buffalo Bisons,422,4424.0,1,night,Thursday,3,5,May,8,0,,0,552-4,3,5,1.0,0.5531914893617021,0.4791666666666667,Clear,Clear,61.0,8,Calm,0,0,0,,0,,partial_assembled,0,8.39479954320217,3721.0,,8.187119643820024,0.20767989938214626,3594.3543013192125
20260522,2026-05-22,552,Syracuse Mets,International League,NBT Bank Stadium,Buffalo Bisons,422,6669.0,1,night,Friday,4,5,May,9,1,,0,552-4,4,5,1.0,0.5416666666666666,0.4897959183673469,Cloudy,Cloudy,66.0,4,R To L,0,0,0,,0,,partial_assembled,0,8.805225202632306,4356.0,,8.542473736672736,0.26275146595956933,5128.01404085362
20260524,2026-05-24,552,Syracuse Mets,International League,NBT Bank Stadium,Buffalo Bisons,422,5571.0,2,night,Sunday,6,5,May,9,1,,0,552-4,5,5,2.0,0.54,0.4901960784313725,Cloudy,Cloudy,61.0,11,Calm,0,0,0,,0,,partial_assembled,0,8.625329850020815,3721.0,,8.14572407467109,0.47960577534972515,3448.6015315410464
20260602,2026-06-02,552,Syracuse Mets,International League,NBT Bank Stadium,Scranton/Wilkes-Barre RailRiders,531,3479.0,1,night,Tuesday,1,6,June,10,0,,0,552-5,1,6,9.0,0.5087719298245614,0.5178571428571429,Clear,Clear,73.0,11,Calm,0,0,0,,0,,partial_assembled,0,8.154500175151941,5329.0,,8.30668644469716,-0.15218626954521852,4050.867945606495
20260603,2026-06-03,552,Syracuse Mets,International League,NBT Bank Stadium,Scranton/Wilkes-Barre RailRiders,531,3966.0,2,night,Wednesday,2,6,June,10,0,,0,552-5,2,6,1.0,0.5084745762711864,0.5172413793103449,Clear,Clear,81.0,8,Out To RF,0,0,0,,0,,partial_assembled,0,8.285513309079741,6561.0,,8.238191302954911,0.04732200612482984,3782.692372600238
20260604,2026-06-04,552,Syracuse Mets,International League,NBT Bank Stadium,Scranton/Wilkes-Barre RailRiders,531,6537.0,1,night,Thursday,3,6,June,10,0,,0,552-5,3,6,1.0,0.5166666666666667,0.5084745762711864,Clear,Clear,81.0,6,Calm,0,0,0,,0,,partial_assembled,0,8.78523362361273,6561.0,,8.357198899730426,0.4280347238823037,4260.743266422879
20260605,2026-06-05,552,Syracuse Mets,International League,NBT Bank Stadium,Scranton/Wilkes-Barre RailRiders,531,7642.0,1,night,Friday,4,6,June,11,1,,0,552-5,4,6,1.0,0.5081967213114754,0.5166666666666667,Cloudy,Cloudy,83.0,7,In From RF,0,0,0,,0,,partial_assembled,0,8.941414628006845,6889.0,,8.651773452711195,0.2896411752956496,5720.282393860251
20260606,2026-06-06,552,Syracuse Mets,International League,NBT Bank Stadium,Scranton/Wilkes-Barre RailRiders,531,8327.0,1,night,Saturday,5,6,June,11,1,,0,552-5,5,6,1.0,0.5161290322580645,0.5081967213114754,Partly Cloudy,Cloudy,81.0,11,L To R,0,0,0,,0,,partial_assembled,0,9.02725852623582,6561.0,,8.641026458010677,0.38623206822514256,5659.135709360085
20260607,2026-06-07,552,Syracuse Mets,International League,NBT Bank Stadium,Scranton/Wilkes-Barre RailRiders,531,5571.0,1,day,Sunday,6,6,June,11,1,,0,552-5,6,6,1.0,0.5238095238095238,0.5,Overcast,Cloudy,65.0,11,L To R,0,0,0,,0,,partial_assembled,0,8.625329850020815,4225.0,,8.46829764981417,0.1570322002066451,4761.402991044626
20260616,2026-06-16,552,Syracuse Mets,International League,NBT Bank Stadium,Norfolk Tides,568,3771.0,1,night,Tuesday,1,6,June,12,0,,0,552-6,1,6,9.0,0.5,0.3714285714285714,Partly Cloudy,Cloudy,77.0,8,Calm,0,0,0,,0,,partial_assembled,0,8.235095497258357,5929.0,,8.307967887243525,-0.07287238998516798,4056.062227517827
20260617,2026-06-17,552,Syracuse Mets,International League,NBT Bank Stadium,Norfolk Tides,568,9354.0,1,day,Wednesday,2,6,June,12,0,,0,552-6,2,6,1.0,0.4929577464788732,0.380281690140845,Partly Cloudy,Cloudy,69.0,8,Calm,0,0,0,,0,,partial_assembled,0,9.143559338285831,4761.0,,8.429725185699107,0.713834152586724,4581.240929427846
20260618,2026-06-18,552,Syracuse Mets,International League,NBT Bank Stadium,Norfolk Tides,568,6004.0,1,night,Thursday,3,6,June,12,0,,0,552-6,3,6,1.0,0.5,0.375,Cloudy,Cloudy,78.0,15,Out To RF,0,0,0,,0,,partial_assembled,0,8.700181192753353,6084.0,,8.381982105996912,0.31819908675644193,4367.6575123108905
20260619,2026-06-19,552,Syracuse Mets,International League,NBT Bank Stadium,Norfolk Tides,568,5348.0,1,night,Friday,4,6,June,13,1,,0,552-6,4,6,1.0,0.4931506849315068,0.3835616438356164,Partly Cloudy,Cloudy,72.0,12,Calm,0,0,0,,0,,partial_assembled,0,8.584477938221834,5184.0,,8.700800490948453,-0.11632255272661851,6007.71941795892
20260620,2026-06-20,552,Syracuse Mets,International League,NBT Bank Stadium,Norfolk Tides,568,6633.0,1,night,Saturday,5,6,June,13,1,,0,552-6,5,6,1.0,0.5,0.3783783783783784,Partly Cloudy,Cloudy,64.0,4,L To R,0,0,0,,0,,partial_assembled,0,8.799812469525556,4096.0,,8.635589661420143,0.16422280810541245,5628.451626769782
20260621,2026-06-21,552,Syracuse Mets,International League,NBT Bank Stadium,Norfolk Tides,568,7672.0,1,day,Sunday,6,6,June,13,1,Father's Day,1,552-6,6,6,1.0,0.5066666666666667,0.3733333333333333,Partly Cloudy,Cloudy,71.0,7,L To R,0,0,0,,0,,partial_assembled,0,8.945332616563274,5041.0,,8.581353477788742,0.3639791387745319,5331.316462702317
20260630,2026-06-30,552,Syracuse Mets,International League,NBT Bank Stadium,Worcester Red Sox,533,3843.0,1,night,Tuesday,1,6,June,14,0,,0,552-7,1,6,9.0,0.5121951219512195,0.4871794871794871,Partly Cloudy,Cloudy,83.0,7,R To L,0,0,0,,0,,partial_assembled,0,8.254008590564844,6889.0,,8.265262538197357,-0.011253947632512862,3886.49319679296
20260701,2026-07-01,552,Syracuse Mets,International League,NBT Bank Stadium,Worcester Red Sox,533,3372.0,1,night,Wednesday,2,7,July,14,0,,0,552-7,2,6,1.0,0.5060240963855421,0.4936708860759494,Partly Cloudy,Cloudy,93.0,9,L To R,0,0,0,,0,,partial_assembled,0,8.123261319121745,8649.0,,8.088179414513737,0.035081904608007974,3255.75479137986
20260702,2026-07-02,552,Syracuse Mets,International League,NBT Bank Stadium,Worcester Red Sox,533,5818.0,1,night,Thursday,3,7,July,14,0,,0,552-7,3,6,1.0,0.5,0.5,Partly Cloudy,Cloudy,91.0,5,Calm,0,0,0,,0,,partial_assembled,0,8.668711839055147,8281.0,,8.242883561361081,0.42582827769406606,3800.4834502076587
20260703,2026-07-03,552,Syracuse Mets,International League,NBT Bank Stadium,Worcester Red Sox,533,5794.0,1,night,Friday,4,7,July,15,1,,0,552-7,4,6,1.0,0.5058823529411764,0.4938271604938271,Cloudy,Cloudy,85.0,9,L To R,0,0,0,,0,,partial_assembled,0,8.664578178329295,7225.0,,8.630694848974194,0.033883329355100855,5600.968728384489
20260704,2026-07-04,552,Syracuse Mets,International League,NBT Bank Stadium,Worcester Red Sox,533,9669.0,1,night,Saturday,5,7,July,15,1,Independence Day,1,552-7,5,6,1.0,0.5116279069767442,0.4878048780487805,Cloudy,Cloudy,74.0,6,Calm,0,0,0,,0,,partial_assembled,0,9.176680170483548,5476.0,,8.74171775389592,0.4349624165876289,6258.637282503243
20260705,2026-07-05,552,Syracuse Mets,International League,NBT Bank Stadium,Worcester Red Sox,533,4464.0,1,day,Sunday,6,7,July,15,1,,0,552-7,6,6,1.0,0.5057471264367817,0.4939759036144578,Cloudy,Cloudy,78.0,2,Calm,0,0,0,,0,,partial_assembled,0,8.403800504061147,6084.0,,8.490575682948954,-0.08677517888780706,4868.668075839187
20260717,2026-07-17,552,Syracuse Mets,International League,NBT Bank Stadium,Buffalo Bisons,422,7216.0,1,night,Friday,4,7,July,17,1,,0,552-8,1,3,12.0,0.4946236559139785,0.4787234042553192,Clear,Clear,81.0,9,Calm,0,0,0,,0,,partial_assembled,0,8.88405606174246,6561.0,,8.655841947260676,0.22821411448178353,5743.602738781485
20260718,2026-07-18,552,Syracuse Mets,International League,NBT Bank Stadium,Buffalo Bisons,422,4072.0,1,night,Saturday,5,7,July,17,1,,0,552-8,2,3,1.0,0.5,0.4736842105263157,Overcast,Cloudy,73.0,1,Calm,0,0,0,,0,,partial_assembled,0,8.311889558230359,5329.0,,8.694153156280706,-0.38226359805034704,5967.916534505605
20260719,2026-07-19,552,Syracuse Mets,International League,NBT Bank Stadium,Buffalo Bisons,422,5259.0,1,day,Sunday,6,7,July,17,1,,0,552-8,3,3,1.0,0.4947368421052631,0.4791666666666667,Partly Cloudy,Cloudy,72.0,10,In From LF,0,0,0,,0,,partial_assembled,0,8.567696173589344,5184.0,,8.52767192317939,0.040024250409953055,5052.669129718607
20260804,2026-08-04,552,Syracuse Mets,International League,NBT Bank Stadium,Columbus Clippers,445,5346.0,1,night,Tuesday,1,8,August,19,0,,0,552-9,1,6,14.0,0.4814814814814814,0.5370370370370371,Clear,Clear,85.0,5,Out To RF,0,0,0,,0,,partial_assembled,0,8.584103896698863,7225.0,,8.226553609104892,0.35755028759397156,3738.9257222415613
20260805,2026-08-05,552,Syracuse Mets,International League,NBT Bank Stadium,Columbus Clippers,445,3576.0,1,day,Wednesday,2,8,August,19,0,,0,552-9,2,6,1.0,0.4770642201834862,0.5412844036697247,Sunny,Clear,84.0,5,Calm,0,0,0,,0,,partial_assembled,0,8.182000136293405,7056.0,,8.378039881559575,-0.19603974526616952,4350.47312075152
20260806,2026-08-06,552,Syracuse Mets,International League,NBT Bank Stadium,Columbus Clippers,445,7778.0,1,night,Thursday,3,8,August,19,0,,0,552-9,3,6,1.0,0.4818181818181818,0.5363636363636364,Clear,Clear,85.0,5,Calm,0,0,0,,0,,partial_assembled,0,8.959054514715692,7225.0,,8.321707690494557,0.6373468242211349,4112.176340155498
20260807,2026-08-07,552,Syracuse Mets,International League,NBT Bank Stadium,Columbus Clippers,445,4851.0,1,night,Friday,4,8,August,20,1,,0,552-9,4,6,1.0,0.4864864864864865,0.5315315315315315,Cloudy,Cloudy,82.0,3,Calm,0,0,0,,0,,partial_assembled,0,8.486940148245216,6724.0,,8.65766703600648,-0.17072688776126377,5754.09489514625
20260808,2026-08-08,552,Syracuse Mets,International League,NBT Bank Stadium,Columbus Clippers,445,5989.0,1,night,Saturday,5,8,August,20,1,,0,552-9,5,6,1.0,0.4910714285714285,0.5267857142857143,Cloudy,Cloudy,83.0,7,L To R,0,0,0,,0,,partial_assembled,0,8.697679732264463,6889.0,,8.623439812634425,0.07423991963003829,5560.480545932656
20260809,2026-08-09,552,Syracuse Mets,International League,NBT Bank Stadium,Columbus Clippers,445,4589.0,1,day,Sunday,6,8,August,20,1,,0,552-9,6,6,1.0,0.4867256637168141,0.5309734513274337,Sunny,Clear,80.0,8,Out To RF,0,0,0,,0,,partial_assembled,0,8.431417414394833,6400.0,,8.479744460804,-0.04832704640916674,4816.219006874191
20260818,2026-08-18,552,Syracuse Mets,International League,NBT Bank Stadium,Worcester Red Sox,533,4004.0,1,night,Tuesday,1,8,August,21,0,,0,552-10,1,6,9.0,0.5,0.5344827586206896,Partly Cloudy,Cloudy,80.0,8,Calm,0,0,0,,0,,partial_assembled,0,8.295049140435111,6400.0,,8.282059083575275,0.01299005685983623,3952.324174939101
20260819,2026-08-19,552,Syracuse Mets,International League,NBT Bank Stadium,Worcester Red Sox,533,3721.0,1,night,Wednesday,2,8,August,21,0,,0,552-10,2,6,1.0,0.4958677685950413,0.5384615384615384,Partly Cloudy,Cloudy,77.0,7,Out To RF,0,0,0,,0,,partial_assembled,0,8.221747728346623,5929.0,,8.25438051763766,-0.03263278929103741,3844.429581574398
20260820,2026-08-20,552,Syracuse Mets,International League,NBT Bank Stadium,Worcester Red Sox,533,7394.0,1,night,Thursday,3,8,August,21,0,,0,552-10,3,6,1.0,0.5,0.5338983050847458,Cloudy,Cloudy,71.0,4,Calm,0,0,0,,0,,partial_assembled,0,8.908424139496578,5041.0,,8.37740093552605,0.5310232039705287,4347.694291062698
20260821,2026-08-21,552,Syracuse Mets,International League,NBT Bank Stadium,Worcester Red Sox,533,6896.0,1,night,Friday,4,8,August,22,1,,0,552-10,4,6,1.0,0.5040650406504065,0.5294117647058824,Clear,Clear,82.0,2,Varies,0,0,0,,0,,partial_assembled,0,8.83869681234353,6724.0,,8.654645279431582,0.18405153291194765,5736.733664980426
20260822,2026-08-22,552,Syracuse Mets,International League,NBT Bank Stadium,Worcester Red Sox,533,5059.0,1,night,Saturday,5,8,August,22,1,,0,552-10,5,6,1.0,0.5080645161290323,0.525,Partly Cloudy,Cloudy,80.0,8,Out To LF,0,0,0,,0,,partial_assembled,0,8.528924114291936,6400.0,,8.64262366840693,-0.11369955411499433,5668.181762050484
20260823,2026-08-23,552,Syracuse Mets,International League,NBT Bank Stadium,Worcester Red Sox,533,5565.0,1,day,Sunday,6,8,August,22,1,,0,552-10,6,6,1.0,0.512,0.5206611570247934,Cloudy,Cloudy,73.0,7,L To R,0,0,0,,0,,partial_assembled,0,8.624252263709645,5329.0,,8.495571386658705,0.12868087705093956,4893.051354112852
20260331,2026-03-31,529,Tacoma Rainiers,Pacific Coast League,Cheney Stadium,El Paso Chihuahuas,4904,4518.0,1,night,Tuesday,1,3,March,1,0,,0,529-1,1,5,1.0,0.5,0.5,Partly Cloudy,Cloudy,56.0,2,Out To CF,0,0,0,,0,,partial_assembled,0,8.415824697027949,3136.0,,8.218884704028003,0.1969399929999458,3710.3619223145865
20260402,2026-04-02,529,Tacoma Rainiers,Pacific Coast League,Cheney Stadium,El Paso Chihuahuas,4904,2603.0,1,night,Thursday,3,4,April,1,0,,0,529-1,2,5,2.0,0.6,0.4,Partly Cloudy,Cloudy,53.0,12,Out To CF,0,0,0,,0,,partial_assembled,0,7.864419904994565,2809.0,,8.052356596608332,-0.1879366916137668,3141.1887705681047
20260403,2026-04-03,529,Tacoma Rainiers,Pacific Coast League,Cheney Stadium,El Paso Chihuahuas,4904,4091.0,1,night,Friday,4,4,April,2,1,,0,529-1,3,5,1.0,0.5,0.5,Clear,Clear,55.0,4,Out To LF,0,0,0,,0,,partial_assembled,0,8.316544717929398,3025.0,,8.413737443233206,-0.09719272530380785,4508.579622135167
20260404,2026-04-04,529,Tacoma Rainiers,Pacific Coast League,Cheney Stadium,El Paso Chihuahuas,4904,4314.0,2,night,Saturday,5,4,April,2,1,,0,529-1,4,5,1.0,0.375,0.625,Clear,Clear,59.0,9,L To R,0,0,0,,0,,partial_assembled,0,8.369620826949102,3481.0,,8.46495553442857,-0.09533470747946815,4745.516395057072
20260405,2026-04-05,529,Tacoma Rainiers,Pacific Coast League,Cheney Stadium,El Paso Chihuahuas,4904,4100.0,1,day,Sunday,6,4,April,2,1,,0,529-1,5,5,1.0,0.4444444444444444,0.5555555555555556,Partly Cloudy,Cloudy,60.0,7,L To R,0,0,0,,0,,partial_assembled,0,8.318742252692399,3600.0,,8.301524925812279,0.0172173268801199,4030.0131816339053
20260415,2026-04-15,529,Tacoma Rainiers,Pacific Coast League,Cheney Stadium,Sacramento River Cats,105,1855.0,1,night,Wednesday,2,4,April,3,0,,0,529-2,1,5,10.0,0.375,0.7142857142857143,Cloudy,Cloudy,46.0,11,Out To RF,0,0,0,,1,-3.0,partial_assembled,0,7.5256399750415355,2116.0,-3.0,7.780803807121661,-0.2551638320801253,2394.1985211136302
20260416,2026-04-16,529,Tacoma Rainiers,Pacific Coast League,Cheney Stadium,Sacramento River Cats,105,2610.0,2,night,Thursday,3,4,April,3,0,,0,529-2,2,5,1.0,0.4444444444444444,0.625,Partly Cloudy,Cloudy,56.0,7,Out To CF,0,0,0,,1,-2.0,partial_assembled,0,7.867105500316739,3136.0,-2.0,8.125852636829146,-0.2587471365124072,3380.7492544624765
20260417,2026-04-17,529,Tacoma Rainiers,Pacific Coast League,Cheney Stadium,Sacramento River Cats,105,4432.0,1,night,Friday,4,4,April,4,1,,0,529-2,3,5,1.0,0.4736842105263157,0.5882352941176471,Cloudy,Cloudy,53.0,5,In From CF,0,0,0,,1,-1.0,partial_assembled,0,8.39660622842712,2809.0,-1.0,8.379883009476528,0.0167232189505917,4358.498993295129
20260418,2026-04-18,529,Tacoma Rainiers,Pacific Coast League,Cheney Stadium,Sacramento River Cats,105,5791.0,1,night,Saturday,5,4,April,4,1,,0,529-2,4,5,1.0,0.5,0.5555555555555556,Partly Cloudy,Cloudy,69.0,3,Out To CF,0,1,1,"Cheney Studs throwback hat, first 1000 fans",1,0.0,partial_assembled,0,8.66406026722579,4761.0,0.0,8.530410237357431,0.13365002986835783,5066.523885913793
20260419,2026-04-19,529,Tacoma Rainiers,Pacific Coast League,Cheney Stadium,Sacramento River Cats,105,6753.0,1,day,Sunday,6,4,April,4,1,,0,529-2,5,5,1.0,0.4761904761904761,0.5789473684210527,Partly Cloudy,Cloudy,66.0,6,In From CF,0,1,1,"Cheney Studs throwback hat, first 1000 fans",1,0.0,partial_assembled,0,8.817742129574842,4356.0,0.0,8.351355191948679,0.46638693762616334,4235.917336229775
20260428,2026-04-28,529,Tacoma Rainiers,Pacific Coast League,Cheney Stadium,Las Vegas Aviators,400,2493.0,1,night,Tuesday,1,4,April,5,0,,0,529-3,1,6,9.0,0.5,0.5769230769230769,Cloudy,Cloudy,57.0,8,Out To CF,0,0,0,,0,,partial_assembled,0,7.821242083523558,3249.0,,8.046720512232273,-0.22547842870871548,3123.5345626515514
20260429,2026-04-29,529,Tacoma Rainiers,Pacific Coast League,Cheney Stadium,Las Vegas Aviators,400,2507.0,1,night,Wednesday,2,4,April,5,0,,0,529-3,2,6,1.0,0.4827586206896552,0.5925925925925926,Clear,Clear,64.0,7,In From RF,0,0,0,,0,,partial_assembled,0,7.826842098158293,4096.0,,8.088529370491337,-0.26168727233304345,3256.894361618779
20260430,2026-04-30,529,Tacoma Rainiers,Pacific Coast League,Cheney Stadium,Las Vegas Aviators,400,3044.0,1,night,Thursday,3,4,April,5,0,,0,529-3,3,6,1.0,0.5,0.5714285714285714,Partly Cloudy,Cloudy,70.0,6,In From RF,0,0,0,,0,,partial_assembled,0,8.020927718981577,4900.0,,8.241013695385554,-0.2200859764039773,3793.383695377189
20260501,2026-05-01,529,Tacoma Rainiers,Pacific Coast League,Cheney Stadium,Las Vegas Aviators,400,5384.0,1,night,Friday,4,5,May,6,1,,0,529-3,4,6,1.0,0.4838709677419355,0.5862068965517241,Partly Cloudy,Cloudy,71.0,6,In From CF,0,0,0,,0,,partial_assembled,0,8.591186871324563,5041.0,,8.763616906517004,-0.17243003519244127,6397.2078871145895
20260502,2026-05-02,529,Tacoma Rainiers,Pacific Coast League,Cheney Stadium,Las Vegas Aviators,400,5910.0,1,night,Saturday,5,5,May,6,1,,0,529-3,5,6,1.0,0.5,0.5666666666666667,Clear,Clear,72.0,10,In From LF,0,0,0,,0,,partial_assembled,0,8.684401110400144,5184.0,,8.737889960937707,-0.05348885053756369,6234.726307112178
20260503,2026-05-03,529,Tacoma Rainiers,Pacific Coast League,Cheney Stadium,Las Vegas Aviators,400,5990.0,1,day,Sunday,6,5,May,6,1,,0,529-3,6,6,1.0,0.4848484848484848,0.5806451612903226,Sunny,Clear,76.0,8,In From CF,0,0,0,,0,,partial_assembled,0,8.697846691109495,5776.0,,8.57130303263685,0.12654365847264515,5278.0027211980605
20260512,2026-05-12,529,Tacoma Rainiers,Pacific Coast League,Cheney Stadium,Sugar Land Space Cowboys,5434,3874.0,1,day,Tuesday,1,5,May,7,0,,0,529-4,1,6,9.0,0.45,0.475,Partly Cloudy,Cloudy,73.0,5,L To R,0,0,0,,0,,partial_assembled,0,8.262042843966942,5329.0,,8.555132073140369,-0.29308922917342706,5193.338746782374
20260513,2026-05-13,529,Tacoma Rainiers,Pacific Coast League,Cheney Stadium,Sugar Land Space Cowboys,5434,3435.0,1,night,Wednesday,2,5,May,7,0,,0,529-4,2,6,1.0,0.4634146341463415,0.4634146341463415,Cloudy,Cloudy,57.0,17,Out To CF,0,0,0,,0,,partial_assembled,0,8.14177220465645,3249.0,,8.224041341903215,-0.08226913724676521,3729.544330995044
20260514,2026-05-14,529,Tacoma Rainiers,Pacific Coast League,Cheney Stadium,Sugar Land Space Cowboys,5434,3392.0,1,night,Thursday,3,5,May,7,0,,0,529-4,3,6,1.0,0.4761904761904761,0.4523809523809524,Partly Cloudy,Cloudy,56.0,9,Out To CF,0,0,0,,0,,partial_assembled,0,8.129174996911793,3136.0,,8.327048017634516,-0.19787302072272261,4134.195449361975
20260515,2026-05-15,529,Tacoma Rainiers,Pacific Coast League,Cheney Stadium,Sugar Land Space Cowboys,5434,6244.0,1,night,Friday,4,5,May,8,1,,0,529-4,4,6,1.0,0.4883720930232558,0.4418604651162791,Rain,Precipitation,48.0,11,L To R,1,0,0,,0,,partial_assembled,0,8.739376281635323,2304.0,,8.517505147733022,0.22187113390230095,5001.560024901083
20260516,2026-05-16,529,Tacoma Rainiers,Pacific Coast League,Cheney Stadium,Sugar Land Space Cowboys,5434,5474.0,1,night,Saturday,5,5,May,8,1,,0,529-4,5,6,1.0,0.4772727272727273,0.4545454545454545,Rain,Precipitation,49.0,3,L To R,1,0,0,,0,,partial_assembled,0,8.607764889600624,2401.0,,8.51617846941906,0.09158642018156371,4994.928963295481
20260517,2026-05-17,529,Tacoma Rainiers,Pacific Coast League,Cheney Stadium,Sugar Land Space Cowboys,5434,5793.0,1,day,Sunday,6,5,May,8,1,,0,529-4,6,6,1.0,0.4888888888888889,0.4444444444444444,Cloudy,Cloudy,57.0,4,In From CF,0,0,0,,0,,partial_assembled,0,8.664405571096625,3249.0,,8.457698129575075,0.20670744152154974,4711.200932557228
20260526,2026-05-26,529,Tacoma Rainiers,Pacific Coast League,Cheney Stadium,Las Vegas Aviators,400,3134.0,1,night,Tuesday,1,5,May,9,0,,0,529-5,1,6,9.0,0.4423076923076923,0.54,Partly Cloudy,Cloudy,63.0,9,In From LF,0,0,0,,0,,partial_assembled,0,8.050065422915965,3969.0,,8.33967029139191,-0.28960486847594424,4186.709119840285
20260527,2026-05-27,529,Tacoma Rainiers,Pacific Coast League,Cheney Stadium,Las Vegas Aviators,400,5385.0,1,night,Wednesday,2,5,May,9,0,,0,529-5,2,6,1.0,0.4339622641509434,0.5490196078431373,Clear,Clear,71.0,9,L To R,0,0,0,,0,,partial_assembled,0,8.591372589590488,5041.0,,8.344706672847785,0.24666591674270322,4207.848171493569
20260528,2026-05-28,529,Tacoma Rainiers,Pacific Coast League,Cheney Stadium,Las Vegas Aviators,400,3894.0,1,night,Thursday,3,5,May,9,0,,0,529-5,3,6,1.0,0.4259259259259259,0.5576923076923077,Cloudy,Cloudy,73.0,8,Out To RF,0,0,0,,0,,partial_assembled,0,8.267192185932146,5329.0,,8.468376523541918,-0.2011843376097726,4761.778555458729
20260529,2026-05-29,529,Tacoma Rainiers,Pacific Coast League,Cheney Stadium,Las Vegas Aviators,400,6711.0,1,night,Friday,4,5,May,10,1,,0,529-5,4,6,1.0,0.4181818181818181,0.5660377358490566,Clear,Clear,60.0,4,In From LF,0,0,0,,0,,partial_assembled,0,8.811503250158239,3600.0,,8.697621181331598,0.11388206882664065,5988.649348728657
20260530,2026-05-30,529,Tacoma Rainiers,Pacific Coast League,Cheney Stadium,Las Vegas Aviators,400,6983.0,1,night,Saturday,5,5,May,10,1,,0,529-5,5,6,1.0,0.4107142857142857,0.5740740740740741,Clear,Clear,64.0,5,Out To CF,0,0,0,,0,,partial_assembled,0,8.851233902846035,4096.0,,8.714489625634098,0.13674427721193716,6090.525376085085
20260531,2026-05-31,529,Tacoma Rainiers,Pacific Coast League,Cheney Stadium,Las Vegas Aviators,400,6920.0,1,day,Sunday,6,5,May,10,1,,0,529-5,6,6,1.0,0.4035087719298245,0.5818181818181818,Sunny,Clear,65.0,7,In From LF,0,0,0,,0,,partial_assembled,0,8.842171048611716,4225.0,,8.55707746157303,0.2850935870386859,5203.4516414720465
20260609,2026-06-09,529,Tacoma Rainiers,Pacific Coast League,Cheney Stadium,Albuquerque Isotopes,342,6266.0,1,day,Tuesday,1,6,June,11,0,,0,529-6,1,6,9.0,0.40625,0.53125,Partly Cloudy,Cloudy,59.0,15,Out To CF,0,0,0,,0,,partial_assembled,0,8.742893471512136,3481.0,,8.58920489221197,0.15368857930016588,5373.339592300215
20260610,2026-06-10,529,Tacoma Rainiers,Pacific Coast League,Cheney Stadium,Albuquerque Isotopes,342,6292.0,1,night,Wednesday,2,6,June,11,0,,0,529-6,2,6,1.0,0.4153846153846154,0.5230769230769231,Partly Cloudy,Cloudy,65.0,3,Calm,0,0,0,,0,,partial_assembled,0,8.747034264178168,4225.0,,8.441760999789192,0.3052732643889762,4636.713049978266
20260611,2026-06-11,529,Tacoma Rainiers,Pacific Coast League,Cheney Stadium,Albuquerque Isotopes,342,6544.0,1,night,Thursday,3,6,June,11,0,,0,529-6,3,6,1.0,0.4242424242424242,0.5151515151515151,Clear,Clear,73.0,7,In From CF,0,0,0,,0,,partial_assembled,0,8.786303878282583,5329.0,,8.592248680056874,0.19405519822570838,5389.71981435178
20260612,2026-06-12,529,Tacoma Rainiers,Pacific Coast League,Cheney Stadium,Albuquerque Isotopes,342,6504.0,1,night,Friday,4,6,June,12,1,,0,529-6,4,6,1.0,0.417910447761194,0.5223880597014925,Clear,Clear,72.0,8,In From CF,0,0,0,,0,,partial_assembled,0,8.780172651227646,5184.0,,8.901349542581704,-0.1211768913540574,7341.875029393588
20260613,2026-06-13,529,Tacoma Rainiers,Pacific Coast League,Cheney Stadium,Albuquerque Isotopes,342,6714.0,1,night,Saturday,5,6,June,12,1,,0,529-6,5,6,1.0,0.4264705882352941,0.5147058823529411,Clear,Clear,81.0,10,In From CF,0,0,0,,0,,partial_assembled,0,8.81195017753998,6561.0,,8.849238042375895,-0.037287864835914064,6969.076805335803
20260614,2026-06-14,529,Tacoma Rainiers,Pacific Coast League,Cheney Stadium,Albuquerque Isotopes,342,7090.0,1,day,Sunday,6,6,June,12,1,,0,529-6,6,6,1.0,0.4347826086956521,0.5072463768115942,Sunny,Clear,84.0,9,In From LF,0,0,0,,0,,partial_assembled,0,8.866440619526173,7056.0,,8.656809761771342,0.20963085775483137,5749.16417163919
20260623,2026-06-23,529,Tacoma Rainiers,Pacific Coast League,Cheney Stadium,Round Rock Express,102,3894.0,1,night,Tuesday,1,6,June,13,0,,0,529-7,1,12,9.0,0.4342105263157895,0.4210526315789473,Partly Cloudy,Cloudy,88.0,4,In From CF,0,0,0,,0,,partial_assembled,0,8.267192185932146,7744.0,,8.419242454893192,-0.15205026896104634,4533.467847657418
20260624,2026-06-24,529,Tacoma Rainiers,Pacific Coast League,Cheney Stadium,Round Rock Express,102,4166.0,1,night,Wednesday,2,6,June,13,0,,0,529-7,2,12,1.0,0.4415584415584415,0.4155844155844156,Clear,Clear,84.0,10,R To L,0,0,0,,0,,partial_assembled,0,8.334711621820917,7056.0,,8.421737014701113,-0.0870253928801965,4544.790971573779
20260625,2026-06-25,529,Tacoma Rainiers,Pacific Coast League,Cheney Stadium,Round Rock Express,102,3970.0,1,night,Thursday,3,6,June,13,0,,0,529-7,3,12,1.0,0.4358974358974359,0.4230769230769231,Cloudy,Cloudy,63.0,7,Out To CF,0,0,0,,0,,partial_assembled,0,8.286521373681236,3969.0,,8.545153328393035,-0.2586319547117988,5141.773451387379
20260626,2026-06-26,529,Tacoma Rainiers,Pacific Coast League,Cheney Stadium,Round Rock Express,102,6933.0,1,night,Friday,4,6,June,14,1,,0,529-7,4,12,1.0,0.430379746835443,0.430379746835443,Partly Cloudy,Cloudy,63.0,12,L To R,0,0,0,,0,,partial_assembled,0,8.84404789894249,3969.0,,8.854890487648559,-0.010842588706069023,7008.5806721220515
20260627,2026-06-27,529,Tacoma Rainiers,Pacific Coast League,Cheney Stadium,Round Rock Express,102,6567.0,1,night,Saturday,5,6,June,14,1,,0,529-7,5,12,1.0,0.4375,0.425,Partly Cloudy,Cloudy,64.0,5,In From LF,0,0,0,,0,,partial_assembled,0,8.789812386190972,4096.0,,8.83745488007369,-0.047642493882717574,6887.440951046855
20260628,2026-06-28,529,Tacoma Rainiers,Pacific Coast League,Cheney Stadium,Round Rock Express,102,6910.0,1,day,Sunday,6,6,June,14,1,,0,529-7,6,12,1.0,0.4320987654320987,0.4320987654320987,Cloudy,Cloudy,63.0,8,L To R,0,0,0,,0,,partial_assembled,0,8.840724916761715,3969.0,,8.66278116976429,0.17794374699742477,5783.597481880791
20260630,2026-06-30,529,Tacoma Rainiers,Pacific Coast League,Cheney Stadium,Reno Aces,2310,3711.0,1,night,Tuesday,1,6,June,14,0,,0,529-7,7,12,2.0,0.4268292682926829,0.4390243902439024,Cloudy,Cloudy,63.0,9,Out To CF,0,0,0,,0,,partial_assembled,0,8.219056661060598,3969.0,,8.441070972854009,-0.22201431179341036,4633.514696684929
20260701,2026-07-01,529,Tacoma Rainiers,Pacific Coast League,Cheney Stadium,Reno Aces,2310,3263.0,1,night,Wednesday,2,7,July,14,0,,0,529-7,8,12,1.0,0.4337349397590361,0.4337349397590361,Cloudy,Cloudy,65.0,5,In From CF,0,0,0,,0,,partial_assembled,0,8.09040229659332,4225.0,,8.387509593453293,-0.2971072968599735,4391.866530307231
20260702,2026-07-02,529,Tacoma Rainiers,Pacific Coast League,Cheney Stadium,Reno Aces,2310,3764.0,1,night,Thursday,3,7,July,14,0,,0,529-7,9,12,1.0,0.4285714285714285,0.4404761904761904,Cloudy,Cloudy,67.0,6,Out To CF,0,0,0,,0,,partial_assembled,0,8.23323750070527,4489.0,,8.521619368732326,-0.2883818680270558,5022.179936535758
20260703,2026-07-03,529,Tacoma Rainiers,Pacific Coast League,Cheney Stadium,Reno Aces,2310,7260.0,1,night,Friday,4,7,July,15,1,,0,529-7,10,12,1.0,0.4235294117647059,0.4470588235294118,Partly Cloudy,Cloudy,71.0,6,R To L,0,0,0,,0,,partial_assembled,0,8.890135107818843,5041.0,,8.847115473161832,0.04301963465701064,6954.3001452480285
20260704,2026-07-04,529,Tacoma Rainiers,Pacific Coast League,Cheney Stadium,Reno Aces,2310,5968.0,1,night,Saturday,5,7,July,15,1,Independence Day,1,529-7,11,12,1.0,0.4302325581395348,0.4418604651162791,Clear,Clear,71.0,5,In From CF,0,0,0,,0,,partial_assembled,0,8.694167141883597,5041.0,,8.896781388353697,-0.20261424647009996,7308.412700666851
20260705,2026-07-05,529,Tacoma Rainiers,Pacific Coast League,Cheney Stadium,Reno Aces,2310,5898.0,1,day,Sunday,6,7,July,15,1,,0,529-7,12,12,1.0,0.425287356321839,0.4482758620689655,Sunny,Clear,71.0,9,In From CF,0,0,0,,0,,partial_assembled,0,8.682368589375221,5041.0,,8.655018694312771,0.027349895062450003,5738.876246711399
20260717,2026-07-17,529,Tacoma Rainiers,Pacific Coast League,Cheney Stadium,Oklahoma City Comets,238,7112.0,1,night,Friday,4,7,July,17,1,,0,529-8,1,3,12.0,0.4361702127659574,0.5543478260869565,Partly Cloudy,Cloudy,70.0,6,R To L,0,0,0,,0,,partial_assembled,0,8.86953877719374,4900.0,,8.877161460771054,-0.007622683577313438,7166.4196740740545
20260718,2026-07-18,529,Tacoma Rainiers,Pacific Coast League,Cheney Stadium,Oklahoma City Comets,238,7052.0,1,night,Saturday,5,7,July,17,1,,0,529-8,2,3,1.0,0.4421052631578947,0.5483870967741935,Clear,Clear,73.0,4,In From CF,0,0,0,,0,,partial_assembled,0,8.861066543517762,5329.0,,8.894119330933888,-0.033052787416126606,7288.983159161616
20260719,2026-07-19,529,Tacoma Rainiers,Pacific Coast League,Cheney Stadium,Oklahoma City Comets,238,6447.0,1,day,Sunday,6,7,July,17,1,,0,529-8,3,3,1.0,0.4375,0.5531914893617021,Sunny,Clear,73.0,7,In From CF,0,0,0,,0,,partial_assembled,0,8.77137018531062,5329.0,,8.728330792067421,0.043039393243198276,6175.411457485098
20260728,2026-07-28,529,Tacoma Rainiers,Pacific Coast League,Cheney Stadium,Sacramento River Cats,105,6219.0,1,day,Tuesday,1,7,July,18,0,,0,529-9,1,6,9.0,0.4368932038834951,0.56,Partly Cloudy,Cloudy,72.0,10,Out To CF,0,0,0,,0,,partial_assembled,0,8.735364401103888,5184.0,,8.67220961464463,0.06315478645925765,5838.385689879891
20260729,2026-07-29,529,Tacoma Rainiers,Pacific Coast League,Cheney Stadium,Sacramento River Cats,105,6158.0,1,night,Wednesday,2,7,July,18,0,,0,529-9,2,6,1.0,0.4326923076923077,0.5643564356435643,Clear,Clear,75.0,7,In From CF,0,0,0,,0,,partial_assembled,0,8.725507328484445,5625.0,,8.464489274767846,0.26101805371659914,4743.304267945646
20260730,2026-07-30,529,Tacoma Rainiers,Pacific Coast League,Cheney Stadium,Sacramento River Cats,105,5184.0,1,night,Thursday,3,7,July,18,0,,0,529-9,3,6,1.0,0.4285714285714285,0.5686274509803921,Clear,Clear,79.0,5,Out To CF,0,0,0,,0,,partial_assembled,0,8.55333223803211,6241.0,,8.571988536868892,-0.018656298836781104,5281.622054792685
20260731,2026-07-31,529,Tacoma Rainiers,Pacific Coast League,Cheney Stadium,Sacramento River Cats,105,6684.0,1,night,Friday,4,7,July,19,1,,0,529-9,4,6,1.0,0.4245283018867924,0.5728155339805825,Clear,Clear,83.0,5,Out To CF,0,0,0,,0,,partial_assembled,0,8.807471889715284,6889.0,,8.853910992128684,-0.04643910241339988,7001.719159711943
20260801,2026-08-01,529,Tacoma Rainiers,Pacific Coast League,Cheney Stadium,Sacramento River Cats,105,6900.0,1,night,Saturday,5,8,August,19,1,,0,529-9,5,6,1.0,0.4205607476635514,0.5769230769230769,Partly Cloudy,Cloudy,71.0,15,Out To CF,0,0,0,,0,,partial_assembled,0,8.83927669058535,5041.0,,8.866117986043976,-0.02684129545862568,7087.712897578972
20260802,2026-08-02,529,Tacoma Rainiers,Pacific Coast League,Cheney Stadium,Sacramento River Cats,105,6726.0,1,day,Sunday,6,8,August,19,1,,0,529-9,6,6,1.0,0.4166666666666667,0.580952380952381,Partly Cloudy,Cloudy,70.0,7,Out To CF,0,0,0,,0,,partial_assembled,0,8.813735892300215,4900.0,,8.697639140144416,0.11609675215579962,5988.756898727072
20260811,2026-08-11,529,Tacoma Rainiers,Pacific Coast League,Cheney Stadium,Reno Aces,2310,6688.0,1,day,Tuesday,1,8,August,20,0,,0,529-10,1,6,9.0,0.4347826086956521,0.4521739130434782,Partly Cloudy,Cloudy,67.0,3,Out To RF,0,0,0,,0,,partial_assembled,0,8.808070154764538,4489.0,,8.656702477306649,0.15136767745788937,5748.547408723732
20260812,2026-08-12,529,Tacoma Rainiers,Pacific Coast League,Cheney Stadium,Reno Aces,2310,5100.0,1,night,Wednesday,2,8,August,20,0,,0,529-10,2,6,1.0,0.4310344827586206,0.4568965517241379,Partly Cloudy,Cloudy,74.0,4,In From CF,0,0,0,,0,,partial_assembled,0,8.536995818712418,5476.0,,8.467421232164547,0.06957458654787096,4757.231841527824
20260813,2026-08-13,529,Tacoma Rainiers,Pacific Coast League,Cheney Stadium,Reno Aces,2310,5853.0,1,night,Thursday,3,8,August,20,0,,0,529-10,3,6,1.0,0.4358974358974359,0.452991452991453,Partly Cloudy,Cloudy,75.0,3,In From CF,0,0,0,,0,,partial_assembled,0,8.67470962929122,5625.0,,8.58579918191424,0.08891044737698017,5355.070681284914
20260814,2026-08-14,529,Tacoma Rainiers,Pacific Coast League,Cheney Stadium,Reno Aces,2310,6517.0,1,night,Friday,4,8,August,21,1,,0,529-10,4,6,1.0,0.4406779661016949,0.4491525423728814,Partly Cloudy,Cloudy,72.0,4,In From LF,0,0,0,,0,,partial_assembled,0,8.78216942633238,5184.0,,8.894519129505662,-0.11234970317328141,7291.897866827489
20260815,2026-08-15,529,Tacoma Rainiers,Pacific Coast League,Cheney Stadium,Reno Aces,2310,6279.0,1,night,Saturday,5,8,August,21,1,,0,529-10,5,6,1.0,0.4453781512605042,0.4453781512605042,Partly Cloudy,Cloudy,76.0,4,L To R,0,0,0,,0,,partial_assembled,0,8.744966011114109,5776.0,,8.866206048876057,-0.12124003776194847,7088.3370891333425
20260816,2026-08-16,529,Tacoma Rainiers,Pacific Coast League,Cheney Stadium,Reno Aces,2310,6870.0,1,day,Sunday,6,8,August,21,1,,0,529-10,6,6,1.0,0.45,0.4416666666666666,Cloudy,Cloudy,68.0,5,L To R,0,0,0,,0,,partial_assembled,0,8.834919385216395,4624.0,,8.689232432821695,0.14568695239469953,5938.622201378849
20260825,2026-08-25,529,Tacoma Rainiers,Pacific Coast League,Cheney Stadium,Salt Lake Bees,561,6522.0,1,night,Tuesday,1,8,August,22,0,,0,529-11,1,6,9.0,0.4566929133858268,0.456,Clear,Clear,73.0,10,Out To CF,0,0,0,,0,,partial_assembled,0,8.782936356349264,5329.0,,8.505264078705835,0.27767227764342906,4940.708785350881
20260826,2026-08-26,529,Tacoma Rainiers,Pacific Coast League,Cheney Stadium,Salt Lake Bees,561,6304.0,1,night,Wednesday,2,8,August,22,0,,0,529-11,2,6,1.0,0.453125,0.4603174603174603,Clear,Clear,76.0,5,L To R,0,0,0,,0,,partial_assembled,0,8.748939631537715,5776.0,,8.460423636439748,0.288515995097967,4724.058857261319
20260827,2026-08-27,529,Tacoma Rainiers,Pacific Coast League,Cheney Stadium,Salt Lake Bees,561,6782.0,1,night,Thursday,3,8,August,22,0,,0,529-11,3,6,1.0,0.4573643410852713,0.4566929133858268,Partly Cloudy,Cloudy,72.0,9,Out To CF,0,0,0,,0,,partial_assembled,0,8.822027322685583,5184.0,,8.582235991764612,0.23979133092097094,5336.02350069835
20260828,2026-08-28,529,Tacoma Rainiers,Pacific Coast League,Cheney Stadium,Salt Lake Bees,561,7099.0,1,night,Friday,4,8,August,23,1,,0,529-11,4,6,1.0,0.4615384615384615,0.453125,Partly Cloudy,Cloudy,68.0,6,Out To CF,0,0,0,,0,,partial_assembled,0,8.867709208039386,4624.0,,8.878491386946383,-0.01078217890699662,7175.956823628711
20260829,2026-08-29,529,Tacoma Rainiers,Pacific Coast League,Cheney Stadium,Salt Lake Bees,561,7149.0,1,night,Saturday,5,8,August,23,1,,0,529-11,5,6,1.0,0.465648854961832,0.4496124031007752,Partly Cloudy,Cloudy,67.0,9,L To R,0,0,0,,0,,partial_assembled,0,8.874727765766853,4489.0,,8.847265191558925,0.027462574207927304,6955.341409864971
20260830,2026-08-30,529,Tacoma Rainiers,Pacific Coast League,Cheney Stadium,Salt Lake Bees,561,7247.0,1,day,Sunday,6,8,August,23,1,,0,529-11,6,6,1.0,0.4696969696969697,0.4461538461538462,Partly Cloudy,Cloudy,67.0,4,Out To CF,0,0,0,,0,,partial_assembled,0,8.888342869109282,4489.0,,8.680268317059863,0.20807455204941938,5885.62559324475
20260407,2026-04-07,512,Toledo Mud Hens,International League,Fifth Third Field,St. Paul Saints,1960,12112.0,1,day,Tuesday,1,4,April,2,0,,0,512-1,1,6,1.0,0.4,0.3333333333333333,Sunny,Clear,37.0,3,Out To LF,0,1,1,Magnet Schedule Gate Giveaway,1,0.0,partial_assembled,0,9.40195197567723,1369.0,0.0,7.809310021881457,1.5926419537957734,2463.430135878022
20260408,2026-04-08,512,Toledo Mud Hens,International League,Fifth Third Field,St. Paul Saints,1960,2408.0,1,night,Wednesday,2,4,April,2,0,,0,512-1,2,6,1.0,0.3636363636363636,0.4,Partly Cloudy,Cloudy,60.0,9,In From RF,0,0,0,,1,1.0,partial_assembled,0,7.786551806428712,3600.0,1.0,8.09570311494508,-0.30915130851636796,3280.3424943796185
20260409,2026-04-09,512,Toledo Mud Hens,International League,Fifth Third Field,St. Paul Saints,1960,2445.0,1,night,Thursday,3,4,April,2,0,,0,512-1,3,6,1.0,0.4166666666666667,0.3636363636363636,Overcast,Cloudy,64.0,9,Out To RF,0,0,0,,1,2.0,partial_assembled,0,7.801800401908973,4096.0,2.0,8.249045291882412,-0.44724488997343936,3823.973299820538
20260410,2026-04-10,512,Toledo Mud Hens,International League,Fifth Third Field,St. Paul Saints,1960,3060.0,1,night,Friday,4,4,April,3,1,,0,512-1,4,6,1.0,0.3846153846153846,0.4166666666666667,Cloudy,Cloudy,54.0,10,L To R,0,0,0,,1,3.0,partial_assembled,0,8.026170194946426,2916.0,3.0,8.431557376676173,-0.40538718172974697,4589.642331859133
20260411,2026-04-11,512,Toledo Mud Hens,International League,Fifth Third Field,St. Paul Saints,1960,4603.0,1,night,Saturday,5,4,April,3,1,,0,512-1,5,6,1.0,0.4285714285714285,0.3846153846153846,Clear,Clear,54.0,7,Varies,0,0,0,,1,4.0,partial_assembled,0,8.434463543817241,2916.0,4.0,8.399712338142676,0.034751205674565355,4445.787680197855
20260412,2026-04-12,512,Toledo Mud Hens,International League,Fifth Third Field,St. Paul Saints,1960,3905.0,1,day,Sunday,6,4,April,3,1,,0,512-1,6,6,1.0,0.4666666666666667,0.3571428571428571,Overcast,Cloudy,74.0,15,L To R,0,0,0,,1,5.0,partial_assembled,0,8.270013062273787,5476.0,5.0,8.397311949269081,-0.12729888699529468,4435.12885869211
20260421,2026-04-21,512,Toledo Mud Hens,International League,Fifth Third Field,Omaha Storm Chasers,541,2390.0,1,night,Tuesday,1,4,April,4,0,,0,512-2,1,6,9.0,0.4090909090909091,0.5714285714285714,Overcast,Cloudy,66.0,9,Out To RF,0,0,0,,0,,partial_assembled,0,7.779048644925556,4356.0,,8.179603379773969,-0.40055473484841286,3567.4394615476294
20260422,2026-04-22,512,Toledo Mud Hens,International League,Fifth Third Field,Omaha Storm Chasers,541,2616.0,1,night,Wednesday,2,4,April,4,0,,0,512-2,2,6,1.0,0.4347826086956521,0.5454545454545454,Partly Cloudy,Cloudy,70.0,3,Out To RF,0,0,0,,0,,partial_assembled,0,7.86940171257709,4900.0,,8.153295727826443,-0.283894015249353,3474.812250222859
20260423,2026-04-23,512,Toledo Mud Hens,International League,Fifth Third Field,Omaha Storm Chasers,541,3333.0,1,night,Thursday,3,4,April,4,0,,0,512-2,3,6,1.0,0.4583333333333333,0.5217391304347826,Partly Cloudy,Cloudy,72.0,7,Out To RF,0,0,0,,0,,partial_assembled,0,8.11162807830774,5184.0,,8.274453009347985,-0.16282493104024454,3922.376540238751
20260424,2026-04-24,512,Toledo Mud Hens,International League,Fifth Third Field,Omaha Storm Chasers,541,3501.0,1,night,Friday,4,4,April,5,1,,0,512-2,4,6,1.0,0.48,0.5,Cloudy,Cloudy,67.0,8,Calm,0,0,0,,0,,partial_assembled,0,8.160803920954665,4489.0,,8.563009726051297,-0.4022058050966315,5234.4116334447735
20260425,2026-04-25,512,Toledo Mud Hens,International League,Fifth Third Field,Omaha Storm Chasers,541,5710.0,1,night,Saturday,5,4,April,5,1,,0,512-2,5,6,1.0,0.5,0.48,Overcast,Cloudy,54.0,10,L To R,0,0,0,,0,,partial_assembled,0,8.649974302650056,2916.0,,8.383412073057439,0.26656222959261733,4373.907586320125
20260426,2026-04-26,512,Toledo Mud Hens,International League,Fifth Third Field,Omaha Storm Chasers,541,4100.0,1,day,Sunday,6,4,April,5,1,,0,512-2,6,6,1.0,0.5185185185185185,0.4615384615384615,Partly Cloudy,Cloudy,55.0,4,L To R,0,0,0,,0,,partial_assembled,0,8.318742252692399,3025.0,,8.23153176937874,0.08721048331365822,3757.5850998903356
20260506,2026-05-06,512,Toledo Mud Hens,International League,Fifth Third Field,Memphis Redbirds,235,8021.0,2,day,Wednesday,2,5,May,6,0,,0,512-3,1,5,10.0,0.5142857142857142,0.6571428571428571,Sunny,Clear,51.0,8,L To R,0,0,0,,0,,partial_assembled,0,8.989818381366925,2601.0,,8.265331382068698,0.724486999298227,3886.7607672407566
20260507,2026-05-07,512,Toledo Mud Hens,International League,Fifth Third Field,Memphis Redbirds,235,3169.0,1,night,Thursday,3,5,May,6,0,,0,512-3,2,5,1.0,0.5,0.6666666666666666,Partly Cloudy,Cloudy,57.0,14,Out To RF,0,0,0,,0,,partial_assembled,0,8.06117135969092,3249.0,,8.358275980730964,-0.2971046210400434,4265.33490438242
20260508,2026-05-08,512,Toledo Mud Hens,International League,Fifth Third Field,Memphis Redbirds,235,5077.0,1,night,Friday,4,5,May,7,1,,0,512-3,3,5,1.0,0.5135135135135135,0.6486486486486487,Partly Cloudy,Cloudy,59.0,7,L To R,0,0,0,,0,,partial_assembled,0,8.532475814947395,3481.0,,8.693472503965088,-0.16099668901769348,5963.855840414172
20260509,2026-05-09,512,Toledo Mud Hens,International League,Fifth Third Field,Memphis Redbirds,235,6168.0,1,night,Saturday,5,5,May,7,1,,0,512-3,4,5,1.0,0.5263157894736842,0.631578947368421,Partly Cloudy,Cloudy,66.0,13,L To R,0,0,0,,0,,partial_assembled,0,8.727129915243166,4356.0,,8.73544990718938,-0.008319991946214245,6219.531785080776
20260510,2026-05-10,512,Toledo Mud Hens,International League,Fifth Third Field,Memphis Redbirds,235,6184.0,1,day,Sunday,6,5,May,7,1,Mother's Day,1,512-3,5,5,1.0,0.5128205128205128,0.6410256410256411,Sunny,Clear,62.0,8,R To L,0,0,0,,0,,partial_assembled,0,8.729720590267258,3844.0,,8.613087510631296,0.11663307963596203,5503.2137052936105
20260520,2026-05-20,512,Toledo Mud Hens,International League,Fifth Third Field,Indianapolis Indians,484,9124.0,2,day,Wednesday,2,5,May,8,0,,0,512-4,1,11,10.0,0.4893617021276595,0.4042553191489361,Overcast,Cloudy,59.0,7,In From RF,0,0,0,,1,-2.0,partial_assembled,0,9.11866358340428,3481.0,-2.0,8.412617947317102,0.7060456360871772,4503.5351098430565
20260521,2026-05-21,512,Toledo Mud Hens,International League,Fifth Third Field,Indianapolis Indians,484,3022.0,1,night,Thursday,3,5,May,8,0,,0,512-4,2,11,1.0,0.5,0.3958333333333333,Clear,Clear,61.0,13,In From RF,0,0,0,,1,-1.0,partial_assembled,0,8.013674142832684,3721.0,-1.0,8.420805952090909,-0.40713180925822456,4540.561455906439
20260522,2026-05-22,512,Toledo Mud Hens,International League,Fifth Third Field,Indianapolis Indians,484,5252.0,1,night,Friday,4,5,May,9,1,,0,512-4,3,11,1.0,0.4897959183673469,0.4081632653061224,Rain,Precipitation,60.0,14,In From CF,1,1,1,"Challenge Coin, with Military ID",1,0.0,partial_assembled,0,8.566364235422688,3600.0,0.0,8.757528322837231,-0.19116408741454372,6358.376286262559
20260523,2026-05-23,512,Toledo Mud Hens,International League,Fifth Third Field,Indianapolis Indians,484,6016.0,1,night,Saturday,5,5,May,9,1,,0,512-4,4,11,1.0,0.48,0.42,Overcast,Cloudy,60.0,7,Out To RF,0,1,1,Can Koozie Gate Giveaway,1,0.0,partial_assembled,0,8.702177865629675,3600.0,0.0,8.695469461196817,0.006708404432858472,5975.777304829224
20260524,2026-05-24,512,Toledo Mud Hens,International League,Fifth Third Field,Indianapolis Indians,484,7210.0,1,night,Sunday,6,5,May,9,1,,0,512-4,5,11,1.0,0.4901960784313725,0.4117647058823529,Overcast,Cloudy,70.0,5,L To R,0,0,0,,1,1.0,partial_assembled,0,8.883224230278994,4900.0,1.0,8.437642801852153,0.44558142842684134,4617.657412236474
20260525,2026-05-25,512,Toledo Mud Hens,International League,Fifth Third Field,Columbus Clippers,445,5617.0,1,night,Monday,0,5,May,9,0,Memorial Day,1,512-4,6,11,1.0,0.5,0.5098039215686274,Clear,Clear,76.0,7,In From RF,0,0,0,,1,2.0,partial_assembled,0,8.633552992532433,5776.0,2.0,8.556593028235667,0.07695996429676555,5200.931526490703
20260527,2026-05-27,512,Toledo Mud Hens,International League,Fifth Third Field,Columbus Clippers,445,9355.0,1,day,Wednesday,2,5,May,9,0,,0,512-4,7,11,2.0,0.490566037735849,0.5192307692307693,Clear,Clear,74.0,2,Calm,0,0,0,,1,-2.0,partial_assembled,0,9.14366623870819,5476.0,-2.0,8.477532793765159,0.6661334449430321,4805.578904563778
20260528,2026-05-28,512,Toledo Mud Hens,International League,Fifth Third Field,Columbus Clippers,445,4572.0,1,night,Thursday,3,5,May,9,0,,0,512-4,8,11,1.0,0.4814814814814814,0.5283018867924528,Clear,Clear,69.0,11,In From CF,0,0,0,,1,-1.0,partial_assembled,0,8.427706024914702,4761.0,-1.0,8.428206897171473,-0.0005008722567705348,4574.290561549437
20260529,2026-05-29,512,Toledo Mud Hens,International League,Fifth Third Field,Columbus Clippers,445,7039.0,1,night,Friday,4,5,May,10,1,,0,512-4,9,11,1.0,0.4727272727272727,0.5370370370370371,Clear,Clear,78.0,8,In From LF,0,1,1,Cowboy Hat Gate Giveaway,1,0.0,partial_assembled,0,8.85922139360813,6084.0,0.0,8.737349464094134,0.12187192951399695,6231.3573677552
20260530,2026-05-30,512,Toledo Mud Hens,International League,Fifth Third Field,Columbus Clippers,445,9549.0,1,night,Saturday,5,5,May,10,1,,0,512-4,10,11,1.0,0.4642857142857143,0.5454545454545454,Clear,Clear,65.0,11,In From RF,0,1,1,Cowboy Hat Gate Giveaway,1,0.0,partial_assembled,0,9.164191715950203,4225.0,0.0,8.691238226877857,0.4729534890723457,5950.545808644859
20260531,2026-05-31,512,Toledo Mud Hens,International League,Fifth Third Field,Columbus Clippers,445,7971.0,1,day,Sunday,6,5,May,10,1,,0,512-4,11,11,1.0,0.4561403508771929,0.5535714285714286,Sunny,Clear,72.0,6,Out To RF,0,0,0,,1,1.0,partial_assembled,0,8.983565234427923,5184.0,1.0,8.556794172980286,0.42677106144763677,5201.977771754218
20260609,2026-06-09,512,Toledo Mud Hens,International League,Fifth Third Field,St. Paul Saints,1960,4875.0,1,night,Tuesday,1,6,June,11,0,,0,512-5,1,6,9.0,0.492063492063492,0.5396825396825397,Partly Cloudy,Cloudy,87.0,7,In From RF,0,0,0,,1,-3.0,partial_assembled,0,8.491875383431948,7569.0,-3.0,8.437125781435453,0.05474960199649459,4615.270606143931
20260610,2026-06-10,512,Toledo Mud Hens,International League,Fifth Third Field,St. Paul Saints,1960,10500.0,1,night,Wednesday,2,6,June,11,0,,0,512-5,2,6,1.0,0.484375,0.546875,Partly Cloudy,Cloudy,84.0,11,L To R,0,0,0,,1,-2.0,partial_assembled,0,9.259130536145614,7056.0,-2.0,8.428977668458176,0.8301528676874383,4577.81765248691
20260611,2026-06-11,512,Toledo Mud Hens,International League,Fifth Third Field,St. Paul Saints,1960,4504.0,1,night,Thursday,3,6,June,11,0,,0,512-5,3,6,1.0,0.4769230769230769,0.5538461538461539,Partly Cloudy,Cloudy,86.0,10,Calm,0,0,0,,1,-1.0,partial_assembled,0,8.412721169819527,7396.0,-1.0,8.52905311412268,-0.11633194430315363,5059.652652238845
20260612,2026-06-12,512,Toledo Mud Hens,International League,Fifth Third Field,St. Paul Saints,1960,8370.0,1,night,Friday,4,6,June,12,1,,0,512-5,4,6,1.0,0.4696969696969697,0.5606060606060606,Clear,Clear,78.0,12,R To L,0,1,1,Neon Trucker Hat Gate Giveaway,1,0.0,partial_assembled,0,9.032409163483521,6084.0,0.0,8.9017108250332,0.13069833845032086,7344.527999209653
20260613,2026-06-13,512,Toledo Mud Hens,International League,Fifth Third Field,St. Paul Saints,1960,10500.0,1,night,Saturday,5,6,June,12,1,,0,512-5,5,6,1.0,0.4626865671641791,0.5671641791044776,Partly Cloudy,Cloudy,85.0,14,L To R,0,0,0,,1,1.0,partial_assembled,0,9.259130536145614,7225.0,1.0,8.82576950615768,0.4333610299879336,6807.427034949515
20260614,2026-06-14,512,Toledo Mud Hens,International League,Fifth Third Field,St. Paul Saints,1960,9422.0,1,day,Sunday,6,6,June,12,1,,0,512-5,6,6,1.0,0.4558823529411764,0.5735294117647058,Rain,Precipitation,66.0,10,Out To RF,1,0,0,,1,2.0,partial_assembled,0,9.150802659259986,4356.0,2.0,8.735090337374215,0.41571232188577056,6217.295831201252
20260630,2026-06-30,512,Toledo Mud Hens,International League,Fifth Third Field,Iowa Cubs,451,5830.0,1,day,Tuesday,1,6,June,14,0,,0,512-6,1,6,14.0,0.4814814814814814,0.4177215189873418,Partly Cloudy,Cloudy,89.0,11,Varies,0,0,0,,1,-3.0,partial_assembled,0,8.670772279344538,7921.0,-3.0,8.565609222167156,0.10516305717738206,5248.0361669435
20260701,2026-07-01,512,Toledo Mud Hens,International League,Fifth Third Field,Iowa Cubs,451,3525.0,1,night,Wednesday,2,7,July,14,0,,0,512-6,2,6,1.0,0.4878048780487805,0.4125,Clear,Clear,98.0,8,In From CF,0,0,0,,1,-2.0,partial_assembled,0,8.16763571524637,9604.0,-2.0,8.206764351076297,-0.039128635829927205,3665.6624600727105
20260702,2026-07-02,512,Toledo Mud Hens,International League,Fifth Third Field,Iowa Cubs,451,4569.0,1,night,Thursday,3,7,July,14,0,,0,512-6,3,6,1.0,0.4819277108433735,0.419753086419753,Partly Cloudy,Cloudy,97.0,12,Out To RF,0,0,0,,1,-1.0,partial_assembled,0,8.427049641563272,9409.0,-1.0,8.349504909532367,0.07754473203090484,4228.08693932243
20260703,2026-07-03,512,Toledo Mud Hens,International League,Fifth Third Field,Iowa Cubs,451,8710.0,1,night,Friday,4,7,July,15,1,,0,512-6,4,6,1.0,0.4761904761904761,0.4268292682926829,Partly Cloudy,Cloudy,88.0,16,Out To RF,0,1,2,Fireworks Glasses Gate Giveaway | LED Light Up Bracelet Postgame Giveaway,1,0.0,partial_assembled,0,9.072227069846548,7744.0,0.0,8.815332951166225,0.2568941186803233,6736.7504001587295
20260704,2026-07-04,512,Toledo Mud Hens,International League,Fifth Third Field,Iowa Cubs,451,8244.0,1,night,Saturday,5,7,July,15,1,Independence Day,1,512-6,5,6,1.0,0.4823529411764706,0.4216867469879518,Partly Cloudy,Cloudy,87.0,4,L To R,0,1,2,Fireworks Glasses Gate Giveaway | LED Light Up Bracelet Postgame Giveaway,1,0.0,partial_assembled,0,9.01724094201035,7569.0,0.0,8.877900126211289,0.139340815799061,7171.715216193704
20260705,2026-07-05,512,Toledo Mud Hens,International League,Fifth Third Field,Iowa Cubs,451,5331.0,1,day,Sunday,6,7,July,15,1,,0,512-6,6,6,1.0,0.4883720930232558,0.4166666666666667,Cloudy,Cloudy,79.0,8,In From CF,0,1,1,Youth Racing Jersey Gate Giveaway,1,0.0,partial_assembled,0,8.581294116822761,6241.0,0.0,8.704489972706439,-0.12319585588367765,6029.925728858202
20260718,2026-07-18,512,Toledo Mud Hens,International League,Fifth Third Field,Gwinnett Stripers,431,9730.0,2,night,Saturday,5,7,July,17,1,,0,512-7,1,8,13.0,0.4680851063829787,0.5161290322580645,Partly Cloudy,Cloudy,85.0,11,Out To RF,0,1,1,Margaritaville Cooling Towel Gate Giveaway,1,0.0,partial_assembled,0,9.18296917518005,7225.0,0.0,8.816449169122626,0.3665200060574243,6744.274280287036
20260719,2026-07-19,512,Toledo Mud Hens,International League,Fifth Third Field,Gwinnett Stripers,431,8499.0,1,day,Sunday,6,7,July,17,1,,0,512-7,2,8,1.0,0.4736842105263157,0.5106382978723404,Sunny,Clear,80.0,4,Calm,0,0,0,,1,1.0,partial_assembled,0,9.047703788498627,6400.0,1.0,8.732136061387516,0.3155677271111106,6198.955328217973
20260721,2026-07-21,512,Toledo Mud Hens,International League,Fifth Third Field,Louisville Bats,416,4111.0,1,night,Tuesday,1,7,July,17,0,,0,512-7,3,8,2.0,0.4791666666666667,0.4947368421052631,Partly Cloudy,Cloudy,81.0,18,Out To LF,0,0,0,,1,2.0,partial_assembled,0,8.321421586897879,6561.0,2.0,8.50294452251096,-0.18152293561308142,4929.261814758905
20260722,2026-07-22,512,Toledo Mud Hens,International League,Fifth Third Field,Louisville Bats,416,4576.0,1,night,Wednesday,2,7,July,17,0,,0,512-7,4,8,1.0,0.4742268041237113,0.5,Partly Cloudy,Cloudy,74.0,7,In From RF,0,0,0,,1,3.0,partial_assembled,0,8.428580533059634,5476.0,3.0,8.463428382806676,-0.03484784974704169,4738.274802909627
20260723,2026-07-23,512,Toledo Mud Hens,International League,Fifth Third Field,Louisville Bats,416,5330.0,1,night,Thursday,3,7,July,17,0,,0,512-7,5,8,1.0,0.4795918367346938,0.4948453608247423,Clear,Clear,76.0,5,Calm,0,0,0,,1,-2.0,partial_assembled,0,8.58110651715989,5776.0,-2.0,8.579830519949864,0.0012759972100262473,5323.203272095667
20260724,2026-07-24,512,Toledo Mud Hens,International League,Fifth Third Field,Louisville Bats,416,9115.0,1,night,Friday,4,7,July,18,1,,0,512-7,6,8,1.0,0.4848484848484848,0.4897959183673469,Partly Cloudy,Cloudy,76.0,4,In From RF,0,0,0,,1,-1.0,partial_assembled,0,9.117676687112763,5776.0,-1.0,8.88814299662862,0.22953369048414274,7245.5516688782345
20260725,2026-07-25,512,Toledo Mud Hens,International League,Fifth Third Field,Louisville Bats,416,9578.0,1,night,Saturday,5,7,July,18,1,,0,512-7,7,8,1.0,0.49,0.4848484848484848,Partly Cloudy,Cloudy,82.0,6,Out To LF,0,1,1,Christmas Stocking Gate Giveaway,1,0.0,partial_assembled,0,9.167224080902555,6724.0,0.0,8.831461563369366,0.33576251753318864,6846.285787300598
20260726,2026-07-26,512,Toledo Mud Hens,International League,Fifth Third Field,Louisville Bats,416,7652.0,1,day,Sunday,6,7,July,18,1,,0,512-7,8,8,1.0,0.495049504950495,0.48,Partly Cloudy,Cloudy,85.0,7,L To R,0,1,1,Youth Soccer Ball Gate Giveaway,1,0.0,partial_assembled,0,8.942722330560143,7225.0,0.0,8.63679023601281,0.30593209454733206,5635.213060779733
20260804,2026-08-04,512,Toledo Mud Hens,International League,Fifth Third Field,Omaha Storm Chasers,541,5314.0,1,night,Tuesday,1,8,August,19,0,,0,512-8,1,5,9.0,0.4814814814814814,0.4722222222222222,Clear,Clear,81.0,6,Out To RF,0,0,0,,0,,partial_assembled,0,8.57810012631976,6561.0,,8.493781248354878,0.08431887796488091,4884.299950909365
20260805,2026-08-05,512,Toledo Mud Hens,International League,Fifth Third Field,Omaha Storm Chasers,541,4134.0,1,night,Wednesday,2,8,August,19,0,,0,512-8,2,5,1.0,0.4770642201834862,0.4770642201834862,Clear,Clear,84.0,6,Out To CF,0,0,0,,0,,partial_assembled,0,8.327000740241713,7056.0,,8.427325545239684,-0.10032480499797103,4570.260777816149
20260807,2026-08-07,512,Toledo Mud Hens,International League,Fifth Third Field,Omaha Storm Chasers,541,7707.0,2,night,Friday,4,8,August,20,1,,0,512-8,3,5,2.0,0.4684684684684684,0.4864864864864865,Partly Cloudy,Cloudy,84.0,6,L To R,0,0,0,,0,,partial_assembled,0,8.949884285777994,7056.0,,8.862743283934584,0.08714100184340978,7063.834292164793
20260808,2026-08-08,512,Toledo Mud Hens,International League,Fifth Third Field,Omaha Storm Chasers,541,8969.0,1,night,Saturday,5,8,August,20,1,,0,512-8,4,5,1.0,0.4642857142857143,0.4910714285714285,Partly Cloudy,Cloudy,85.0,12,Out To LF,0,0,0,,0,,partial_assembled,0,9.101529466118004,7225.0,,8.831348728929166,0.27018073718883784,6845.513334056822
20260809,2026-08-09,512,Toledo Mud Hens,International League,Fifth Third Field,Omaha Storm Chasers,541,9955.0,1,day,Sunday,6,8,August,20,1,,0,512-8,5,5,1.0,0.4690265486725664,0.4867256637168141,Overcast,Cloudy,86.0,8,Out To RF,0,0,0,,0,,partial_assembled,0,9.205830216498297,7396.0,,8.653267978262102,0.5525622382361952,5728.837893670343
20260818,2026-08-18,512,Toledo Mud Hens,International League,Fifth Third Field,Iowa Cubs,451,5648.0,1,night,Tuesday,1,8,August,21,0,,0,512-9,1,6,9.0,0.475,0.4067796610169492,Partly Cloudy,Cloudy,82.0,9,L To R,0,0,0,,1,-2.0,partial_assembled,0,8.639056779173078,6724.0,-2.0,8.490084633030145,0.14897214614293297,4866.277903670792
20260819,2026-08-19,512,Toledo Mud Hens,International League,Fifth Third Field,Iowa Cubs,451,5238.0,1,night,Wednesday,2,8,August,21,0,,0,512-9,2,6,1.0,0.4793388429752066,0.4033613445378151,Partly Cloudy,Cloudy,78.0,2,Calm,0,0,0,,1,-1.0,partial_assembled,0,8.563695025067657,6084.0,-1.0,8.47128627343264,0.09240875163501805,4775.654317798994
20260820,2026-08-20,512,Toledo Mud Hens,International League,Fifth Third Field,Iowa Cubs,451,6188.0,1,night,Thursday,3,8,August,21,0,,0,512-9,3,6,1.0,0.4754098360655737,0.4083333333333333,Clear,Clear,78.0,4,Out To LF,0,1,1,Stretchy Cube Gate Giveaway,1,0.0,partial_assembled,0,8.730367211692958,6084.0,0.0,8.591902723390113,0.1384644883028443,5387.855527349882
20260821,2026-08-21,512,Toledo Mud Hens,International League,Fifth Third Field,Iowa Cubs,451,7302.0,1,night,Friday,4,8,August,22,1,,0,512-9,4,6,1.0,0.4715447154471545,0.4132231404958678,Partly Cloudy,Cloudy,78.0,5,Out To RF,0,1,1,Stinger Bee Bobblehead Gate Giveaway,1,0.0,partial_assembled,0,8.895903562215581,6084.0,0.0,8.90144141263713,-0.00553785042154864,7342.549558843525
20260822,2026-08-22,512,Toledo Mud Hens,International League,Fifth Third Field,Iowa Cubs,451,8820.0,1,night,Saturday,5,8,August,22,1,,0,512-9,5,6,1.0,0.4677419354838709,0.4180327868852459,Partly Cloudy,Cloudy,74.0,9,Out To RF,0,1,1,2006 Championship Pennant Gate Giveaway,1,0.0,partial_assembled,0,9.084777149000837,5476.0,0.0,8.886157411883824,0.19861973711701353,7231.179285531421
20260823,2026-08-23,512,Toledo Mud Hens,International League,Fifth Third Field,Iowa Cubs,451,9359.0,1,day,Sunday,6,8,August,22,1,,0,512-9,6,6,1.0,0.464,0.4227642276422764,Partly Cloudy,Cloudy,73.0,11,L To R,0,0,0,,1,1.0,partial_assembled,0,9.144093726157257,5329.0,1.0,8.720342668058084,0.4237510580991728,6126.278008264068
20260327,2026-03-27,533,Worcester Red Sox,International League,Polar Park,Syracuse Mets,552,8147.0,1,day,Friday,4,3,March,1,1,,0,533-1,1,3,1.0,0.0,1.0,Sunny,Clear,42.0,10,L To R,0,0,0,,0,,partial_assembled,0,9.005405040310642,1764.0,,8.730817980199246,0.27458706011139533,6190.7899842882025
20260328,2026-03-28,533,Worcester Red Sox,International League,Polar Park,Syracuse Mets,552,4315.0,1,day,Saturday,5,3,March,1,1,,0,533-1,2,3,1.0,0.5,0.5,Cloudy,Cloudy,36.0,15,Out To RF,0,0,0,,0,,partial_assembled,0,8.36985260351753,1296.0,,8.449738508985186,-0.07988590546765728,4673.850405818932
20260329,2026-03-29,533,Worcester Red Sox,International League,Polar Park,Syracuse Mets,552,4863.0,1,day,Sunday,6,3,March,1,1,,0,533-1,3,3,1.0,0.3333333333333333,0.6666666666666666,Sunny,Clear,44.0,14,Out To CF,0,0,0,,0,,partial_assembled,0,8.489410810403786,1936.0,,8.382427735092866,0.10698307531091977,4369.604301320239
20260407,2026-04-07,533,Worcester Red Sox,International League,Polar Park,Columbus Clippers,445,3483.0,1,night,Tuesday,1,4,April,2,0,,0,533-2,1,6,9.0,0.6666666666666666,0.7,Partly Cloudy,Cloudy,42.0,17,L To R,0,0,0,,0,,partial_assembled,0,8.155649270366002,1764.0,,7.889563377038621,0.2660858933273813,2669.278198053114
20260408,2026-04-08,533,Worcester Red Sox,International League,Polar Park,Columbus Clippers,445,3546.0,1,day,Wednesday,2,4,April,2,0,,0,533-2,2,6,1.0,0.7,0.6363636363636364,Sunny,Clear,42.0,5,R To L,0,0,0,,0,,partial_assembled,0,8.173575486634153,1764.0,,8.009631953921113,0.16394353271303963,3009.809160546397
20260409,2026-04-09,533,Worcester Red Sox,International League,Polar Park,Columbus Clippers,445,3516.0,1,night,Thursday,3,4,April,2,0,,0,533-2,3,6,1.0,0.7272727272727273,0.5833333333333334,Clear,Clear,53.0,15,Out To CF,0,0,0,,0,,partial_assembled,0,8.165079258805068,2809.0,,8.219043780416634,-0.053964521611565175,3710.9522002380963
20260410,2026-04-10,533,Worcester Red Sox,International League,Polar Park,Columbus Clippers,445,6111.0,1,night,Friday,4,4,April,3,1,,0,533-2,4,6,1.0,0.75,0.5384615384615384,Partly Cloudy,Cloudy,66.0,15,Out To LF,0,0,0,,0,,partial_assembled,0,8.717845704894916,4356.0,,8.689106396271045,0.028739308623871196,5937.873765087127
20260411,2026-04-11,533,Worcester Red Sox,International League,Polar Park,Columbus Clippers,445,6104.0,1,day,Saturday,5,4,April,3,1,,0,533-2,5,6,1.0,0.6923076923076923,0.5714285714285714,Sunny,Clear,57.0,10,Varies,0,0,0,,0,,partial_assembled,0,8.716699572964293,3249.0,,8.741661123924585,-0.024961550960291845,6258.282866088733
20260412,2026-04-12,533,Worcester Red Sox,International League,Polar Park,Columbus Clippers,445,6477.0,1,day,Sunday,6,4,April,3,1,,0,533-2,6,6,1.0,0.7142857142857143,0.5333333333333333,Sunny,Clear,54.0,3,Out To CF,0,0,0,,0,,partial_assembled,0,8.776012719182917,2916.0,,8.35857374228301,0.4174389768999074,4266.605146228752
20260421,2026-04-21,533,Worcester Red Sox,International League,Polar Park,Syracuse Mets,552,5391.0,1,night,Tuesday,1,4,April,4,0,,0,533-3,1,6,9.0,0.5238095238095238,0.5714285714285714,Partly Cloudy,Cloudy,49.0,6,L To R,0,0,0,,0,,partial_assembled,0,8.592486175451668,2401.0,,8.096478510220459,0.4960076652312093,3282.887042839324
20260422,2026-04-22,533,Worcester Red Sox,International League,Polar Park,Syracuse Mets,552,5162.0,1,day,Wednesday,2,4,April,4,0,,0,533-3,2,6,1.0,0.5454545454545454,0.5454545454545454,Cloudy,Cloudy,45.0,11,Out To LF,0,0,0,,0,,partial_assembled,0,8.54907938027856,2025.0,,8.121607856001997,0.4274715242765623,3366.4291292440794
20260423,2026-04-23,533,Worcester Red Sox,International League,Polar Park,Syracuse Mets,552,6396.0,1,day,Thursday,3,4,April,4,0,,0,533-3,3,6,1.0,0.5652173913043478,0.5217391304347826,Sunny,Clear,58.0,21,L To R,0,0,0,,0,,partial_assembled,0,8.763428073953845,3364.0,,8.496673482162578,0.26675459179126726,4898.4469366879575
20260424,2026-04-24,533,Worcester Red Sox,International League,Polar Park,Syracuse Mets,552,7836.0,1,night,Friday,4,4,April,5,1,,0,533-3,4,6,1.0,0.5416666666666666,0.5416666666666666,Clear,Clear,58.0,7,L To R,0,0,0,,0,,partial_assembled,0,8.966483779064431,3364.0,,8.64339813930206,0.3230856397623718,5672.573304194775
20260425,2026-04-25,533,Worcester Red Sox,International League,Polar Park,Syracuse Mets,552,8079.0,1,day,Saturday,5,4,April,5,1,,0,533-3,5,6,1.0,0.56,0.52,Cloudy,Cloudy,55.0,3,Calm,0,0,0,,0,,partial_assembled,0,8.997023381479709,3025.0,,8.735546042673663,0.2614773388060456,6220.129731522421
20260426,2026-04-26,533,Worcester Red Sox,International League,Polar Park,Syracuse Mets,552,6733.0,1,day,Sunday,6,4,April,5,1,,0,533-3,6,6,1.0,0.5769230769230769,0.5,Partly Cloudy,Cloudy,57.0,8,R To L,0,0,0,,0,,partial_assembled,0,8.814776088545281,3249.0,,8.432671880370535,0.3821042081747468,4594.760356692817
20260505,2026-05-05,533,Worcester Red Sox,International League,Polar Park,Scranton/Wilkes-Barre RailRiders,531,4390.0,1,night,Tuesday,1,5,May,6,0,,0,533-4,1,6,9.0,0.5757575757575758,0.5454545454545454,Clear,Clear,75.0,20,Out To LF,0,0,0,,0,,partial_assembled,0,8.387084506069217,5625.0,,8.564694826757995,-0.17761032068877824,5243.239580088044
20260506,2026-05-06,533,Worcester Red Sox,International League,Polar Park,Scranton/Wilkes-Barre RailRiders,531,4997.0,1,day,Wednesday,2,5,May,6,0,,0,533-4,2,6,1.0,0.5588235294117647,0.5588235294117647,Cloudy,Cloudy,68.0,15,Out To LF,0,0,0,,0,,partial_assembled,0,8.516593011344206,4624.0,,8.678840224262723,-0.1622472129185173,5877.22637258912
20260507,2026-05-07,533,Worcester Red Sox,International League,Polar Park,Scranton/Wilkes-Barre RailRiders,531,4406.0,1,night,Thursday,3,5,May,6,0,,0,533-4,3,6,1.0,0.5714285714285714,0.5428571428571428,Partly Cloudy,Cloudy,59.0,12,L To R,0,0,0,,0,,partial_assembled,0,8.39072252736229,3481.0,,8.551205926670544,-0.16048339930825506,5172.988912550424
20260508,2026-05-08,533,Worcester Red Sox,International League,Polar Park,Scranton/Wilkes-Barre RailRiders,531,7958.0,1,night,Friday,4,5,May,7,1,,0,533-4,4,6,1.0,0.5833333333333334,0.5277777777777778,Partly Cloudy,Cloudy,56.0,12,Out To CF,0,0,0,,0,,partial_assembled,0,8.981932990986873,3136.0,,8.815612791468777,0.16632019951809696,6738.635878233
20260510,2026-05-10,533,Worcester Red Sox,International League,Polar Park,Scranton/Wilkes-Barre RailRiders,531,6877.0,1,day,Sunday,6,5,May,7,1,Mother's Day,1,533-4,6,6,2.0,0.5675675675675675,0.5405405405405406,Partly Cloudy,Cloudy,65.0,11,Out To LF,0,0,0,,0,,partial_assembled,0,8.835937789319836,4225.0,,8.803573864743385,0.0323639245764511,6657.996315519842
20260519,2026-05-19,533,Worcester Red Sox,International League,Polar Park,Rochester Red Wings,534,3170.0,1,night,Tuesday,1,5,May,8,0,,0,533-5,1,5,9.0,0.5227272727272727,0.5652173913043478,Cloudy,Cloudy,82.0,13,L To R,0,0,0,,0,,partial_assembled,0,8.061486866871327,6724.0,,8.540718580826878,-0.4792317139555511,5119.0214710214495
20260520,2026-05-20,533,Worcester Red Sox,International League,Polar Park,Rochester Red Wings,534,3196.0,1,night,Wednesday,2,5,May,8,0,,0,533-5,2,5,1.0,0.5111111111111111,0.574468085106383,Partly Cloudy,Cloudy,83.0,15,R To L,0,0,0,,0,,partial_assembled,0,8.069655306886165,6889.0,,8.491918969938213,-0.422263663052048,4875.212488848835
20260521,2026-05-21,533,Worcester Red Sox,International League,Polar Park,Rochester Red Wings,534,5000.0,1,day,Thursday,3,5,May,8,0,,0,533-5,3,5,1.0,0.5,0.5833333333333334,Partly Cloudy,Cloudy,62.0,7,Calm,0,0,0,,0,,partial_assembled,0,8.517193191416238,3844.0,,8.762925934698528,-0.24573274328228933,6392.789123544014
20260522,2026-05-22,533,Worcester Red Sox,International League,Polar Park,Rochester Red Wings,534,6790.0,1,night,Friday,4,5,May,9,1,,0,533-5,4,5,1.0,0.4893617021276595,0.5918367346938775,Clear,Clear,63.0,3,Calm,0,0,0,,0,,partial_assembled,0,8.823206220552741,3969.0,,8.917655534328608,-0.09444931377586663,7462.57295844123
20260523,2026-05-23,533,Worcester Red Sox,International League,Polar Park,Rochester Red Wings,534,7164.0,1,day,Saturday,5,5,May,9,1,,0,533-5,5,5,1.0,0.4791666666666667,0.6,Cloudy,Cloudy,63.0,8,Calm,0,0,0,,0,,partial_assembled,0,8.876823763180603,3969.0,,9.059524738782065,-0.18270097560146148,8600.06240647443
20260602,2026-06-02,533,Worcester Red Sox,International League,Polar Park,Buffalo Bisons,422,3719.0,1,night,Tuesday,1,6,June,10,0,,0,533-6,1,6,10.0,0.509090909090909,0.4655172413793103,Cloudy,Cloudy,72.0,7,L To R,0,0,0,,1,-5.0,partial_assembled,0,8.22121009392507,5184.0,-5.0,8.698399481474057,-0.47718938754898765,5993.312129656066
20260603,2026-06-03,533,Worcester Red Sox,International League,Polar Park,Buffalo Bisons,422,7295.0,1,day,Wednesday,2,6,June,10,0,,0,533-6,2,6,1.0,0.5,0.4745762711864407,Sunny,Clear,76.0,10,L To R,0,0,0,,1,-4.0,partial_assembled,0,8.894944460956886,5776.0,-4.0,8.82429926057622,0.07064520038066568,6797.425799368052
20260604,2026-06-04,533,Worcester Red Sox,International League,Polar Park,Buffalo Bisons,422,5678.0,1,night,Thursday,3,6,June,10,0,,0,533-6,3,6,1.0,0.5087719298245614,0.4666666666666667,Clear,Clear,84.0,10,Out To CF,0,0,0,,1,-3.0,partial_assembled,0,8.644354337032917,7056.0,-3.0,8.729361775264877,-0.08500743823196011,6181.781486067121
20260605,2026-06-05,533,Worcester Red Sox,International League,Polar Park,Buffalo Bisons,422,8517.0,1,night,Friday,4,6,June,11,1,,0,533-6,4,6,1.0,0.5172413793103449,0.4590163934426229,Clear,Clear,86.0,10,L To R,0,0,0,,1,-2.0,partial_assembled,0,9.04981944514108,7396.0,-2.0,9.016121851576987,0.033697593564093964,8234.77937878415
20260606,2026-06-06,533,Worcester Red Sox,International League,Polar Park,Buffalo Bisons,422,7277.0,1,day,Saturday,5,6,June,11,1,,0,533-6,5,6,1.0,0.5254237288135594,0.4516129032258064,Sunny,Clear,83.0,10,R To L,0,0,0,,1,-1.0,partial_assembled,0,8.892473968347087,6889.0,-1.0,9.185617771099114,-0.2931438027520272,9755.804996711679
20260607,2026-06-07,533,Worcester Red Sox,International League,Polar Park,Buffalo Bisons,422,7629.0,1,day,Sunday,6,6,June,11,1,,0,533-6,6,6,1.0,0.5333333333333333,0.4444444444444444,Partly Cloudy,Cloudy,78.0,16,Out To RF,0,1,1,"Clara the Heart of the Commonwealth Bobblehead, first 5000 fans",1,0.0,partial_assembled,0,8.93971205409023,6084.0,0.0,8.884702695306826,0.05500935878340307,7220.667616756658
20260623,2026-06-23,533,Worcester Red Sox,International League,Polar Park,Toledo Mud Hens,512,3786.0,1,night,Tuesday,1,6,June,13,0,,0,533-8,1,6,14.0,0.5,0.4666666666666667,Cloudy,Cloudy,69.0,4,Calm,0,0,0,,1,-3.0,partial_assembled,0,8.239065331769268,4761.0,-3.0,8.678345941153138,-0.4392806093838697,5874.322076693273
20260624,2026-06-24,533,Worcester Red Sox,International League,Polar Park,Toledo Mud Hens,512,4495.0,1,night,Wednesday,2,6,June,13,0,,0,533-8,2,6,1.0,0.4931506849315068,0.4736842105263157,Clear,Clear,78.0,12,Out To RF,0,0,0,,1,-2.0,partial_assembled,0,8.410720946905721,6084.0,-2.0,8.653245739786568,-0.24252479288084672,5728.710494465594
20260625,2026-06-25,533,Worcester Red Sox,International League,Polar Park,Toledo Mud Hens,512,5060.0,1,night,Thursday,3,6,June,13,0,,0,533-8,3,6,1.0,0.4864864864864865,0.4805194805194805,Partly Cloudy,Cloudy,79.0,3,L To R,0,0,0,,1,-1.0,partial_assembled,0,8.52912176228151,6241.0,-1.0,8.769619468120755,-0.24049770583924435,6435.723000575655
20260626,2026-06-26,533,Worcester Red Sox,International League,Polar Park,Toledo Mud Hens,512,8115.0,1,night,Friday,4,6,June,14,1,,0,533-8,4,6,1.0,0.48,0.4871794871794871,Cloudy,Cloudy,77.0,7,R To L,0,1,1,"Tricorn hat presented by Harvard Pilgrim Health Care, first 5000 fans",1,0.0,partial_assembled,0,9.00146947994869,5929.0,0.0,9.087953704438037,-0.08648422448934667,8848.061765236134
20260627,2026-06-27,533,Worcester Red Sox,International League,Polar Park,Toledo Mud Hens,512,8325.0,1,day,Saturday,5,6,June,14,1,,0,533-8,5,6,1.0,0.4736842105263157,0.4936708860759494,Partly Cloudy,Cloudy,82.0,6,Out To LF,0,0,0,,1,1.0,partial_assembled,0,9.027018314848645,6724.0,1.0,9.201404422726409,-0.17438610787776376,9911.038576855626
20260628,2026-06-28,533,Worcester Red Sox,International League,Polar Park,Toledo Mud Hens,512,7610.0,1,day,Sunday,6,6,June,14,1,,0,533-8,6,6,1.0,0.4805194805194805,0.4875,Partly Cloudy,Cloudy,79.0,2,In From RF,0,0,0,,1,2.0,partial_assembled,0,8.937218450855731,6241.0,2.0,8.887709097654453,0.04950935320127847,7242.408513397115
20260708,2026-07-08,533,Worcester Red Sox,International League,Polar Park,Rochester Red Wings,534,3609.0,2,night,Wednesday,2,7,July,15,0,,0,533-9,1,5,10.0,0.5058823529411764,0.5862068965517241,Clear,Clear,81.0,7,Out To CF,0,0,0,,1,-4.0,partial_assembled,0,8.19118600464279,6561.0,-4.0,8.604314621099551,-0.4131286164567616,5455.145774998383
20260709,2026-07-09,533,Worcester Red Sox,International League,Polar Park,Rochester Red Wings,534,4171.0,1,night,Thursday,3,7,July,15,0,,0,533-9,2,5,1.0,0.5116279069767442,0.5795454545454546,Partly Cloudy,Cloudy,85.0,11,R To L,0,0,0,,1,-3.0,partial_assembled,0,8.335911094196945,7225.0,-3.0,8.719867334609974,-0.38395624041302945,6123.366675396082
20260710,2026-07-10,533,Worcester Red Sox,International League,Polar Park,Rochester Red Wings,534,7620.0,1,night,Friday,4,7,July,16,1,,0,533-9,3,5,1.0,0.5057471264367817,0.5842696629213483,Cloudy,Cloudy,82.0,6,L To R,0,0,0,,1,-2.0,partial_assembled,0,8.938531648680692,6724.0,-2.0,9.05731971298851,-0.11878806430781808,8581.119939031707
20260711,2026-07-11,533,Worcester Red Sox,International League,Polar Park,Rochester Red Wings,534,7166.0,1,day,Saturday,5,7,July,16,1,,0,533-9,4,5,1.0,0.5,0.5888888888888889,Partly Cloudy,Cloudy,84.0,5,Calm,0,0,0,,1,-1.0,partial_assembled,0,8.8771028978649,7056.0,-1.0,9.181079073545138,-0.3039761756802388,9711.626680282987
20260712,2026-07-12,533,Worcester Red Sox,International League,Polar Park,Rochester Red Wings,534,7461.0,1,day,Sunday,6,7,July,16,1,,0,533-9,5,5,1.0,0.5056179775280899,0.5824175824175825,Partly Cloudy,Cloudy,80.0,5,R To L,0,1,1,"Wilyer Abreu Rawlings Gold Glove bobblehead, first 5000 fans",1,0.0,partial_assembled,0,8.917444732471514,6400.0,0.0,8.879512210643124,0.03793252182838991,7183.285950637867
20260722,2026-07-22,533,Worcester Red Sox,International League,Polar Park,Jacksonville Jumbo Shrimp,564,4324.0,2,night,Wednesday,2,7,July,17,0,,0,533-10,1,5,10.0,0.5053763440860215,0.5208333333333334,Partly Cloudy,Cloudy,77.0,9,L To R,0,0,0,,0,,partial_assembled,0,8.371936178759098,5929.0,,8.627358493287094,-0.2554223145279959,5582.313042820705
20260723,2026-07-23,533,Worcester Red Sox,International League,Polar Park,Jacksonville Jumbo Shrimp,564,6945.0,1,day,Thursday,3,7,July,17,0,,0,533-10,2,5,1.0,0.5106382978723404,0.5154639175257731,Sunny,Clear,73.0,11,L To R,0,0,0,,0,,partial_assembled,0,8.845777255188445,5329.0,,8.949507871022478,-0.1037306158340332,7704.0995174057125
20260724,2026-07-24,533,Worcester Red Sox,International League,Polar Park,Jacksonville Jumbo Shrimp,564,8456.0,1,night,Friday,4,7,July,18,1,,0,533-10,3,5,1.0,0.5157894736842106,0.5102040816326531,Partly Cloudy,Cloudy,80.0,6,Out To CF,0,0,0,,0,,partial_assembled,0,9.042631527550073,6400.0,,9.072248171805974,-0.029616644255900937,8710.18380000586
20260725,2026-07-25,533,Worcester Red Sox,International League,Polar Park,Jacksonville Jumbo Shrimp,564,8025.0,1,day,Saturday,5,7,July,18,1,,0,533-10,4,5,1.0,0.5208333333333334,0.5050505050505051,Sunny,Clear,81.0,8,Out To CF,0,0,0,,0,,partial_assembled,0,8.990316947998217,6561.0,,9.205476036653216,-0.21515908865499966,9951.474763962855
20260726,2026-07-26,533,Worcester Red Sox,International League,Polar Park,Jacksonville Jumbo Shrimp,564,7063.0,1,day,Sunday,6,7,July,18,1,,0,533-10,5,5,1.0,0.5257731958762887,0.5,Sunny,Clear,75.0,6,R To L,0,0,0,,0,,partial_assembled,0,8.862625169408922,5625.0,,8.897878498386328,-0.035253328977406184,7316.435233559333
20260804,2026-08-04,533,Worcester Red Sox,International League,Polar Park,Lehigh Valley IronPigs,1410,4483.0,1,night,Tuesday,1,8,August,19,0,,0,533-11,1,12,9.0,0.5384615384615384,0.4770642201834862,Clear,Clear,82.0,5,Calm,0,0,0,,1,-5.0,partial_assembled,0,8.40804774415544,6724.0,-5.0,8.657636687583741,-0.24958894342830185,5753.920270091706
20260805,2026-08-05,533,Worcester Red Sox,International League,Polar Park,Lehigh Valley IronPigs,1410,5227.0,1,night,Wednesday,2,8,August,19,0,,0,533-11,2,12,1.0,0.5428571428571428,0.4727272727272727,Partly Cloudy,Cloudy,83.0,7,Out To CF,0,0,0,,1,-4.0,partial_assembled,0,8.561592778712923,6889.0,-4.0,8.606535428666788,-0.044942649953865654,5467.2740663317545
20260806,2026-08-06,533,Worcester Red Sox,International League,Polar Park,Lehigh Valley IronPigs,1410,6970.0,1,day,Thursday,3,8,August,19,0,,0,533-11,3,12,1.0,0.5471698113207547,0.4684684684684684,Cloudy,Cloudy,82.0,5,L To R,0,0,0,,1,-3.0,partial_assembled,0,8.84937050375457,6724.0,-3.0,8.90003969002057,-0.05066918626600092,7332.264551111678
20260807,2026-08-07,533,Worcester Red Sox,International League,Polar Park,Lehigh Valley IronPigs,1410,8797.0,1,night,Friday,4,8,August,20,1,,0,533-11,4,12,1.0,0.5514018691588785,0.4642857142857143,Clear,Clear,89.0,4,Calm,0,0,0,,1,-2.0,partial_assembled,0,9.082166033252674,7921.0,-2.0,8.965820153426089,0.11634587982658573,7830.801554599552
20260808,2026-08-08,533,Worcester Red Sox,International League,Polar Park,Lehigh Valley IronPigs,1410,9130.0,1,day,Saturday,5,8,August,20,1,,0,533-11,5,12,1.0,0.5555555555555556,0.4601769911504424,Partly Cloudy,Cloudy,87.0,10,L To R,0,0,0,,1,-1.0,partial_assembled,0,9.119320973589014,7569.0,-1.0,9.13215241365584,-0.012831440066825905,9247.9058812125
20260809,2026-08-09,533,Worcester Red Sox,International League,Polar Park,Lehigh Valley IronPigs,1410,8411.0,1,day,Sunday,6,8,August,20,1,,0,533-11,6,12,1.0,0.5504587155963303,0.4649122807017544,Partly Cloudy,Cloudy,84.0,10,L To R,0,1,1,"Ceddanne Rafaela Rawlings Gold Glove bobblehead, first 5000 fans",1,0.0,partial_assembled,0,9.037295651962438,7056.0,0.0,8.83373270057801,0.20356295138442881,6861.852311858613
20260811,2026-08-11,533,Worcester Red Sox,International League,Polar Park,Buffalo Bisons,422,5791.0,1,night,Tuesday,1,8,August,20,0,,0,533-11,7,12,2.0,0.5454545454545454,0.4956521739130435,Clear,Clear,81.0,6,Out To RF,0,0,0,,1,1.0,partial_assembled,0,8.66406026722579,6561.0,1.0,8.635888017433661,0.028172249792127957,5630.131159696341
20260812,2026-08-12,533,Worcester Red Sox,International League,Polar Park,Buffalo Bisons,422,7008.0,1,day,Wednesday,2,8,August,20,0,,0,533-11,8,12,1.0,0.5495495495495496,0.4913793103448275,Sunny,Clear,80.0,6,L To R,0,0,0,,1,2.0,partial_assembled,0,8.854807632616227,6400.0,2.0,8.741086426382491,0.11372120623373583,6254.687279594186
20260813,2026-08-13,533,Worcester Red Sox,International League,Polar Park,Buffalo Bisons,422,6528.0,1,night,Thursday,3,8,August,20,0,,0,533-11,9,12,1.0,0.5535714285714286,0.4871794871794871,Partly Cloudy,Cloudy,80.0,9,Out To CF,0,0,0,,1,3.0,partial_assembled,0,8.783855896643942,6400.0,3.0,8.694945451903866,0.08891044474007614,5972.646762277217
20260814,2026-08-14,533,Worcester Red Sox,International League,Polar Park,Buffalo Bisons,422,9240.0,1,night,Friday,4,8,August,21,1,,0,533-11,10,12,1.0,0.5486725663716814,0.4915254237288136,Partly Cloudy,Cloudy,76.0,6,Out To RF,0,0,0,,1,4.0,partial_assembled,0,9.131297164635729,5776.0,4.0,9.021490023317408,0.10980714131832059,8279.103953255277
20260815,2026-08-15,533,Worcester Red Sox,International League,Polar Park,Buffalo Bisons,422,9508.0,1,day,Saturday,5,8,August,21,1,,0,533-11,11,12,1.0,0.543859649122807,0.4957983193277311,Partly Cloudy,Cloudy,80.0,8,L To R,0,0,0,,1,5.0,partial_assembled,0,9.159888828480085,6400.0,5.0,9.145757056701678,0.014131771778407298,9374.580064371643
20260816,2026-08-16,533,Worcester Red Sox,International League,Polar Park,Buffalo Bisons,422,8515.0,1,day,Sunday,6,8,August,21,1,,0,533-11,12,12,1.0,0.5391304347826087,0.5,Partly Cloudy,Cloudy,77.0,7,Out To RF,0,0,0,,1,6.0,partial_assembled,0,9.049584593096789,5929.0,6.0,8.828266246619705,0.2213183464770836,6824.444648912387
20260825,2026-08-25,533,Worcester Red Sox,International League,Polar Park,Scranton/Wilkes-Barre RailRiders,531,7282.0,1,night,Tuesday,1,8,August,22,0,,0,533-12,1,6,9.0,0.5245901639344263,0.5284552845528455,Partly Cloudy,Cloudy,75.0,9,L To R,0,0,0,,0,,partial_assembled,0,8.893160828735379,5625.0,,8.69067374829344,0.20248708044193897,5947.187800821202
20260826,2026-08-26,533,Worcester Red Sox,International League,Polar Park,Scranton/Wilkes-Barre RailRiders,531,6859.0,1,night,Wednesday,2,8,August,22,0,,0,533-12,2,6,1.0,0.5203252032520326,0.532258064516129,Partly Cloudy,Cloudy,79.0,4,L To R,0,0,0,,0,,partial_assembled,0,8.83331693749932,6241.0,,8.635886445123075,0.19743049237624533,5630.1223073884785
20260827,2026-08-27,533,Worcester Red Sox,International League,Polar Park,Scranton/Wilkes-Barre RailRiders,531,7184.0,1,night,Thursday,3,8,August,22,0,,0,533-12,3,6,1.0,0.5241935483870968,0.528,Partly Cloudy,Cloudy,75.0,12,R To L,0,0,0,,0,,partial_assembled,0,8.879611609982035,5625.0,,8.76866127352716,0.1109503364548754,6429.559279084526
20260828,2026-08-28,533,Worcester Red Sox,International League,Polar Park,Scranton/Wilkes-Barre RailRiders,531,9037.0,1,night,Friday,4,8,August,23,1,,0,533-12,4,6,1.0,0.52,0.5317460317460317,Partly Cloudy,Cloudy,81.0,10,L To R,0,0,0,,0,,partial_assembled,0,9.109082539901955,6561.0,,9.053098687705702,0.05598385219625257,8544.975152509242
20260829,2026-08-29,533,Worcester Red Sox,International League,Polar Park,Scranton/Wilkes-Barre RailRiders,531,9310.0,1,day,Saturday,5,8,August,23,1,,0,533-12,5,6,1.0,0.5158730158730159,0.5354330708661418,Sunny,Clear,77.0,6,Out To CF,0,0,0,,0,,partial_assembled,0,9.138844370271112,5929.0,,9.214496081325127,-0.07565171105401447,10041.643562829393
20260830,2026-08-30,533,Worcester Red Sox,International League,Polar Park,Scranton/Wilkes-Barre RailRiders,531,9182.0,1,day,Sunday,6,8,August,23,1,,0,533-12,6,6,1.0,0.5196850393700787,0.53125,Sunny,Clear,80.0,9,Out To RF,0,0,0,,0,,partial_assembled,0,9.125000324809168,6400.0,,8.867899834041715,0.2571004907674528,7100.353382981431
