date_key,date,team_id,home_team,league_name,venue_name,away_team,away_team_id,attendance,games_that_date,day_night,day_of_week,day_of_week_num,month_num,month_name,week_of_season,is_weekend,holiday,is_holiday,homestand_id,homestand_game_index,homestand_length,days_since_last_home_date,home_win_pct,away_win_pct,weather_condition,weather_group,temp_f,wind_mph,wind_direction,is_wet,has_giveaway,giveaway_count,giveaway_item,homestand_has_giveaway,games_from_giveaway,club_coverage,analysis_eligible
20260331,2026-03-31,342,Albuquerque Isotopes,Pacific Coast League,Isotopes Park,Reno Aces,2310,5735.0,1,night,Tuesday,1,3,March,1,0,,0,342-1,1,6,,0.25,0.5,Overcast,Cloudy,73.0,11,Out To RF,0,1,1,"Isotopes Scarves, first 2000 fans",1,0.0,full_season_release,1
20260401,2026-04-01,342,Albuquerque Isotopes,Pacific Coast League,Isotopes Park,Reno Aces,2310,6203.0,1,night,Wednesday,2,4,April,1,0,,0,342-1,2,6,1.0,0.2,0.6,Partly Cloudy,Cloudy,61.0,18,Out To RF,0,0,0,,1,1.0,full_season_release,1
20260402,2026-04-02,342,Albuquerque Isotopes,Pacific Coast League,Isotopes Park,Reno Aces,2310,3378.0,1,day,Thursday,3,4,April,1,0,,0,342-1,3,6,1.0,0.3333333333333333,0.5,Sunny,Clear,65.0,8,Out To CF,0,0,0,,1,-1.0,full_season_release,1
20260403,2026-04-03,342,Albuquerque Isotopes,Pacific Coast League,Isotopes Park,Reno Aces,2310,3653.0,1,night,Friday,4,4,April,2,1,,0,342-1,4,6,1.0,0.2857142857142857,0.5714285714285714,Clear,Clear,60.0,8,L To R,0,1,1,"Magnet Schedules, first 3000 fans",1,0.0,full_season_release,1
20260404,2026-04-04,342,Albuquerque Isotopes,Pacific Coast League,Isotopes Park,Reno Aces,2310,6455.0,1,night,Saturday,5,4,April,2,1,,0,342-1,5,6,1.0,0.375,0.5,Clear,Clear,67.0,2,Out To RF,0,1,1,"Adult Mariachis Jersey Hoodie, first 3000 fans 16 and older",1,0.0,full_season_release,1
20260405,2026-04-05,342,Albuquerque Isotopes,Pacific Coast League,Isotopes Park,Reno Aces,2310,4058.0,1,day,Sunday,6,4,April,2,1,,0,342-1,6,6,1.0,0.3333333333333333,0.5555555555555556,Sunny,Clear,69.0,8,R To L,0,0,0,,1,1.0,full_season_release,1
20260414,2026-04-14,342,Albuquerque Isotopes,Pacific Coast League,Isotopes Park,Oklahoma City Comets,238,6224.0,1,night,Tuesday,1,4,April,3,0,,0,342-2,1,6,9.0,0.5,0.5625,Partly Cloudy,Cloudy,67.0,18,L To R,0,0,0,,1,-3.0,full_season_release,1
20260415,2026-04-15,342,Albuquerque Isotopes,Pacific Coast League,Isotopes Park,Oklahoma City Comets,238,7663.0,1,night,Wednesday,2,4,April,3,0,,0,342-2,2,6,1.0,0.5294117647058824,0.5294117647058824,Clear,Clear,69.0,11,Out To RF,0,0,0,,1,-2.0,full_season_release,1
20260416,2026-04-16,342,Albuquerque Isotopes,Pacific Coast League,Isotopes Park,Oklahoma City Comets,238,3343.0,1,day,Thursday,3,4,April,3,0,,0,342-2,3,6,1.0,0.5555555555555556,0.5,Sunny,Clear,69.0,11,Out To CF,0,0,0,,1,-1.0,full_season_release,1
20260417,2026-04-17,342,Albuquerque Isotopes,Pacific Coast League,Isotopes Park,Oklahoma City Comets,238,4850.0,1,night,Friday,4,4,April,4,1,,0,342-2,4,6,1.0,0.5263157894736842,0.5263157894736842,Clear,Clear,62.0,18,Out To RF,0,1,1,"Orbit Socks, first 2000 fans",1,0.0,full_season_release,1
20260418,2026-04-18,342,Albuquerque Isotopes,Pacific Coast League,Isotopes Park,Oklahoma City Comets,238,5545.0,1,night,Saturday,5,4,April,4,1,,0,342-2,5,6,1.0,0.55,0.5,Partly Cloudy,Cloudy,68.0,3,Calm,0,0,0,,1,1.0,full_season_release,1
20260419,2026-04-19,342,Albuquerque Isotopes,Pacific Coast League,Isotopes Park,Oklahoma City Comets,238,8033.0,1,day,Sunday,6,4,April,4,1,,0,342-2,6,6,1.0,0.5714285714285714,0.47619047619047616,Sunny,Clear,70.0,7,Varies,0,0,0,,1,2.0,full_season_release,1
20260428,2026-04-28,342,Albuquerque Isotopes,Pacific Coast League,Isotopes Park,El Paso Chihuahuas,4904,8611.0,1,night,Tuesday,1,4,April,5,0,,0,342-3,1,6,9.0,0.5357142857142857,0.4642857142857143,Partly Cloudy,Cloudy,78.0,16,Out To RF,0,0,0,,1,-5.0,full_season_release,1
20260429,2026-04-29,342,Albuquerque Isotopes,Pacific Coast League,Isotopes Park,El Paso Chihuahuas,4904,6409.0,1,night,Wednesday,2,4,April,5,0,,0,342-3,2,6,1.0,0.5172413793103449,0.4827586206896552,Clear,Clear,78.0,8,Out To RF,0,0,0,,1,-4.0,full_season_release,1
20260430,2026-04-30,342,Albuquerque Isotopes,Pacific Coast League,Isotopes Park,El Paso Chihuahuas,4904,6509.0,1,day,Thursday,3,4,April,5,0,,0,342-3,3,6,1.0,0.5,0.5,Partly Cloudy,Cloudy,68.0,4,Out To LF,0,0,0,,1,-3.0,full_season_release,1
20260501,2026-05-01,342,Albuquerque Isotopes,Pacific Coast League,Isotopes Park,El Paso Chihuahuas,4904,8298.0,1,night,Friday,4,5,May,6,1,,0,342-3,4,6,1.0,0.5161290322580645,0.4838709677419355,Cloudy,Cloudy,56.0,12,Varies,0,0,0,,1,-2.0,full_season_release,1
20260502,2026-05-02,342,Albuquerque Isotopes,Pacific Coast League,Isotopes Park,El Paso Chihuahuas,4904,8667.0,1,night,Saturday,5,5,May,6,1,,0,342-3,5,6,1.0,0.53125,0.46875,Cloudy,Cloudy,68.0,4,Calm,0,0,0,,1,-1.0,full_season_release,1
20260503,2026-05-03,342,Albuquerque Isotopes,Pacific Coast League,Isotopes Park,El Paso Chihuahuas,4904,6132.0,1,day,Sunday,6,5,May,6,1,,0,342-3,6,6,1.0,0.5454545454545454,0.45454545454545453,Partly Cloudy,Cloudy,69.0,7,Out To RF,0,1,1,"Adult Mariachis Jersey, first 3000 fans 16 and older",1,0.0,full_season_release,1
20260512,2026-05-12,342,Albuquerque Isotopes,Pacific Coast League,Isotopes Park,Oklahoma City Comets,238,7976.0,1,night,Tuesday,1,5,May,7,0,,0,342-4,1,6,9.0,0.6,0.5128205128205128,Clear,Clear,92.0,9,Out To LF,0,0,0,,0,,full_season_release,1
20260513,2026-05-13,342,Albuquerque Isotopes,Pacific Coast League,Isotopes Park,Oklahoma City Comets,238,8196.0,1,night,Wednesday,2,5,May,7,0,,0,342-4,2,6,1.0,0.6097560975609756,0.5,Overcast,Cloudy,85.0,19,L To R,0,0,0,,0,,full_season_release,1
20260514,2026-05-14,342,Albuquerque Isotopes,Pacific Coast League,Isotopes Park,Oklahoma City Comets,238,6896.0,1,day,Thursday,3,5,May,7,0,,0,342-4,3,6,1.0,0.5952380952380952,0.5121951219512195,Sunny,Clear,80.0,4,Calm,0,0,0,,0,,full_season_release,1
20260515,2026-05-15,342,Albuquerque Isotopes,Pacific Coast League,Isotopes Park,Oklahoma City Comets,238,7911.0,1,night,Friday,4,5,May,8,1,,0,342-4,4,6,1.0,0.5813953488372093,0.5238095238095238,Partly Cloudy,Cloudy,88.0,4,Varies,0,0,0,,0,,full_season_release,1
20260516,2026-05-16,342,Albuquerque Isotopes,Pacific Coast League,Isotopes Park,Oklahoma City Comets,238,12053.0,1,night,Saturday,5,5,May,8,1,,0,342-4,5,6,1.0,0.5681818181818182,0.5348837209302325,Clear,Clear,87.0,15,R To L,0,0,0,,0,,full_season_release,1
20260517,2026-05-17,342,Albuquerque Isotopes,Pacific Coast League,Isotopes Park,Oklahoma City Comets,238,8783.0,1,day,Sunday,6,5,May,8,1,,0,342-4,6,6,1.0,0.5555555555555556,0.5454545454545454,Sunny,Clear,80.0,14,Out To CF,0,0,0,,0,,full_season_release,1
20260526,2026-05-26,342,Albuquerque Isotopes,Pacific Coast League,Isotopes Park,El Paso Chihuahuas,4904,6704.0,1,night,Tuesday,1,5,May,9,0,,0,342-5,1,6,9.0,0.5576923076923077,0.4423076923076923,Overcast,Cloudy,60.0,8,In From CF,0,0,0,,1,-4.0,full_season_release,1
20260527,2026-05-27,342,Albuquerque Isotopes,Pacific Coast League,Isotopes Park,El Paso Chihuahuas,4904,7762.0,1,night,Wednesday,2,5,May,9,0,,0,342-5,2,6,1.0,0.5471698113207547,0.4528301886792453,Clear,Clear,83.0,4,Calm,0,0,0,,1,-3.0,full_season_release,1
20260528,2026-05-28,342,Albuquerque Isotopes,Pacific Coast League,Isotopes Park,El Paso Chihuahuas,4904,3614.0,1,day,Thursday,3,5,May,9,0,,0,342-5,3,6,1.0,0.5555555555555556,0.4444444444444444,Partly Cloudy,Cloudy,79.0,4,Varies,0,0,0,,1,-2.0,full_season_release,1
20260529,2026-05-29,342,Albuquerque Isotopes,Pacific Coast League,Isotopes Park,El Paso Chihuahuas,4904,8301.0,1,night,Friday,4,5,May,10,1,,0,342-5,4,6,1.0,0.5636363636363636,0.43636363636363634,Partly Cloudy,Cloudy,85.0,16,Out To LF,0,0,0,,1,-1.0,full_season_release,1
20260530,2026-05-30,342,Albuquerque Isotopes,Pacific Coast League,Isotopes Park,El Paso Chihuahuas,4904,7747.0,1,night,Saturday,5,5,May,10,1,,0,342-5,5,6,1.0,0.5535714285714286,0.44642857142857145,Clear,Clear,83.0,8,Out To RF,0,1,1,"Trucker Hats, first 2000 fans",1,0.0,full_season_release,1
20260531,2026-05-31,342,Albuquerque Isotopes,Pacific Coast League,Isotopes Park,El Paso Chihuahuas,4904,4701.0,1,day,Sunday,6,5,May,10,1,,0,342-5,6,6,1.0,0.5614035087719298,0.43859649122807015,Sunny,Clear,84.0,4,Calm,0,1,1,"Pride Flags, first 1000 fans",1,0.0,full_season_release,1
20260616,2026-06-16,342,Albuquerque Isotopes,Pacific Coast League,Isotopes Park,Sugar Land Space Cowboys,5434,7721.0,1,night,Tuesday,1,6,June,12,0,,0,342-6,1,12,16.0,0.5142857142857142,0.43478260869565216,Clear,Clear,94.0,15,In From RF,0,0,0,,1,-4.0,full_season_release,1
20260617,2026-06-17,342,Albuquerque Isotopes,Pacific Coast League,Isotopes Park,Sugar Land Space Cowboys,5434,7451.0,1,night,Wednesday,2,6,June,12,0,,0,342-6,2,12,1.0,0.5070422535211268,0.44285714285714284,Clear,Clear,100.0,18,L To R,0,0,0,,1,-3.0,full_season_release,1
20260618,2026-06-18,342,Albuquerque Isotopes,Pacific Coast League,Isotopes Park,Sugar Land Space Cowboys,5434,4099.0,1,day,Thursday,3,6,June,12,0,,0,342-6,3,12,1.0,0.5138888888888888,0.43661971830985913,Sunny,Clear,92.0,5,Out To RF,0,0,0,,1,-2.0,full_season_release,1
20260619,2026-06-19,342,Albuquerque Isotopes,Pacific Coast League,Isotopes Park,Sugar Land Space Cowboys,5434,5268.0,1,night,Friday,4,6,June,13,1,,0,342-6,4,12,1.0,0.5205479452054794,0.4305555555555556,Partly Cloudy,Cloudy,97.0,6,Varies,0,0,0,,1,-1.0,full_season_release,1
20260620,2026-06-20,342,Albuquerque Isotopes,Pacific Coast League,Isotopes Park,Sugar Land Space Cowboys,5434,9227.0,1,night,Saturday,5,6,June,13,1,,0,342-6,5,12,1.0,0.527027027027027,0.4246575342465753,Partly Cloudy,Cloudy,99.0,4,Out To RF,0,1,1,"Adult Mariachis Futbol Jersey, first 3000 fans 16 and older",1,0.0,full_season_release,1
20260621,2026-06-21,342,Albuquerque Isotopes,Pacific Coast League,Isotopes Park,Sugar Land Space Cowboys,5434,7154.0,1,night,Sunday,6,6,June,13,1,Father's Day,1,342-6,6,12,1.0,0.52,0.43243243243243246,Clear,Clear,98.0,6,Varies,0,0,0,,1,1.0,full_season_release,1
20260623,2026-06-23,342,Albuquerque Isotopes,Pacific Coast League,Isotopes Park,Salt Lake Bees,561,7332.0,1,night,Tuesday,1,6,June,13,0,,0,342-6,7,12,2.0,0.5263157894736842,0.52,Partly Cloudy,Cloudy,99.0,7,Varies,0,0,0,,1,2.0,full_season_release,1
20260624,2026-06-24,342,Albuquerque Isotopes,Pacific Coast League,Isotopes Park,Salt Lake Bees,561,7136.0,1,night,Wednesday,2,6,June,13,0,,0,342-6,8,12,1.0,0.5194805194805194,0.5263157894736842,Partly Cloudy,Cloudy,91.0,15,Out To RF,0,0,0,,1,-2.0,full_season_release,1
20260625,2026-06-25,342,Albuquerque Isotopes,Pacific Coast League,Isotopes Park,Salt Lake Bees,561,3479.0,1,day,Thursday,3,6,June,13,0,,0,342-6,9,12,1.0,0.5256410256410257,0.5194805194805194,Partly Cloudy,Cloudy,89.0,7,Varies,0,0,0,,1,-1.0,full_season_release,1
20260626,2026-06-26,342,Albuquerque Isotopes,Pacific Coast League,Isotopes Park,Salt Lake Bees,561,7498.0,1,night,Friday,4,6,June,14,1,,0,342-6,10,12,1.0,0.5189873417721519,0.5256410256410257,Overcast,Cloudy,77.0,4,Varies,0,1,1,"Orbit Hats, first 2000 fans",1,0.0,full_season_release,1
20260627,2026-06-27,342,Albuquerque Isotopes,Pacific Coast League,Isotopes Park,Salt Lake Bees,561,8158.0,1,night,Saturday,5,6,June,14,1,,0,342-6,11,12,1.0,0.5125,0.5316455696202531,Partly Cloudy,Cloudy,96.0,18,Out To RF,0,0,0,,1,1.0,full_season_release,1
20260628,2026-06-28,342,Albuquerque Isotopes,Pacific Coast League,Isotopes Park,Salt Lake Bees,561,6292.0,1,day,Sunday,6,6,June,14,1,,0,342-6,12,12,1.0,0.5185185185185185,0.525,Sunny,Clear,93.0,14,Out To CF,0,1,1,"Snoopy Bobbleheads, first 2000 fans",1,0.0,full_season_release,1
20260717,2026-07-17,342,Albuquerque Isotopes,Pacific Coast League,Isotopes Park,Sacramento River Cats,105,5719.0,1,night,Friday,4,7,July,17,1,,0,342-7,1,8,19.0,0.48936170212765956,0.5494505494505495,Cloudy,Cloudy,82.0,10,Varies,0,1,1,"Color-Your-Own Hats, first 2000 fans",1,0.0,full_season_release,1
20260718,2026-07-18,342,Albuquerque Isotopes,Pacific Coast League,Isotopes Park,Sacramento River Cats,105,7434.0,1,night,Saturday,5,7,July,17,1,,0,342-7,2,8,1.0,0.49473684210526314,0.5434782608695652,Overcast,Cloudy,80.0,6,Varies,0,0,0,,1,1.0,full_season_release,1
20260719,2026-07-19,342,Albuquerque Isotopes,Pacific Coast League,Isotopes Park,Sacramento River Cats,105,7137.0,1,night,Sunday,6,7,July,17,1,,0,342-7,3,8,1.0,0.4895833333333333,0.5483870967741935,Clear,Clear,94.0,6,Varies,0,1,1,"Looney Tunes Jerseys, first 2000 fans",1,0.0,full_season_release,1
20260721,2026-07-21,342,Albuquerque Isotopes,Pacific Coast League,Isotopes Park,Round Rock Express,102,9988.0,1,night,Tuesday,1,7,July,17,0,,0,342-7,4,8,2.0,0.4948453608247423,0.4329896907216495,Cloudy,Cloudy,80.0,12,Out To LF,0,0,0,,1,1.0,full_season_release,1
20260722,2026-07-22,342,Albuquerque Isotopes,Pacific Coast League,Isotopes Park,Round Rock Express,102,8133.0,1,night,Wednesday,2,7,July,17,0,,0,342-7,5,8,1.0,0.5,0.42857142857142855,Partly Cloudy,Cloudy,93.0,13,Out To CF,0,0,0,,1,2.0,full_season_release,1
20260723,2026-07-23,342,Albuquerque Isotopes,Pacific Coast League,Isotopes Park,Round Rock Express,102,4041.0,1,day,Thursday,3,7,July,17,0,,0,342-7,6,8,1.0,0.494949494949495,0.43434343434343436,Partly Cloudy,Cloudy,86.0,3,Varies,0,0,0,,1,-2.0,full_season_release,1
20260725,2026-07-25,342,Albuquerque Isotopes,Pacific Coast League,Isotopes Park,Round Rock Express,102,6836.0,2,night,Saturday,5,7,July,18,1,,0,342-7,7,8,2.0,0.48514851485148514,0.44554455445544555,Partly Cloudy,Cloudy,90.0,6,Varies,0,0,0,,1,-1.0,full_season_release,1
20260726,2026-07-26,342,Albuquerque Isotopes,Pacific Coast League,Isotopes Park,Round Rock Express,102,7937.0,1,day,Sunday,6,7,July,18,1,,0,342-7,8,8,1.0,0.4803921568627451,0.45098039215686275,Sunny,Clear,95.0,6,Varies,0,1,1,"Lunch Bags, first 2000 fans",1,0.0,full_season_release,1
20260804,2026-08-04,342,Albuquerque Isotopes,Pacific Coast League,Isotopes Park,Sugar Land Space Cowboys,5434,7759.0,1,night,Tuesday,1,8,August,19,0,,0,342-8,1,6,9.0,0.5045871559633027,0.5370370370370371,Partly Cloudy,Cloudy,99.0,1,In From LF,0,0,0,,1,-1.0,full_season_release,1
20260805,2026-08-05,342,Albuquerque Isotopes,Pacific Coast League,Isotopes Park,Sugar Land Space Cowboys,5434,8017.0,1,night,Wednesday,2,8,August,19,0,,0,342-8,2,6,1.0,0.509090909090909,0.5321100917431193,Partly Cloudy,Cloudy,98.0,9,Out To CF,0,1,1,Magazines,1,0.0,full_season_release,1
20260806,2026-08-06,342,Albuquerque Isotopes,Pacific Coast League,Isotopes Park,Sugar Land Space Cowboys,5434,3136.0,1,day,Thursday,3,8,August,19,0,,0,342-8,3,6,1.0,0.5135135135135135,0.5272727272727272,Sunny,Clear,92.0,4,Out To CF,0,0,0,,1,1.0,full_season_release,1
20260807,2026-08-07,342,Albuquerque Isotopes,Pacific Coast League,Isotopes Park,Sugar Land Space Cowboys,5434,5877.0,1,night,Friday,4,8,August,20,1,,0,342-8,4,6,1.0,0.5089285714285714,0.5315315315315315,Partly Cloudy,Cloudy,88.0,19,Varies,0,0,0,,1,2.0,full_season_release,1
20260808,2026-08-08,342,Albuquerque Isotopes,Pacific Coast League,Isotopes Park,Sugar Land Space Cowboys,5434,9676.0,1,night,Saturday,5,8,August,20,1,,0,342-8,5,6,1.0,0.5132743362831859,0.5267857142857143,Partly Cloudy,Cloudy,98.0,3,Varies,0,0,0,,1,3.0,full_season_release,1
20260809,2026-08-09,342,Albuquerque Isotopes,Pacific Coast League,Isotopes Park,Sugar Land Space Cowboys,5434,3918.0,1,day,Sunday,6,8,August,20,1,,0,342-8,6,6,1.0,0.5175438596491229,0.5221238938053098,Partly Cloudy,Cloudy,97.0,5,Varies,0,0,0,,1,4.0,full_season_release,1
20260818,2026-08-18,342,Albuquerque Isotopes,Pacific Coast League,Isotopes Park,Las Vegas Aviators,400,7935.0,1,night,Tuesday,1,8,August,21,0,,0,342-9,1,6,9.0,0.5041322314049587,0.5630252100840336,Partly Cloudy,Cloudy,96.0,3,Varies,0,0,0,,1,-4.0,full_season_release,1
20260819,2026-08-19,342,Albuquerque Isotopes,Pacific Coast League,Isotopes Park,Las Vegas Aviators,400,7170.0,1,night,Wednesday,2,8,August,21,0,,0,342-9,2,6,1.0,0.5,0.5666666666666667,Cloudy,Cloudy,92.0,5,R To L,0,0,0,,1,-3.0,full_season_release,1
20260820,2026-08-20,342,Albuquerque Isotopes,Pacific Coast League,Isotopes Park,Las Vegas Aviators,400,3092.0,1,day,Thursday,3,8,August,21,0,,0,342-9,3,6,1.0,0.4959349593495935,0.5702479338842975,Sunny,Clear,89.0,3,Varies,0,0,0,,1,-2.0,full_season_release,1
20260821,2026-08-21,342,Albuquerque Isotopes,Pacific Coast League,Isotopes Park,Las Vegas Aviators,400,6844.0,1,night,Friday,4,8,August,22,1,,0,342-9,4,6,1.0,0.49193548387096775,0.5737704918032787,Partly Cloudy,Cloudy,94.0,8,Out To RF,0,0,0,,1,-1.0,full_season_release,1
20260822,2026-08-22,342,Albuquerque Isotopes,Pacific Coast League,Isotopes Park,Las Vegas Aviators,400,8865.0,1,night,Saturday,5,8,August,22,1,,0,342-9,5,6,1.0,0.496,0.5691056910569106,Partly Cloudy,Cloudy,90.0,6,Varies,0,1,1,"Lowrider Bobblehead, first 3000 fans",1,0.0,full_season_release,1
20260823,2026-08-23,342,Albuquerque Isotopes,Pacific Coast League,Isotopes Park,Las Vegas Aviators,400,4871.0,1,day,Sunday,6,8,August,22,1,,0,342-9,6,6,1.0,0.49206349206349204,0.5725806451612904,Partly Cloudy,Cloudy,93.0,8,Out To RF,0,0,0,,1,1.0,full_season_release,1
20260327,2026-03-27,422,Buffalo Bisons,International League,Sahlen Field,Scranton/Wilkes-Barre RailRiders,531,7847.0,1,day,Friday,4,3,March,1,1,,0,422-1,1,2,,0.0,1.0,Sunny,Clear,31.0,11,L To R,0,1,1,Magnetic Schedule presented by Sahlen's,1,0.0,full_season_release,1
20260329,2026-03-29,422,Buffalo Bisons,International League,Sahlen Field,Scranton/Wilkes-Barre RailRiders,531,3191.0,2,day,Sunday,6,3,March,1,1,,0,422-1,2,2,2.0,0.3333333333333333,0.6666666666666666,Partly Cloudy,Cloudy,43.0,14,Out To LF,0,0,0,,1,1.0,full_season_release,1
20260408,2026-04-08,422,Buffalo Bisons,International League,Sahlen Field,Syracuse Mets,552,3353.0,2,day,Wednesday,2,4,April,2,0,,0,422-2,1,5,10.0,0.45454545454545453,0.45454545454545453,Sunny,Clear,45.0,6,R To L,0,0,0,,0,,full_season_release,1
20260409,2026-04-09,422,Buffalo Bisons,International League,Sahlen Field,Syracuse Mets,552,3926.0,1,day,Thursday,3,4,April,2,0,,0,422-2,2,5,1.0,0.4166666666666667,0.5,Sunny,Clear,66.0,20,Out To LF,0,0,0,,0,,full_season_release,1
20260410,2026-04-10,422,Buffalo Bisons,International League,Sahlen Field,Syracuse Mets,552,3195.0,1,day,Friday,4,4,April,3,1,,0,422-2,3,5,1.0,0.46153846153846156,0.46153846153846156,Overcast,Cloudy,61.0,10,Out To LF,0,0,0,,0,,full_season_release,1
20260411,2026-04-11,422,Buffalo Bisons,International League,Sahlen Field,Syracuse Mets,552,3750.0,1,day,Saturday,5,4,April,3,1,,0,422-2,4,5,1.0,0.5,0.42857142857142855,Sunny,Clear,48.0,6,In From CF,0,0,0,,0,,full_season_release,1
20260412,2026-04-12,422,Buffalo Bisons,International League,Sahlen Field,Syracuse Mets,552,3615.0,1,day,Sunday,6,4,April,3,1,,0,422-2,5,5,1.0,0.4666666666666667,0.4666666666666667,Overcast,Cloudy,58.0,6,R To L,0,0,0,,0,,full_season_release,1
20260421,2026-04-21,422,Buffalo Bisons,International League,Sahlen Field,Columbus Clippers,445,3212.0,1,night,Tuesday,1,4,April,4,0,,0,422-3,1,5,9.0,0.45454545454545453,0.5454545454545454,Cloudy,Cloudy,57.0,8,L To R,0,0,0,,0,,full_season_release,1
20260422,2026-04-22,422,Buffalo Bisons,International League,Sahlen Field,Columbus Clippers,445,3321.0,1,night,Wednesday,2,4,April,4,0,,0,422-3,2,5,1.0,0.4782608695652174,0.5217391304347826,Clear,Clear,58.0,8,R To L,0,0,0,,0,,full_season_release,1
20260423,2026-04-23,422,Buffalo Bisons,International League,Sahlen Field,Columbus Clippers,445,3237.0,1,night,Thursday,3,4,April,4,0,,0,422-3,3,5,1.0,0.5,0.5,Clear,Clear,65.0,5,Out To LF,0,0,0,,0,,full_season_release,1
20260424,2026-04-24,422,Buffalo Bisons,International League,Sahlen Field,Columbus Clippers,445,4788.0,1,night,Friday,4,4,April,5,1,,0,422-3,4,5,1.0,0.48,0.52,Overcast,Cloudy,55.0,11,In From LF,0,0,0,,0,,full_season_release,1
20260426,2026-04-26,422,Buffalo Bisons,International League,Sahlen Field,Columbus Clippers,445,3714.0,2,day,Sunday,6,4,April,5,1,,0,422-3,5,5,2.0,0.48148148148148145,0.5185185185185185,Partly Cloudy,Cloudy,54.0,7,Out To CF,0,0,0,,0,,full_season_release,1
20260512,2026-05-12,422,Buffalo Bisons,International League,Sahlen Field,Worcester Red Sox,533,3710.0,1,night,Tuesday,1,5,May,7,0,,0,422-4,1,6,16.0,0.5,0.5526315789473685,Cloudy,Cloudy,56.0,6,Calm,0,0,0,,0,,full_season_release,1
20260513,2026-05-13,422,Buffalo Bisons,International League,Sahlen Field,Worcester Red Sox,533,3193.0,1,night,Wednesday,2,5,May,7,0,,0,422-4,2,6,1.0,0.4878048780487805,0.5641025641025641,Overcast,Cloudy,52.0,15,R To L,0,0,0,,0,,full_season_release,1
20260514,2026-05-14,422,Buffalo Bisons,International League,Sahlen Field,Worcester Red Sox,533,3207.0,1,night,Thursday,3,5,May,7,0,,0,422-4,3,6,1.0,0.5,0.55,Overcast,Cloudy,47.0,7,Calm,0,0,0,,0,,full_season_release,1
20260515,2026-05-15,422,Buffalo Bisons,International League,Sahlen Field,Worcester Red Sox,533,6589.0,1,night,Friday,4,5,May,8,1,,0,422-4,4,6,1.0,0.5116279069767442,0.5365853658536586,Cloudy,Cloudy,57.0,10,R To L,0,0,0,,0,,full_season_release,1
20260516,2026-05-16,422,Buffalo Bisons,International League,Sahlen Field,Worcester Red Sox,533,4147.0,1,day,Saturday,5,5,May,8,1,,0,422-4,5,6,1.0,0.5227272727272727,0.5238095238095238,Partly Cloudy,Cloudy,73.0,12,In From LF,0,0,0,,0,,full_season_release,1
20260517,2026-05-17,422,Buffalo Bisons,International League,Sahlen Field,Worcester Red Sox,533,4776.0,1,day,Sunday,6,5,May,8,1,,0,422-4,6,6,1.0,0.5111111111111111,0.5348837209302325,Partly Cloudy,Cloudy,65.0,14,Out To LF,0,0,0,,0,,full_season_release,1
20260526,2026-05-26,422,Buffalo Bisons,International League,Sahlen Field,Lehigh Valley IronPigs,1410,4417.0,1,night,Tuesday,1,5,May,9,0,,0,422-5,1,6,9.0,0.5,0.4423076923076923,Partly Cloudy,Cloudy,68.0,9,Calm,0,0,0,,1,-5.0,full_season_release,1
20260527,2026-05-27,422,Buffalo Bisons,International League,Sahlen Field,Lehigh Valley IronPigs,1410,3837.0,1,day,Wednesday,2,5,May,9,0,,0,422-5,2,6,1.0,0.49056603773584906,0.4528301886792453,Sunny,Clear,70.0,9,Out To LF,0,0,0,,1,-4.0,full_season_release,1
20260528,2026-05-28,422,Buffalo Bisons,International League,Sahlen Field,Lehigh Valley IronPigs,1410,13590.0,1,day,Thursday,3,5,May,9,0,,0,422-5,3,6,1.0,0.48148148148148145,0.46296296296296297,Partly Cloudy,Cloudy,60.0,8,In From CF,0,0,0,,1,-3.0,full_season_release,1
20260529,2026-05-29,422,Buffalo Bisons,International League,Sahlen Field,Lehigh Valley IronPigs,1410,8115.0,1,night,Friday,4,5,May,10,1,,0,422-5,4,6,1.0,0.4727272727272727,0.4727272727272727,Clear,Clear,63.0,18,R To L,0,0,0,,1,-2.0,full_season_release,1
20260530,2026-05-30,422,Buffalo Bisons,International League,Sahlen Field,Lehigh Valley IronPigs,1410,4582.0,1,day,Saturday,5,5,May,10,1,,0,422-5,5,6,1.0,0.48214285714285715,0.4642857142857143,Partly Cloudy,Cloudy,62.0,8,In From LF,0,0,0,,1,-1.0,full_season_release,1
20260531,2026-05-31,422,Buffalo Bisons,International League,Sahlen Field,Lehigh Valley IronPigs,1410,9259.0,1,day,Sunday,6,5,May,10,1,,0,422-5,6,6,1.0,0.47368421052631576,0.47368421052631576,Sunny,Clear,64.0,13,R To L,0,1,1,Stadium Sling Bag presented by Rich Entertainment Group,1,0.0,full_season_release,1
20260609,2026-06-09,422,Buffalo Bisons,International League,Sahlen Field,Syracuse Mets,552,4064.0,1,night,Tuesday,1,6,June,11,0,,0,422-6,1,12,9.0,0.453125,0.515625,Overcast,Cloudy,80.0,3,Calm,0,0,0,,1,-11.0,full_season_release,1
20260610,2026-06-10,422,Buffalo Bisons,International League,Sahlen Field,Syracuse Mets,552,4197.0,1,night,Wednesday,2,6,June,11,0,,0,422-6,2,12,1.0,0.4461538461538462,0.5230769230769231,Partly Cloudy,Cloudy,74.0,8,R To L,0,0,0,,1,-10.0,full_season_release,1
20260611,2026-06-11,422,Buffalo Bisons,International League,Sahlen Field,Syracuse Mets,552,5683.0,1,night,Thursday,3,6,June,11,0,,0,422-6,3,12,1.0,0.45454545454545453,0.5151515151515151,Overcast,Cloudy,72.0,9,R To L,0,0,0,,1,-9.0,full_season_release,1
20260612,2026-06-12,422,Buffalo Bisons,International League,Sahlen Field,Syracuse Mets,552,8925.0,1,night,Friday,4,6,June,12,1,,0,422-6,4,12,1.0,0.4626865671641791,0.5074626865671642,Partly Cloudy,Cloudy,70.0,21,Out To LF,0,0,0,,1,-8.0,full_season_release,1
20260613,2026-06-13,422,Buffalo Bisons,International League,Sahlen Field,Syracuse Mets,552,13495.0,1,night,Saturday,5,6,June,12,1,,0,422-6,5,12,1.0,0.47058823529411764,0.5,Clear,Clear,76.0,12,R To L,0,0,0,,1,-7.0,full_season_release,1
20260614,2026-06-14,422,Buffalo Bisons,International League,Sahlen Field,Syracuse Mets,552,5149.0,1,day,Sunday,6,6,June,12,1,,0,422-6,6,12,1.0,0.4782608695652174,0.4927536231884058,Cloudy,Cloudy,72.0,9,In From RF,0,0,0,,1,-6.0,full_season_release,1
20260616,2026-06-16,422,Buffalo Bisons,International League,Sahlen Field,Charlotte Knights,494,6183.0,1,night,Tuesday,1,6,June,12,0,,0,422-6,7,12,2.0,0.4857142857142857,0.5428571428571428,Partly Cloudy,Cloudy,72.0,9,Out To LF,0,0,0,,1,-5.0,full_season_release,1
20260617,2026-06-17,422,Buffalo Bisons,International League,Sahlen Field,Charlotte Knights,494,4743.0,1,day,Wednesday,2,6,June,12,0,,0,422-6,8,12,1.0,0.4788732394366197,0.5492957746478874,Partly Cloudy,Cloudy,68.0,13,R To L,0,0,0,,1,-4.0,full_season_release,1
20260618,2026-06-18,422,Buffalo Bisons,International League,Sahlen Field,Charlotte Knights,494,4894.0,1,night,Thursday,3,6,June,12,0,,0,422-6,9,12,1.0,0.4722222222222222,0.5555555555555556,Partly Cloudy,Cloudy,67.0,24,Out To LF,0,0,0,,1,-3.0,full_season_release,1
20260619,2026-06-19,422,Buffalo Bisons,International League,Sahlen Field,Charlotte Knights,494,9890.0,1,night,Friday,4,6,June,13,1,,0,422-6,10,12,1.0,0.4657534246575342,0.5616438356164384,Partly Cloudy,Cloudy,68.0,15,R To L,0,0,0,,1,-2.0,full_season_release,1
20260620,2026-06-20,422,Buffalo Bisons,International League,Sahlen Field,Charlotte Knights,494,7026.0,1,night,Saturday,5,6,June,13,1,,0,422-6,11,12,1.0,0.47297297297297297,0.5540540540540541,Partly Cloudy,Cloudy,68.0,9,R To L,0,0,0,,1,-1.0,full_season_release,1
20260621,2026-06-21,422,Buffalo Bisons,International League,Sahlen Field,Charlotte Knights,494,12456.0,1,day,Sunday,6,6,June,13,1,Father's Day,1,422-6,12,12,1.0,0.4666666666666667,0.56,Sunny,Clear,69.0,8,Calm,0,1,1,Logo Baseball (Father's Day) presented by ECMC,1,0.0,full_season_release,1
20260707,2026-07-07,422,Buffalo Bisons,International League,Sahlen Field,Scranton/Wilkes-Barre RailRiders,531,6892.0,1,night,Tuesday,1,7,July,15,0,,0,422-7,1,5,16.0,0.4772727272727273,0.5232558139534884,Partly Cloudy,Cloudy,80.0,8,Out To RF,0,0,0,,1,-2.0,full_season_release,1
20260708,2026-07-08,422,Buffalo Bisons,International League,Sahlen Field,Scranton/Wilkes-Barre RailRiders,531,6091.0,1,night,Wednesday,2,7,July,15,0,,0,422-7,2,5,1.0,0.47191011235955055,0.5287356321839081,Clear,Clear,80.0,8,R To L,0,0,0,,1,-1.0,full_season_release,1
20260710,2026-07-10,422,Buffalo Bisons,International League,Sahlen Field,Scranton/Wilkes-Barre RailRiders,531,10273.0,1,night,Friday,4,7,July,16,1,,0,422-7,3,5,2.0,0.4666666666666667,0.5340909090909091,Clear,Clear,81.0,6,R To L,0,1,1,Cookie Cutter (Christmas in July),1,0.0,full_season_release,1
20260711,2026-07-11,422,Buffalo Bisons,International League,Sahlen Field,Scranton/Wilkes-Barre RailRiders,531,5547.0,2,night,Saturday,5,7,July,16,1,,0,422-7,4,5,1.0,0.4782608695652174,0.5222222222222223,Clear,Clear,79.0,12,Out To LF,0,0,0,,1,1.0,full_season_release,1
20260712,2026-07-12,422,Buffalo Bisons,International League,Sahlen Field,Scranton/Wilkes-Barre RailRiders,531,7727.0,1,day,Sunday,6,7,July,16,1,,0,422-7,5,5,1.0,0.4731182795698925,0.5274725274725275,Sunny,Clear,80.0,4,In From LF,0,1,1,Ernie Clement Bobble-Card presented by Equitable Advisors,1,0.0,full_season_release,1
20260721,2026-07-21,422,Buffalo Bisons,International League,Sahlen Field,Rochester Red Wings,534,6081.0,1,night,Tuesday,1,7,July,17,0,,0,422-8,1,6,9.0,0.4742268041237113,0.6,Cloudy,Cloudy,72.0,12,Out To LF,0,0,0,,1,-3.0,full_season_release,1
20260722,2026-07-22,422,Buffalo Bisons,International League,Sahlen Field,Rochester Red Wings,534,7218.0,1,day,Wednesday,2,7,July,17,0,,0,422-8,2,6,1.0,0.47959183673469385,0.59375,Overcast,Cloudy,66.0,11,R To L,0,0,0,,1,-2.0,full_season_release,1
20260723,2026-07-23,422,Buffalo Bisons,International League,Sahlen Field,Rochester Red Wings,534,5829.0,1,night,Thursday,3,7,July,17,0,,0,422-8,3,6,1.0,0.47474747474747475,0.5979381443298969,Clear,Clear,73.0,9,Calm,0,0,0,,1,-1.0,full_season_release,1
20260724,2026-07-24,422,Buffalo Bisons,International League,Sahlen Field,Rochester Red Wings,534,10083.0,1,night,Friday,4,7,July,18,1,,0,422-8,4,6,1.0,0.48,0.5918367346938775,Clear,Clear,80.0,5,R To L,0,1,1,Slippers (Pajama Night),1,0.0,full_season_release,1
20260725,2026-07-25,422,Buffalo Bisons,International League,Sahlen Field,Rochester Red Wings,534,9631.0,1,night,Saturday,5,7,July,18,1,,0,422-8,5,6,1.0,0.48514851485148514,0.5858585858585859,Partly Cloudy,Cloudy,78.0,8,Out To LF,0,0,0,,1,1.0,full_season_release,1
20260726,2026-07-26,422,Buffalo Bisons,International League,Sahlen Field,Rochester Red Wings,534,7154.0,1,day,Sunday,6,7,July,18,1,,0,422-8,6,6,1.0,0.4803921568627451,0.59,Overcast,Cloudy,76.0,7,Out To LF,0,0,0,,1,2.0,full_season_release,1
20260804,2026-08-04,422,Buffalo Bisons,International League,Sahlen Field,Norfolk Tides,568,6976.0,1,night,Tuesday,1,8,August,19,0,,0,422-9,1,6,9.0,0.47706422018348627,0.35514018691588783,Clear,Clear,81.0,6,Calm,0,0,0,,1,-5.0,full_season_release,1
20260805,2026-08-05,422,Buffalo Bisons,International League,Sahlen Field,Norfolk Tides,568,6015.0,1,day,Wednesday,2,8,August,19,0,,0,422-9,2,6,1.0,0.4818181818181818,0.35185185185185186,Cloudy,Cloudy,86.0,10,Out To LF,0,0,0,,1,-4.0,full_season_release,1
20260806,2026-08-06,422,Buffalo Bisons,International League,Sahlen Field,Norfolk Tides,568,4673.0,1,night,Thursday,3,8,August,19,0,,0,422-9,3,6,1.0,0.4864864864864865,0.3486238532110092,Partly Cloudy,Cloudy,83.0,9,R To L,0,0,0,,1,-3.0,full_season_release,1
20260807,2026-08-07,422,Buffalo Bisons,International League,Sahlen Field,Norfolk Tides,568,11707.0,1,night,Friday,4,8,August,20,1,,0,422-9,4,6,1.0,0.48214285714285715,0.35454545454545455,Cloudy,Cloudy,78.0,5,R To L,0,0,0,,1,-2.0,full_season_release,1
20260808,2026-08-08,422,Buffalo Bisons,International League,Sahlen Field,Norfolk Tides,568,7151.0,1,night,Saturday,5,8,August,20,1,,0,422-9,5,6,1.0,0.48672566371681414,0.35135135135135137,Partly Cloudy,Cloudy,78.0,14,Out To LF,0,0,0,,1,-1.0,full_season_release,1
20260809,2026-08-09,422,Buffalo Bisons,International League,Sahlen Field,Norfolk Tides,568,6027.0,1,day,Sunday,6,8,August,20,1,,0,422-9,6,6,1.0,0.49122807017543857,0.3482142857142857,Sunny,Clear,79.0,7,Calm,0,1,1,Sliding Mitt presented by SUNY Erie,1,0.0,full_season_release,1
20260818,2026-08-18,422,Buffalo Bisons,International League,Sahlen Field,Lehigh Valley IronPigs,1410,6344.0,1,night,Tuesday,1,8,August,21,0,,0,422-10,1,6,9.0,0.49586776859504134,0.48333333333333334,Partly Cloudy,Cloudy,74.0,12,Out To LF,0,0,0,,1,-5.0,full_season_release,1
20260819,2026-08-19,422,Buffalo Bisons,International League,Sahlen Field,Lehigh Valley IronPigs,1410,4491.0,1,day,Wednesday,2,8,August,21,0,,0,422-10,2,6,1.0,0.4918032786885246,0.48760330578512395,Cloudy,Cloudy,75.0,10,In From RF,0,0,0,,1,-4.0,full_season_release,1
20260820,2026-08-20,422,Buffalo Bisons,International League,Sahlen Field,Lehigh Valley IronPigs,1410,5939.0,1,night,Thursday,3,8,August,21,0,,0,422-10,3,6,1.0,0.4878048780487805,0.4918032786885246,Clear,Clear,76.0,9,Calm,0,0,0,,1,-3.0,full_season_release,1
20260821,2026-08-21,422,Buffalo Bisons,International League,Sahlen Field,Lehigh Valley IronPigs,1410,10042.0,1,night,Friday,4,8,August,22,1,,0,422-10,4,6,1.0,0.49193548387096775,0.4878048780487805,Partly Cloudy,Cloudy,80.0,4,Out To LF,0,0,0,,1,-2.0,full_season_release,1
20260823,2026-08-23,422,Buffalo Bisons,International League,Sahlen Field,Lehigh Valley IronPigs,1410,7043.0,1,day,Sunday,6,8,August,22,1,,0,422-10,6,6,2.0,0.496,0.4838709677419355,Overcast,Cloudy,66.0,13,Out To CF,0,1,1,Vlad Guerrero Jr. Jersey Lunch Bag,1,0.0,full_season_release,1
20260327,2026-03-27,494,Charlotte Knights,International League,Truist Field,Durham Bulls,234,7164.0,1,night,Friday,4,3,March,1,1,,0,494-1,1,3,,1.0,0.0,Partly Cloudy,Cloudy,81.0,8,Varies,0,0,0,,0,,partial_assembled,0
20260328,2026-03-28,494,Charlotte Knights,International League,Truist Field,Durham Bulls,234,5305.0,1,night,Saturday,5,3,March,1,1,,0,494-1,2,3,1.0,1.0,0.0,Clear,Clear,59.0,11,Varies,0,0,0,,0,,partial_assembled,0
20260329,2026-03-29,494,Charlotte Knights,International League,Truist Field,Durham Bulls,234,4249.0,1,day,Sunday,6,3,March,1,1,,0,494-1,3,3,1.0,1.0,0.0,Sunny,Clear,60.0,6,Varies,0,0,0,,0,,partial_assembled,0
20260407,2026-04-07,494,Charlotte Knights,International League,Truist Field,Memphis Redbirds,235,3720.0,1,night,Tuesday,1,4,April,2,0,,0,494-2,1,6,9.0,0.4444444444444444,0.9,Clear,Clear,66.0,8,Varies,0,0,0,,0,,partial_assembled,0
20260408,2026-04-08,494,Charlotte Knights,International League,Truist Field,Memphis Redbirds,235,3872.0,1,night,Wednesday,2,4,April,2,0,,0,494-2,2,6,1.0,0.5,0.8181818181818182,Partly Cloudy,Cloudy,61.0,9,Varies,0,0,0,,0,,partial_assembled,0
20260409,2026-04-09,494,Charlotte Knights,International League,Truist Field,Memphis Redbirds,235,4114.0,1,night,Thursday,3,4,April,2,0,,0,494-2,3,6,1.0,0.45454545454545453,0.8333333333333334,Clear,Clear,64.0,4,Varies,0,0,0,,0,,partial_assembled,0
20260410,2026-04-10,494,Charlotte Knights,International League,Truist Field,Memphis Redbirds,235,6730.0,1,night,Friday,4,4,April,3,1,,0,494-2,4,6,1.0,0.5,0.7692307692307693,Partly Cloudy,Cloudy,74.0,7,Varies,0,0,0,,0,,partial_assembled,0
20260411,2026-04-11,494,Charlotte Knights,International League,Truist Field,Memphis Redbirds,235,5043.0,1,night,Saturday,5,4,April,3,1,,0,494-2,5,6,1.0,0.46153846153846156,0.7857142857142857,Clear,Clear,81.0,2,Varies,0,0,0,,0,,partial_assembled,0
20260412,2026-04-12,494,Charlotte Knights,International League,Truist Field,Memphis Redbirds,235,3485.0,1,day,Sunday,6,4,April,3,1,,0,494-2,6,6,1.0,0.5,0.7333333333333333,Sunny,Clear,80.0,5,Varies,0,0,0,,0,,partial_assembled,0
20260421,2026-04-21,494,Charlotte Knights,International League,Truist Field,Nashville Sounds,556,7234.0,1,day,Tuesday,1,4,April,4,0,,0,494-3,1,12,9.0,0.42857142857142855,0.5714285714285714,Sunny,Clear,59.0,5,Varies,0,0,0,,0,,partial_assembled,0
20260422,2026-04-22,494,Charlotte Knights,International League,Truist Field,Nashville Sounds,556,4186.0,1,night,Wednesday,2,4,April,4,0,,0,494-3,2,12,1.0,0.45454545454545453,0.5454545454545454,Clear,Clear,81.0,9,Varies,0,0,0,,0,,partial_assembled,0
20260423,2026-04-23,494,Charlotte Knights,International League,Truist Field,Nashville Sounds,556,4444.0,1,night,Thursday,3,4,April,4,0,,0,494-3,3,12,1.0,0.4782608695652174,0.5217391304347826,Clear,Clear,81.0,6,Varies,0,0,0,,0,,partial_assembled,0
20260424,2026-04-24,494,Charlotte Knights,International League,Truist Field,Nashville Sounds,556,8204.0,1,night,Friday,4,4,April,5,1,,0,494-3,4,12,1.0,0.5,0.5,Clear,Clear,81.0,8,Varies,0,0,0,,0,,partial_assembled,0
20260425,2026-04-25,494,Charlotte Knights,International League,Truist Field,Nashville Sounds,556,5337.0,1,night,Saturday,5,4,April,5,1,,0,494-3,5,12,1.0,0.48,0.52,Cloudy,Cloudy,82.0,10,Varies,0,0,0,,0,,partial_assembled,0
20260426,2026-04-26,494,Charlotte Knights,International League,Truist Field,Nashville Sounds,556,5070.0,1,day,Sunday,6,4,April,5,1,,0,494-3,6,12,1.0,0.48148148148148145,0.5185185185185185,Cloudy,Cloudy,71.0,12,Varies,0,0,0,,0,,partial_assembled,0
20260428,2026-04-28,494,Charlotte Knights,International League,Truist Field,Gwinnett Stripers,431,4210.0,1,night,Tuesday,1,4,April,5,0,,0,494-3,7,12,2.0,0.4642857142857143,0.6428571428571429,Overcast,Cloudy,69.0,8,Varies,0,0,0,,0,,partial_assembled,0
20260429,2026-04-29,494,Charlotte Knights,International League,Truist Field,Gwinnett Stripers,431,5218.0,1,day,Wednesday,2,4,April,5,0,,0,494-3,8,12,1.0,0.4827586206896552,0.6206896551724138,Cloudy,Cloudy,65.0,8,Varies,0,0,0,,0,,partial_assembled,0
20260430,2026-04-30,494,Charlotte Knights,International League,Truist Field,Gwinnett Stripers,431,5246.0,1,night,Thursday,3,4,April,5,0,,0,494-3,9,12,1.0,0.4666666666666667,0.6333333333333333,Cloudy,Cloudy,71.0,5,Varies,0,0,0,,0,,partial_assembled,0
20260501,2026-05-01,494,Charlotte Knights,International League,Truist Field,Gwinnett Stripers,431,7109.0,1,night,Friday,4,5,May,6,1,,0,494-3,10,12,1.0,0.45161290322580644,0.6451612903225806,Cloudy,Cloudy,62.0,6,Varies,0,0,0,,0,,partial_assembled,0
20260502,2026-05-02,494,Charlotte Knights,International League,Truist Field,Gwinnett Stripers,431,6168.0,1,night,Saturday,5,5,May,6,1,,0,494-3,11,12,1.0,0.46875,0.625,Partly Cloudy,Cloudy,62.0,2,Varies,0,0,0,,0,,partial_assembled,0
20260503,2026-05-03,494,Charlotte Knights,International League,Truist Field,Gwinnett Stripers,431,5443.0,1,day,Sunday,6,5,May,6,1,,0,494-3,12,12,1.0,0.48484848484848486,0.6060606060606061,Sunny,Clear,65.0,7,Varies,0,0,0,,0,,partial_assembled,0
20260512,2026-05-12,494,Charlotte Knights,International League,Truist Field,Norfolk Tides,568,4508.0,1,night,Tuesday,1,5,May,7,0,,0,494-4,1,6,9.0,0.475,0.4,Clear,Clear,70.0,7,Varies,0,0,0,,0,,partial_assembled,0
20260513,2026-05-13,494,Charlotte Knights,International League,Truist Field,Norfolk Tides,568,4736.0,1,night,Wednesday,2,5,May,7,0,,0,494-4,2,6,1.0,0.4634146341463415,0.4146341463414634,Clear,Clear,76.0,6,Varies,0,0,0,,0,,partial_assembled,0
20260514,2026-05-14,494,Charlotte Knights,International League,Truist Field,Norfolk Tides,568,5654.0,1,night,Thursday,3,5,May,7,0,,0,494-4,3,6,1.0,0.47619047619047616,0.40476190476190477,Partly Cloudy,Cloudy,67.0,13,Varies,0,0,0,,0,,partial_assembled,0
20260515,2026-05-15,494,Charlotte Knights,International League,Truist Field,Norfolk Tides,568,6304.0,1,night,Friday,4,5,May,8,1,,0,494-4,4,6,1.0,0.4883720930232558,0.3953488372093023,Clear,Clear,74.0,3,Varies,0,0,0,,0,,partial_assembled,0
20260516,2026-05-16,494,Charlotte Knights,International League,Truist Field,Norfolk Tides,568,6744.0,1,night,Saturday,5,5,May,8,1,,0,494-4,5,6,1.0,0.4772727272727273,0.4090909090909091,Partly Cloudy,Cloudy,81.0,7,Varies,0,0,0,,0,,partial_assembled,0
20260517,2026-05-17,494,Charlotte Knights,International League,Truist Field,Norfolk Tides,568,6222.0,1,day,Sunday,6,5,May,8,1,,0,494-4,6,6,1.0,0.4888888888888889,0.4,Partly Cloudy,Cloudy,84.0,8,Varies,0,0,0,,0,,partial_assembled,0
20260526,2026-05-26,494,Charlotte Knights,International League,Truist Field,Jacksonville Jumbo Shrimp,564,3100.0,1,night,Tuesday,1,5,May,9,0,,0,494-5,1,6,9.0,0.5192307692307693,0.5576923076923077,Overcast,Cloudy,78.0,7,Varies,0,0,0,,0,,partial_assembled,0
20260527,2026-05-27,494,Charlotte Knights,International League,Truist Field,Jacksonville Jumbo Shrimp,564,4045.0,1,night,Wednesday,2,5,May,9,0,,0,494-5,2,6,1.0,0.5094339622641509,0.5660377358490566,Partly Cloudy,Cloudy,84.0,4,Varies,0,0,0,,0,,partial_assembled,0
20260528,2026-05-28,494,Charlotte Knights,International League,Truist Field,Jacksonville Jumbo Shrimp,564,4666.0,1,night,Thursday,3,5,May,9,0,,0,494-5,3,6,1.0,0.5185185185185185,0.5555555555555556,Partly Cloudy,Cloudy,86.0,5,Varies,0,0,0,,0,,partial_assembled,0
20260529,2026-05-29,494,Charlotte Knights,International League,Truist Field,Jacksonville Jumbo Shrimp,564,7686.0,1,night,Friday,4,5,May,10,1,,0,494-5,4,6,1.0,0.5272727272727272,0.5454545454545454,Partly Cloudy,Cloudy,82.0,2,Varies,0,0,0,,0,,partial_assembled,0
20260530,2026-05-30,494,Charlotte Knights,International League,Truist Field,Jacksonville Jumbo Shrimp,564,6352.0,1,night,Saturday,5,5,May,10,1,,0,494-5,5,6,1.0,0.5178571428571429,0.5535714285714286,Partly Cloudy,Cloudy,81.0,3,Varies,0,0,0,,0,,partial_assembled,0
20260531,2026-05-31,494,Charlotte Knights,International League,Truist Field,Jacksonville Jumbo Shrimp,564,4025.0,1,day,Sunday,6,5,May,10,1,,0,494-5,6,6,1.0,0.5087719298245614,0.5614035087719298,Partly Cloudy,Cloudy,71.0,5,Varies,0,0,0,,0,,partial_assembled,0
20260609,2026-06-09,494,Charlotte Knights,International League,Truist Field,Oklahoma City Comets,238,4401.0,1,night,Tuesday,1,6,June,11,0,,0,494-6,1,6,9.0,0.546875,0.5714285714285714,Partly Cloudy,Cloudy,82.0,4,Varies,0,0,0,,1,-3.0,partial_assembled,0
20260610,2026-06-10,494,Charlotte Knights,International League,Truist Field,Oklahoma City Comets,238,4002.0,1,day,Wednesday,2,6,June,11,0,,0,494-6,2,6,1.0,0.5384615384615384,0.578125,Cloudy,Cloudy,79.0,10,Varies,0,0,0,,1,-2.0,partial_assembled,0
20260611,2026-06-11,494,Charlotte Knights,International League,Truist Field,Oklahoma City Comets,238,5364.0,1,night,Thursday,3,6,June,11,0,,0,494-6,3,6,1.0,0.5454545454545454,0.5692307692307692,Partly Cloudy,Cloudy,91.0,6,Varies,0,0,0,,1,-1.0,partial_assembled,0
20260612,2026-06-12,494,Charlotte Knights,International League,Truist Field,Oklahoma City Comets,238,6124.0,1,night,Friday,4,6,June,12,1,,0,494-6,4,6,1.0,0.5522388059701493,0.5606060606060606,Partly Cloudy,Cloudy,92.0,7,Varies,0,1,1,"Retro Knights basketball jersey, first 1000 fans",1,0.0,partial_assembled,0
20260613,2026-06-13,494,Charlotte Knights,International League,Truist Field,Oklahoma City Comets,238,6161.0,1,night,Saturday,5,6,June,12,1,,0,494-6,5,6,1.0,0.5441176470588235,0.5671641791044776,Partly Cloudy,Cloudy,94.0,4,Varies,0,0,0,,1,1.0,partial_assembled,0
20260614,2026-06-14,494,Charlotte Knights,International League,Truist Field,Oklahoma City Comets,238,5628.0,1,night,Sunday,6,6,June,12,1,,0,494-6,6,6,1.0,0.5507246376811594,0.5588235294117647,Partly Cloudy,Cloudy,88.0,12,Varies,0,0,0,,1,2.0,partial_assembled,0
20260623,2026-06-23,494,Charlotte Knights,International League,Truist Field,Rochester Red Wings,534,4577.0,1,night,Tuesday,1,6,June,13,0,,0,494-7,1,6,9.0,0.5526315789473685,0.6216216216216216,Clear,Clear,85.0,6,Varies,0,0,0,,1,-3.0,partial_assembled,0
20260624,2026-06-24,494,Charlotte Knights,International League,Truist Field,Rochester Red Wings,534,5509.0,1,night,Wednesday,2,6,June,13,0,,0,494-7,2,6,1.0,0.5584415584415584,0.6133333333333333,Partly Cloudy,Cloudy,82.0,3,Varies,0,0,0,,1,-2.0,partial_assembled,0
20260625,2026-06-25,494,Charlotte Knights,International League,Truist Field,Rochester Red Wings,534,5376.0,1,night,Thursday,3,6,June,13,0,,0,494-7,3,6,1.0,0.5641025641025641,0.6052631578947368,Partly Cloudy,Cloudy,85.0,5,Varies,0,0,0,,1,-1.0,partial_assembled,0
20260626,2026-06-26,494,Charlotte Knights,International League,Truist Field,Rochester Red Wings,534,7014.0,1,night,Friday,4,6,June,14,1,,0,494-7,4,6,1.0,0.5569620253164557,0.6103896103896104,Partly Cloudy,Cloudy,83.0,4,Varies,0,1,1,"Sweet Teas shirt, first 1000 fans",1,0.0,partial_assembled,0
20260627,2026-06-27,494,Charlotte Knights,International League,Truist Field,Rochester Red Wings,534,5833.0,1,night,Saturday,5,6,June,14,1,,0,494-7,5,6,1.0,0.55,0.6153846153846154,Cloudy,Cloudy,78.0,5,Varies,0,1,1,"Levine Children's Hospital youth jersey, first 1000 kids",1,0.0,partial_assembled,0
20260628,2026-06-28,494,Charlotte Knights,International League,Truist Field,Rochester Red Wings,534,3932.0,1,night,Sunday,6,6,June,14,1,,0,494-7,6,6,1.0,0.5432098765432098,0.620253164556962,Cloudy,Cloudy,84.0,8,Varies,0,0,0,,1,1.0,partial_assembled,0
20260707,2026-07-07,494,Charlotte Knights,International League,Truist Field,Nashville Sounds,556,3468.0,1,night,Tuesday,1,7,July,15,0,,0,494-8,1,6,9.0,0.5340909090909091,0.5681818181818182,Partly Cloudy,Cloudy,88.0,8,Varies,0,0,0,,1,-2.0,partial_assembled,0
20260708,2026-07-08,494,Charlotte Knights,International League,Truist Field,Nashville Sounds,556,4310.0,1,night,Wednesday,2,7,July,15,0,,0,494-8,2,6,1.0,0.5280898876404494,0.5730337078651685,Partly Cloudy,Cloudy,92.0,11,Varies,0,0,0,,1,-1.0,partial_assembled,0
20260709,2026-07-09,494,Charlotte Knights,International League,Truist Field,Nashville Sounds,556,5577.0,1,night,Thursday,3,7,July,15,0,,0,494-8,3,6,1.0,0.5333333333333333,0.5666666666666667,Partly Cloudy,Cloudy,85.0,8,Varies,0,1,1,"NASCAR T-shirt, first 1000 fans",1,0.0,partial_assembled,0
20260710,2026-07-10,494,Charlotte Knights,International League,Truist Field,Nashville Sounds,556,7619.0,1,night,Friday,4,7,July,16,1,,0,494-8,4,6,1.0,0.5274725274725275,0.5714285714285714,Partly Cloudy,Cloudy,81.0,6,Varies,0,1,1,"Grateful Dead T-shirt, first 1000 fans",1,0.0,partial_assembled,0
20260711,2026-07-11,494,Charlotte Knights,International League,Truist Field,Nashville Sounds,556,5402.0,1,night,Saturday,5,7,July,16,1,,0,494-8,5,6,1.0,0.5217391304347826,0.5760869565217391,Cloudy,Cloudy,86.0,10,Varies,0,0,0,,1,1.0,partial_assembled,0
20260712,2026-07-12,494,Charlotte Knights,International League,Truist Field,Nashville Sounds,556,3480.0,1,day,Sunday,6,7,July,16,1,,0,494-8,6,6,1.0,0.5268817204301075,0.5698924731182796,Cloudy,Cloudy,86.0,5,Varies,0,0,0,,1,2.0,partial_assembled,0
20260721,2026-07-21,494,Charlotte Knights,International League,Truist Field,Norfolk Tides,568,5027.0,1,night,Tuesday,1,7,July,17,0,,0,494-9,1,5,9.0,0.5257731958762887,0.3684210526315789,Partly Cloudy,Cloudy,91.0,14,Varies,0,0,0,,1,-3.0,partial_assembled,0
20260722,2026-07-22,494,Charlotte Knights,International League,Truist Field,Norfolk Tides,568,4288.0,1,night,Wednesday,2,7,July,17,0,,0,494-9,2,5,1.0,0.5306122448979592,0.3645833333333333,Partly Cloudy,Cloudy,90.0,12,Varies,0,0,0,,1,-2.0,partial_assembled,0
20260724,2026-07-24,494,Charlotte Knights,International League,Truist Field,Norfolk Tides,568,6026.0,2,night,Friday,4,7,July,18,1,,0,494-9,3,5,2.0,0.53,0.3673469387755102,Overcast,Cloudy,76.0,3,Varies,0,0,0,,1,-1.0,partial_assembled,0
20260725,2026-07-25,494,Charlotte Knights,International League,Truist Field,Norfolk Tides,568,6391.0,1,night,Saturday,5,7,July,18,1,,0,494-9,4,5,1.0,0.5346534653465347,0.36363636363636365,Partly Cloudy,Cloudy,81.0,1,Varies,0,1,1,"Commemorative snow globe, first 1000 fans",1,0.0,partial_assembled,0
20260726,2026-07-26,494,Charlotte Knights,International League,Truist Field,Norfolk Tides,568,4002.0,1,day,Sunday,6,7,July,18,1,,0,494-9,5,5,1.0,0.5392156862745098,0.36,Cloudy,Cloudy,79.0,2,Varies,0,0,0,,1,1.0,partial_assembled,0
20260805,2026-08-05,494,Charlotte Knights,International League,Truist Field,Durham Bulls,234,4443.0,2,night,Wednesday,2,8,August,19,0,,0,494-10,1,5,10.0,0.5363636363636364,0.46788990825688076,Partly Cloudy,Cloudy,80.0,6,Varies,0,0,0,,1,-1.0,partial_assembled,0
20260806,2026-08-06,494,Charlotte Knights,International League,Truist Field,Durham Bulls,234,6037.0,1,night,Thursday,3,8,August,19,0,,0,494-10,2,5,1.0,0.5405405405405406,0.4636363636363636,Cloudy,Cloudy,76.0,5,Varies,0,1,1,Knights hockey jersey courtesy of ACCHL,1,0.0,partial_assembled,0
20260807,2026-08-07,494,Charlotte Knights,International League,Truist Field,Durham Bulls,234,6726.0,1,night,Friday,4,8,August,20,1,,0,494-10,3,5,1.0,0.5446428571428571,0.4594594594594595,Clear,Clear,86.0,6,Varies,0,0,0,,1,1.0,partial_assembled,0
20260808,2026-08-08,494,Charlotte Knights,International League,Truist Field,Durham Bulls,234,11355.0,1,night,Saturday,5,8,August,20,1,,0,494-10,4,5,1.0,0.5398230088495575,0.4642857142857143,Partly Cloudy,Cloudy,90.0,8,Varies,0,1,1,"Knights pom pom, while supplies last",1,0.0,partial_assembled,0
20260809,2026-08-09,494,Charlotte Knights,International League,Truist Field,Durham Bulls,234,4121.0,1,night,Sunday,6,8,August,20,1,,0,494-10,5,5,1.0,0.543859649122807,0.46017699115044247,Partly Cloudy,Cloudy,91.0,5,Varies,0,1,1,"Back-to-School giveaway, item unspecified",1,0.0,partial_assembled,0
20260825,2026-08-25,494,Charlotte Knights,International League,Truist Field,Memphis Redbirds,235,4419.0,1,night,Tuesday,1,8,August,22,0,,0,494-11,1,5,16.0,0.5354330708661418,0.5433070866141733,Partly Cloudy,Cloudy,85.0,4,Varies,0,0,0,,1,-2.0,partial_assembled,0
20260826,2026-08-26,494,Charlotte Knights,International League,Truist Field,Memphis Redbirds,235,4455.0,1,night,Wednesday,2,8,August,22,0,,0,494-11,2,5,1.0,0.53125,0.546875,Partly Cloudy,Cloudy,87.0,5,Varies,0,0,0,,1,-1.0,partial_assembled,0
20260827,2026-08-27,494,Charlotte Knights,International League,Truist Field,Memphis Redbirds,235,5515.0,1,night,Thursday,3,8,August,22,0,,0,494-11,3,5,1.0,0.5271317829457365,0.5503875968992248,Cloudy,Cloudy,84.0,3,Varies,0,1,1,"Moonlight Graham player pin, first 1000 fans",1,0.0,partial_assembled,0
20260829,2026-08-29,494,Charlotte Knights,International League,Truist Field,Memphis Redbirds,235,7443.0,2,night,Saturday,5,8,August,23,1,,0,494-11,4,5,2.0,0.5343511450381679,0.5419847328244275,Partly Cloudy,Cloudy,81.0,2,Varies,0,0,0,,1,1.0,partial_assembled,0
20260830,2026-08-30,494,Charlotte Knights,International League,Truist Field,Memphis Redbirds,235,4252.0,1,night,Sunday,6,8,August,23,1,,0,494-11,5,5,1.0,0.5378787878787878,0.5378787878787878,Partly Cloudy,Cloudy,86.0,4,Varies,0,0,0,,1,2.0,partial_assembled,0
20260331,2026-03-31,445,Columbus Clippers,International League,Huntington Park,Indianapolis Indians,484,8106.0,1,night,Tuesday,1,3,March,1,0,,0,445-1,1,6,,0.75,0.0,Partly Cloudy,Cloudy,76.0,16,R To L,0,0,0,,0,,partial_assembled,0
20260401,2026-04-01,445,Columbus Clippers,International League,Huntington Park,Indianapolis Indians,484,2668.0,1,night,Wednesday,2,4,April,1,0,,0,445-1,2,6,1.0,0.8,0.0,Rain,Precipitation,48.0,9,Out To CF,1,0,0,,0,,partial_assembled,0
20260402,2026-04-02,445,Columbus Clippers,International League,Huntington Park,Indianapolis Indians,484,3652.0,1,night,Thursday,3,4,April,1,0,,0,445-1,3,6,1.0,0.8333333333333334,0.0,Partly Cloudy,Cloudy,79.0,19,Out To LF,0,0,0,,0,,partial_assembled,0
20260403,2026-04-03,445,Columbus Clippers,International League,Huntington Park,Indianapolis Indians,484,4084.0,1,night,Friday,4,4,April,2,1,,0,445-1,4,6,1.0,0.7142857142857143,0.14285714285714285,Partly Cloudy,Cloudy,77.0,12,R To L,0,0,0,,0,,partial_assembled,0
20260404,2026-04-04,445,Columbus Clippers,International League,Huntington Park,Indianapolis Indians,484,4066.0,1,day,Saturday,5,4,April,2,1,,0,445-1,5,6,1.0,0.75,0.125,Cloudy,Cloudy,80.0,9,Out To LF,0,0,0,,0,,partial_assembled,0
20260405,2026-04-05,445,Columbus Clippers,International League,Huntington Park,Indianapolis Indians,484,3492.0,1,day,Sunday,6,4,April,2,1,,0,445-1,6,6,1.0,0.6666666666666666,0.2222222222222222,Cloudy,Cloudy,47.0,15,Out To LF,0,0,0,,0,,partial_assembled,0
20260414,2026-04-14,445,Columbus Clippers,International League,Huntington Park,Iowa Cubs,451,6060.0,1,night,Tuesday,1,4,April,3,0,,0,445-2,1,6,9.0,0.5,0.6,Partly Cloudy,Cloudy,84.0,7,Out To LF,0,0,0,,0,,partial_assembled,0
20260415,2026-04-15,445,Columbus Clippers,International League,Huntington Park,Iowa Cubs,451,3728.0,1,night,Wednesday,2,4,April,3,0,,0,445-2,2,6,1.0,0.5294117647058824,0.5625,Cloudy,Cloudy,81.0,14,Out To LF,0,0,0,,0,,partial_assembled,0
20260416,2026-04-16,445,Columbus Clippers,International League,Huntington Park,Iowa Cubs,451,4406.0,1,day,Thursday,3,4,April,3,0,,0,445-2,3,6,1.0,0.5,0.5882352941176471,Partly Cloudy,Cloudy,78.0,15,Out To LF,0,0,0,,0,,partial_assembled,0
20260417,2026-04-17,445,Columbus Clippers,International League,Huntington Park,Iowa Cubs,451,6103.0,1,night,Friday,4,4,April,4,1,,0,445-2,4,6,1.0,0.5263157894736842,0.5555555555555556,Clear,Clear,81.0,10,Out To LF,0,0,0,,0,,partial_assembled,0
20260418,2026-04-18,445,Columbus Clippers,International League,Huntington Park,Iowa Cubs,451,4493.0,1,day,Saturday,5,4,April,4,1,,0,445-2,5,6,1.0,0.5,0.5789473684210527,Cloudy,Cloudy,66.0,3,Out To LF,0,0,0,,0,,partial_assembled,0
20260419,2026-04-19,445,Columbus Clippers,International League,Huntington Park,Iowa Cubs,451,5219.0,1,day,Sunday,6,4,April,4,1,,0,445-2,6,6,1.0,0.5238095238095238,0.55,Partly Cloudy,Cloudy,55.0,17,Out To LF,0,0,0,,0,,partial_assembled,0
20260428,2026-04-28,445,Columbus Clippers,International League,Huntington Park,Toledo Mud Hens,512,8579.0,1,night,Tuesday,1,4,April,5,0,,0,445-3,1,6,9.0,0.5357142857142857,0.5,Partly Cloudy,Cloudy,76.0,7,Out To CF,0,0,0,,0,,partial_assembled,0
20260429,2026-04-29,445,Columbus Clippers,International League,Huntington Park,Toledo Mud Hens,512,4355.0,1,night,Wednesday,2,4,April,5,0,,0,445-3,2,6,1.0,0.5172413793103449,0.5172413793103449,Partly Cloudy,Cloudy,60.0,11,Out To CF,0,0,0,,0,,partial_assembled,0
20260430,2026-04-30,445,Columbus Clippers,International League,Huntington Park,Toledo Mud Hens,512,5027.0,1,night,Thursday,3,4,April,5,0,,0,445-3,3,6,1.0,0.5,0.5333333333333333,Partly Cloudy,Cloudy,57.0,8,Out To CF,0,0,0,,0,,partial_assembled,0
20260501,2026-05-01,445,Columbus Clippers,International League,Huntington Park,Toledo Mud Hens,512,5136.0,1,night,Friday,4,5,May,6,1,,0,445-3,4,6,1.0,0.4838709677419355,0.5483870967741935,Cloudy,Cloudy,51.0,5,Out To CF,0,0,0,,0,,partial_assembled,0
20260502,2026-05-02,445,Columbus Clippers,International League,Huntington Park,Toledo Mud Hens,512,7112.0,1,day,Saturday,5,5,May,6,1,,0,445-3,5,6,1.0,0.5,0.53125,Cloudy,Cloudy,49.0,9,Out To CF,0,0,0,,0,,partial_assembled,0
20260503,2026-05-03,445,Columbus Clippers,International League,Huntington Park,Toledo Mud Hens,512,8252.0,1,day,Sunday,6,5,May,6,1,,0,445-3,6,6,1.0,0.5151515151515151,0.5151515151515151,Sunny,Clear,61.0,13,Out To LF,0,0,0,,0,,partial_assembled,0
20260519,2026-05-19,445,Columbus Clippers,International League,Huntington Park,Louisville Bats,416,8515.0,1,night,Tuesday,1,5,May,8,0,,0,445-4,1,5,16.0,0.5217391304347826,0.5652173913043478,Clear,Clear,89.0,16,R To L,0,0,0,,0,,partial_assembled,0
20260520,2026-05-20,445,Columbus Clippers,International League,Huntington Park,Louisville Bats,416,6014.0,1,day,Wednesday,2,5,May,8,0,,0,445-4,2,5,1.0,0.5319148936170213,0.5531914893617021,Overcast,Cloudy,63.0,11,Out To CF,0,0,0,,0,,partial_assembled,0
20260521,2026-05-21,445,Columbus Clippers,International League,Huntington Park,Louisville Bats,416,7610.0,1,day,Thursday,3,5,May,8,0,,0,445-4,3,5,1.0,0.5208333333333334,0.5625,Partly Cloudy,Cloudy,57.0,8,Out To RF,0,0,0,,0,,partial_assembled,0
20260523,2026-05-23,445,Columbus Clippers,International League,Huntington Park,Louisville Bats,416,9152.0,2,night,Saturday,5,5,May,9,1,,0,445-4,4,5,2.0,0.52,0.56,Partly Cloudy,Cloudy,73.0,8,Out To LF,0,0,0,,0,,partial_assembled,0
20260602,2026-06-02,445,Columbus Clippers,International League,Huntington Park,Omaha Storm Chasers,541,9647.0,1,night,Tuesday,1,6,June,10,0,,0,445-5,1,6,10.0,0.5614035087719298,0.45614035087719296,Partly Cloudy,Cloudy,77.0,4,Out To RF,0,0,0,,1,-4.0,partial_assembled,0
20260603,2026-06-03,445,Columbus Clippers,International League,Huntington Park,Omaha Storm Chasers,541,8076.0,1,night,Wednesday,2,6,June,10,0,,0,445-5,2,6,1.0,0.5689655172413793,0.4482758620689655,Clear,Clear,82.0,3,Calm,0,0,0,,1,-3.0,partial_assembled,0
20260604,2026-06-04,445,Columbus Clippers,International League,Huntington Park,Omaha Storm Chasers,541,6326.0,1,day,Thursday,3,6,June,10,0,,0,445-5,3,6,1.0,0.559322033898305,0.4576271186440678,Partly Cloudy,Cloudy,83.0,3,Out To LF,0,0,0,,1,-2.0,partial_assembled,0
20260605,2026-06-05,445,Columbus Clippers,International League,Huntington Park,Omaha Storm Chasers,541,9302.0,1,night,Friday,4,6,June,11,1,,0,445-5,4,6,1.0,0.55,0.4666666666666667,Partly Cloudy,Cloudy,83.0,10,Out To LF,0,0,0,,1,-1.0,partial_assembled,0
20260606,2026-06-06,445,Columbus Clippers,International League,Huntington Park,Omaha Storm Chasers,541,6419.0,1,night,Saturday,5,6,June,11,1,,0,445-5,5,6,1.0,0.5573770491803278,0.45901639344262296,Overcast,Cloudy,71.0,3,R To L,0,1,1,"Guardians-inspired Clippers jersey, first 1000 fans",1,0.0,partial_assembled,0
20260607,2026-06-07,445,Columbus Clippers,International League,Huntington Park,Omaha Storm Chasers,541,7459.0,1,day,Sunday,6,6,June,11,1,,0,445-5,6,6,1.0,0.5645161290322581,0.45161290322580644,Cloudy,Cloudy,87.0,4,Calm,0,0,0,,1,1.0,partial_assembled,0
20260616,2026-06-16,445,Columbus Clippers,International League,Huntington Park,Scranton/Wilkes-Barre RailRiders,531,9814.0,1,night,Tuesday,1,6,June,12,0,,0,445-6,1,5,9.0,0.5507246376811594,0.5072463768115942,Cloudy,Cloudy,75.0,11,Out To LF,0,0,0,,0,,partial_assembled,0
20260618,2026-06-18,445,Columbus Clippers,International League,Huntington Park,Scranton/Wilkes-Barre RailRiders,531,10100.0,1,day,Thursday,3,6,June,12,0,,0,445-6,2,5,2.0,0.5571428571428572,0.5,Partly Cloudy,Cloudy,78.0,17,Out To LF,0,0,0,,0,,partial_assembled,0
20260619,2026-06-19,445,Columbus Clippers,International League,Huntington Park,Scranton/Wilkes-Barre RailRiders,531,9367.0,2,night,Friday,4,6,June,13,1,,0,445-6,3,5,1.0,0.5555555555555556,0.5,Clear,Clear,76.0,3,Out To LF,0,0,0,,0,,partial_assembled,0
20260620,2026-06-20,445,Columbus Clippers,International League,Huntington Park,Scranton/Wilkes-Barre RailRiders,531,8493.0,1,night,Saturday,5,6,June,13,1,,0,445-6,4,5,1.0,0.5616438356164384,0.4931506849315068,Partly Cloudy,Cloudy,79.0,11,Out To LF,0,0,0,,0,,partial_assembled,0
20260621,2026-06-21,445,Columbus Clippers,International League,Huntington Park,Scranton/Wilkes-Barre RailRiders,531,9681.0,1,day,Sunday,6,6,June,13,1,Father's Day,1,445-6,5,5,1.0,0.5540540540540541,0.5,Sunny,Clear,74.0,4,Varies,0,0,0,,0,,partial_assembled,0
20260630,2026-06-30,445,Columbus Clippers,International League,Huntington Park,Louisville Bats,416,9841.0,1,night,Tuesday,1,6,June,14,0,,0,445-7,1,6,9.0,0.5555555555555556,0.5189873417721519,Partly Cloudy,Cloudy,91.0,7,Out To LF,0,0,0,,0,,partial_assembled,0
20260701,2026-07-01,445,Columbus Clippers,International League,Huntington Park,Louisville Bats,416,5879.0,1,night,Wednesday,2,7,July,14,0,,0,445-7,2,6,1.0,0.5609756097560976,0.5125,Clear,Clear,94.0,9,Out To LF,0,0,0,,0,,partial_assembled,0
20260702,2026-07-02,445,Columbus Clippers,International League,Huntington Park,Louisville Bats,416,6012.0,1,night,Thursday,3,7,July,14,0,,0,445-7,3,6,1.0,0.5542168674698795,0.5185185185185185,Clear,Clear,95.0,2,R To L,0,0,0,,0,,partial_assembled,0
20260703,2026-07-03,445,Columbus Clippers,International League,Huntington Park,Louisville Bats,416,5771.0,1,night,Friday,4,7,July,15,1,,0,445-7,4,6,1.0,0.5476190476190477,0.524390243902439,Clear,Clear,97.0,10,Out To LF,0,0,0,,0,,partial_assembled,0
20260704,2026-07-04,445,Columbus Clippers,International League,Huntington Park,Louisville Bats,416,6548.0,1,night,Saturday,5,7,July,15,1,Independence Day,1,445-7,5,6,1.0,0.5529411764705883,0.5180722891566265,Cloudy,Cloudy,77.0,6,Out To CF,0,0,0,,0,,partial_assembled,0
20260705,2026-07-05,445,Columbus Clippers,International League,Huntington Park,Louisville Bats,416,6110.0,1,day,Sunday,6,7,July,15,1,,0,445-7,6,6,1.0,0.5581395348837209,0.5119047619047619,Partly Cloudy,Cloudy,89.0,3,Out To CF,0,0,0,,0,,partial_assembled,0
20260717,2026-07-17,445,Columbus Clippers,International League,Huntington Park,Indianapolis Indians,484,9015.0,1,night,Friday,4,7,July,17,1,,0,445-8,1,3,12.0,0.5376344086021505,0.4574468085106383,Cloudy,Cloudy,88.0,10,R To L,0,0,0,,1,-1.0,partial_assembled,0
20260718,2026-07-18,445,Columbus Clippers,International League,Huntington Park,Indianapolis Indians,484,7118.0,1,night,Saturday,5,7,July,17,1,,0,445-8,2,3,1.0,0.5319148936170213,0.4631578947368421,Rain,Precipitation,77.0,8,Calm,1,1,1,Travis Bazzana bobblehead presented by Meijer,1,0.0,partial_assembled,0
20260719,2026-07-19,445,Columbus Clippers,International League,Huntington Park,Indianapolis Indians,484,7722.0,1,day,Sunday,6,7,July,17,1,,0,445-8,3,3,1.0,0.5263157894736842,0.46875,Cloudy,Cloudy,80.0,6,Out To CF,0,0,0,,1,1.0,partial_assembled,0
20260728,2026-07-28,445,Columbus Clippers,International League,Huntington Park,Toledo Mud Hens,512,10084.0,1,night,Tuesday,1,7,July,18,0,,0,445-9,1,6,9.0,0.5196078431372549,0.49019607843137253,Partly Cloudy,Cloudy,83.0,3,Out To CF,0,0,0,,0,,partial_assembled,0
20260729,2026-07-29,445,Columbus Clippers,International League,Huntington Park,Toledo Mud Hens,512,9653.0,1,night,Wednesday,2,7,July,18,0,,0,445-9,2,6,1.0,0.5242718446601942,0.4854368932038835,Clear,Clear,79.0,12,Out To CF,0,0,0,,0,,partial_assembled,0
20260730,2026-07-30,445,Columbus Clippers,International League,Huntington Park,Toledo Mud Hens,512,8324.0,1,day,Thursday,3,7,July,18,0,,0,445-9,3,6,1.0,0.5288461538461539,0.4807692307692308,Sunny,Clear,84.0,9,Out To CF,0,0,0,,0,,partial_assembled,0
20260731,2026-07-31,445,Columbus Clippers,International League,Huntington Park,Toledo Mud Hens,512,9104.0,1,night,Friday,4,7,July,19,1,,0,445-9,4,6,1.0,0.5333333333333333,0.47619047619047616,Cloudy,Cloudy,83.0,4,Out To LF,0,0,0,,0,,partial_assembled,0
20260801,2026-08-01,445,Columbus Clippers,International League,Huntington Park,Toledo Mud Hens,512,9007.0,1,night,Saturday,5,8,August,19,1,,0,445-9,5,6,1.0,0.5283018867924528,0.4811320754716981,Overcast,Cloudy,75.0,13,In From CF,0,0,0,,0,,partial_assembled,0
20260802,2026-08-02,445,Columbus Clippers,International League,Huntington Park,Toledo Mud Hens,512,6950.0,1,day,Sunday,6,8,August,19,1,,0,445-9,6,6,1.0,0.5327102803738317,0.4766355140186916,Cloudy,Cloudy,79.0,7,Out To CF,0,0,0,,0,,partial_assembled,0
20260812,2026-08-12,445,Columbus Clippers,International League,Huntington Park,Omaha Storm Chasers,541,6289.0,1,night,Wednesday,2,8,August,20,0,,0,445-10,2,12,10.0,0.5350877192982456,0.4824561403508772,Overcast,Cloudy,70.0,7,Out To RF,0,0,0,,0,,partial_assembled,0
20260813,2026-08-13,445,Columbus Clippers,International League,Huntington Park,Omaha Storm Chasers,541,5365.0,1,night,Thursday,3,8,August,20,0,,0,445-10,3,12,1.0,0.5304347826086957,0.48695652173913045,Cloudy,Cloudy,84.0,3,Out To CF,0,0,0,,0,,partial_assembled,0
20260814,2026-08-14,445,Columbus Clippers,International League,Huntington Park,Omaha Storm Chasers,541,7821.0,1,night,Friday,4,8,August,21,1,,0,445-10,4,12,1.0,0.5344827586206896,0.4827586206896552,Cloudy,Cloudy,81.0,6,Calm,0,0,0,,0,,partial_assembled,0
20260815,2026-08-15,445,Columbus Clippers,International League,Huntington Park,Omaha Storm Chasers,541,7554.0,1,night,Saturday,5,8,August,21,1,,0,445-10,5,12,1.0,0.5384615384615384,0.47863247863247865,Cloudy,Cloudy,81.0,7,Out To LF,0,0,0,,0,,partial_assembled,0
20260818,2026-08-18,445,Columbus Clippers,International League,Huntington Park,St. Paul Saints,1960,8506.0,1,night,Tuesday,1,8,August,21,0,,0,445-10,7,12,3.0,0.5423728813559322,0.575,Partly Cloudy,Cloudy,79.0,1,Calm,0,0,0,,0,,partial_assembled,0
20260819,2026-08-19,445,Columbus Clippers,International League,Huntington Park,St. Paul Saints,1960,5819.0,1,night,Wednesday,2,8,August,21,0,,0,445-10,8,12,1.0,0.5378151260504201,0.5785123966942148,Overcast,Cloudy,77.0,11,Out To LF,0,0,0,,0,,partial_assembled,0
20260820,2026-08-20,445,Columbus Clippers,International League,Huntington Park,St. Paul Saints,1960,6398.0,1,day,Thursday,3,8,August,21,0,,0,445-10,9,12,1.0,0.5333333333333333,0.5819672131147541,Cloudy,Cloudy,82.0,5,Out To CF,0,0,0,,0,,partial_assembled,0
20260821,2026-08-21,445,Columbus Clippers,International League,Huntington Park,St. Paul Saints,1960,8299.0,1,night,Friday,4,8,August,22,1,,0,445-10,10,12,1.0,0.5371900826446281,0.5772357723577236,Partly Cloudy,Cloudy,84.0,3,Calm,0,0,0,,0,,partial_assembled,0
20260822,2026-08-22,445,Columbus Clippers,International League,Huntington Park,St. Paul Saints,1960,8423.0,1,night,Saturday,5,8,August,22,1,,0,445-10,11,12,1.0,0.5327868852459017,0.5806451612903226,Partly Cloudy,Cloudy,79.0,4,Out To CF,0,0,0,,0,,partial_assembled,0
20260823,2026-08-23,445,Columbus Clippers,International League,Huntington Park,St. Paul Saints,1960,8175.0,1,day,Sunday,6,8,August,22,1,,0,445-10,12,12,1.0,0.5365853658536586,0.576,Partly Cloudy,Cloudy,77.0,9,Out To CF,0,0,0,,0,,partial_assembled,0
20260331,2026-03-31,234,Durham Bulls,International League,Durham Bulls Athletic Park,Lehigh Valley IronPigs,1410,7375.0,1,night,Tuesday,1,3,March,1,0,,0,234-1,1,6,,0.0,1.0,Partly Cloudy,Cloudy,78.0,8,R To L,0,0,0,,0,,partial_assembled,0
20260401,2026-04-01,234,Durham Bulls,International League,Durham Bulls Athletic Park,Lehigh Valley IronPigs,1410,3074.0,1,night,Wednesday,2,4,April,1,0,,0,234-1,2,6,1.0,0.2,0.8,Partly Cloudy,Cloudy,82.0,8,L To R,0,0,0,,0,,partial_assembled,0
20260402,2026-04-02,234,Durham Bulls,International League,Durham Bulls Athletic Park,Lehigh Valley IronPigs,1410,5346.0,1,night,Thursday,3,4,April,1,0,,0,234-1,3,6,1.0,0.16666666666666666,0.8333333333333334,Partly Cloudy,Cloudy,81.0,10,Out To CF,0,0,0,,0,,partial_assembled,0
20260403,2026-04-03,234,Durham Bulls,International League,Durham Bulls Athletic Park,Lehigh Valley IronPigs,1410,8019.0,1,night,Friday,4,4,April,2,1,,0,234-1,4,6,1.0,0.14285714285714285,0.8571428571428571,Partly Cloudy,Cloudy,80.0,9,Out To LF,0,0,0,,0,,partial_assembled,0
20260404,2026-04-04,234,Durham Bulls,International League,Durham Bulls Athletic Park,Lehigh Valley IronPigs,1410,6948.0,1,night,Saturday,5,4,April,2,1,,0,234-1,5,6,1.0,0.25,0.75,Partly Cloudy,Cloudy,80.0,10,Out To LF,0,0,0,,0,,partial_assembled,0
20260405,2026-04-05,234,Durham Bulls,International League,Durham Bulls Athletic Park,Lehigh Valley IronPigs,1410,3995.0,1,night,Sunday,6,4,April,2,1,,0,234-1,6,6,1.0,0.2222222222222222,0.7777777777777778,Overcast,Cloudy,65.0,5,L To R,0,0,0,,0,,partial_assembled,0
20260414,2026-04-14,234,Durham Bulls,International League,Durham Bulls Athletic Park,Norfolk Tides,568,6830.0,1,day,Tuesday,1,4,April,3,0,,0,234-2,1,6,9.0,0.375,0.3125,Sunny,Clear,76.0,6,Out To CF,0,0,0,,1,-5.0,partial_assembled,0
20260415,2026-04-15,234,Durham Bulls,International League,Durham Bulls Athletic Park,Norfolk Tides,568,3611.0,1,night,Wednesday,2,4,April,3,0,,0,234-2,2,6,1.0,0.35294117647058826,0.35294117647058826,Clear,Clear,87.0,10,R To L,0,0,0,,1,-4.0,partial_assembled,0
20260416,2026-04-16,234,Durham Bulls,International League,Durham Bulls Athletic Park,Norfolk Tides,568,5929.0,1,night,Thursday,3,4,April,3,0,,0,234-2,3,6,1.0,0.3333333333333333,0.3888888888888889,Clear,Clear,88.0,11,Out To RF,0,0,0,,1,-3.0,partial_assembled,0
20260417,2026-04-17,234,Durham Bulls,International League,Durham Bulls Athletic Park,Norfolk Tides,568,7055.0,1,night,Friday,4,4,April,4,1,,0,234-2,4,6,1.0,0.3684210526315789,0.3684210526315789,Partly Cloudy,Cloudy,83.0,5,Out To CF,0,0,0,,1,-2.0,partial_assembled,0
20260418,2026-04-18,234,Durham Bulls,International League,Durham Bulls Athletic Park,Norfolk Tides,568,7928.0,1,night,Saturday,5,4,April,4,1,,0,234-2,5,6,1.0,0.35,0.4,Partly Cloudy,Cloudy,87.0,8,R To L,0,0,0,,1,-1.0,partial_assembled,0
20260419,2026-04-19,234,Durham Bulls,International League,Durham Bulls Athletic Park,Norfolk Tides,568,6559.0,1,day,Sunday,6,4,April,4,1,,0,234-2,6,6,1.0,0.38095238095238093,0.38095238095238093,Cloudy,Cloudy,55.0,11,In From CF,0,1,1,"2026 team photo, first 1000 fans",1,0.0,partial_assembled,0
20260428,2026-04-28,234,Durham Bulls,International League,Durham Bulls Athletic Park,Jacksonville Jumbo Shrimp,564,8118.0,1,day,Tuesday,1,4,April,5,0,,0,234-3,1,12,9.0,0.35714285714285715,0.4642857142857143,Cloudy,Cloudy,59.0,7,Out To LF,0,0,0,,0,,partial_assembled,0
20260429,2026-04-29,234,Durham Bulls,International League,Durham Bulls Athletic Park,Jacksonville Jumbo Shrimp,564,3713.0,1,night,Wednesday,2,4,April,5,0,,0,234-3,2,12,1.0,0.3448275862068966,0.4827586206896552,Partly Cloudy,Cloudy,73.0,5,Out To LF,0,0,0,,0,,partial_assembled,0
20260430,2026-04-30,234,Durham Bulls,International League,Durham Bulls Athletic Park,Jacksonville Jumbo Shrimp,564,6277.0,1,night,Thursday,3,4,April,5,0,,0,234-3,3,12,1.0,0.36666666666666664,0.4666666666666667,Partly Cloudy,Cloudy,71.0,2,In From CF,0,0,0,,0,,partial_assembled,0
20260501,2026-05-01,234,Durham Bulls,International League,Durham Bulls Athletic Park,Jacksonville Jumbo Shrimp,564,6851.0,1,night,Friday,4,5,May,6,1,,0,234-3,4,12,1.0,0.3548387096774194,0.4838709677419355,Partly Cloudy,Cloudy,63.0,7,R To L,0,0,0,,0,,partial_assembled,0
20260502,2026-05-02,234,Durham Bulls,International League,Durham Bulls Athletic Park,Jacksonville Jumbo Shrimp,564,6682.0,1,night,Saturday,5,5,May,6,1,,0,234-3,5,12,1.0,0.34375,0.5,Partly Cloudy,Cloudy,59.0,4,Out To LF,0,0,0,,0,,partial_assembled,0
20260503,2026-05-03,234,Durham Bulls,International League,Durham Bulls Athletic Park,Jacksonville Jumbo Shrimp,564,6573.0,1,day,Sunday,6,5,May,6,1,,0,234-3,6,12,1.0,0.3333333333333333,0.5151515151515151,Sunny,Clear,59.0,8,L To R,0,0,0,,0,,partial_assembled,0
20260505,2026-05-05,234,Durham Bulls,International League,Durham Bulls Athletic Park,Round Rock Express,102,3623.0,1,night,Tuesday,1,5,May,6,0,,0,234-3,7,12,2.0,0.35294117647058826,0.38235294117647056,Partly Cloudy,Cloudy,80.0,13,R To L,0,0,0,,0,,partial_assembled,0
20260506,2026-05-06,234,Durham Bulls,International League,Durham Bulls Athletic Park,Round Rock Express,102,3355.0,1,night,Wednesday,2,5,May,6,0,,0,234-3,8,12,1.0,0.37142857142857144,0.37142857142857144,Partly Cloudy,Cloudy,73.0,9,L To R,0,0,0,,0,,partial_assembled,0
20260507,2026-05-07,234,Durham Bulls,International League,Durham Bulls Athletic Park,Round Rock Express,102,4238.0,1,night,Thursday,3,5,May,6,0,,0,234-3,9,12,1.0,0.3888888888888889,0.3611111111111111,Overcast,Cloudy,56.0,7,In From CF,0,0,0,,0,,partial_assembled,0
20260508,2026-05-08,234,Durham Bulls,International League,Durham Bulls Athletic Park,Round Rock Express,102,7429.0,1,night,Friday,4,5,May,7,1,,0,234-3,10,12,1.0,0.40540540540540543,0.35135135135135137,Partly Cloudy,Cloudy,70.0,7,Out To LF,0,0,0,,0,,partial_assembled,0
20260509,2026-05-09,234,Durham Bulls,International League,Durham Bulls Athletic Park,Round Rock Express,102,7298.0,1,night,Saturday,5,5,May,7,1,,0,234-3,11,12,1.0,0.39473684210526316,0.3684210526315789,Partly Cloudy,Cloudy,73.0,10,Out To CF,0,0,0,,0,,partial_assembled,0
20260510,2026-05-10,234,Durham Bulls,International League,Durham Bulls Athletic Park,Round Rock Express,102,5285.0,1,day,Sunday,6,5,May,7,1,Mother's Day,1,234-3,12,12,1.0,0.38461538461538464,0.38461538461538464,Sunny,Clear,79.0,3,L To R,0,0,0,,0,,partial_assembled,0
20260519,2026-05-19,234,Durham Bulls,International League,Durham Bulls Athletic Park,Nashville Sounds,556,5968.0,1,day,Tuesday,1,5,May,8,0,,0,234-4,1,6,9.0,0.41304347826086957,0.5869565217391305,Sunny,Clear,85.0,8,Out To RF,0,0,0,,0,,partial_assembled,0
20260520,2026-05-20,234,Durham Bulls,International League,Durham Bulls Athletic Park,Nashville Sounds,556,3742.0,1,night,Wednesday,2,5,May,8,0,,0,234-4,2,6,1.0,0.40425531914893614,0.5957446808510638,Partly Cloudy,Cloudy,91.0,8,R To L,0,0,0,,0,,partial_assembled,0
20260521,2026-05-21,234,Durham Bulls,International League,Durham Bulls Athletic Park,Nashville Sounds,556,5456.0,1,night,Thursday,3,5,May,8,0,,0,234-4,3,6,1.0,0.4166666666666667,0.5833333333333334,Partly Cloudy,Cloudy,91.0,8,Out To CF,0,0,0,,0,,partial_assembled,0
20260522,2026-05-22,234,Durham Bulls,International League,Durham Bulls Athletic Park,Nashville Sounds,556,6140.0,1,night,Friday,4,5,May,9,1,,0,234-4,4,6,1.0,0.40816326530612246,0.5918367346938775,Overcast,Cloudy,64.0,8,Out To LF,0,0,0,,0,,partial_assembled,0
20260523,2026-05-23,234,Durham Bulls,International League,Durham Bulls Athletic Park,Nashville Sounds,556,5844.0,1,night,Saturday,5,5,May,9,1,,0,234-4,5,6,1.0,0.4,0.6,Overcast,Cloudy,63.0,5,In From LF,0,0,0,,0,,partial_assembled,0
20260524,2026-05-24,234,Durham Bulls,International League,Durham Bulls Athletic Park,Nashville Sounds,556,7358.0,1,night,Sunday,6,5,May,9,1,,0,234-4,6,6,1.0,0.4117647058823529,0.5882352941176471,Partly Cloudy,Cloudy,78.0,3,Out To LF,0,0,0,,0,,partial_assembled,0
20260602,2026-06-02,234,Durham Bulls,International League,Durham Bulls Athletic Park,Charlotte Knights,494,4154.0,1,night,Tuesday,1,6,June,10,0,,0,234-5,1,6,9.0,0.41379310344827586,0.5172413793103449,Partly Cloudy,Cloudy,75.0,11,In From LF,0,0,0,,0,,partial_assembled,0
20260603,2026-06-03,234,Durham Bulls,International League,Durham Bulls Athletic Park,Charlotte Knights,494,4293.0,1,night,Wednesday,2,6,June,10,0,,0,234-5,2,6,1.0,0.4067796610169492,0.5254237288135594,Clear,Clear,80.0,4,In From LF,0,0,0,,0,,partial_assembled,0
20260604,2026-06-04,234,Durham Bulls,International League,Durham Bulls Athletic Park,Charlotte Knights,494,6460.0,1,night,Thursday,3,6,June,10,0,,0,234-5,3,6,1.0,0.4,0.5333333333333333,Clear,Clear,88.0,3,In From RF,0,0,0,,0,,partial_assembled,0
20260605,2026-06-05,234,Durham Bulls,International League,Durham Bulls Athletic Park,Charlotte Knights,494,6649.0,1,night,Friday,4,6,June,11,1,,0,234-5,4,6,1.0,0.39344262295081966,0.5409836065573771,Clear,Clear,90.0,8,Out To LF,0,0,0,,0,,partial_assembled,0
20260606,2026-06-06,234,Durham Bulls,International League,Durham Bulls Athletic Park,Charlotte Knights,494,7379.0,1,night,Saturday,5,6,June,11,1,,0,234-5,5,6,1.0,0.3870967741935484,0.5483870967741935,Partly Cloudy,Cloudy,92.0,9,Out To CF,0,0,0,,0,,partial_assembled,0
20260607,2026-06-07,234,Durham Bulls,International League,Durham Bulls Athletic Park,Charlotte Knights,494,6708.0,1,night,Sunday,6,6,June,11,1,,0,234-5,6,6,1.0,0.38095238095238093,0.5555555555555556,Partly Cloudy,Cloudy,96.0,8,L To R,0,0,0,,0,,partial_assembled,0
20260616,2026-06-16,234,Durham Bulls,International League,Durham Bulls Athletic Park,Jacksonville Jumbo Shrimp,564,5250.0,1,night,Tuesday,1,6,June,12,0,,0,234-6,1,6,9.0,0.4,0.5362318840579711,Partly Cloudy,Cloudy,83.0,5,Out To LF,0,0,0,,0,,partial_assembled,0
20260617,2026-06-17,234,Durham Bulls,International League,Durham Bulls Athletic Park,Jacksonville Jumbo Shrimp,564,3876.0,1,day,Wednesday,2,6,June,12,0,,0,234-6,2,6,1.0,0.39436619718309857,0.5428571428571428,Sunny,Clear,85.0,4,Out To LF,0,0,0,,0,,partial_assembled,0
20260618,2026-06-18,234,Durham Bulls,International League,Durham Bulls Athletic Park,Jacksonville Jumbo Shrimp,564,6274.0,1,night,Thursday,3,6,June,12,0,,0,234-6,3,6,1.0,0.3888888888888889,0.5492957746478874,Partly Cloudy,Cloudy,85.0,7,In From RF,0,0,0,,0,,partial_assembled,0
20260619,2026-06-19,234,Durham Bulls,International League,Durham Bulls Athletic Park,Jacksonville Jumbo Shrimp,564,7278.0,1,night,Friday,4,6,June,13,1,,0,234-6,4,6,1.0,0.3835616438356164,0.5555555555555556,Partly Cloudy,Cloudy,84.0,8,Out To LF,0,0,0,,0,,partial_assembled,0
20260620,2026-06-20,234,Durham Bulls,International League,Durham Bulls Athletic Park,Jacksonville Jumbo Shrimp,564,8574.0,1,night,Saturday,5,6,June,13,1,,0,234-6,5,6,1.0,0.3783783783783784,0.5616438356164384,Clear,Clear,88.0,6,L To R,0,0,0,,0,,partial_assembled,0
20260621,2026-06-21,234,Durham Bulls,International League,Durham Bulls Athletic Park,Jacksonville Jumbo Shrimp,564,7664.0,1,night,Sunday,6,6,June,13,1,Father's Day,1,234-6,6,6,1.0,0.37333333333333335,0.5675675675675675,Partly Cloudy,Cloudy,94.0,6,Out To CF,0,0,0,,0,,partial_assembled,0
20260630,2026-06-30,234,Durham Bulls,International League,Durham Bulls Athletic Park,Gwinnett Stripers,431,5621.0,1,night,Tuesday,1,6,June,14,0,,0,234-7,1,5,9.0,0.4146341463414634,0.5061728395061729,Clear,Clear,90.0,5,In From LF,0,0,0,,0,,partial_assembled,0
20260701,2026-07-01,234,Durham Bulls,International League,Durham Bulls Athletic Park,Gwinnett Stripers,431,3598.0,1,night,Wednesday,2,7,July,14,0,,0,234-7,2,5,1.0,0.40963855421686746,0.5121951219512195,Clear,Clear,92.0,5,R To L,0,0,0,,0,,partial_assembled,0
20260702,2026-07-02,234,Durham Bulls,International League,Durham Bulls Athletic Park,Gwinnett Stripers,431,5005.0,1,night,Thursday,3,7,July,14,0,,0,234-7,3,5,1.0,0.4166666666666667,0.5060240963855421,Clear,Clear,95.0,6,Calm,0,0,0,,0,,partial_assembled,0
20260703,2026-07-03,234,Durham Bulls,International League,Durham Bulls Athletic Park,Gwinnett Stripers,431,7780.0,1,night,Friday,4,7,July,15,1,,0,234-7,4,5,1.0,0.4235294117647059,0.5,Clear,Clear,98.0,4,R To L,0,0,0,,0,,partial_assembled,0
20260704,2026-07-04,234,Durham Bulls,International League,Durham Bulls Athletic Park,Gwinnett Stripers,431,10184.0,1,night,Saturday,5,7,July,15,1,Independence Day,1,234-7,5,5,1.0,0.43023255813953487,0.49411764705882355,Partly Cloudy,Cloudy,97.0,8,Out To LF,0,0,0,,0,,partial_assembled,0
20260717,2026-07-17,234,Durham Bulls,International League,Durham Bulls Athletic Park,Charlotte Knights,494,8168.0,1,night,Friday,4,7,July,17,1,,0,234-8,1,3,13.0,0.45652173913043476,0.5212765957446809,Clear,Clear,93.0,6,Calm,0,0,0,,0,,partial_assembled,0
20260718,2026-07-18,234,Durham Bulls,International League,Durham Bulls Athletic Park,Charlotte Knights,494,7986.0,1,night,Saturday,5,7,July,17,1,,0,234-8,2,3,1.0,0.45161290322580644,0.5263157894736842,Partly Cloudy,Cloudy,95.0,10,Out To CF,0,0,0,,0,,partial_assembled,0
20260719,2026-07-19,234,Durham Bulls,International League,Durham Bulls Athletic Park,Charlotte Knights,494,5703.0,1,night,Sunday,6,7,July,17,1,,0,234-8,3,3,1.0,0.4574468085106383,0.5208333333333334,Partly Cloudy,Cloudy,91.0,5,Out To RF,0,0,0,,0,,partial_assembled,0
20260729,2026-07-29,234,Durham Bulls,International League,Durham Bulls Athletic Park,Gwinnett Stripers,431,4850.0,2,night,Wednesday,2,7,July,18,0,,0,234-9,1,5,10.0,0.46078431372549017,0.5196078431372549,Clear,Clear,80.0,3,Out To CF,0,0,0,,0,,partial_assembled,0
20260730,2026-07-30,234,Durham Bulls,International League,Durham Bulls Athletic Park,Gwinnett Stripers,431,6193.0,1,night,Thursday,3,7,July,18,0,,0,234-9,2,5,1.0,0.4563106796116505,0.5242718446601942,Clear,Clear,84.0,5,Calm,0,0,0,,0,,partial_assembled,0
20260731,2026-07-31,234,Durham Bulls,International League,Durham Bulls Athletic Park,Gwinnett Stripers,431,7342.0,1,night,Friday,4,7,July,19,1,,0,234-9,3,5,1.0,0.46153846153846156,0.5192307692307693,Clear,Clear,85.0,1,Calm,0,0,0,,0,,partial_assembled,0
20260801,2026-08-01,234,Durham Bulls,International League,Durham Bulls Athletic Park,Gwinnett Stripers,431,11682.0,2,night,Saturday,5,8,August,19,1,,0,234-9,4,5,1.0,0.46226415094339623,0.5188679245283019,Cloudy,Cloudy,84.0,11,In From CF,0,0,0,,0,,partial_assembled,0
20260802,2026-08-02,234,Durham Bulls,International League,Durham Bulls Athletic Park,Gwinnett Stripers,431,4767.0,1,night,Sunday,6,8,August,19,1,,0,234-9,5,5,1.0,0.4672897196261682,0.514018691588785,Partly Cloudy,Cloudy,90.0,8,Out To CF,0,0,0,,0,,partial_assembled,0
20260811,2026-08-11,234,Durham Bulls,International League,Durham Bulls Athletic Park,Memphis Redbirds,235,4582.0,1,night,Tuesday,1,8,August,20,0,,0,234-10,1,6,9.0,0.45614035087719296,0.5565217391304348,Partly Cloudy,Cloudy,89.0,6,Out To RF,0,0,0,,0,,partial_assembled,0
20260812,2026-08-12,234,Durham Bulls,International League,Durham Bulls Athletic Park,Memphis Redbirds,235,3624.0,1,night,Wednesday,2,8,August,20,0,,0,234-10,2,6,1.0,0.45217391304347826,0.5603448275862069,Partly Cloudy,Cloudy,88.0,4,Calm,0,0,0,,0,,partial_assembled,0
20260813,2026-08-13,234,Durham Bulls,International League,Durham Bulls Athletic Park,Memphis Redbirds,235,5124.0,1,night,Thursday,3,8,August,20,0,,0,234-10,3,6,1.0,0.45689655172413796,0.5555555555555556,Clear,Clear,91.0,7,L To R,0,0,0,,0,,partial_assembled,0
20260814,2026-08-14,234,Durham Bulls,International League,Durham Bulls Athletic Park,Memphis Redbirds,235,7042.0,1,night,Friday,4,8,August,21,1,,0,234-10,4,6,1.0,0.452991452991453,0.559322033898305,Cloudy,Cloudy,89.0,4,Out To LF,0,0,0,,0,,partial_assembled,0
20260815,2026-08-15,234,Durham Bulls,International League,Durham Bulls Athletic Park,Memphis Redbirds,235,7694.0,1,night,Saturday,5,8,August,21,1,,0,234-10,5,6,1.0,0.4576271186440678,0.5546218487394958,Partly Cloudy,Cloudy,86.0,4,In From LF,0,0,0,,0,,partial_assembled,0
20260816,2026-08-16,234,Durham Bulls,International League,Durham Bulls Athletic Park,Memphis Redbirds,235,6027.0,1,night,Sunday,6,8,August,21,1,,0,234-10,6,6,1.0,0.453781512605042,0.5583333333333333,Partly Cloudy,Cloudy,83.0,4,L To R,0,0,0,,0,,partial_assembled,0
20260825,2026-08-25,234,Durham Bulls,International League,Durham Bulls Athletic Park,Norfolk Tides,568,7304.0,1,night,Tuesday,1,8,August,22,0,,0,234-11,1,6,9.0,0.4603174603174603,0.3709677419354839,Clear,Clear,82.0,1,Calm,0,0,0,,0,,partial_assembled,0
20260826,2026-08-26,234,Durham Bulls,International League,Durham Bulls Athletic Park,Norfolk Tides,568,3467.0,1,night,Wednesday,2,8,August,22,0,,0,234-11,2,6,1.0,0.4566929133858268,0.376,Partly Cloudy,Cloudy,84.0,4,In From CF,0,0,0,,0,,partial_assembled,0
20260827,2026-08-27,234,Durham Bulls,International League,Durham Bulls Athletic Park,Norfolk Tides,568,5299.0,1,night,Thursday,3,8,August,22,0,,0,234-11,3,6,1.0,0.453125,0.38095238095238093,Cloudy,Cloudy,76.0,5,Out To CF,0,0,0,,0,,partial_assembled,0
20260828,2026-08-28,234,Durham Bulls,International League,Durham Bulls Athletic Park,Norfolk Tides,568,7349.0,1,night,Friday,4,8,August,23,1,,0,234-11,4,6,1.0,0.4573643410852713,0.3779527559055118,Cloudy,Cloudy,82.0,2,In From CF,0,0,0,,0,,partial_assembled,0
20260829,2026-08-29,234,Durham Bulls,International League,Durham Bulls Athletic Park,Norfolk Tides,568,8181.0,1,night,Saturday,5,8,August,23,1,,0,234-11,5,6,1.0,0.46153846153846156,0.375,Partly Cloudy,Cloudy,79.0,5,In From CF,0,0,0,,0,,partial_assembled,0
20260830,2026-08-30,234,Durham Bulls,International League,Durham Bulls Athletic Park,Norfolk Tides,568,5793.0,1,day,Sunday,6,8,August,23,1,,0,234-11,6,6,1.0,0.4580152671755725,0.3798449612403101,Partly Cloudy,Cloudy,79.0,4,Out To CF,0,0,0,,0,,partial_assembled,0
20260407,2026-04-07,4904,El Paso Chihuahuas,Pacific Coast League,Southwest University Park,Albuquerque Isotopes,342,7237.0,1,night,Tuesday,1,4,April,2,0,,0,4904-1,1,6,,0.5,0.4,Clear,Clear,71.0,5,Out To RF,0,1,2,Rally Towel Giveaway | Magnet Schedule exit giveaway presented by Southwest University,1,0.0,full_season_release,1
20260408,2026-04-08,4904,El Paso Chihuahuas,Pacific Coast League,Southwest University Park,Albuquerque Isotopes,342,6984.0,1,day,Wednesday,2,4,April,2,0,,0,4904-1,2,6,1.0,0.45454545454545453,0.45454545454545453,Sunny,Clear,74.0,3,Calm,0,0,0,,1,1.0,full_season_release,1
20260409,2026-04-09,4904,El Paso Chihuahuas,Pacific Coast League,Southwest University Park,Albuquerque Isotopes,342,5359.0,1,night,Thursday,3,4,April,2,0,,0,4904-1,3,6,1.0,0.4166666666666667,0.5,Clear,Clear,84.0,6,Calm,0,0,0,,1,2.0,full_season_release,1
20260410,2026-04-10,4904,El Paso Chihuahuas,Pacific Coast League,Southwest University Park,Albuquerque Isotopes,342,7314.0,1,night,Friday,4,4,April,3,1,,0,4904-1,4,6,1.0,0.46153846153846156,0.46153846153846156,Rain,Precipitation,83.0,15,Out To RF,1,0,0,,1,3.0,full_season_release,1
20260411,2026-04-11,4904,El Paso Chihuahuas,Pacific Coast League,Southwest University Park,Albuquerque Isotopes,342,8672.0,1,night,Saturday,5,4,April,3,1,,0,4904-1,5,6,1.0,0.42857142857142855,0.5,Partly Cloudy,Cloudy,71.0,10,Out To LF,0,0,0,,1,4.0,full_season_release,1
20260412,2026-04-12,4904,El Paso Chihuahuas,Pacific Coast League,Southwest University Park,Albuquerque Isotopes,342,5583.0,1,day,Sunday,6,4,April,3,1,,0,4904-1,6,6,1.0,0.4,0.5333333333333333,Partly Cloudy,Cloudy,75.0,12,Out To RF,0,0,0,,1,5.0,full_season_release,1
20260421,2026-04-21,4904,El Paso Chihuahuas,Pacific Coast League,Southwest University Park,Reno Aces,2310,4811.0,1,night,Tuesday,1,4,April,4,0,,0,4904-2,1,6,9.0,0.4090909090909091,0.5,Partly Cloudy,Cloudy,83.0,7,Out To RF,0,0,0,,1,-3.0,full_season_release,1
20260422,2026-04-22,4904,El Paso Chihuahuas,Pacific Coast League,Southwest University Park,Reno Aces,2310,6034.0,1,day,Wednesday,2,4,April,4,0,,0,4904-2,2,6,1.0,0.43478260869565216,0.4782608695652174,Sunny,Clear,79.0,13,In From LF,0,0,0,,1,-2.0,full_season_release,1
20260423,2026-04-23,4904,El Paso Chihuahuas,Pacific Coast League,Southwest University Park,Reno Aces,2310,4954.0,1,night,Thursday,3,4,April,4,0,,0,4904-2,3,6,1.0,0.4583333333333333,0.4583333333333333,Cloudy,Cloudy,81.0,14,In From LF,0,0,0,,1,-1.0,full_season_release,1
20260424,2026-04-24,4904,El Paso Chihuahuas,Pacific Coast League,Southwest University Park,Reno Aces,2310,8020.0,1,night,Friday,4,4,April,5,1,,0,4904-2,4,6,1.0,0.44,0.48,Clear,Clear,83.0,12,Out To RF,0,1,1,Reversible Jersey presented by GECU,1,0.0,full_season_release,1
20260425,2026-04-25,4904,El Paso Chihuahuas,Pacific Coast League,Southwest University Park,Reno Aces,2310,7664.0,1,night,Saturday,5,4,April,5,1,,0,4904-2,5,6,1.0,0.4230769230769231,0.5,Cloudy,Cloudy,83.0,15,Out To RF,0,0,0,,1,1.0,full_season_release,1
20260426,2026-04-26,4904,El Paso Chihuahuas,Pacific Coast League,Southwest University Park,Reno Aces,2310,7805.0,1,day,Sunday,6,4,April,5,1,,0,4904-2,6,6,1.0,0.4444444444444444,0.48148148148148145,Sunny,Clear,82.0,17,Out To CF,0,0,0,,1,2.0,full_season_release,1
20260505,2026-05-05,4904,El Paso Chihuahuas,Pacific Coast League,Southwest University Park,Tacoma Rainiers,529,5881.0,1,night,Tuesday,1,5,May,6,0,,0,4904-3,1,6,9.0,0.47058823529411764,0.47058823529411764,Cloudy,Cloudy,74.0,18,In From RF,0,0,0,,0,,full_season_release,1
20260506,2026-05-06,4904,El Paso Chihuahuas,Pacific Coast League,Southwest University Park,Tacoma Rainiers,529,6962.0,1,day,Wednesday,2,5,May,6,0,,0,4904-3,2,6,1.0,0.4857142857142857,0.45714285714285713,Sunny,Clear,68.0,12,Out To RF,0,0,0,,0,,full_season_release,1
20260507,2026-05-07,4904,El Paso Chihuahuas,Pacific Coast League,Southwest University Park,Tacoma Rainiers,529,6562.0,1,night,Thursday,3,5,May,6,0,,0,4904-3,3,6,1.0,0.5,0.4444444444444444,Clear,Clear,79.0,5,In From CF,0,0,0,,0,,full_season_release,1
20260508,2026-05-08,4904,El Paso Chihuahuas,Pacific Coast League,Southwest University Park,Tacoma Rainiers,529,7937.0,1,night,Friday,4,5,May,7,1,,0,4904-3,4,6,1.0,0.4864864864864865,0.4594594594594595,Clear,Clear,88.0,6,Out To RF,0,0,0,,0,,full_season_release,1
20260509,2026-05-09,4904,El Paso Chihuahuas,Pacific Coast League,Southwest University Park,Tacoma Rainiers,529,7908.0,1,night,Saturday,5,5,May,7,1,,0,4904-3,5,6,1.0,0.47368421052631576,0.47368421052631576,Clear,Clear,90.0,6,Out To LF,0,0,0,,0,,full_season_release,1
20260510,2026-05-10,4904,El Paso Chihuahuas,Pacific Coast League,Southwest University Park,Tacoma Rainiers,529,4159.0,1,day,Sunday,6,5,May,7,1,Mother's Day,1,4904-3,6,6,1.0,0.48717948717948717,0.46153846153846156,Sunny,Clear,89.0,6,Out To RF,0,0,0,,0,,full_season_release,1
20260519,2026-05-19,4904,El Paso Chihuahuas,Pacific Coast League,Southwest University Park,Round Rock Express,102,4863.0,1,night,Tuesday,1,5,May,8,0,,0,4904-4,1,6,9.0,0.4782608695652174,0.34782608695652173,Clear,Clear,91.0,10,Out To CF,0,0,0,,0,,full_season_release,1
20260520,2026-05-20,4904,El Paso Chihuahuas,Pacific Coast League,Southwest University Park,Round Rock Express,102,8482.0,1,day,Wednesday,2,5,May,8,0,,0,4904-4,2,6,1.0,0.46808510638297873,0.3617021276595745,Partly Cloudy,Cloudy,81.0,7,Out To LF,0,0,0,,0,,full_season_release,1
20260521,2026-05-21,4904,El Paso Chihuahuas,Pacific Coast League,Southwest University Park,Round Rock Express,102,4907.0,1,night,Thursday,3,5,May,8,0,,0,4904-4,3,6,1.0,0.4583333333333333,0.375,Partly Cloudy,Cloudy,79.0,12,Out To CF,0,0,0,,0,,full_season_release,1
20260522,2026-05-22,4904,El Paso Chihuahuas,Pacific Coast League,Southwest University Park,Round Rock Express,102,7854.0,1,night,Friday,4,5,May,9,1,,0,4904-4,4,6,1.0,0.46938775510204084,0.3673469387755102,Clear,Clear,84.0,9,Calm,0,0,0,,0,,full_season_release,1
20260523,2026-05-23,4904,El Paso Chihuahuas,Pacific Coast League,Southwest University Park,Round Rock Express,102,7620.0,1,night,Saturday,5,5,May,9,1,,0,4904-4,5,6,1.0,0.46,0.38,Clear,Clear,85.0,8,Out To CF,0,0,0,,0,,full_season_release,1
20260524,2026-05-24,4904,El Paso Chihuahuas,Pacific Coast League,Southwest University Park,Round Rock Express,102,7915.0,1,night,Sunday,6,5,May,9,1,,0,4904-4,6,6,1.0,0.45098039215686275,0.39215686274509803,Clear,Clear,90.0,7,Out To CF,0,0,0,,0,,full_season_release,1
20260602,2026-06-02,4904,El Paso Chihuahuas,Pacific Coast League,Southwest University Park,Sugar Land Space Cowboys,5434,4094.0,1,night,Tuesday,1,6,June,10,0,,0,4904-5,1,6,9.0,0.43103448275862066,0.41379310344827586,Overcast,Cloudy,87.0,16,Out To LF,0,0,0,,1,-3.0,full_season_release,1
20260603,2026-06-03,4904,El Paso Chihuahuas,Pacific Coast League,Southwest University Park,Sugar Land Space Cowboys,5434,3957.0,1,night,Wednesday,2,6,June,10,0,,0,4904-5,2,6,1.0,0.423728813559322,0.423728813559322,Overcast,Cloudy,86.0,10,Out To LF,0,0,0,,1,-2.0,full_season_release,1
20260604,2026-06-04,4904,El Paso Chihuahuas,Pacific Coast League,Southwest University Park,Sugar Land Space Cowboys,5434,4566.0,1,night,Thursday,3,6,June,10,0,,0,4904-5,3,6,1.0,0.4166666666666667,0.43333333333333335,Partly Cloudy,Cloudy,84.0,3,In From CF,0,0,0,,1,-1.0,full_season_release,1
20260605,2026-06-05,4904,El Paso Chihuahuas,Pacific Coast League,Southwest University Park,Sugar Land Space Cowboys,5434,5752.0,1,night,Friday,4,6,June,11,1,,0,4904-5,4,6,1.0,0.4098360655737705,0.4426229508196721,Cloudy,Cloudy,81.0,6,Out To RF,0,1,1,Retro Hat presented by Fred Loya,1,0.0,full_season_release,1
20260606,2026-06-06,4904,El Paso Chihuahuas,Pacific Coast League,Southwest University Park,Sugar Land Space Cowboys,5434,8002.0,1,night,Saturday,5,6,June,11,1,,0,4904-5,5,6,1.0,0.41935483870967744,0.43548387096774194,Clear,Clear,93.0,3,Out To CF,0,0,0,,1,1.0,full_season_release,1
20260607,2026-06-07,4904,El Paso Chihuahuas,Pacific Coast League,Southwest University Park,Sugar Land Space Cowboys,5434,7031.0,1,night,Sunday,6,6,June,11,1,,0,4904-5,6,6,1.0,0.42857142857142855,0.42857142857142855,Clear,Clear,95.0,11,Out To LF,0,0,0,,1,2.0,full_season_release,1
20260616,2026-06-16,4904,El Paso Chihuahuas,Pacific Coast League,Southwest University Park,Reno Aces,2310,5109.0,1,night,Tuesday,1,6,June,12,0,,0,4904-6,1,6,9.0,0.45714285714285713,0.42857142857142855,Clear,Clear,96.0,5,Out To RF,0,0,0,,0,,full_season_release,1
20260617,2026-06-17,4904,El Paso Chihuahuas,Pacific Coast League,Southwest University Park,Reno Aces,2310,4973.0,1,night,Wednesday,2,6,June,12,0,,0,4904-6,2,6,1.0,0.4647887323943662,0.4225352112676056,Cloudy,Cloudy,92.0,19,Out To RF,0,0,0,,0,,full_season_release,1
20260618,2026-06-18,4904,El Paso Chihuahuas,Pacific Coast League,Southwest University Park,Reno Aces,2310,4954.0,1,night,Thursday,3,6,June,12,0,,0,4904-6,3,6,1.0,0.4583333333333333,0.4305555555555556,Partly Cloudy,Cloudy,94.0,7,L To R,0,0,0,,0,,full_season_release,1
20260619,2026-06-19,4904,El Paso Chihuahuas,Pacific Coast League,Southwest University Park,Reno Aces,2310,6133.0,1,night,Friday,4,6,June,13,1,,0,4904-6,4,6,1.0,0.4657534246575342,0.4246575342465753,Partly Cloudy,Cloudy,90.0,13,Out To RF,0,0,0,,0,,full_season_release,1
20260620,2026-06-20,4904,El Paso Chihuahuas,Pacific Coast League,Southwest University Park,Reno Aces,2310,7642.0,1,night,Saturday,5,6,June,13,1,,0,4904-6,5,6,1.0,0.4594594594594595,0.43243243243243246,Clear,Clear,98.0,6,In From CF,0,0,0,,0,,full_season_release,1
20260621,2026-06-21,4904,El Paso Chihuahuas,Pacific Coast League,Southwest University Park,Reno Aces,2310,6587.0,1,night,Sunday,6,6,June,13,1,Father's Day,1,4904-6,6,6,1.0,0.4666666666666667,0.4266666666666667,Clear,Clear,97.0,14,Out To RF,0,0,0,,0,,full_season_release,1
20260630,2026-06-30,4904,El Paso Chihuahuas,Pacific Coast League,Southwest University Park,Sacramento River Cats,105,3877.0,1,night,Tuesday,1,6,June,14,0,,0,4904-7,1,6,9.0,0.43902439024390244,0.5569620253164557,Partly Cloudy,Cloudy,88.0,11,In From LF,0,0,0,,0,,full_season_release,1
20260701,2026-07-01,4904,El Paso Chihuahuas,Pacific Coast League,Southwest University Park,Sacramento River Cats,105,3932.0,1,night,Wednesday,2,7,July,14,0,,0,4904-7,2,6,1.0,0.4457831325301205,0.55,Partly Cloudy,Cloudy,90.0,7,Out To LF,0,0,0,,0,,full_season_release,1
20260702,2026-07-02,4904,El Paso Chihuahuas,Pacific Coast League,Southwest University Park,Sacramento River Cats,105,4905.0,1,night,Thursday,3,7,July,14,0,,0,4904-7,3,6,1.0,0.44047619047619047,0.5555555555555556,Partly Cloudy,Cloudy,95.0,4,Out To RF,0,0,0,,0,,full_season_release,1
20260703,2026-07-03,4904,El Paso Chihuahuas,Pacific Coast League,Southwest University Park,Sacramento River Cats,105,8715.0,1,night,Friday,4,7,July,15,1,,0,4904-7,4,6,1.0,0.4470588235294118,0.5487804878048781,Cloudy,Cloudy,96.0,6,Out To LF,0,0,0,,0,,full_season_release,1
20260704,2026-07-04,4904,El Paso Chihuahuas,Pacific Coast League,Southwest University Park,Sacramento River Cats,105,9213.0,1,night,Saturday,5,7,July,15,1,Independence Day,1,4904-7,5,6,1.0,0.45348837209302323,0.5421686746987951,Partly Cloudy,Cloudy,97.0,9,Out To CF,0,0,0,,0,,full_season_release,1
20260705,2026-07-05,4904,El Paso Chihuahuas,Pacific Coast League,Southwest University Park,Sacramento River Cats,105,4161.0,1,night,Sunday,6,7,July,15,1,,0,4904-7,6,6,1.0,0.45977011494252873,0.5357142857142857,Drizzle,Precipitation,95.0,9,Out To LF,1,0,0,,0,,full_season_release,1
20260717,2026-07-17,4904,El Paso Chihuahuas,Pacific Coast League,Southwest University Park,Sugar Land Space Cowboys,5434,6881.0,1,night,Friday,4,7,July,17,1,,0,4904-8,1,3,12.0,0.44086021505376344,0.4946236559139785,Cloudy,Cloudy,84.0,7,In From LF,0,0,0,,1,-1.0,full_season_release,1
20260718,2026-07-18,4904,El Paso Chihuahuas,Pacific Coast League,Southwest University Park,Sugar Land Space Cowboys,5434,6570.0,1,night,Saturday,5,7,July,17,1,,0,4904-8,2,3,1.0,0.43617021276595747,0.5,Cloudy,Cloudy,87.0,5,Out To CF,0,1,1,Chico Nutcracker (Christmas in July),1,0.0,full_season_release,1
20260719,2026-07-19,4904,El Paso Chihuahuas,Pacific Coast League,Southwest University Park,Sugar Land Space Cowboys,5434,6153.0,1,night,Sunday,6,7,July,17,1,,0,4904-8,3,3,1.0,0.4421052631578947,0.49473684210526314,Drizzle,Precipitation,81.0,10,Out To RF,1,0,0,,1,1.0,full_season_release,1
20260728,2026-07-28,4904,El Paso Chihuahuas,Pacific Coast League,Southwest University Park,Albuquerque Isotopes,342,3923.0,1,night,Tuesday,1,7,July,18,0,,0,4904-9,1,6,9.0,0.43137254901960786,0.4854368932038835,Clear,Clear,100.0,8,Out To LF,0,0,0,,0,,full_season_release,1
20260729,2026-07-29,4904,El Paso Chihuahuas,Pacific Coast League,Southwest University Park,Albuquerque Isotopes,342,4708.0,1,night,Wednesday,2,7,July,18,0,,0,4904-9,2,6,1.0,0.42718446601941745,0.49038461538461536,Clear,Clear,100.0,7,R To L,0,0,0,,0,,full_season_release,1
20260730,2026-07-30,4904,El Paso Chihuahuas,Pacific Coast League,Southwest University Park,Albuquerque Isotopes,342,4925.0,1,night,Thursday,3,7,July,18,0,,0,4904-9,3,6,1.0,0.4230769230769231,0.49523809523809526,Clear,Clear,101.0,11,Out To LF,0,0,0,,0,,full_season_release,1
20260731,2026-07-31,4904,El Paso Chihuahuas,Pacific Coast League,Southwest University Park,Albuquerque Isotopes,342,7975.0,1,night,Friday,4,7,July,19,1,,0,4904-9,4,6,1.0,0.41904761904761906,0.5,Partly Cloudy,Cloudy,102.0,9,R To L,0,0,0,,0,,full_season_release,1
20260801,2026-08-01,4904,El Paso Chihuahuas,Pacific Coast League,Southwest University Park,Albuquerque Isotopes,342,8630.0,1,night,Saturday,5,8,August,19,1,,0,4904-9,5,6,1.0,0.41509433962264153,0.5046728971962616,Partly Cloudy,Cloudy,93.0,9,R To L,0,0,0,,0,,full_season_release,1
20260802,2026-08-02,4904,El Paso Chihuahuas,Pacific Coast League,Southwest University Park,Albuquerque Isotopes,342,4265.0,1,day,Sunday,6,8,August,19,1,,0,4904-9,6,6,1.0,0.411214953271028,0.5092592592592593,Sunny,Clear,87.0,6,Out To LF,0,0,0,,0,,full_season_release,1
20260811,2026-08-11,4904,El Paso Chihuahuas,Pacific Coast League,Southwest University Park,Salt Lake Bees,561,3934.0,1,night,Tuesday,1,8,August,20,0,,0,4904-10,1,12,9.0,0.41228070175438597,0.4473684210526316,Cloudy,Cloudy,92.0,10,Out To CF,0,0,0,,0,,full_season_release,1
20260812,2026-08-12,4904,El Paso Chihuahuas,Pacific Coast League,Southwest University Park,Salt Lake Bees,561,4959.0,1,day,Wednesday,2,8,August,20,0,,0,4904-10,2,12,1.0,0.41739130434782606,0.4434782608695652,Partly Cloudy,Cloudy,87.0,9,Out To CF,0,0,0,,0,,full_season_release,1
20260813,2026-08-13,4904,El Paso Chihuahuas,Pacific Coast League,Southwest University Park,Salt Lake Bees,561,5254.0,1,night,Thursday,3,8,August,20,0,,0,4904-10,3,12,1.0,0.4224137931034483,0.4396551724137931,Cloudy,Cloudy,89.0,12,Out To RF,0,0,0,,0,,full_season_release,1
20260814,2026-08-14,4904,El Paso Chihuahuas,Pacific Coast League,Southwest University Park,Salt Lake Bees,561,6477.0,1,night,Friday,4,8,August,21,1,,0,4904-10,4,12,1.0,0.4188034188034188,0.4444444444444444,Partly Cloudy,Cloudy,91.0,7,Out To CF,0,0,0,,0,,full_season_release,1
20260815,2026-08-15,4904,El Paso Chihuahuas,Pacific Coast League,Southwest University Park,Salt Lake Bees,561,6985.0,1,night,Saturday,5,8,August,21,1,,0,4904-10,5,12,1.0,0.4152542372881356,0.4491525423728814,Cloudy,Cloudy,87.0,9,Out To LF,0,0,0,,0,,full_season_release,1
20260816,2026-08-16,4904,El Paso Chihuahuas,Pacific Coast League,Southwest University Park,Salt Lake Bees,561,5956.0,1,day,Sunday,6,8,August,21,1,,0,4904-10,6,12,1.0,0.4117647058823529,0.453781512605042,Sunny,Clear,91.0,4,R To L,0,0,0,,0,,full_season_release,1
20260818,2026-08-18,4904,El Paso Chihuahuas,Pacific Coast League,Southwest University Park,Round Rock Express,102,4498.0,1,night,Tuesday,1,8,August,21,0,,0,4904-10,7,12,2.0,0.4083333333333333,0.47107438016528924,Clear,Clear,93.0,3,Out To LF,0,0,0,,0,,full_season_release,1
20260819,2026-08-19,4904,El Paso Chihuahuas,Pacific Coast League,Southwest University Park,Round Rock Express,102,4668.0,1,day,Wednesday,2,8,August,21,0,,0,4904-10,8,12,1.0,0.4049586776859504,0.47540983606557374,Sunny,Clear,93.0,4,L To R,0,0,0,,0,,full_season_release,1
20260820,2026-08-20,4904,El Paso Chihuahuas,Pacific Coast League,Southwest University Park,Round Rock Express,102,6560.0,1,night,Thursday,3,8,August,21,0,,0,4904-10,9,12,1.0,0.4098360655737705,0.4715447154471545,Cloudy,Cloudy,97.0,4,In From CF,0,0,0,,0,,full_season_release,1
20260821,2026-08-21,4904,El Paso Chihuahuas,Pacific Coast League,Southwest University Park,Round Rock Express,102,7253.0,1,night,Friday,4,8,August,22,1,,0,4904-10,10,12,1.0,0.4065040650406504,0.47580645161290325,Partly Cloudy,Cloudy,97.0,11,Out To LF,0,0,0,,0,,full_season_release,1
20260822,2026-08-22,4904,El Paso Chihuahuas,Pacific Coast League,Southwest University Park,Round Rock Express,102,6771.0,1,night,Saturday,5,8,August,22,1,,0,4904-10,11,12,1.0,0.4032258064516129,0.48,Clear,Clear,98.0,11,R To L,0,0,0,,0,,full_season_release,1
20260823,2026-08-23,4904,El Paso Chihuahuas,Pacific Coast League,Southwest University Park,Round Rock Express,102,4999.0,1,day,Sunday,6,8,August,22,1,,0,4904-10,12,12,1.0,0.4,0.48412698412698413,Sunny,Clear,93.0,7,R To L,0,0,0,,0,,full_season_release,1
20260327,2026-03-27,431,Gwinnett Stripers,International League,Gwinnett Field,Memphis Redbirds,235,3303.0,1,night,Friday,4,3,March,1,1,,0,431-1,1,3,,0.0,1.0,Partly Cloudy,Cloudy,80.0,11,Out To CF,0,1,1,2026 Magnet Schedule,1,0.0,full_season_release,1
20260328,2026-03-28,431,Gwinnett Stripers,International League,Gwinnett Field,Memphis Redbirds,235,2100.0,1,night,Saturday,5,3,March,1,1,,0,431-1,2,3,1.0,0.0,1.0,Clear,Clear,66.0,10,In From LF,0,1,1,2026 Schedule T-Shirt,1,0.0,full_season_release,1
20260329,2026-03-29,431,Gwinnett Stripers,International League,Gwinnett Field,Memphis Redbirds,235,2617.0,1,day,Sunday,6,3,March,1,1,,0,431-1,3,3,1.0,0.0,1.0,Partly Cloudy,Cloudy,59.0,10,L To R,0,0,0,,1,1.0,full_season_release,1
20260407,2026-04-07,431,Gwinnett Stripers,International League,Gwinnett Field,Nashville Sounds,556,1760.0,1,night,Tuesday,1,4,April,2,0,,0,431-2,1,6,9.0,0.6,0.5555555555555556,Clear,Clear,75.0,5,In From LF,0,0,0,,0,,full_season_release,1
20260408,2026-04-08,431,Gwinnett Stripers,International League,Gwinnett Field,Nashville Sounds,556,1260.0,1,night,Wednesday,2,4,April,2,0,,0,431-2,2,6,1.0,0.6363636363636364,0.5,Clear,Clear,64.0,5,L To R,0,0,0,,0,,full_season_release,1
20260409,2026-04-09,431,Gwinnett Stripers,International League,Gwinnett Field,Nashville Sounds,556,1614.0,1,night,Thursday,3,4,April,2,0,,0,431-2,3,6,1.0,0.5833333333333334,0.5454545454545454,Clear,Clear,69.0,10,L To R,0,0,0,,0,,full_season_release,1
20260410,2026-04-10,431,Gwinnett Stripers,International League,Gwinnett Field,Nashville Sounds,556,3514.0,1,night,Friday,4,4,April,3,1,,0,431-2,4,6,1.0,0.6153846153846154,0.5,Clear,Clear,76.0,3,R To L,0,0,0,,0,,full_season_release,1
20260411,2026-04-11,431,Gwinnett Stripers,International League,Gwinnett Field,Nashville Sounds,556,2298.0,1,night,Saturday,5,4,April,3,1,,0,431-2,5,6,1.0,0.6428571428571429,0.46153846153846156,Clear,Clear,84.0,7,R To L,0,0,0,,0,,full_season_release,1
20260412,2026-04-12,431,Gwinnett Stripers,International League,Gwinnett Field,Nashville Sounds,556,1277.0,1,day,Sunday,6,4,April,3,1,,0,431-2,6,6,1.0,0.6666666666666666,0.42857142857142855,Sunny,Clear,84.0,10,R To L,0,0,0,,0,,full_season_release,1
20260421,2026-04-21,431,Gwinnett Stripers,International League,Gwinnett Field,Jacksonville Jumbo Shrimp,564,2146.0,1,night,Tuesday,1,4,April,4,0,,0,431-3,1,6,9.0,0.6363636363636364,0.5,Clear,Clear,78.0,6,Out To CF,0,0,0,,1,-4.0,full_season_release,1
20260422,2026-04-22,431,Gwinnett Stripers,International League,Gwinnett Field,Jacksonville Jumbo Shrimp,564,3549.0,1,day,Wednesday,2,4,April,4,0,,0,431-3,2,6,1.0,0.6521739130434783,0.4782608695652174,Sunny,Clear,72.0,9,R To L,0,0,0,,1,-3.0,full_season_release,1
20260423,2026-04-23,431,Gwinnett Stripers,International League,Gwinnett Field,Jacksonville Jumbo Shrimp,564,1846.0,1,night,Thursday,3,4,April,4,0,,0,431-3,3,6,1.0,0.6666666666666666,0.4583333333333333,Partly Cloudy,Cloudy,82.0,7,R To L,0,0,0,,1,-2.0,full_season_release,1
20260424,2026-04-24,431,Gwinnett Stripers,International League,Gwinnett Field,Jacksonville Jumbo Shrimp,564,3009.0,1,night,Friday,4,4,April,5,1,,0,431-3,4,6,1.0,0.64,0.48,Partly Cloudy,Cloudy,80.0,6,R To L,0,0,0,,1,-1.0,full_season_release,1
20260425,2026-04-25,431,Gwinnett Stripers,International League,Gwinnett Field,Jacksonville Jumbo Shrimp,564,3037.0,1,night,Saturday,5,4,April,5,1,,0,431-3,5,6,1.0,0.6538461538461539,0.46153846153846156,Overcast,Cloudy,67.0,8,R To L,0,1,1,Georgia Peaches Replica Jersey,1,0.0,full_season_release,1
20260426,2026-04-26,431,Gwinnett Stripers,International League,Gwinnett Field,Jacksonville Jumbo Shrimp,564,2501.0,1,day,Sunday,6,4,April,5,1,,0,431-3,6,6,1.0,0.6296296296296297,0.48148148148148145,Sunny,Clear,76.0,2,Out To RF,0,0,0,,1,1.0,full_season_release,1
20260512,2026-05-12,431,Gwinnett Stripers,International League,Gwinnett Field,Durham Bulls,234,1060.0,1,night,Tuesday,1,5,May,7,0,,0,431-4,1,12,16.0,0.625,0.375,Clear,Clear,72.0,9,L To R,0,0,0,,1,-4.0,full_season_release,1
20260513,2026-05-13,431,Gwinnett Stripers,International League,Gwinnett Field,Durham Bulls,234,7267.0,1,day,Wednesday,2,5,May,7,0,,0,431-4,2,12,1.0,0.6097560975609756,0.3902439024390244,Sunny,Clear,68.0,2,Calm,0,0,0,,1,-3.0,full_season_release,1
20260514,2026-05-14,431,Gwinnett Stripers,International League,Gwinnett Field,Durham Bulls,234,1372.0,1,night,Thursday,3,5,May,7,0,,0,431-4,3,12,1.0,0.5952380952380952,0.40476190476190477,Clear,Clear,73.0,12,Out To CF,0,0,0,,1,-2.0,full_season_release,1
20260515,2026-05-15,431,Gwinnett Stripers,International League,Gwinnett Field,Durham Bulls,234,4861.0,1,night,Friday,4,5,May,8,1,,0,431-4,4,12,1.0,0.6046511627906976,0.3953488372093023,Clear,Clear,77.0,4,R To L,0,0,0,,1,-1.0,full_season_release,1
20260516,2026-05-16,431,Gwinnett Stripers,International League,Gwinnett Field,Durham Bulls,234,4879.0,1,night,Saturday,5,5,May,8,1,,0,431-4,5,12,1.0,0.5909090909090909,0.4090909090909091,Partly Cloudy,Cloudy,84.0,5,In From RF,0,1,1,Salute to Armed Forces Replica Jersey,1,0.0,full_season_release,1
20260517,2026-05-17,431,Gwinnett Stripers,International League,Gwinnett Field,Durham Bulls,234,2894.0,1,day,Sunday,6,5,May,8,1,,0,431-4,6,12,1.0,0.5777777777777777,0.4222222222222222,Partly Cloudy,Cloudy,90.0,9,R To L,0,0,0,,1,1.0,full_season_release,1
20260519,2026-05-19,431,Gwinnett Stripers,International League,Gwinnett Field,Charlotte Knights,494,1346.0,1,night,Tuesday,1,5,May,8,0,,0,431-4,7,12,2.0,0.5652173913043478,0.5,Partly Cloudy,Cloudy,87.0,5,Calm,0,0,0,,1,2.0,full_season_release,1
20260520,2026-05-20,431,Gwinnett Stripers,International League,Gwinnett Field,Charlotte Knights,494,1487.0,1,night,Wednesday,2,5,May,8,0,,0,431-4,8,12,1.0,0.5531914893617021,0.5106382978723404,Partly Cloudy,Cloudy,81.0,3,Calm,0,0,0,,1,3.0,full_season_release,1
20260521,2026-05-21,431,Gwinnett Stripers,International League,Gwinnett Field,Charlotte Knights,494,1255.0,1,night,Thursday,3,5,May,8,0,,0,431-4,9,12,1.0,0.5625,0.5,Partly Cloudy,Cloudy,80.0,1,In From RF,0,0,0,,1,4.0,full_season_release,1
20260522,2026-05-22,431,Gwinnett Stripers,International League,Gwinnett Field,Charlotte Knights,494,1515.0,1,night,Friday,4,5,May,9,1,,0,431-4,10,12,1.0,0.5510204081632653,0.5102040816326531,Partly Cloudy,Cloudy,70.0,9,In From CF,0,0,0,,1,5.0,full_season_release,1
20260523,2026-05-23,431,Gwinnett Stripers,International League,Gwinnett Field,Charlotte Knights,494,2573.0,1,night,Saturday,5,5,May,9,1,,0,431-4,11,12,1.0,0.56,0.5,Cloudy,Cloudy,72.0,8,L To R,0,0,0,,1,6.0,full_season_release,1
20260524,2026-05-24,431,Gwinnett Stripers,International League,Gwinnett Field,Charlotte Knights,494,1566.0,1,day,Sunday,6,5,May,9,1,,0,431-4,12,12,1.0,0.5490196078431373,0.5098039215686274,Overcast,Cloudy,70.0,7,In From LF,0,0,0,,1,7.0,full_season_release,1
20260602,2026-06-02,431,Gwinnett Stripers,International League,Gwinnett Field,Norfolk Tides,568,1385.0,1,night,Tuesday,1,6,June,10,0,,0,431-5,1,6,9.0,0.5172413793103449,0.3793103448275862,Partly Cloudy,Cloudy,73.0,11,In From LF,0,0,0,,1,-4.0,full_season_release,1
20260603,2026-06-03,431,Gwinnett Stripers,International League,Gwinnett Field,Norfolk Tides,568,3426.0,1,day,Wednesday,2,6,June,10,0,,0,431-5,2,6,1.0,0.5084745762711864,0.3898305084745763,Sunny,Clear,70.0,8,Out To CF,0,0,0,,1,-3.0,full_season_release,1
20260604,2026-06-04,431,Gwinnett Stripers,International League,Gwinnett Field,Norfolk Tides,568,1593.0,1,night,Thursday,3,6,June,10,0,,0,431-5,3,6,1.0,0.5,0.4,Clear,Clear,82.0,5,In From LF,0,0,0,,1,-2.0,full_season_release,1
20260605,2026-06-05,431,Gwinnett Stripers,International League,Gwinnett Field,Norfolk Tides,568,2603.0,1,night,Friday,4,6,June,11,1,,0,431-5,4,6,1.0,0.5081967213114754,0.39344262295081966,Partly Cloudy,Cloudy,83.0,3,Calm,0,0,0,,1,-1.0,full_season_release,1
20260606,2026-06-06,431,Gwinnett Stripers,International League,Gwinnett Field,Norfolk Tides,568,3723.0,1,night,Saturday,5,6,June,11,1,,0,431-5,5,6,1.0,0.5161290322580645,0.3870967741935484,Partly Cloudy,Cloudy,86.0,6,R To L,0,1,1,Drake Baldwin Bobblehead,1,0.0,full_season_release,1
20260607,2026-06-07,431,Gwinnett Stripers,International League,Gwinnett Field,Norfolk Tides,568,2056.0,1,day,Sunday,6,6,June,11,1,,0,431-5,6,6,1.0,0.5079365079365079,0.3968253968253968,Overcast,Cloudy,82.0,6,R To L,0,0,0,,1,1.0,full_season_release,1
20260616,2026-06-16,431,Gwinnett Stripers,International League,Gwinnett Field,Louisville Bats,416,1162.0,1,night,Tuesday,1,6,June,12,0,,0,431-6,1,5,9.0,0.5072463768115942,0.5441176470588235,Drizzle,Precipitation,68.0,2,Varies,1,0,0,,1,-3.0,full_season_release,1
20260617,2026-06-17,431,Gwinnett Stripers,International League,Gwinnett Field,Louisville Bats,416,1301.0,1,night,Wednesday,2,6,June,12,0,,0,431-6,2,5,1.0,0.5142857142857142,0.5362318840579711,Partly Cloudy,Cloudy,84.0,8,R To L,0,0,0,,1,-2.0,full_season_release,1
20260619,2026-06-19,431,Gwinnett Stripers,International League,Gwinnett Field,Louisville Bats,416,3004.0,2,night,Friday,4,6,June,13,1,,0,431-6,3,5,2.0,0.5138888888888888,0.5352112676056338,Partly Cloudy,Cloudy,80.0,6,R To L,0,0,0,,1,-1.0,full_season_release,1
20260620,2026-06-20,431,Gwinnett Stripers,International League,Gwinnett Field,Louisville Bats,416,2953.0,1,night,Saturday,5,6,June,13,1,,0,431-6,4,5,1.0,0.5068493150684932,0.5416666666666666,Overcast,Cloudy,83.0,6,Out To LF,0,1,1,Atlanta Black Crackers Hat,1,0.0,full_season_release,1
20260621,2026-06-21,431,Gwinnett Stripers,International League,Gwinnett Field,Louisville Bats,416,2738.0,1,day,Sunday,6,6,June,13,1,Father's Day,1,431-6,5,5,1.0,0.5135135135135135,0.5342465753424658,Partly Cloudy,Cloudy,84.0,6,R To L,0,0,0,,1,1.0,full_season_release,1
20260707,2026-07-07,431,Gwinnett Stripers,International League,Gwinnett Field,Memphis Redbirds,235,1344.0,1,night,Tuesday,1,7,July,15,0,,0,431-7,1,6,16.0,0.4883720930232558,0.6022727272727273,Clear,Clear,90.0,8,Out To LF,0,0,0,,1,-3.0,full_season_release,1
20260708,2026-07-08,431,Gwinnett Stripers,International League,Gwinnett Field,Memphis Redbirds,235,1327.0,1,night,Wednesday,2,7,July,15,0,,0,431-7,2,6,1.0,0.4827586206896552,0.6067415730337079,Partly Cloudy,Cloudy,90.0,9,Out To LF,0,0,0,,1,-2.0,full_season_release,1
20260709,2026-07-09,431,Gwinnett Stripers,International League,Gwinnett Field,Memphis Redbirds,235,1822.0,1,night,Thursday,3,7,July,15,0,,0,431-7,3,6,1.0,0.48863636363636365,0.6,Cloudy,Cloudy,73.0,5,R To L,0,0,0,,1,-1.0,full_season_release,1
20260710,2026-07-10,431,Gwinnett Stripers,International League,Gwinnett Field,Memphis Redbirds,235,3734.0,1,night,Friday,4,7,July,16,1,,0,431-7,4,6,1.0,0.4943820224719101,0.5934065934065934,Partly Cloudy,Cloudy,80.0,7,R To L,0,1,1,Stripers Toy Car,1,0.0,full_season_release,1
20260711,2026-07-11,431,Gwinnett Stripers,International League,Gwinnett Field,Memphis Redbirds,235,5635.0,1,night,Saturday,5,7,July,16,1,,0,431-7,5,6,1.0,0.5,0.5869565217391305,Partly Cloudy,Cloudy,77.0,2,Varies,0,0,0,,1,1.0,full_season_release,1
20260712,2026-07-12,431,Gwinnett Stripers,International League,Gwinnett Field,Memphis Redbirds,235,1591.0,1,day,Sunday,6,7,July,16,1,,0,431-7,6,6,1.0,0.5054945054945055,0.5806451612903226,Cloudy,Cloudy,88.0,8,Out To LF,0,0,0,,1,2.0,full_season_release,1
20260721,2026-07-21,431,Gwinnett Stripers,International League,Gwinnett Field,Iowa Cubs,451,2200.0,1,night,Tuesday,1,7,July,17,0,,0,431-8,1,5,9.0,0.5052631578947369,0.44680851063829785,Partly Cloudy,Cloudy,91.0,8,R To L,0,0,0,,0,,full_season_release,1
20260722,2026-07-22,431,Gwinnett Stripers,International League,Gwinnett Field,Iowa Cubs,451,2023.0,1,night,Wednesday,2,7,July,17,0,,0,431-8,2,5,1.0,0.5104166666666666,0.4421052631578947,Cloudy,Cloudy,90.0,8,Out To RF,0,0,0,,0,,full_season_release,1
20260723,2026-07-23,431,Gwinnett Stripers,International League,Gwinnett Field,Iowa Cubs,451,2041.0,1,night,Thursday,3,7,July,17,0,,0,431-8,3,5,1.0,0.5154639175257731,0.4375,Cloudy,Cloudy,82.0,5,R To L,0,0,0,,0,,full_season_release,1
20260725,2026-07-25,431,Gwinnett Stripers,International League,Gwinnett Field,Iowa Cubs,451,4319.0,2,day,Saturday,5,7,July,18,1,,0,431-8,4,5,2.0,0.5252525252525253,0.42857142857142855,Cloudy,Cloudy,86.0,7,Out To LF,0,0,0,,0,,full_season_release,1
20260726,2026-07-26,431,Gwinnett Stripers,International League,Gwinnett Field,Iowa Cubs,451,1943.0,1,day,Sunday,6,7,July,18,1,,0,431-8,5,5,1.0,0.52,0.43434343434343436,Partly Cloudy,Cloudy,86.0,9,Out To LF,0,0,0,,0,,full_season_release,1
20260804,2026-08-04,431,Gwinnett Stripers,International League,Gwinnett Field,Jacksonville Jumbo Shrimp,564,899.0,1,night,Tuesday,1,8,August,19,0,,0,431-9,1,5,9.0,0.5185185185185185,0.5046728971962616,Partly Cloudy,Cloudy,77.0,4,L To R,0,0,0,,1,-3.0,full_season_release,1
20260805,2026-08-05,431,Gwinnett Stripers,International League,Gwinnett Field,Jacksonville Jumbo Shrimp,564,632.0,1,night,Wednesday,2,8,August,19,0,,0,431-9,2,5,1.0,0.5137614678899083,0.5092592592592593,Cloudy,Cloudy,74.0,4,In From CF,0,0,0,,1,-2.0,full_season_release,1
20260806,2026-08-06,431,Gwinnett Stripers,International League,Gwinnett Field,Jacksonville Jumbo Shrimp,564,1135.0,1,night,Thursday,3,8,August,19,0,,0,431-9,3,5,1.0,0.5181818181818182,0.5045871559633027,Partly Cloudy,Cloudy,86.0,4,Varies,0,0,0,,1,-1.0,full_season_release,1
20260808,2026-08-08,431,Gwinnett Stripers,International League,Gwinnett Field,Jacksonville Jumbo Shrimp,564,5250.0,2,day,Saturday,5,8,August,20,1,,0,431-9,4,5,2.0,0.5178571428571429,0.5045045045045045,Partly Cloudy,Cloudy,90.0,3,Calm,0,1,1,Chris Sale Bobblehead,1,0.0,full_season_release,1
20260809,2026-08-09,431,Gwinnett Stripers,International League,Gwinnett Field,Jacksonville Jumbo Shrimp,564,1565.0,1,day,Sunday,6,8,August,20,1,,0,431-9,5,5,1.0,0.5132743362831859,0.5089285714285714,Partly Cloudy,Cloudy,82.0,3,R To L,0,0,0,,1,1.0,full_season_release,1
20260819,2026-08-19,431,Gwinnett Stripers,International League,Gwinnett Field,Durham Bulls,234,1091.0,2,night,Wednesday,2,8,August,21,0,,0,431-10,1,5,10.0,0.5041322314049587,0.45454545454545453,Clear,Clear,91.0,5,L To R,0,0,0,,1,-3.0,full_season_release,1
20260820,2026-08-20,431,Gwinnett Stripers,International League,Gwinnett Field,Durham Bulls,234,1205.0,1,night,Thursday,3,8,August,21,0,,0,431-10,2,5,1.0,0.5,0.45901639344262296,Clear,Clear,94.0,4,Out To RF,0,0,0,,1,-2.0,full_season_release,1
20260821,2026-08-21,431,Gwinnett Stripers,International League,Gwinnett Field,Durham Bulls,234,2314.0,1,night,Friday,4,8,August,22,1,,0,431-10,3,5,1.0,0.4959349593495935,0.4634146341463415,Partly Cloudy,Cloudy,86.0,1,Out To LF,0,0,0,,1,-1.0,full_season_release,1
20260822,2026-08-22,431,Gwinnett Stripers,International League,Gwinnett Field,Durham Bulls,234,4475.0,1,night,Saturday,5,8,August,22,1,,0,431-10,4,5,1.0,0.49193548387096775,0.46774193548387094,Partly Cloudy,Cloudy,91.0,8,Out To CF,0,1,1,Chopper the Groundhog Building Blocks,1,0.0,full_season_release,1
20260823,2026-08-23,431,Gwinnett Stripers,International League,Gwinnett Field,Durham Bulls,234,1754.0,1,day,Sunday,6,8,August,22,1,,0,431-10,5,5,1.0,0.496,0.464,Sunny,Clear,89.0,8,Out To LF,0,0,0,,1,1.0,full_season_release,1
20260327,2026-03-27,484,Indianapolis Indians,International League,Victory Field,St. Paul Saints,1960,8996.0,1,night,Friday,4,3,March,1,1,,0,484-1,1,3,,0.0,1.0,Partly Cloudy,Cloudy,45.0,12,In From CF,0,0,0,,0,,full_season_release,1
20260328,2026-03-28,484,Indianapolis Indians,International League,Victory Field,St. Paul Saints,1960,3431.0,1,day,Saturday,5,3,March,1,1,,0,484-1,2,3,1.0,0.0,1.0,Sunny,Clear,48.0,2,R To L,0,0,0,,0,,full_season_release,1
20260329,2026-03-29,484,Indianapolis Indians,International League,Victory Field,St. Paul Saints,1960,4333.0,1,day,Sunday,6,3,March,1,1,,0,484-1,3,3,1.0,0.0,1.0,Sunny,Clear,54.0,2,Out To LF,0,0,0,,0,,full_season_release,1
20260407,2026-04-07,484,Indianapolis Indians,International League,Victory Field,Louisville Bats,416,3001.0,1,night,Tuesday,1,4,April,2,0,,0,484-2,1,6,9.0,0.2,0.5,Clear,Clear,49.0,9,R To L,0,0,0,,1,-4.0,full_season_release,1
20260408,2026-04-08,484,Indianapolis Indians,International League,Victory Field,Louisville Bats,416,5971.0,1,day,Wednesday,2,4,April,2,0,,0,484-2,2,6,1.0,0.2727272727272727,0.45454545454545453,Sunny,Clear,48.0,9,R To L,0,0,0,,1,-3.0,full_season_release,1
20260409,2026-04-09,484,Indianapolis Indians,International League,Victory Field,Louisville Bats,416,4415.0,1,night,Thursday,3,4,April,2,0,,0,484-2,3,6,1.0,0.25,0.5,Clear,Clear,75.0,8,L To R,0,0,0,,1,-2.0,full_season_release,1
20260410,2026-04-10,484,Indianapolis Indians,International League,Victory Field,Louisville Bats,416,4066.0,1,night,Friday,4,4,April,3,1,,0,484-2,4,6,1.0,0.23076923076923078,0.5384615384615384,Cloudy,Cloudy,62.0,5,L To R,0,0,0,,1,-1.0,full_season_release,1
20260411,2026-04-11,484,Indianapolis Indians,International League,Victory Field,Louisville Bats,416,5866.0,1,night,Saturday,5,4,April,3,1,,0,484-2,5,6,1.0,0.21428571428571427,0.5714285714285714,Partly Cloudy,Cloudy,64.0,5,Out To LF,0,1,1,Bubba Chandler Bobblehead presented by Hoosier Lottery,1,0.0,full_season_release,1
20260412,2026-04-12,484,Indianapolis Indians,International League,Victory Field,Louisville Bats,416,5064.0,1,day,Sunday,6,4,April,3,1,,0,484-2,6,6,1.0,0.26666666666666666,0.5333333333333333,Sunny,Clear,78.0,13,Out To LF,0,0,0,,1,1.0,full_season_release,1
20260421,2026-04-21,484,Indianapolis Indians,International League,Victory Field,St. Paul Saints,1960,5300.0,1,night,Tuesday,1,4,April,4,0,,0,484-3,1,6,9.0,0.3181818181818182,0.42857142857142855,Clear,Clear,75.0,11,Out To LF,0,0,0,,1,-4.0,full_season_release,1
20260422,2026-04-22,484,Indianapolis Indians,International League,Victory Field,St. Paul Saints,1960,3976.0,1,night,Wednesday,2,4,April,4,0,,0,484-3,2,6,1.0,0.34782608695652173,0.4090909090909091,Clear,Clear,79.0,12,Out To CF,0,0,0,,1,-3.0,full_season_release,1
20260423,2026-04-23,484,Indianapolis Indians,International League,Victory Field,St. Paul Saints,1960,9202.0,1,day,Thursday,3,4,April,4,0,,0,484-3,3,6,1.0,0.375,0.391304347826087,Sunny,Clear,70.0,6,Out To CF,0,0,0,,1,-2.0,full_season_release,1
20260424,2026-04-24,484,Indianapolis Indians,International League,Victory Field,St. Paul Saints,1960,5181.0,1,night,Friday,4,4,April,5,1,,0,484-3,4,6,1.0,0.4,0.375,Overcast,Cloudy,63.0,3,L To R,0,0,0,,1,-1.0,full_season_release,1
20260425,2026-04-25,484,Indianapolis Indians,International League,Victory Field,St. Paul Saints,1960,7271.0,1,day,Saturday,5,4,April,5,1,,0,484-3,5,6,1.0,0.38461538461538464,0.4,Partly Cloudy,Cloudy,70.0,7,L To R,0,1,1,Indians x IMS Flag presented by Indianapolis Motor Speedway,1,0.0,full_season_release,1
20260426,2026-04-26,484,Indianapolis Indians,International League,Victory Field,St. Paul Saints,1960,6340.0,1,day,Sunday,6,4,April,5,1,,0,484-3,6,6,1.0,0.37037037037037035,0.4230769230769231,Sunny,Clear,61.0,4,In From RF,0,0,0,,1,1.0,full_season_release,1
20260506,2026-05-06,484,Indianapolis Indians,International League,Victory Field,Omaha Storm Chasers,541,4840.0,2,day,Wednesday,2,5,May,6,0,,0,484-4,1,4,10.0,0.37142857142857144,0.4411764705882353,Cloudy,Cloudy,57.0,6,L To R,0,0,0,,0,,full_season_release,1
20260507,2026-05-07,484,Indianapolis Indians,International League,Victory Field,Omaha Storm Chasers,541,13675.0,1,day,Thursday,3,5,May,6,0,,0,484-4,2,4,1.0,0.3888888888888889,0.42857142857142855,Sunny,Clear,50.0,6,L To R,0,0,0,,0,,full_season_release,1
20260509,2026-05-09,484,Indianapolis Indians,International League,Victory Field,Omaha Storm Chasers,541,9391.0,2,night,Saturday,5,5,May,7,1,,0,484-4,3,4,2.0,0.39473684210526316,0.43243243243243246,Partly Cloudy,Cloudy,74.0,13,L To R,0,0,0,,0,,full_season_release,1
20260510,2026-05-10,484,Indianapolis Indians,International League,Victory Field,Omaha Storm Chasers,541,5711.0,1,day,Sunday,6,5,May,7,1,Mother's Day,1,484-4,4,4,1.0,0.38461538461538464,0.4473684210526316,Sunny,Clear,66.0,6,L To R,0,0,0,,0,,full_season_release,1
20260525,2026-05-25,484,Indianapolis Indians,International League,Victory Field,Iowa Cubs,451,7156.0,1,night,Monday,0,5,May,9,0,Memorial Day,1,484-5,1,6,15.0,0.40384615384615385,0.43137254901960786,Partly Cloudy,Cloudy,80.0,2,Calm,0,0,0,,1,-4.0,full_season_release,1
20260527,2026-05-27,484,Indianapolis Indians,International League,Victory Field,Iowa Cubs,451,6788.0,1,night,Wednesday,2,5,May,9,0,,0,484-5,2,6,2.0,0.39622641509433965,0.4423076923076923,Partly Cloudy,Cloudy,75.0,7,Out To LF,0,0,0,,1,-3.0,full_season_release,1
20260528,2026-05-28,484,Indianapolis Indians,International League,Victory Field,Iowa Cubs,451,6742.0,1,night,Thursday,3,5,May,9,0,,0,484-5,3,6,1.0,0.4074074074074074,0.4339622641509434,Partly Cloudy,Cloudy,82.0,9,Out To CF,0,0,0,,1,-2.0,full_season_release,1
20260529,2026-05-29,484,Indianapolis Indians,International League,Victory Field,Iowa Cubs,451,9621.0,1,night,Friday,4,5,May,10,1,,0,484-5,4,6,1.0,0.4,0.4444444444444444,Clear,Clear,81.0,2,R To L,0,0,0,,1,-1.0,full_season_release,1
20260530,2026-05-30,484,Indianapolis Indians,International League,Victory Field,Iowa Cubs,451,8992.0,1,night,Saturday,5,5,May,10,1,,0,484-5,5,6,1.0,0.4107142857142857,0.43636363636363634,Partly Cloudy,Cloudy,82.0,10,Out To LF,0,1,1,Rowdie Bobblehead,1,0.0,full_season_release,1
20260531,2026-05-31,484,Indianapolis Indians,International League,Victory Field,Iowa Cubs,451,9059.0,1,day,Sunday,6,5,May,10,1,,0,484-5,6,6,1.0,0.42105263157894735,0.42857142857142855,Partly Cloudy,Cloudy,74.0,2,Varies,0,0,0,,1,1.0,full_season_release,1
20260609,2026-06-09,484,Indianapolis Indians,International League,Victory Field,Columbus Clippers,445,7149.0,1,night,Tuesday,1,6,June,11,0,,0,484-6,1,6,9.0,0.390625,0.5714285714285714,Partly Cloudy,Cloudy,88.0,10,Out To CF,0,0,0,,1,-4.0,full_season_release,1
20260610,2026-06-10,484,Indianapolis Indians,International League,Victory Field,Columbus Clippers,445,9712.0,1,day,Wednesday,2,6,June,11,0,,0,484-6,2,6,1.0,0.4,0.5625,Cloudy,Cloudy,84.0,10,Out To CF,0,0,0,,1,-3.0,full_season_release,1
20260611,2026-06-11,484,Indianapolis Indians,International League,Victory Field,Columbus Clippers,445,6200.0,1,night,Thursday,3,6,June,11,0,,0,484-6,3,6,1.0,0.4090909090909091,0.5538461538461539,Partly Cloudy,Cloudy,92.0,9,Out To LF,0,0,0,,1,-2.0,full_season_release,1
20260612,2026-06-12,484,Indianapolis Indians,International League,Victory Field,Columbus Clippers,445,9739.0,1,night,Friday,4,6,June,12,1,,0,484-6,4,6,1.0,0.417910447761194,0.5454545454545454,Clear,Clear,81.0,9,L To R,0,0,0,,1,-1.0,full_season_release,1
20260613,2026-06-13,484,Indianapolis Indians,International League,Victory Field,Columbus Clippers,445,8740.0,1,night,Saturday,5,6,June,12,1,,0,484-6,5,6,1.0,0.4117647058823529,0.5522388059701493,Partly Cloudy,Cloudy,78.0,7,Out To LF,0,1,1,TBA Prospect Bobblehead presented by Hoosier Lottery,1,0.0,full_season_release,1
20260614,2026-06-14,484,Indianapolis Indians,International League,Victory Field,Columbus Clippers,445,7706.0,1,day,Sunday,6,6,June,12,1,,0,484-6,6,6,1.0,0.4057971014492754,0.5588235294117647,Overcast,Cloudy,73.0,6,L To R,0,0,0,,1,1.0,full_season_release,1
20260623,2026-06-23,484,Indianapolis Indians,International League,Victory Field,Scranton/Wilkes-Barre RailRiders,531,9706.0,1,night,Tuesday,1,6,June,13,0,,0,484-7,1,6,9.0,0.40789473684210525,0.5066666666666667,Clear,Clear,78.0,11,L To R,0,0,0,,1,-4.0,full_season_release,1
20260624,2026-06-24,484,Indianapolis Indians,International League,Victory Field,Scranton/Wilkes-Barre RailRiders,531,9137.0,1,day,Wednesday,2,6,June,13,0,,0,484-7,2,6,1.0,0.4155844155844156,0.5,Partly Cloudy,Cloudy,76.0,4,R To L,0,0,0,,1,-3.0,full_season_release,1
20260625,2026-06-25,484,Indianapolis Indians,International League,Victory Field,Scranton/Wilkes-Barre RailRiders,531,7523.0,1,night,Thursday,3,6,June,13,0,,0,484-7,3,6,1.0,0.41025641025641024,0.5064935064935064,Partly Cloudy,Cloudy,82.0,9,L To R,0,0,0,,1,-2.0,full_season_release,1
20260626,2026-06-26,484,Indianapolis Indians,International League,Victory Field,Scranton/Wilkes-Barre RailRiders,531,8437.0,1,night,Friday,4,6,June,14,1,,0,484-7,4,6,1.0,0.4050632911392405,0.5128205128205128,Overcast,Cloudy,71.0,4,Out To LF,0,0,0,,1,-1.0,full_season_release,1
20260627,2026-06-27,484,Indianapolis Indians,International League,Victory Field,Scranton/Wilkes-Barre RailRiders,531,10324.0,1,night,Saturday,5,6,June,14,1,,0,484-7,5,6,1.0,0.4125,0.5063291139240507,Cloudy,Cloudy,77.0,2,R To L,0,1,1,Hogwarts Hat,1,0.0,full_season_release,1
20260628,2026-06-28,484,Indianapolis Indians,International League,Victory Field,Scranton/Wilkes-Barre RailRiders,531,6548.0,1,day,Sunday,6,6,June,14,1,,0,484-7,6,6,1.0,0.41975308641975306,0.5,Partly Cloudy,Cloudy,82.0,2,Out To CF,0,0,0,,1,1.0,full_season_release,1
20260707,2026-07-07,484,Indianapolis Indians,International League,Victory Field,Toledo Mud Hens,512,8200.0,1,night,Tuesday,1,7,July,15,0,,0,484-8,1,6,9.0,0.4431818181818182,0.4827586206896552,Partly Cloudy,Cloudy,85.0,2,Calm,0,0,0,,1,-4.0,full_season_release,1
20260708,2026-07-08,484,Indianapolis Indians,International League,Victory Field,Toledo Mud Hens,512,7453.0,1,night,Wednesday,2,7,July,15,0,,0,484-8,2,6,1.0,0.43820224719101125,0.48863636363636365,Partly Cloudy,Cloudy,85.0,4,L To R,0,0,0,,1,-3.0,full_season_release,1
20260709,2026-07-09,484,Indianapolis Indians,International League,Victory Field,Toledo Mud Hens,512,8124.0,1,night,Thursday,3,7,July,15,0,,0,484-8,3,6,1.0,0.4444444444444444,0.48314606741573035,Partly Cloudy,Cloudy,86.0,9,L To R,0,0,0,,1,-2.0,full_season_release,1
20260710,2026-07-10,484,Indianapolis Indians,International League,Victory Field,Toledo Mud Hens,512,8472.0,1,night,Friday,4,7,July,16,1,,0,484-8,4,6,1.0,0.45054945054945056,0.4777777777777778,Cloudy,Cloudy,85.0,7,Out To CF,0,0,0,,1,-1.0,full_season_release,1
20260711,2026-07-11,484,Indianapolis Indians,International League,Victory Field,Toledo Mud Hens,512,12719.0,1,night,Saturday,5,7,July,16,1,,0,484-8,5,6,1.0,0.44565217391304346,0.4835164835164835,Overcast,Cloudy,78.0,6,L To R,0,1,1,Victory Field Replica,1,0.0,full_season_release,1
20260712,2026-07-12,484,Indianapolis Indians,International League,Victory Field,Toledo Mud Hens,512,7194.0,1,day,Sunday,6,7,July,16,1,,0,484-8,6,6,1.0,0.45161290322580644,0.4782608695652174,Partly Cloudy,Cloudy,84.0,10,Calm,0,0,0,,1,1.0,full_season_release,1
20260721,2026-07-21,484,Indianapolis Indians,International League,Victory Field,Lehigh Valley IronPigs,1410,7777.0,1,night,Tuesday,1,7,July,17,0,,0,484-9,1,6,9.0,0.4742268041237113,0.4639175257731959,Partly Cloudy,Cloudy,88.0,13,L To R,0,0,0,,1,-4.0,full_season_release,1
20260722,2026-07-22,484,Indianapolis Indians,International League,Victory Field,Lehigh Valley IronPigs,1410,7612.0,1,day,Wednesday,2,7,July,17,0,,0,484-9,2,6,1.0,0.47959183673469385,0.45918367346938777,Partly Cloudy,Cloudy,73.0,10,L To R,0,0,0,,1,-3.0,full_season_release,1
20260723,2026-07-23,484,Indianapolis Indians,International League,Victory Field,Lehigh Valley IronPigs,1410,8457.0,1,night,Thursday,3,7,July,17,0,,0,484-9,3,6,1.0,0.47474747474747475,0.46464646464646464,Partly Cloudy,Cloudy,78.0,7,Out To LF,0,0,0,,1,-2.0,full_season_release,1
20260724,2026-07-24,484,Indianapolis Indians,International League,Victory Field,Lehigh Valley IronPigs,1410,11279.0,1,night,Friday,4,7,July,18,1,,0,484-9,4,6,1.0,0.47,0.47,Cloudy,Cloudy,78.0,2,In From CF,0,0,0,,1,-1.0,full_season_release,1
20260725,2026-07-25,484,Indianapolis Indians,International League,Victory Field,Lehigh Valley IronPigs,1410,9727.0,1,night,Saturday,5,7,July,18,1,,0,484-9,5,6,1.0,0.4752475247524752,0.46534653465346537,Overcast,Cloudy,75.0,8,Out To LF,0,1,1,Spiderman Hat,1,0.0,full_season_release,1
20260726,2026-07-26,484,Indianapolis Indians,International League,Victory Field,Lehigh Valley IronPigs,1410,6934.0,1,day,Sunday,6,7,July,18,1,,0,484-9,6,6,1.0,0.47058823529411764,0.47058823529411764,Partly Cloudy,Cloudy,83.0,2,Out To CF,0,0,0,,1,1.0,full_season_release,1
20260804,2026-08-04,484,Indianapolis Indians,International League,Victory Field,Iowa Cubs,451,6936.0,1,night,Tuesday,1,8,August,19,0,,0,484-10,1,6,9.0,0.48623853211009177,0.4056603773584906,Clear,Clear,85.0,5,Out To LF,0,0,0,,1,-4.0,full_season_release,1
20260805,2026-08-05,484,Indianapolis Indians,International League,Victory Field,Iowa Cubs,451,5821.0,1,day,Wednesday,2,8,August,19,0,,0,484-10,2,6,1.0,0.4818181818181818,0.411214953271028,Partly Cloudy,Cloudy,81.0,1,L To R,0,0,0,,1,-3.0,full_season_release,1
20260806,2026-08-06,484,Indianapolis Indians,International League,Victory Field,Iowa Cubs,451,5562.0,1,night,Thursday,3,8,August,19,0,,0,484-10,3,6,1.0,0.4864864864864865,0.4074074074074074,Partly Cloudy,Cloudy,83.0,3,Calm,0,0,0,,1,-2.0,full_season_release,1
20260807,2026-08-07,484,Indianapolis Indians,International League,Victory Field,Iowa Cubs,451,10429.0,1,night,Friday,4,8,August,20,1,,0,484-10,4,6,1.0,0.48214285714285715,0.41284403669724773,Partly Cloudy,Cloudy,86.0,9,Out To LF,0,0,0,,1,-1.0,full_season_release,1
20260808,2026-08-08,484,Indianapolis Indians,International League,Victory Field,Iowa Cubs,451,9026.0,1,night,Saturday,5,8,August,20,1,,0,484-10,5,6,1.0,0.48672566371681414,0.4090909090909091,Clear,Clear,86.0,4,Out To CF,0,1,1,8-Bit Rowdie Hat,1,0.0,full_season_release,1
20260809,2026-08-09,484,Indianapolis Indians,International League,Victory Field,Iowa Cubs,451,6314.0,1,day,Sunday,6,8,August,20,1,,0,484-10,6,6,1.0,0.49122807017543857,0.40540540540540543,Sunny,Clear,86.0,3,R To L,0,0,0,,1,1.0,full_season_release,1
20260818,2026-08-18,484,Indianapolis Indians,International League,Victory Field,Louisville Bats,416,5724.0,1,night,Tuesday,1,8,August,21,0,,0,484-11,1,12,9.0,0.48760330578512395,0.46218487394957986,Clear,Clear,82.0,6,L To R,0,0,0,,1,-4.0,full_season_release,1
20260819,2026-08-19,484,Indianapolis Indians,International League,Victory Field,Louisville Bats,416,4939.0,1,night,Wednesday,2,8,August,21,0,,0,484-11,2,12,1.0,0.4918032786885246,0.4583333333333333,Partly Cloudy,Cloudy,80.0,3,Out To LF,0,0,0,,1,-3.0,full_season_release,1
20260820,2026-08-20,484,Indianapolis Indians,International League,Victory Field,Louisville Bats,416,5369.0,1,night,Thursday,3,8,August,21,0,,0,484-11,3,12,1.0,0.4878048780487805,0.4628099173553719,Partly Cloudy,Cloudy,80.0,3,In From LF,0,0,0,,1,-2.0,full_season_release,1
20260821,2026-08-21,484,Indianapolis Indians,International League,Victory Field,Louisville Bats,416,8316.0,1,night,Friday,4,8,August,22,1,,0,484-11,4,12,1.0,0.49193548387096775,0.45901639344262296,Partly Cloudy,Cloudy,84.0,9,L To R,0,0,0,,1,-1.0,full_season_release,1
20260822,2026-08-22,484,Indianapolis Indians,International League,Victory Field,Louisville Bats,416,8467.0,1,night,Saturday,5,8,August,22,1,,0,484-11,5,12,1.0,0.488,0.4634146341463415,Partly Cloudy,Cloudy,79.0,9,In From LF,0,1,1,ABCs Tote Bag,1,0.0,full_season_release,1
20260823,2026-08-23,484,Indianapolis Indians,International League,Victory Field,Louisville Bats,416,7793.0,1,day,Sunday,6,8,August,22,1,,0,484-11,6,12,1.0,0.49206349206349204,0.4596774193548387,Sunny,Clear,77.0,2,Out To RF,0,0,0,,1,1.0,full_season_release,1
20260825,2026-08-25,484,Indianapolis Indians,International League,Victory Field,Columbus Clippers,445,7245.0,1,night,Tuesday,1,8,August,22,0,,0,484-11,7,12,2.0,0.49606299212598426,0.532258064516129,Clear,Clear,83.0,5,Out To LF,0,0,0,,1,2.0,full_season_release,1
20260826,2026-08-26,484,Indianapolis Indians,International League,Victory Field,Columbus Clippers,445,6662.0,1,day,Wednesday,2,8,August,22,0,,0,484-11,8,12,1.0,0.5,0.528,Cloudy,Cloudy,80.0,7,In From RF,0,0,0,,1,3.0,full_season_release,1
20260827,2026-08-27,484,Indianapolis Indians,International League,Victory Field,Columbus Clippers,445,6087.0,1,night,Thursday,3,8,August,22,0,,0,484-11,9,12,1.0,0.5038759689922481,0.5238095238095238,Partly Cloudy,Cloudy,83.0,8,Calm,0,0,0,,1,-2.0,full_season_release,1
20260828,2026-08-28,484,Indianapolis Indians,International League,Victory Field,Columbus Clippers,445,9855.0,1,night,Friday,4,8,August,23,1,,0,484-11,10,12,1.0,0.5,0.5275590551181102,Clear,Clear,83.0,6,Calm,0,0,0,,1,-1.0,full_season_release,1
20260829,2026-08-29,484,Indianapolis Indians,International League,Victory Field,Columbus Clippers,445,10114.0,1,night,Saturday,5,8,August,23,1,,0,484-11,11,12,1.0,0.4961832061068702,0.53125,Partly Cloudy,Cloudy,84.0,5,Out To LF,0,1,1,Rowdie WWE Bobblehead,1,0.0,full_season_release,1
20260830,2026-08-30,484,Indianapolis Indians,International League,Victory Field,Columbus Clippers,445,9245.0,1,day,Sunday,6,8,August,23,1,,0,484-11,12,12,1.0,0.49242424242424243,0.5348837209302325,Cloudy,Cloudy,83.0,2,Out To CF,0,0,0,,1,1.0,full_season_release,1
20260327,2026-03-27,451,Iowa Cubs,International League,Principal Park,Columbus Clippers,445,3243.0,1,night,Friday,4,3,March,1,1,,0,451-1,1,3,,1.0,0.0,Clear,Clear,49.0,23,L To R,0,0,0,,0,,full_season_release,1
20260328,2026-03-28,451,Iowa Cubs,International League,Principal Park,Columbus Clippers,445,2953.0,1,day,Saturday,5,3,March,1,1,,0,451-1,2,3,1.0,0.5,0.5,Sunny,Clear,51.0,15,Out To LF,0,0,0,,0,,full_season_release,1
20260329,2026-03-29,451,Iowa Cubs,International League,Principal Park,Columbus Clippers,445,3882.0,1,day,Sunday,6,3,March,1,1,,0,451-1,3,3,1.0,0.3333333333333333,0.6666666666666666,Partly Cloudy,Cloudy,64.0,14,Out To LF,0,0,0,,0,,full_season_release,1
20260407,2026-04-07,451,Iowa Cubs,International League,Principal Park,Omaha Storm Chasers,541,2319.0,1,night,Tuesday,1,4,April,2,0,,0,451-2,1,5,9.0,0.6,0.5,Overcast,Cloudy,44.0,14,Out To LF,0,0,0,,0,,full_season_release,1
20260408,2026-04-08,451,Iowa Cubs,International League,Principal Park,Omaha Storm Chasers,541,2688.0,1,day,Wednesday,2,4,April,2,0,,0,451-2,2,5,1.0,0.6363636363636364,0.45454545454545453,Partly Cloudy,Cloudy,64.0,26,Out To LF,0,0,0,,0,,full_season_release,1
20260410,2026-04-10,451,Iowa Cubs,International League,Principal Park,Omaha Storm Chasers,541,3145.0,2,night,Friday,4,4,April,3,1,,0,451-2,3,5,2.0,0.5384615384615384,0.5384615384615384,Partly Cloudy,Cloudy,51.0,6,In From RF,0,0,0,,0,,full_season_release,1
20260411,2026-04-11,451,Iowa Cubs,International League,Principal Park,Omaha Storm Chasers,541,2555.0,1,day,Saturday,5,4,April,3,1,,0,451-2,4,5,1.0,0.5714285714285714,0.5,Overcast,Cloudy,54.0,14,R To L,0,0,0,,0,,full_season_release,1
20260421,2026-04-21,451,Iowa Cubs,International League,Principal Park,Louisville Bats,416,2807.0,1,night,Tuesday,1,4,April,4,0,,0,451-3,1,6,10.0,0.5238095238095238,0.5909090909090909,Partly Cloudy,Cloudy,84.0,10,Out To CF,0,0,0,,0,,full_season_release,1
20260422,2026-04-22,451,Iowa Cubs,International League,Principal Park,Louisville Bats,416,3275.0,1,day,Wednesday,2,4,April,4,0,,0,451-3,2,6,1.0,0.5454545454545454,0.5652173913043478,Partly Cloudy,Cloudy,68.0,9,Out To LF,0,0,0,,0,,full_season_release,1
20260423,2026-04-23,451,Iowa Cubs,International League,Principal Park,Louisville Bats,416,3007.0,1,day,Thursday,3,4,April,4,0,,0,451-3,3,6,1.0,0.5217391304347826,0.5833333333333334,Overcast,Cloudy,67.0,16,Out To LF,0,0,0,,0,,full_season_release,1
20260424,2026-04-24,451,Iowa Cubs,International League,Principal Park,Louisville Bats,416,4869.0,1,night,Friday,4,4,April,5,1,,0,451-3,4,6,1.0,0.5,0.6,Clear,Clear,64.0,8,In From LF,0,0,0,,0,,full_season_release,1
20260425,2026-04-25,451,Iowa Cubs,International League,Principal Park,Louisville Bats,416,4230.0,1,day,Saturday,5,4,April,5,1,,0,451-3,5,6,1.0,0.52,0.5769230769230769,Partly Cloudy,Cloudy,71.0,9,In From RF,0,0,0,,0,,full_season_release,1
20260426,2026-04-26,451,Iowa Cubs,International League,Principal Park,Louisville Bats,416,4046.0,1,day,Sunday,6,4,April,5,1,,0,451-3,6,6,1.0,0.5,0.5925925925925926,Cloudy,Cloudy,57.0,13,In From RF,0,0,0,,0,,full_season_release,1
20260505,2026-05-05,451,Iowa Cubs,International League,Principal Park,Columbus Clippers,445,2805.0,1,night,Tuesday,1,5,May,6,0,,0,451-4,1,6,9.0,0.45454545454545453,0.5294117647058824,Cloudy,Cloudy,58.0,22,L To R,0,0,0,,0,,full_season_release,1
20260506,2026-05-06,451,Iowa Cubs,International League,Principal Park,Columbus Clippers,445,3678.0,1,day,Wednesday,2,5,May,6,0,,0,451-4,2,6,1.0,0.47058823529411764,0.5142857142857142,Cloudy,Cloudy,52.0,14,L To R,0,0,0,,0,,full_season_release,1
20260507,2026-05-07,451,Iowa Cubs,International League,Principal Park,Columbus Clippers,445,5012.0,1,day,Thursday,3,5,May,6,0,,0,451-4,3,6,1.0,0.45714285714285713,0.5277777777777778,Cloudy,Cloudy,52.0,5,Varies,0,0,0,,0,,full_season_release,1
20260508,2026-05-08,451,Iowa Cubs,International League,Principal Park,Columbus Clippers,445,5086.0,1,night,Friday,4,5,May,7,1,,0,451-4,4,6,1.0,0.4722222222222222,0.5135135135135135,Partly Cloudy,Cloudy,75.0,14,Out To RF,0,0,0,,0,,full_season_release,1
20260509,2026-05-09,451,Iowa Cubs,International League,Principal Park,Columbus Clippers,445,5339.0,1,day,Saturday,5,5,May,7,1,,0,451-4,5,6,1.0,0.4864864864864865,0.5,Cloudy,Cloudy,73.0,17,L To R,0,0,0,,0,,full_season_release,1
20260510,2026-05-10,451,Iowa Cubs,International League,Principal Park,Columbus Clippers,445,4467.0,1,day,Sunday,6,5,May,7,1,Mother's Day,1,451-4,6,6,1.0,0.47368421052631576,0.5128205128205128,Partly Cloudy,Cloudy,62.0,6,L To R,0,0,0,,0,,full_season_release,1
20260519,2026-05-19,451,Iowa Cubs,International League,Principal Park,Memphis Redbirds,235,4024.0,1,night,Tuesday,1,5,May,8,0,,0,451-5,1,6,9.0,0.4,0.6086956521739131,Overcast,Cloudy,54.0,12,L To R,0,0,0,,0,,full_season_release,1
20260520,2026-05-20,451,Iowa Cubs,International League,Principal Park,Memphis Redbirds,235,5349.0,1,day,Wednesday,2,5,May,8,0,,0,451-5,2,6,1.0,0.41304347826086957,0.5957446808510638,Partly Cloudy,Cloudy,58.0,10,In From LF,0,0,0,,0,,full_season_release,1
20260521,2026-05-21,451,Iowa Cubs,International League,Principal Park,Memphis Redbirds,235,5634.0,1,day,Thursday,3,5,May,8,0,,0,451-5,3,6,1.0,0.40425531914893614,0.6041666666666666,Overcast,Cloudy,55.0,12,In From RF,0,0,0,,0,,full_season_release,1
20260522,2026-05-22,451,Iowa Cubs,International League,Principal Park,Memphis Redbirds,235,6124.0,1,night,Friday,4,5,May,9,1,,0,451-5,4,6,1.0,0.3958333333333333,0.6122448979591837,Partly Cloudy,Cloudy,67.0,14,R To L,0,0,0,,0,,full_season_release,1
20260523,2026-05-23,451,Iowa Cubs,International League,Principal Park,Memphis Redbirds,235,5239.0,1,night,Saturday,5,5,May,9,1,,0,451-5,5,6,1.0,0.40816326530612246,0.6,Cloudy,Cloudy,71.0,8,L To R,0,0,0,,0,,full_season_release,1
20260524,2026-05-24,451,Iowa Cubs,International League,Principal Park,Memphis Redbirds,235,6235.0,1,day,Sunday,6,5,May,9,1,,0,451-5,6,6,1.0,0.42,0.5882352941176471,Sunny,Clear,76.0,10,Out To RF,0,0,0,,0,,full_season_release,1
20260602,2026-06-02,451,Iowa Cubs,International League,Principal Park,Toledo Mud Hens,512,5120.0,1,night,Tuesday,1,6,June,10,0,,0,451-6,1,5,9.0,0.42105263157894735,0.46551724137931033,Partly Cloudy,Cloudy,80.0,9,Out To LF,0,0,0,,0,,full_season_release,1
20260603,2026-06-03,451,Iowa Cubs,International League,Principal Park,Toledo Mud Hens,512,4973.0,1,day,Wednesday,2,6,June,10,0,,0,451-6,2,5,1.0,0.41379310344827586,0.4745762711864407,Cloudy,Cloudy,79.0,10,Out To LF,0,0,0,,0,,full_season_release,1
20260605,2026-06-05,451,Iowa Cubs,International League,Principal Park,Toledo Mud Hens,512,10876.0,1,night,Friday,4,6,June,11,1,,0,451-6,3,5,2.0,0.4067796610169492,0.48333333333333334,Partly Cloudy,Cloudy,84.0,6,Out To CF,0,0,0,,0,,full_season_release,1
20260606,2026-06-06,451,Iowa Cubs,International League,Principal Park,Toledo Mud Hens,512,11041.0,2,night,Saturday,5,6,June,11,1,,0,451-6,4,5,1.0,0.4098360655737705,0.4838709677419355,Cloudy,Cloudy,87.0,8,Out To LF,0,0,0,,0,,full_season_release,1
20260616,2026-06-16,451,Iowa Cubs,International League,Principal Park,Indianapolis Indians,484,5395.0,1,night,Tuesday,1,6,June,12,0,,0,451-7,1,12,10.0,0.417910447761194,0.4,Partly Cloudy,Cloudy,75.0,13,L To R,0,0,0,,1,-10.0,full_season_release,1
20260617,2026-06-17,451,Iowa Cubs,International League,Principal Park,Indianapolis Indians,484,4982.0,1,day,Wednesday,2,6,June,12,0,,0,451-7,2,12,1.0,0.4264705882352941,0.39436619718309857,Overcast,Cloudy,66.0,18,Out To LF,0,0,0,,1,-9.0,full_season_release,1
20260618,2026-06-18,451,Iowa Cubs,International League,Principal Park,Indianapolis Indians,484,5874.0,1,night,Thursday,3,6,June,12,0,,0,451-7,3,12,1.0,0.42028985507246375,0.4027777777777778,Partly Cloudy,Cloudy,76.0,1,Calm,0,0,0,,1,-8.0,full_season_release,1
20260619,2026-06-19,451,Iowa Cubs,International League,Principal Park,Indianapolis Indians,484,8978.0,1,night,Friday,4,6,June,13,1,,0,451-7,4,12,1.0,0.42857142857142855,0.3972602739726027,Drizzle,Precipitation,67.0,3,In From LF,1,0,0,,1,-7.0,full_season_release,1
20260620,2026-06-20,451,Iowa Cubs,International League,Principal Park,Indianapolis Indians,484,6134.0,1,night,Saturday,5,6,June,13,1,,0,451-7,5,12,1.0,0.4225352112676056,0.40540540540540543,Cloudy,Cloudy,79.0,1,Calm,0,0,0,,1,-6.0,full_season_release,1
20260621,2026-06-21,451,Iowa Cubs,International League,Principal Park,Indianapolis Indians,484,4238.0,1,day,Sunday,6,6,June,13,1,Father's Day,1,451-7,6,12,1.0,0.4166666666666667,0.41333333333333333,Rain,Precipitation,61.0,14,In From RF,1,0,0,,1,-5.0,full_season_release,1
20260623,2026-06-23,451,Iowa Cubs,International League,Principal Park,Buffalo Bisons,422,6766.0,1,night,Tuesday,1,6,June,13,0,,0,451-7,7,12,2.0,0.410958904109589,0.47368421052631576,Cloudy,Cloudy,77.0,8,Out To CF,0,0,0,,1,-4.0,full_season_release,1
20260624,2026-06-24,451,Iowa Cubs,International League,Principal Park,Buffalo Bisons,422,6085.0,1,day,Wednesday,2,6,June,13,0,,0,451-7,8,12,1.0,0.4189189189189189,0.4675324675324675,Partly Cloudy,Cloudy,77.0,12,Out To RF,0,0,0,,1,-3.0,full_season_release,1
20260625,2026-06-25,451,Iowa Cubs,International League,Principal Park,Buffalo Bisons,422,4186.0,1,night,Thursday,3,6,June,13,0,,0,451-7,9,12,1.0,0.41333333333333333,0.47435897435897434,Cloudy,Cloudy,77.0,3,Varies,0,0,0,,1,-2.0,full_season_release,1
20260626,2026-06-26,451,Iowa Cubs,International League,Principal Park,Buffalo Bisons,422,11508.0,1,night,Friday,4,6,June,14,1,,0,451-7,10,12,1.0,0.42105263157894735,0.46835443037974683,Partly Cloudy,Cloudy,74.0,10,In From RF,0,0,0,,1,-1.0,full_season_release,1
20260627,2026-06-27,451,Iowa Cubs,International League,Principal Park,Buffalo Bisons,422,9697.0,1,night,Saturday,5,6,June,14,1,,0,451-7,11,12,1.0,0.4155844155844156,0.475,Partly Cloudy,Cloudy,76.0,9,R To L,0,1,1,"Replica 2016 World Series trophy, first 1000 fans",1,0.0,full_season_release,1
20260628,2026-06-28,451,Iowa Cubs,International League,Principal Park,Buffalo Bisons,422,4641.0,1,day,Sunday,6,6,June,14,1,,0,451-7,12,12,1.0,0.41025641025641024,0.48148148148148145,Cloudy,Cloudy,87.0,15,Out To RF,0,0,0,,1,1.0,full_season_release,1
20260707,2026-07-07,451,Iowa Cubs,International League,Principal Park,St. Paul Saints,1960,3528.0,1,night,Tuesday,1,7,July,15,0,,0,451-8,1,6,9.0,0.4117647058823529,0.5697674418604651,Partly Cloudy,Cloudy,88.0,6,Out To CF,0,0,0,,1,-3.0,full_season_release,1
20260708,2026-07-08,451,Iowa Cubs,International League,Principal Park,St. Paul Saints,1960,5777.0,1,day,Wednesday,2,7,July,15,0,,0,451-8,2,6,1.0,0.4186046511627907,0.5632183908045977,Partly Cloudy,Cloudy,85.0,12,Out To LF,0,0,0,,1,-2.0,full_season_release,1
20260709,2026-07-09,451,Iowa Cubs,International League,Principal Park,St. Paul Saints,1960,4051.0,1,night,Thursday,3,7,July,15,0,,0,451-8,3,6,1.0,0.42528735632183906,0.5568181818181818,Cloudy,Cloudy,84.0,1,Varies,0,0,0,,1,-1.0,full_season_release,1
20260710,2026-07-10,451,Iowa Cubs,International League,Principal Park,St. Paul Saints,1960,8217.0,1,night,Friday,4,7,July,16,1,,0,451-8,4,6,1.0,0.4318181818181818,0.550561797752809,Partly Cloudy,Cloudy,80.0,7,In From CF,0,1,1,Sam Bernabe bobblehead,1,0.0,full_season_release,1
20260711,2026-07-11,451,Iowa Cubs,International League,Principal Park,St. Paul Saints,1960,5234.0,1,night,Saturday,5,7,July,16,1,,0,451-8,5,6,1.0,0.43820224719101125,0.5444444444444444,Clear,Clear,85.0,8,In From RF,0,0,0,,1,1.0,full_season_release,1
20260712,2026-07-12,451,Iowa Cubs,International League,Principal Park,St. Paul Saints,1960,4562.0,1,day,Sunday,6,7,July,16,1,,0,451-8,6,6,1.0,0.43333333333333335,0.5494505494505495,Partly Cloudy,Cloudy,87.0,7,Out To LF,0,0,0,,1,2.0,full_season_release,1
20260728,2026-07-28,451,Iowa Cubs,International League,Principal Park,Scranton/Wilkes-Barre RailRiders,531,4654.0,1,night,Tuesday,1,7,July,18,0,,0,451-9,1,6,16.0,0.43,0.54,Overcast,Cloudy,86.0,8,In From LF,0,0,0,,0,,full_season_release,1
20260729,2026-07-29,451,Iowa Cubs,International League,Principal Park,Scranton/Wilkes-Barre RailRiders,531,4301.0,1,day,Wednesday,2,7,July,18,0,,0,451-9,2,6,1.0,0.42574257425742573,0.5445544554455446,Partly Cloudy,Cloudy,83.0,8,Out To CF,0,0,0,,0,,full_season_release,1
20260730,2026-07-30,451,Iowa Cubs,International League,Principal Park,Scranton/Wilkes-Barre RailRiders,531,4813.0,1,night,Thursday,3,7,July,18,0,,0,451-9,3,6,1.0,0.4215686274509804,0.5490196078431373,Cloudy,Cloudy,81.0,13,In From RF,0,0,0,,0,,full_season_release,1
20260731,2026-07-31,451,Iowa Cubs,International League,Principal Park,Scranton/Wilkes-Barre RailRiders,531,8949.0,1,night,Friday,4,7,July,19,1,,0,451-9,4,6,1.0,0.4174757281553398,0.5533980582524272,Overcast,Cloudy,68.0,22,Out To RF,0,0,0,,0,,full_season_release,1
20260801,2026-08-01,451,Iowa Cubs,International League,Principal Park,Scranton/Wilkes-Barre RailRiders,531,6123.0,1,night,Saturday,5,8,August,19,1,,0,451-9,5,6,1.0,0.41346153846153844,0.5576923076923077,Partly Cloudy,Cloudy,81.0,11,In From LF,0,0,0,,0,,full_season_release,1
20260802,2026-08-02,451,Iowa Cubs,International League,Principal Park,Scranton/Wilkes-Barre RailRiders,531,5656.0,1,day,Sunday,6,8,August,19,1,,0,451-9,6,6,1.0,0.4095238095238095,0.5619047619047619,Partly Cloudy,Cloudy,82.0,5,In From RF,0,0,0,,0,,full_season_release,1
20260811,2026-08-11,451,Iowa Cubs,International League,Field of Dreams,St. Paul Saints,1960,7096.0,1,night,Tuesday,1,8,August,20,0,,0,451-10,1,5,9.0,0.4107142857142857,0.5789473684210527,Partly Cloudy,Cloudy,83.0,7,Out To LF,0,0,0,,0,,full_season_release,1
20260812,2026-08-12,451,Iowa Cubs,International League,Principal Park,St. Paul Saints,1960,3998.0,1,night,Wednesday,2,8,August,20,0,,0,451-10,2,5,1.0,0.415929203539823,0.5739130434782609,Partly Cloudy,Cloudy,85.0,8,In From CF,0,0,0,,0,,full_season_release,1
20260813,2026-08-13,451,Iowa Cubs,International League,Principal Park,St. Paul Saints,1960,5674.0,1,night,Thursday,3,8,August,20,0,,0,451-10,3,5,1.0,0.42105263157894735,0.5689655172413793,Cloudy,Cloudy,83.0,10,In From RF,0,0,0,,0,,full_season_release,1
20260815,2026-08-15,451,Iowa Cubs,International League,Principal Park,St. Paul Saints,1960,4838.0,2,night,Saturday,5,8,August,21,1,,0,451-10,4,5,2.0,0.41379310344827586,0.576271186440678,Cloudy,Cloudy,83.0,7,L To R,0,0,0,,0,,full_season_release,1
20260816,2026-08-16,451,Iowa Cubs,International League,Principal Park,St. Paul Saints,1960,8695.0,1,day,Sunday,6,8,August,21,1,,0,451-10,5,5,1.0,0.41025641025641024,0.5798319327731093,Cloudy,Cloudy,74.0,20,In From CF,0,0,0,,0,,full_season_release,1
20260825,2026-08-25,451,Iowa Cubs,International League,Principal Park,Omaha Storm Chasers,541,3895.0,1,night,Tuesday,1,8,August,22,0,,0,451-11,1,6,9.0,0.41935483870967744,0.46774193548387094,Partly Cloudy,Cloudy,83.0,6,Out To LF,0,0,0,,0,,full_season_release,1
20260826,2026-08-26,451,Iowa Cubs,International League,Principal Park,Omaha Storm Chasers,541,4122.0,1,day,Wednesday,2,8,August,22,0,,0,451-11,2,6,1.0,0.424,0.464,Sunny,Clear,79.0,10,L To R,0,0,0,,0,,full_season_release,1
20260827,2026-08-27,451,Iowa Cubs,International League,Principal Park,Omaha Storm Chasers,541,4326.0,1,night,Thursday,3,8,August,22,0,,0,451-11,3,6,1.0,0.42857142857142855,0.4603174603174603,Partly Cloudy,Cloudy,80.0,7,In From LF,0,0,0,,0,,full_season_release,1
20260828,2026-08-28,451,Iowa Cubs,International League,Principal Park,Omaha Storm Chasers,541,6178.0,1,night,Friday,4,8,August,23,1,,0,451-11,4,6,1.0,0.4330708661417323,0.4566929133858268,Partly Cloudy,Cloudy,83.0,8,Out To LF,0,0,0,,0,,full_season_release,1
20260829,2026-08-29,451,Iowa Cubs,International League,Principal Park,Omaha Storm Chasers,541,6361.0,1,night,Saturday,5,8,August,23,1,,0,451-11,5,6,1.0,0.4375,0.453125,Partly Cloudy,Cloudy,84.0,12,Out To LF,0,0,0,,0,,full_season_release,1
20260830,2026-08-30,451,Iowa Cubs,International League,Principal Park,Omaha Storm Chasers,541,5107.0,1,day,Sunday,6,8,August,23,1,,0,451-11,6,6,1.0,0.43410852713178294,0.4573643410852713,Overcast,Cloudy,79.0,14,Out To LF,0,0,0,,0,,full_season_release,1
20260327,2026-03-27,564,Jacksonville Jumbo Shrimp,International League,Vystar Ballpark,Rochester Red Wings,534,8177.0,1,night,Friday,4,3,March,1,1,,0,564-1,1,9,,0.0,1.0,Partly Cloudy,Cloudy,82.0,9,Out To LF,0,0,0,,1,-1.0,full_season_release,1
20260328,2026-03-28,564,Jacksonville Jumbo Shrimp,International League,Vystar Ballpark,Rochester Red Wings,534,6595.0,1,night,Saturday,5,3,March,1,1,,0,564-1,2,9,1.0,0.0,1.0,Overcast,Cloudy,59.0,18,In From LF,0,1,1,Replica championship ring presented by Birken Construction,1,0.0,full_season_release,1
20260329,2026-03-29,564,Jacksonville Jumbo Shrimp,International League,Vystar Ballpark,Rochester Red Wings,534,5635.0,1,day,Sunday,6,3,March,1,1,,0,564-1,3,9,1.0,0.3333333333333333,0.6666666666666666,Cloudy,Cloudy,70.0,24,R To L,0,0,0,,1,1.0,full_season_release,1
20260331,2026-03-31,564,Jacksonville Jumbo Shrimp,International League,Vystar Ballpark,Sugar Land Space Cowboys,5434,2241.0,1,night,Tuesday,1,3,March,1,0,,0,564-1,4,9,2.0,0.25,0.75,Clear,Clear,74.0,11,R To L,0,0,0,,1,2.0,full_season_release,1
20260401,2026-04-01,564,Jacksonville Jumbo Shrimp,International League,Vystar Ballpark,Sugar Land Space Cowboys,5434,2780.0,1,day,Wednesday,2,4,April,1,0,,0,564-1,5,9,1.0,0.2,0.8,Overcast,Cloudy,75.0,5,L To R,0,0,0,,1,3.0,full_season_release,1
20260402,2026-04-02,564,Jacksonville Jumbo Shrimp,International League,Vystar Ballpark,Sugar Land Space Cowboys,5434,5060.0,1,night,Thursday,3,4,April,1,0,,0,564-1,6,9,1.0,0.16666666666666666,0.8333333333333334,Partly Cloudy,Cloudy,75.0,11,R To L,0,0,0,,1,-2.0,full_season_release,1
20260403,2026-04-03,564,Jacksonville Jumbo Shrimp,International League,Vystar Ballpark,Sugar Land Space Cowboys,5434,4788.0,1,night,Friday,4,4,April,2,1,,0,564-1,7,9,1.0,0.14285714285714285,0.8571428571428571,Clear,Clear,79.0,15,R To L,0,0,0,,1,-1.0,full_season_release,1
20260404,2026-04-04,564,Jacksonville Jumbo Shrimp,International League,Vystar Ballpark,Sugar Land Space Cowboys,5434,6614.0,1,night,Saturday,5,4,April,2,1,,0,564-1,8,9,1.0,0.25,0.75,Partly Cloudy,Cloudy,79.0,10,R To L,0,1,1,Southpaw Onesie,1,0.0,full_season_release,1
20260405,2026-04-05,564,Jacksonville Jumbo Shrimp,International League,Vystar Ballpark,Sugar Land Space Cowboys,5434,3973.0,1,day,Sunday,6,4,April,2,1,,0,564-1,9,9,1.0,0.3333333333333333,0.6666666666666666,Partly Cloudy,Cloudy,84.0,6,Out To LF,0,0,0,,1,1.0,full_season_release,1
20260414,2026-04-14,564,Jacksonville Jumbo Shrimp,International League,Vystar Ballpark,Charlotte Knights,494,5438.0,1,day,Tuesday,1,4,April,3,0,,0,564-2,1,6,9.0,0.5,0.4666666666666667,Sunny,Clear,75.0,2,Calm,0,0,0,,1,-1.0,full_season_release,1
20260415,2026-04-15,564,Jacksonville Jumbo Shrimp,International League,Vystar Ballpark,Charlotte Knights,494,3397.0,1,night,Wednesday,2,4,April,3,0,,0,564-2,2,6,1.0,0.5294117647058824,0.4375,Clear,Clear,77.0,10,R To L,0,1,1,"Wear It Home Wednesdays T-shirt, first 500 fans",1,0.0,full_season_release,1
20260416,2026-04-16,564,Jacksonville Jumbo Shrimp,International League,Vystar Ballpark,Charlotte Knights,494,6212.0,1,night,Thursday,3,4,April,3,0,,0,564-2,3,6,1.0,0.5555555555555556,0.4117647058823529,Clear,Clear,85.0,8,Out To LF,0,0,0,,1,1.0,full_season_release,1
20260417,2026-04-17,564,Jacksonville Jumbo Shrimp,International League,Vystar Ballpark,Charlotte Knights,494,6847.0,1,night,Friday,4,4,April,4,1,,0,564-2,4,6,1.0,0.5789473684210527,0.3888888888888889,Clear,Clear,82.0,12,In From RF,0,0,0,,1,-1.0,full_season_release,1
20260418,2026-04-18,564,Jacksonville Jumbo Shrimp,International League,Vystar Ballpark,Charlotte Knights,494,10768.0,1,night,Saturday,5,4,April,4,1,,0,564-2,5,6,1.0,0.55,0.42105263157894735,Clear,Clear,85.0,7,R To L,0,1,1,Replica Jumbo Shrimp jersey presented by VyStar Credit Union,1,0.0,full_season_release,1
20260419,2026-04-19,564,Jacksonville Jumbo Shrimp,International League,Vystar Ballpark,Charlotte Knights,494,5531.0,1,day,Sunday,6,4,April,4,1,,0,564-2,6,6,1.0,0.5238095238095238,0.45,Partly Cloudy,Cloudy,83.0,9,R To L,0,0,0,,1,1.0,full_season_release,1
20260505,2026-05-05,564,Jacksonville Jumbo Shrimp,International League,Vystar Ballpark,Charlotte Knights,494,7732.0,1,night,Tuesday,1,5,May,6,0,,0,564-3,1,6,16.0,0.5,0.5,Clear,Clear,76.0,13,R To L,0,0,0,,1,-4.0,full_season_release,1
20260506,2026-05-06,564,Jacksonville Jumbo Shrimp,International League,Vystar Ballpark,Charlotte Knights,494,4217.0,1,day,Wednesday,2,5,May,6,0,,0,564-3,2,6,1.0,0.5142857142857142,0.4857142857142857,Cloudy,Cloudy,82.0,8,R To L,0,0,0,,1,-3.0,full_season_release,1
20260507,2026-05-07,564,Jacksonville Jumbo Shrimp,International League,Vystar Ballpark,Charlotte Knights,494,5356.0,1,night,Thursday,3,5,May,6,0,,0,564-3,3,6,1.0,0.5,0.5,Cloudy,Cloudy,90.0,12,Out To LF,0,0,0,,1,-2.0,full_season_release,1
20260508,2026-05-08,564,Jacksonville Jumbo Shrimp,International League,Vystar Ballpark,Charlotte Knights,494,6389.0,1,night,Friday,4,5,May,7,1,,0,564-3,4,6,1.0,0.4864864864864865,0.5135135135135135,Cloudy,Cloudy,74.0,11,In From CF,0,0,0,,1,-1.0,full_season_release,1
20260509,2026-05-09,564,Jacksonville Jumbo Shrimp,International League,Vystar Ballpark,Charlotte Knights,494,5810.0,1,night,Saturday,5,5,May,7,1,,0,564-3,5,6,1.0,0.5,0.5,Drizzle,Precipitation,73.0,6,In From LF,1,1,1,Championship socks presented by VyStar Credit Union,1,0.0,full_season_release,1
20260510,2026-05-10,564,Jacksonville Jumbo Shrimp,International League,Vystar Ballpark,Charlotte Knights,494,4305.0,1,day,Sunday,6,5,May,7,1,Mother's Day,1,564-3,6,6,1.0,0.5128205128205128,0.48717948717948717,Cloudy,Cloudy,82.0,4,Out To CF,0,0,0,,1,1.0,full_season_release,1
20260519,2026-05-19,564,Jacksonville Jumbo Shrimp,International League,Vystar Ballpark,Norfolk Tides,568,4133.0,1,night,Tuesday,1,5,May,8,0,,0,564-4,1,6,9.0,0.5434782608695652,0.391304347826087,Partly Cloudy,Cloudy,81.0,11,R To L,0,0,0,,1,-4.0,full_season_release,1
20260520,2026-05-20,564,Jacksonville Jumbo Shrimp,International League,Vystar Ballpark,Norfolk Tides,568,3166.0,1,day,Wednesday,2,5,May,8,0,,0,564-4,2,6,1.0,0.5531914893617021,0.3829787234042553,Partly Cloudy,Cloudy,84.0,4,In From CF,0,0,0,,1,-3.0,full_season_release,1
20260521,2026-05-21,564,Jacksonville Jumbo Shrimp,International League,Vystar Ballpark,Norfolk Tides,568,6843.0,1,night,Thursday,3,5,May,8,0,,0,564-4,3,6,1.0,0.5625,0.375,Partly Cloudy,Cloudy,82.0,10,R To L,0,0,0,,1,-2.0,full_season_release,1
20260522,2026-05-22,564,Jacksonville Jumbo Shrimp,International League,Vystar Ballpark,Norfolk Tides,568,6670.0,1,night,Friday,4,5,May,9,1,,0,564-4,4,6,1.0,0.5510204081632653,0.3877551020408163,Cloudy,Cloudy,83.0,11,R To L,0,0,0,,1,-1.0,full_season_release,1
20260523,2026-05-23,564,Jacksonville Jumbo Shrimp,International League,Vystar Ballpark,Norfolk Tides,568,7938.0,1,night,Saturday,5,5,May,9,1,,0,564-4,5,6,1.0,0.56,0.38,Cloudy,Cloudy,82.0,10,R To L,0,1,1,Honey Drippers double-sided sunshield,1,0.0,full_season_release,1
20260524,2026-05-24,564,Jacksonville Jumbo Shrimp,International League,Vystar Ballpark,Norfolk Tides,568,9201.0,1,night,Sunday,6,5,May,9,1,,0,564-4,6,6,1.0,0.5686274509803921,0.37254901960784315,Overcast,Cloudy,83.0,10,R To L,0,0,0,,1,1.0,full_season_release,1
20260602,2026-06-02,564,Jacksonville Jumbo Shrimp,International League,Vystar Ballpark,Nashville Sounds,556,3416.0,1,night,Tuesday,1,6,June,10,0,,0,564-5,1,12,9.0,0.5689655172413793,0.603448275862069,Cloudy,Cloudy,82.0,13,In From LF,0,0,0,,1,-1.0,full_season_release,1
20260603,2026-06-03,564,Jacksonville Jumbo Shrimp,International League,Vystar Ballpark,Nashville Sounds,556,3577.0,1,night,Wednesday,2,6,June,10,0,,0,564-5,2,12,1.0,0.576271186440678,0.5932203389830508,Clear,Clear,75.0,15,In From LF,0,1,1,"Wear It Home Wednesdays T-shirt, first 500 fans",1,0.0,full_season_release,1
20260604,2026-06-04,564,Jacksonville Jumbo Shrimp,International League,Vystar Ballpark,Nashville Sounds,556,7680.0,1,night,Thursday,3,6,June,10,0,,0,564-5,3,12,1.0,0.5666666666666667,0.6,Partly Cloudy,Cloudy,77.0,12,R To L,0,0,0,,1,1.0,full_season_release,1
20260605,2026-06-05,564,Jacksonville Jumbo Shrimp,International League,Vystar Ballpark,Nashville Sounds,556,6408.0,1,night,Friday,4,6,June,11,1,,0,564-5,4,12,1.0,0.5737704918032787,0.5901639344262295,Partly Cloudy,Cloudy,80.0,12,In From RF,0,0,0,,1,-1.0,full_season_release,1
20260606,2026-06-06,564,Jacksonville Jumbo Shrimp,International League,Vystar Ballpark,Nashville Sounds,556,7556.0,1,night,Saturday,5,6,June,11,1,,0,564-5,5,12,1.0,0.5645161290322581,0.5967741935483871,Partly Cloudy,Cloudy,83.0,13,In From RF,0,1,1,Jacob Berry bobblehead presented by VyStar Credit Union,1,0.0,full_season_release,1
20260607,2026-06-07,564,Jacksonville Jumbo Shrimp,International League,Vystar Ballpark,Nashville Sounds,556,4593.0,1,day,Sunday,6,6,June,11,1,,0,564-5,6,12,1.0,0.5555555555555556,0.6031746031746031,Partly Cloudy,Cloudy,84.0,5,In From RF,0,0,0,,1,1.0,full_season_release,1
20260609,2026-06-09,564,Jacksonville Jumbo Shrimp,International League,Vystar Ballpark,Gwinnett Stripers,431,5338.0,1,night,Tuesday,1,6,June,11,0,,0,564-5,7,12,2.0,0.546875,0.515625,Partly Cloudy,Cloudy,82.0,11,In From RF,0,0,0,,1,-1.0,full_season_release,1
20260610,2026-06-10,564,Jacksonville Jumbo Shrimp,International League,Vystar Ballpark,Gwinnett Stripers,431,3417.0,1,night,Wednesday,2,6,June,11,0,,0,564-5,8,12,1.0,0.5538461538461539,0.5076923076923077,Partly Cloudy,Cloudy,84.0,9,R To L,0,1,1,"Wear It Home Wednesdays T-shirt, first 500 fans",1,0.0,full_season_release,1
20260611,2026-06-11,564,Jacksonville Jumbo Shrimp,International League,Vystar Ballpark,Gwinnett Stripers,431,5926.0,1,night,Thursday,3,6,June,11,0,,0,564-5,9,12,1.0,0.5454545454545454,0.5151515151515151,Clear,Clear,87.0,8,R To L,0,0,0,,1,1.0,full_season_release,1
20260612,2026-06-12,564,Jacksonville Jumbo Shrimp,International League,Vystar Ballpark,Gwinnett Stripers,431,6344.0,1,night,Friday,4,6,June,12,1,,0,564-5,10,12,1.0,0.5373134328358209,0.5223880597014925,Cloudy,Cloudy,87.0,10,R To L,0,0,0,,1,-1.0,full_season_release,1
20260613,2026-06-13,564,Jacksonville Jumbo Shrimp,International League,Vystar Ballpark,Gwinnett Stripers,431,6795.0,1,night,Saturday,5,6,June,12,1,,0,564-5,11,12,1.0,0.5441176470588235,0.5147058823529411,Cloudy,Cloudy,78.0,8,R To L,0,1,1,Jumbo Shrimp beach bag presented by Ascension St. Vincent's,1,0.0,full_season_release,1
20260623,2026-06-23,564,Jacksonville Jumbo Shrimp,International League,Vystar Ballpark,Memphis Redbirds,235,3671.0,1,night,Tuesday,1,6,June,13,0,,0,564-6,1,6,10.0,0.56,0.631578947368421,Cloudy,Cloudy,75.0,6,Out To LF,0,0,0,,0,,full_season_release,1
20260624,2026-06-24,564,Jacksonville Jumbo Shrimp,International League,Vystar Ballpark,Memphis Redbirds,235,4136.0,1,day,Wednesday,2,6,June,13,0,,0,564-6,2,6,1.0,0.5657894736842105,0.6233766233766234,Sunny,Clear,85.0,3,In From LF,0,0,0,,0,,full_season_release,1
20260625,2026-06-25,564,Jacksonville Jumbo Shrimp,International League,Vystar Ballpark,Memphis Redbirds,235,6341.0,1,night,Thursday,3,6,June,13,0,,0,564-6,3,6,1.0,0.5714285714285714,0.6153846153846154,Partly Cloudy,Cloudy,86.0,9,R To L,0,0,0,,0,,full_season_release,1
20260626,2026-06-26,564,Jacksonville Jumbo Shrimp,International League,Vystar Ballpark,Memphis Redbirds,235,6128.0,1,night,Friday,4,6,June,14,1,,0,564-6,4,6,1.0,0.5769230769230769,0.6075949367088608,Cloudy,Cloudy,85.0,5,R To L,0,0,0,,0,,full_season_release,1
20260627,2026-06-27,564,Jacksonville Jumbo Shrimp,International League,Vystar Ballpark,Memphis Redbirds,235,6179.0,1,night,Saturday,5,6,June,14,1,,0,564-6,5,6,1.0,0.5822784810126582,0.6,Overcast,Cloudy,78.0,4,Calm,0,0,0,,0,,full_season_release,1
20260628,2026-06-28,564,Jacksonville Jumbo Shrimp,International League,Vystar Ballpark,Memphis Redbirds,235,3922.0,1,day,Sunday,6,6,June,14,1,,0,564-6,6,6,1.0,0.5875,0.5925925925925926,Cloudy,Cloudy,92.0,3,L To R,0,0,0,,0,,full_season_release,1
20260707,2026-07-07,564,Jacksonville Jumbo Shrimp,International League,Vystar Ballpark,Durham Bulls,234,2946.0,1,night,Tuesday,1,7,July,15,0,,0,564-7,1,6,9.0,0.5632183908045977,0.4367816091954023,Cloudy,Cloudy,92.0,9,Out To LF,0,0,0,,1,-1.0,full_season_release,1
20260708,2026-07-08,564,Jacksonville Jumbo Shrimp,International League,Vystar Ballpark,Durham Bulls,234,3357.0,1,night,Wednesday,2,7,July,15,0,,0,564-7,2,6,1.0,0.5681818181818182,0.4318181818181818,Clear,Clear,97.0,7,R To L,0,1,1,"Wear It Home Wednesdays T-shirt, first 500 fans",1,0.0,full_season_release,1
20260709,2026-07-09,564,Jacksonville Jumbo Shrimp,International League,Vystar Ballpark,Durham Bulls,234,6302.0,1,night,Thursday,3,7,July,15,0,,0,564-7,3,6,1.0,0.5617977528089888,0.43820224719101125,Cloudy,Cloudy,90.0,7,Out To LF,0,0,0,,1,1.0,full_season_release,1
20260710,2026-07-10,564,Jacksonville Jumbo Shrimp,International League,Vystar Ballpark,Durham Bulls,234,5488.0,1,night,Friday,4,7,July,16,1,,0,564-7,4,6,1.0,0.5555555555555556,0.4444444444444444,Partly Cloudy,Cloudy,87.0,9,R To L,0,0,0,,1,2.0,full_season_release,1
20260712,2026-07-12,564,Jacksonville Jumbo Shrimp,International League,Vystar Ballpark,Durham Bulls,234,3279.0,1,day,Sunday,6,7,July,16,1,,0,564-7,6,6,2.0,0.5494505494505495,0.45054945054945056,Cloudy,Cloudy,92.0,8,L To R,0,0,0,,1,4.0,full_season_release,1
20260728,2026-07-28,564,Jacksonville Jumbo Shrimp,International League,Vystar Ballpark,Memphis Redbirds,235,2538.0,1,night,Tuesday,1,7,July,18,0,,0,564-8,1,5,16.0,0.504950495049505,0.5631067961165048,Partly Cloudy,Cloudy,96.0,10,Out To LF,0,0,0,,1,-3.0,full_season_release,1
20260730,2026-07-30,564,Jacksonville Jumbo Shrimp,International League,Vystar Ballpark,Memphis Redbirds,235,6078.0,2,night,Thursday,3,7,July,18,0,,0,564-8,2,5,2.0,0.5048543689320388,0.5619047619047619,Partly Cloudy,Cloudy,84.0,4,Varies,0,0,0,,1,-2.0,full_season_release,1
20260731,2026-07-31,564,Jacksonville Jumbo Shrimp,International League,Vystar Ballpark,Memphis Redbirds,235,6132.0,1,night,Friday,4,7,July,19,1,,0,564-8,3,5,1.0,0.5096153846153846,0.5566037735849056,Overcast,Cloudy,79.0,7,Out To LF,0,0,0,,1,-1.0,full_season_release,1
20260801,2026-08-01,564,Jacksonville Jumbo Shrimp,International League,Vystar Ballpark,Memphis Redbirds,235,6097.0,1,night,Saturday,5,8,August,19,1,,0,564-8,4,5,1.0,0.5047619047619047,0.5607476635514018,Cloudy,Cloudy,81.0,10,Out To LF,0,1,1,Jumbo Shrimp water bottle presented by Baptist Health,1,0.0,full_season_release,1
20260802,2026-08-02,564,Jacksonville Jumbo Shrimp,International League,Vystar Ballpark,Memphis Redbirds,235,6454.0,1,night,Sunday,6,8,August,19,1,,0,564-8,5,5,1.0,0.5094339622641509,0.5555555555555556,Cloudy,Cloudy,87.0,14,Out To LF,0,0,0,,1,1.0,full_season_release,1
20260811,2026-08-11,564,Jacksonville Jumbo Shrimp,International League,Vystar Ballpark,Syracuse Mets,552,2687.0,1,night,Tuesday,1,8,August,20,0,,0,564-9,1,6,9.0,0.504424778761062,0.49122807017543857,Partly Cloudy,Cloudy,97.0,7,Out To LF,0,0,0,,1,-1.0,full_season_release,1
20260812,2026-08-12,564,Jacksonville Jumbo Shrimp,International League,Vystar Ballpark,Syracuse Mets,552,2214.0,1,night,Wednesday,2,8,August,20,0,,0,564-9,2,6,1.0,0.5,0.4956521739130435,Overcast,Cloudy,77.0,8,Out To LF,0,1,1,"Wear It Home Wednesdays T-shirt, first 500 fans",1,0.0,full_season_release,1
20260813,2026-08-13,564,Jacksonville Jumbo Shrimp,International League,Vystar Ballpark,Syracuse Mets,552,4371.0,1,night,Thursday,3,8,August,20,0,,0,564-9,3,6,1.0,0.5043478260869565,0.49137931034482757,Cloudy,Cloudy,88.0,5,R To L,0,0,0,,1,1.0,full_season_release,1
20260814,2026-08-14,564,Jacksonville Jumbo Shrimp,International League,Vystar Ballpark,Syracuse Mets,552,5811.0,1,night,Friday,4,8,August,21,1,,0,564-9,4,6,1.0,0.5086206896551724,0.48717948717948717,Partly Cloudy,Cloudy,84.0,5,Out To LF,0,0,0,,1,-1.0,full_season_release,1
20260815,2026-08-15,564,Jacksonville Jumbo Shrimp,International League,Vystar Ballpark,Syracuse Mets,552,7435.0,1,night,Saturday,5,8,August,21,1,,0,564-9,5,6,1.0,0.5042735042735043,0.4915254237288136,Clear,Clear,94.0,4,Out To LF,0,1,1,Safari hat giveaway,1,0.0,full_season_release,1
20260816,2026-08-16,564,Jacksonville Jumbo Shrimp,International League,Vystar Ballpark,Syracuse Mets,552,4075.0,1,night,Sunday,6,8,August,21,1,,0,564-9,6,6,1.0,0.5,0.4957983193277311,Partly Cloudy,Cloudy,96.0,0,Calm,0,0,0,,1,1.0,full_season_release,1
20260825,2026-08-25,564,Jacksonville Jumbo Shrimp,International League,Vystar Ballpark,Nashville Sounds,556,2816.0,1,night,Tuesday,1,8,August,22,0,,0,564-10,1,6,9.0,0.504,0.5476190476190477,Overcast,Cloudy,79.0,8,Out To CF,0,0,0,,1,-1.0,full_season_release,1
20260826,2026-08-26,564,Jacksonville Jumbo Shrimp,International League,Vystar Ballpark,Nashville Sounds,556,2573.0,1,night,Wednesday,2,8,August,22,0,,0,564-10,2,6,1.0,0.5079365079365079,0.5433070866141733,Cloudy,Cloudy,80.0,8,In From LF,0,1,1,"Wear It Home Wednesdays T-shirt, first 500 fans",1,0.0,full_season_release,1
20260827,2026-08-27,564,Jacksonville Jumbo Shrimp,International League,Vystar Ballpark,Nashville Sounds,556,4113.0,1,night,Thursday,3,8,August,22,0,,0,564-10,3,6,1.0,0.5118110236220472,0.5390625,Partly Cloudy,Cloudy,8.0,5,R To L,0,0,0,,1,1.0,full_season_release,1
20260828,2026-08-28,564,Jacksonville Jumbo Shrimp,International League,Vystar Ballpark,Nashville Sounds,556,2644.0,1,day,Friday,4,8,August,23,1,,0,564-10,4,6,1.0,0.5078125,0.5426356589147286,Partly Cloudy,Cloudy,87.0,10,R To L,0,0,0,,1,2.0,full_season_release,1
20260829,2026-08-29,564,Jacksonville Jumbo Shrimp,International League,Vystar Ballpark,Nashville Sounds,556,8676.0,1,night,Saturday,5,8,August,23,1,,0,564-10,5,6,1.0,0.5038759689922481,0.5461538461538461,Partly Cloudy,Cloudy,86.0,8,In From LF,0,0,0,,1,3.0,full_season_release,1
20260830,2026-08-30,564,Jacksonville Jumbo Shrimp,International League,Vystar Ballpark,Nashville Sounds,556,4959.0,1,day,Sunday,6,8,August,23,1,,0,564-10,6,6,1.0,0.5076923076923077,0.5419847328244275,Partly Cloudy,Cloudy,90.0,8,In From LF,0,0,0,,1,4.0,full_season_release,1
20260327,2026-03-27,400,Las Vegas Aviators,Pacific Coast League,Las Vegas Ballpark,Salt Lake Bees,561,8350.0,1,night,Friday,4,3,March,1,1,,0,400-1,1,9,,1.0,0.0,Clear,Clear,84.0,2,R To L,0,0,0,,1,-1.0,partial_assembled,0
20260328,2026-03-28,400,Las Vegas Aviators,Pacific Coast League,Las Vegas Ballpark,Salt Lake Bees,561,7318.0,1,night,Saturday,5,3,March,1,1,,0,400-1,2,9,1.0,1.0,0.0,Clear,Clear,83.0,7,Out To CF,0,1,1,"PCL Championship Replica Ring, first 2000 fans",1,0.0,partial_assembled,0
20260329,2026-03-29,400,Las Vegas Aviators,Pacific Coast League,Las Vegas Ballpark,Salt Lake Bees,561,5517.0,1,day,Sunday,6,3,March,1,1,,0,400-1,3,9,1.0,1.0,0.0,Partly Cloudy,Cloudy,87.0,4,R To L,0,0,0,,1,1.0,partial_assembled,0
20260331,2026-03-31,400,Las Vegas Aviators,Pacific Coast League,Las Vegas Ballpark,Oklahoma City Comets,238,4496.0,1,night,Tuesday,1,3,March,1,0,,0,400-1,4,9,2.0,0.75,0.75,Cloudy,Cloudy,72.0,15,Out To CF,0,0,0,,1,2.0,partial_assembled,0
20260401,2026-04-01,400,Las Vegas Aviators,Pacific Coast League,Las Vegas Ballpark,Oklahoma City Comets,238,7750.0,1,day,Wednesday,2,4,April,1,0,,0,400-1,5,9,1.0,0.8,0.6,Sunny,Clear,65.0,6,Out To RF,0,0,0,,1,-2.0,partial_assembled,0
20260402,2026-04-02,400,Las Vegas Aviators,Pacific Coast League,Las Vegas Ballpark,Oklahoma City Comets,238,7512.0,1,night,Thursday,3,4,April,1,0,,0,400-1,6,9,1.0,0.8333333333333334,0.5,Clear,Clear,70.0,4,L To R,0,0,0,,1,-1.0,partial_assembled,0
20260403,2026-04-03,400,Las Vegas Aviators,Pacific Coast League,Las Vegas Ballpark,Oklahoma City Comets,238,8061.0,1,night,Friday,4,4,April,2,1,,0,400-1,7,9,1.0,0.7142857142857143,0.5714285714285714,Clear,Clear,66.0,7,L To R,0,1,1,"Las Vegas Aces WNBA Baseball Jersey, first 2000 fans",1,0.0,partial_assembled,0
20260404,2026-04-04,400,Las Vegas Aviators,Pacific Coast League,Las Vegas Ballpark,Oklahoma City Comets,238,6937.0,1,night,Saturday,5,4,April,2,1,,0,400-1,8,9,1.0,0.75,0.5,Clear,Clear,72.0,4,L To R,0,1,1,"Aviators 25 PCL Champs Cap, first 2000 fans",1,0.0,partial_assembled,0
20260405,2026-04-05,400,Las Vegas Aviators,Pacific Coast League,Las Vegas Ballpark,Oklahoma City Comets,238,5549.0,1,day,Sunday,6,4,April,2,1,,0,400-1,9,9,1.0,0.7777777777777778,0.4444444444444444,Sunny,Clear,79.0,4,L To R,0,0,0,,1,1.0,partial_assembled,0
20260421,2026-04-21,400,Las Vegas Aviators,Pacific Coast League,Las Vegas Ballpark,Salt Lake Bees,561,4554.0,1,night,Tuesday,1,4,April,4,0,,0,400-2,1,6,16.0,0.55,0.4090909090909091,Clear,Clear,75.0,14,Out To CF,0,0,0,,0,,partial_assembled,0
20260422,2026-04-22,400,Las Vegas Aviators,Pacific Coast League,Las Vegas Ballpark,Salt Lake Bees,561,5576.0,1,night,Wednesday,2,4,April,4,0,,0,400-2,2,6,1.0,0.5238095238095238,0.43478260869565216,Clear,Clear,72.0,6,Out To CF,0,0,0,,0,,partial_assembled,0
20260423,2026-04-23,400,Las Vegas Aviators,Pacific Coast League,Las Vegas Ballpark,Salt Lake Bees,561,5483.0,1,night,Thursday,3,4,April,4,0,,0,400-2,3,6,1.0,0.5,0.4583333333333333,Clear,Clear,72.0,2,Out To CF,0,0,0,,0,,partial_assembled,0
20260424,2026-04-24,400,Las Vegas Aviators,Pacific Coast League,Las Vegas Ballpark,Salt Lake Bees,561,9762.0,1,night,Friday,4,4,April,5,1,,0,400-2,4,6,1.0,0.5217391304347826,0.44,Partly Cloudy,Cloudy,75.0,8,Out To CF,0,0,0,,0,,partial_assembled,0
20260425,2026-04-25,400,Las Vegas Aviators,Pacific Coast League,Las Vegas Ballpark,Salt Lake Bees,561,12390.0,1,night,Saturday,5,4,April,5,1,,0,400-2,5,6,1.0,0.5416666666666666,0.4230769230769231,Cloudy,Cloudy,68.0,11,Out To RF,0,0,0,,0,,partial_assembled,0
20260426,2026-04-26,400,Las Vegas Aviators,Pacific Coast League,Las Vegas Ballpark,Salt Lake Bees,561,8731.0,1,day,Sunday,6,4,April,5,1,,0,400-2,6,6,1.0,0.56,0.4074074074074074,Partly Cloudy,Cloudy,63.0,10,Out To RF,0,0,0,,0,,partial_assembled,0
20260505,2026-05-05,400,Las Vegas Aviators,Pacific Coast League,Las Vegas Ballpark,St. Paul Saints,1960,5934.0,1,night,Tuesday,1,5,May,6,0,,0,400-3,1,6,9.0,0.5625,0.48484848484848486,Clear,Clear,72.0,4,Out To CF,0,0,0,,0,,partial_assembled,0
20260506,2026-05-06,400,Las Vegas Aviators,Pacific Coast League,Las Vegas Ballpark,St. Paul Saints,1960,4357.0,1,night,Wednesday,2,5,May,6,0,,0,400-3,2,6,1.0,0.5454545454545454,0.5,Clear,Clear,80.0,2,R To L,0,0,0,,0,,partial_assembled,0
20260507,2026-05-07,400,Las Vegas Aviators,Pacific Coast League,Las Vegas Ballpark,St. Paul Saints,1960,7506.0,1,night,Thursday,3,5,May,6,0,,0,400-3,3,6,1.0,0.5588235294117647,0.4857142857142857,Clear,Clear,87.0,3,Out To CF,0,0,0,,0,,partial_assembled,0
20260508,2026-05-08,400,Las Vegas Aviators,Pacific Coast League,Las Vegas Ballpark,St. Paul Saints,1960,8015.0,1,night,Friday,4,5,May,7,1,,0,400-3,4,6,1.0,0.5428571428571428,0.5,Clear,Clear,93.0,5,L To R,0,0,0,,0,,partial_assembled,0
20260509,2026-05-09,400,Las Vegas Aviators,Pacific Coast League,Las Vegas Ballpark,St. Paul Saints,1960,6539.0,1,night,Saturday,5,5,May,7,1,,0,400-3,5,6,1.0,0.5277777777777778,0.5135135135135135,Clear,Clear,93.0,3,Out To RF,0,0,0,,0,,partial_assembled,0
20260510,2026-05-10,400,Las Vegas Aviators,Pacific Coast League,Las Vegas Ballpark,St. Paul Saints,1960,5158.0,1,day,Sunday,6,5,May,7,1,Mother's Day,1,400-3,6,6,1.0,0.5135135135135135,0.5263157894736842,Sunny,Clear,94.0,6,In From CF,0,0,0,,0,,partial_assembled,0
20260519,2026-05-19,400,Las Vegas Aviators,Pacific Coast League,Las Vegas Ballpark,Albuquerque Isotopes,342,5599.0,1,night,Tuesday,1,5,May,8,0,,0,400-4,1,6,9.0,0.5454545454545454,0.5434782608695652,Clear,Clear,75.0,4,L To R,0,0,0,,0,,partial_assembled,0
20260520,2026-05-20,400,Las Vegas Aviators,Pacific Coast League,Las Vegas Ballpark,Albuquerque Isotopes,342,5625.0,1,night,Wednesday,2,5,May,8,0,,0,400-4,2,6,1.0,0.5333333333333333,0.5531914893617021,Clear,Clear,80.0,2,R To L,0,0,0,,0,,partial_assembled,0
20260521,2026-05-21,400,Las Vegas Aviators,Pacific Coast League,Las Vegas Ballpark,Albuquerque Isotopes,342,6794.0,1,night,Thursday,3,5,May,8,0,,0,400-4,3,6,1.0,0.5434782608695652,0.5416666666666666,Clear,Clear,88.0,4,In From LF,0,0,0,,0,,partial_assembled,0
20260522,2026-05-22,400,Las Vegas Aviators,Pacific Coast League,Las Vegas Ballpark,Albuquerque Isotopes,342,6378.0,1,night,Friday,4,5,May,9,1,,0,400-4,4,6,1.0,0.5319148936170213,0.5510204081632653,Clear,Clear,88.0,5,R To L,0,0,0,,0,,partial_assembled,0
20260523,2026-05-23,400,Las Vegas Aviators,Pacific Coast League,Las Vegas Ballpark,Albuquerque Isotopes,342,8258.0,1,night,Saturday,5,5,May,9,1,,0,400-4,5,6,1.0,0.5208333333333334,0.56,Clear,Clear,88.0,9,R To L,0,0,0,,0,,partial_assembled,0
20260524,2026-05-24,400,Las Vegas Aviators,Pacific Coast League,Las Vegas Ballpark,Albuquerque Isotopes,342,4412.0,1,day,Sunday,6,5,May,9,1,,0,400-4,6,6,1.0,0.5306122448979592,0.5490196078431373,Sunny,Clear,90.0,7,R To L,0,0,0,,0,,partial_assembled,0
20260602,2026-06-02,400,Las Vegas Aviators,Pacific Coast League,Las Vegas Ballpark,Reno Aces,2310,4548.0,1,night,Tuesday,1,6,June,10,0,,0,400-5,1,6,9.0,0.5714285714285714,0.46551724137931033,Clear,Clear,94.0,5,Out To LF,0,0,0,,0,,partial_assembled,0
20260603,2026-06-03,400,Las Vegas Aviators,Pacific Coast League,Las Vegas Ballpark,Reno Aces,2310,4644.0,1,night,Wednesday,2,6,June,10,0,,0,400-5,2,6,1.0,0.5614035087719298,0.4745762711864407,Clear,Clear,97.0,5,L To R,0,0,0,,0,,partial_assembled,0
20260604,2026-06-04,400,Las Vegas Aviators,Pacific Coast League,Las Vegas Ballpark,Reno Aces,2310,5308.0,1,night,Thursday,3,6,June,10,0,,0,400-5,3,6,1.0,0.5689655172413793,0.4666666666666667,Clear,Clear,98.0,7,Out To RF,0,0,0,,0,,partial_assembled,0
20260605,2026-06-05,400,Las Vegas Aviators,Pacific Coast League,Las Vegas Ballpark,Reno Aces,2310,7659.0,1,night,Friday,4,6,June,11,1,,0,400-5,4,6,1.0,0.576271186440678,0.45901639344262296,Clear,Clear,98.0,9,Out To CF,0,0,0,,0,,partial_assembled,0
20260606,2026-06-06,400,Las Vegas Aviators,Pacific Coast League,Las Vegas Ballpark,Reno Aces,2310,6815.0,1,night,Saturday,5,6,June,11,1,,0,400-5,5,6,1.0,0.5833333333333334,0.45161290322580644,Clear,Clear,94.0,13,Out To CF,0,0,0,,0,,partial_assembled,0
20260607,2026-06-07,400,Las Vegas Aviators,Pacific Coast League,Las Vegas Ballpark,Reno Aces,2310,7556.0,1,day,Sunday,6,6,June,11,1,,0,400-5,6,6,1.0,0.5901639344262295,0.4444444444444444,Sunny,Clear,92.0,11,Out To CF,0,0,0,,0,,partial_assembled,0
20260616,2026-06-16,400,Las Vegas Aviators,Pacific Coast League,Las Vegas Ballpark,Round Rock Express,102,4239.0,1,night,Tuesday,1,6,June,12,0,,0,400-6,1,6,9.0,0.5882352941176471,0.42857142857142855,Clear,Clear,103.0,6,Out To RF,0,0,0,,0,,partial_assembled,0
20260617,2026-06-17,400,Las Vegas Aviators,Pacific Coast League,Las Vegas Ballpark,Round Rock Express,102,4066.0,1,night,Wednesday,2,6,June,12,0,,0,400-6,2,6,1.0,0.5942028985507246,0.4225352112676056,Clear,Clear,103.0,9,Out To CF,0,0,0,,0,,partial_assembled,0
20260618,2026-06-18,400,Las Vegas Aviators,Pacific Coast League,Las Vegas Ballpark,Round Rock Express,102,5026.0,1,night,Thursday,3,6,June,12,0,,0,400-6,3,6,1.0,0.6,0.4166666666666667,Clear,Clear,99.0,10,Out To LF,0,0,0,,0,,partial_assembled,0
20260619,2026-06-19,400,Las Vegas Aviators,Pacific Coast League,Las Vegas Ballpark,Round Rock Express,102,5510.0,1,night,Friday,4,6,June,13,1,,0,400-6,4,6,1.0,0.6056338028169014,0.410958904109589,Clear,Clear,95.0,9,Out To CF,0,0,0,,0,,partial_assembled,0
20260620,2026-06-20,400,Las Vegas Aviators,Pacific Coast League,Las Vegas Ballpark,Round Rock Express,102,7100.0,1,night,Saturday,5,6,June,13,1,,0,400-6,5,6,1.0,0.6111111111111112,0.40540540540540543,Clear,Clear,97.0,9,Out To LF,0,0,0,,0,,partial_assembled,0
20260621,2026-06-21,400,Las Vegas Aviators,Pacific Coast League,Las Vegas Ballpark,Round Rock Express,102,4709.0,1,day,Sunday,6,6,June,13,1,Father's Day,1,400-6,6,6,1.0,0.6027397260273972,0.41333333333333333,Sunny,Clear,96.0,4,R To L,0,0,0,,0,,partial_assembled,0
20260707,2026-07-07,400,Las Vegas Aviators,Pacific Coast League,Las Vegas Ballpark,Tacoma Rainiers,529,4543.0,1,night,Tuesday,1,7,July,15,0,,0,400-7,1,6,16.0,0.627906976744186,0.42045454545454547,Clear,Clear,101.0,8,Out To CF,0,0,0,,0,,partial_assembled,0
20260708,2026-07-08,400,Las Vegas Aviators,Pacific Coast League,Las Vegas Ballpark,Tacoma Rainiers,529,4458.0,1,night,Wednesday,2,7,July,15,0,,0,400-7,2,6,1.0,0.6206896551724138,0.42696629213483145,Clear,Clear,103.0,9,Out To LF,0,0,0,,0,,partial_assembled,0
20260709,2026-07-09,400,Las Vegas Aviators,Pacific Coast League,Las Vegas Ballpark,Tacoma Rainiers,529,4930.0,1,night,Thursday,3,7,July,15,0,,0,400-7,3,6,1.0,0.6136363636363636,0.43333333333333335,Clear,Clear,104.0,8,Out To CF,0,0,0,,0,,partial_assembled,0
20260710,2026-07-10,400,Las Vegas Aviators,Pacific Coast League,Las Vegas Ballpark,Tacoma Rainiers,529,6932.0,1,night,Friday,4,7,July,16,1,,0,400-7,4,6,1.0,0.6067415730337079,0.43956043956043955,Clear,Clear,104.0,7,Out To CF,0,0,0,,0,,partial_assembled,0
20260711,2026-07-11,400,Las Vegas Aviators,Pacific Coast League,Las Vegas Ballpark,Tacoma Rainiers,529,6783.0,1,night,Saturday,5,7,July,16,1,,0,400-7,5,6,1.0,0.6111111111111112,0.43478260869565216,Clear,Clear,103.0,7,Out To LF,0,0,0,,0,,partial_assembled,0
20260712,2026-07-12,400,Las Vegas Aviators,Pacific Coast League,Las Vegas Ballpark,Tacoma Rainiers,529,4218.0,1,day,Sunday,6,7,July,16,1,,0,400-7,6,6,1.0,0.6153846153846154,0.43010752688172044,Sunny,Clear,101.0,6,Out To LF,0,0,0,,0,,partial_assembled,0
20260721,2026-07-21,400,Las Vegas Aviators,Pacific Coast League,Las Vegas Ballpark,El Paso Chihuahuas,4904,5097.0,1,night,Tuesday,1,7,July,17,0,,0,400-8,1,6,9.0,0.6,0.4479166666666667,Partly Cloudy,Cloudy,98.0,6,R To L,0,0,0,,0,,partial_assembled,0
20260722,2026-07-22,400,Las Vegas Aviators,Pacific Coast League,Las Vegas Ballpark,El Paso Chihuahuas,4904,4298.0,1,night,Wednesday,2,7,July,17,0,,0,400-8,2,6,1.0,0.6041666666666666,0.44329896907216493,Clear,Clear,103.0,4,Out To RF,0,0,0,,0,,partial_assembled,0
20260723,2026-07-23,400,Las Vegas Aviators,Pacific Coast League,Las Vegas Ballpark,El Paso Chihuahuas,4904,5070.0,1,night,Thursday,3,7,July,17,0,,0,400-8,3,6,1.0,0.6082474226804123,0.4387755102040816,Clear,Clear,106.0,4,R To L,0,0,0,,0,,partial_assembled,0
20260724,2026-07-24,400,Las Vegas Aviators,Pacific Coast League,Las Vegas Ballpark,El Paso Chihuahuas,4904,6259.0,1,night,Friday,4,7,July,18,1,,0,400-8,4,6,1.0,0.6122448979591837,0.43434343434343436,Clear,Clear,107.0,6,Out To CF,0,0,0,,0,,partial_assembled,0
20260725,2026-07-25,400,Las Vegas Aviators,Pacific Coast League,Las Vegas Ballpark,El Paso Chihuahuas,4904,7877.0,1,night,Saturday,5,7,July,18,1,,0,400-8,5,6,1.0,0.6161616161616161,0.43,Clear,Clear,107.0,7,Out To RF,0,0,0,,0,,partial_assembled,0
20260726,2026-07-26,400,Las Vegas Aviators,Pacific Coast League,Las Vegas Ballpark,El Paso Chihuahuas,4904,4962.0,1,night,Sunday,6,7,July,18,1,,0,400-8,6,6,1.0,0.61,0.43564356435643564,Partly Cloudy,Cloudy,106.0,9,Out To RF,0,0,0,,0,,partial_assembled,0
20260804,2026-08-04,400,Las Vegas Aviators,Pacific Coast League,Las Vegas Ballpark,Tacoma Rainiers,529,4373.0,1,night,Tuesday,1,8,August,19,0,,0,400-9,1,12,9.0,0.5887850467289719,0.41284403669724773,Clear,Clear,105.0,8,Out To CF,0,0,0,,1,-10.0,partial_assembled,0
20260805,2026-08-05,400,Las Vegas Aviators,Pacific Coast League,Las Vegas Ballpark,Tacoma Rainiers,529,4075.0,1,night,Wednesday,2,8,August,19,0,,0,400-9,2,12,1.0,0.5833333333333334,0.41818181818181815,Clear,Clear,106.0,7,Out To CF,0,0,0,,1,-9.0,partial_assembled,0
20260806,2026-08-06,400,Las Vegas Aviators,Pacific Coast League,Las Vegas Ballpark,Tacoma Rainiers,529,4586.0,1,night,Thursday,3,8,August,19,0,,0,400-9,3,12,1.0,0.5779816513761468,0.42342342342342343,Partly Cloudy,Cloudy,101.0,5,Out To CF,0,0,0,,1,-8.0,partial_assembled,0
20260807,2026-08-07,400,Las Vegas Aviators,Pacific Coast League,Las Vegas Ballpark,Tacoma Rainiers,529,5528.0,1,night,Friday,4,8,August,20,1,,0,400-9,4,12,1.0,0.5818181818181818,0.41964285714285715,Partly Cloudy,Cloudy,104.0,4,Out To LF,0,0,0,,1,-7.0,partial_assembled,0
20260808,2026-08-08,400,Las Vegas Aviators,Pacific Coast League,Las Vegas Ballpark,Tacoma Rainiers,529,5387.0,1,night,Saturday,5,8,August,20,1,,0,400-9,5,12,1.0,0.5765765765765766,0.4247787610619469,Clear,Clear,107.0,4,Out To CF,0,0,0,,1,-6.0,partial_assembled,0
20260809,2026-08-09,400,Las Vegas Aviators,Pacific Coast League,Las Vegas Ballpark,Tacoma Rainiers,529,4585.0,1,night,Sunday,6,8,August,20,1,,0,400-9,6,12,1.0,0.5714285714285714,0.4298245614035088,Cloudy,Cloudy,102.0,5,L To R,0,0,0,,1,-5.0,partial_assembled,0
20260811,2026-08-11,400,Las Vegas Aviators,Pacific Coast League,Las Vegas Ballpark,Sacramento River Cats,105,4039.0,1,night,Tuesday,1,8,August,20,0,,0,400-9,7,12,2.0,0.5752212389380531,0.5714285714285714,Cloudy,Cloudy,95.0,7,Out To RF,0,0,0,,1,-4.0,partial_assembled,0
20260812,2026-08-12,400,Las Vegas Aviators,Pacific Coast League,Las Vegas Ballpark,Sacramento River Cats,105,4200.0,1,night,Wednesday,2,8,August,20,0,,0,400-9,8,12,1.0,0.5701754385964912,0.5752212389380531,Cloudy,Cloudy,88.0,6,Out To LF,0,0,0,,1,-3.0,partial_assembled,0
20260813,2026-08-13,400,Las Vegas Aviators,Pacific Coast League,Las Vegas Ballpark,Sacramento River Cats,105,5041.0,1,night,Thursday,3,8,August,20,0,,0,400-9,9,12,1.0,0.5652173913043478,0.5789473684210527,Partly Cloudy,Cloudy,86.0,5,Out To RF,0,0,0,,1,-2.0,partial_assembled,0
20260814,2026-08-14,400,Las Vegas Aviators,Pacific Coast League,Las Vegas Ballpark,Sacramento River Cats,105,6163.0,1,night,Friday,4,8,August,21,1,,0,400-9,10,12,1.0,0.5689655172413793,0.5739130434782609,Partly Cloudy,Cloudy,83.0,6,R To L,0,0,0,,1,-1.0,partial_assembled,0
20260815,2026-08-15,400,Las Vegas Aviators,Pacific Coast League,Las Vegas Ballpark,Sacramento River Cats,105,5888.0,1,night,Saturday,5,8,August,21,1,,0,400-9,11,12,1.0,0.5641025641025641,0.5775862068965517,Partly Cloudy,Cloudy,87.0,2,Out To CF,0,1,1,Bobblehead and baseball card hybrid giveaway,1,0.0,partial_assembled,0
20260816,2026-08-16,400,Las Vegas Aviators,Pacific Coast League,Las Vegas Ballpark,Sacramento River Cats,105,5356.0,1,night,Sunday,6,8,August,21,1,,0,400-9,12,12,1.0,0.559322033898305,0.5811965811965812,Partly Cloudy,Cloudy,97.0,3,Out To LF,0,0,0,,1,1.0,partial_assembled,0
20260825,2026-08-25,400,Las Vegas Aviators,Pacific Coast League,Las Vegas Ballpark,Sugar Land Space Cowboys,5434,4546.0,1,night,Tuesday,1,8,August,22,0,,0,400-10,1,6,9.0,0.576,0.5238095238095238,Clear,Clear,101.0,3,Out To CF,0,0,0,,1,-3.0,partial_assembled,0
20260826,2026-08-26,400,Las Vegas Aviators,Pacific Coast League,Las Vegas Ballpark,Sugar Land Space Cowboys,5434,4551.0,1,night,Wednesday,2,8,August,22,0,,0,400-10,2,6,1.0,0.5793650793650794,0.5196850393700787,Clear,Clear,104.0,5,Out To RF,0,0,0,,1,-2.0,partial_assembled,0
20260827,2026-08-27,400,Las Vegas Aviators,Pacific Coast League,Las Vegas Ballpark,Sugar Land Space Cowboys,5434,6151.0,1,night,Thursday,3,8,August,22,0,,0,400-10,3,6,1.0,0.5826771653543307,0.515625,Partly Cloudy,Cloudy,102.0,6,Out To RF,0,0,0,,1,-1.0,partial_assembled,0
20260828,2026-08-28,400,Las Vegas Aviators,Pacific Coast League,Las Vegas Ballpark,Sugar Land Space Cowboys,5434,6279.0,1,night,Friday,4,8,August,23,1,,0,400-10,4,6,1.0,0.5859375,0.5116279069767442,Partly Cloudy,Cloudy,99.0,7,Out To RF,0,1,1,Blue Collar Button Down Shirt presented by LiUNA,1,0.0,partial_assembled,0
20260829,2026-08-29,400,Las Vegas Aviators,Pacific Coast League,Las Vegas Ballpark,Sugar Land Space Cowboys,5434,6369.0,1,night,Saturday,5,8,August,23,1,,0,400-10,5,6,1.0,0.5813953488372093,0.5153846153846153,Partly Cloudy,Cloudy,97.0,9,Out To CF,0,1,1,"Giveaway Surprise Night, item unspecified, first 2000 fans",1,0.0,partial_assembled,0
20260830,2026-08-30,400,Las Vegas Aviators,Pacific Coast League,Las Vegas Ballpark,Sugar Land Space Cowboys,5434,10640.0,1,night,Sunday,6,8,August,23,1,,0,400-10,6,6,1.0,0.5769230769230769,0.5190839694656488,Partly Cloudy,Cloudy,94.0,10,Out To CF,0,0,0,,1,1.0,partial_assembled,0
20260327,2026-03-27,1410,Lehigh Valley IronPigs,International League,Coca-Cola Park,Toledo Mud Hens,512,7459.0,1,night,Friday,4,3,March,1,1,,0,1410-1,1,3,,1.0,0.0,Partly Cloudy,Cloudy,43.0,8,L To R,0,1,1,Drinking Glass presented by Service Electric Network,1,0.0,full_season_release,1
20260328,2026-03-28,1410,Lehigh Valley IronPigs,International League,Coca-Cola Park,Toledo Mud Hens,512,6740.0,1,day,Saturday,5,3,March,1,1,,0,1410-1,2,3,1.0,1.0,0.0,Sunny,Clear,45.0,18,L To R,0,1,1,"2026 IronPigs Magnet Schedule, first 5000 fans",1,0.0,full_season_release,1
20260329,2026-03-29,1410,Lehigh Valley IronPigs,International League,Coca-Cola Park,Toledo Mud Hens,512,5003.0,1,day,Sunday,6,3,March,1,1,,0,1410-1,3,3,1.0,1.0,0.0,Sunny,Clear,50.0,11,Out To CF,0,0,0,,1,1.0,full_season_release,1
20260407,2026-04-07,1410,Lehigh Valley IronPigs,International League,Coca-Cola Park,Rochester Red Wings,534,4851.0,1,night,Tuesday,1,4,April,2,0,,0,1410-2,1,6,9.0,0.7,0.5,Clear,Clear,43.0,12,L To R,0,0,0,,0,,full_season_release,1
20260408,2026-04-08,1410,Lehigh Valley IronPigs,International League,Coca-Cola Park,Rochester Red Wings,534,4304.0,1,night,Wednesday,2,4,April,2,0,,0,1410-2,2,6,1.0,0.6363636363636364,0.5454545454545454,Clear,Clear,49.0,12,Out To CF,0,0,0,,0,,full_season_release,1
20260409,2026-04-09,1410,Lehigh Valley IronPigs,International League,Coca-Cola Park,Rochester Red Wings,534,4319.0,1,night,Thursday,3,4,April,2,0,,0,1410-2,3,6,1.0,0.6666666666666666,0.5,Clear,Clear,57.0,10,Varies,0,0,0,,0,,full_season_release,1
20260410,2026-04-10,1410,Lehigh Valley IronPigs,International League,Coca-Cola Park,Rochester Red Wings,534,7494.0,1,night,Friday,4,4,April,3,1,,0,1410-2,4,6,1.0,0.6923076923076923,0.46153846153846156,Partly Cloudy,Cloudy,68.0,8,Varies,0,0,0,,0,,full_season_release,1
20260411,2026-04-11,1410,Lehigh Valley IronPigs,International League,Coca-Cola Park,Rochester Red Wings,534,6955.0,1,night,Saturday,5,4,April,3,1,,0,1410-2,5,6,1.0,0.6428571428571429,0.5,Clear,Clear,61.0,9,Varies,0,0,0,,0,,full_season_release,1
20260412,2026-04-12,1410,Lehigh Valley IronPigs,International League,Coca-Cola Park,Rochester Red Wings,534,7776.0,1,day,Sunday,6,4,April,3,1,,0,1410-2,6,6,1.0,0.6,0.5333333333333333,Sunny,Clear,62.0,7,Out To CF,0,0,0,,0,,full_season_release,1
20260421,2026-04-21,1410,Lehigh Valley IronPigs,International League,Coca-Cola Park,Durham Bulls,234,4119.0,1,night,Tuesday,1,4,April,4,0,,0,1410-3,1,5,9.0,0.5454545454545454,0.36363636363636365,Partly Cloudy,Cloudy,56.0,6,Varies,0,0,0,,1,-1.0,full_season_release,1
20260422,2026-04-22,1410,Lehigh Valley IronPigs,International League,Coca-Cola Park,Durham Bulls,234,4845.0,1,night,Wednesday,2,4,April,4,0,,0,1410-3,2,5,1.0,0.5652173913043478,0.34782608695652173,Clear,Clear,66.0,4,Calm,0,1,1,Rubix Cube presented by US Cold Storage,1,0.0,full_season_release,1
20260423,2026-04-23,1410,Lehigh Valley IronPigs,International League,Coca-Cola Park,Durham Bulls,234,5223.0,1,night,Thursday,3,4,April,4,0,,0,1410-3,3,5,1.0,0.5833333333333334,0.3333333333333333,Clear,Clear,74.0,4,Calm,0,0,0,,1,1.0,full_season_release,1
20260424,2026-04-24,1410,Lehigh Valley IronPigs,International League,Coca-Cola Park,Durham Bulls,234,8345.0,1,night,Friday,4,4,April,5,1,,0,1410-3,4,5,1.0,0.56,0.36,Partly Cloudy,Cloudy,73.0,2,Calm,0,0,0,,1,2.0,full_season_release,1
20260426,2026-04-26,1410,Lehigh Valley IronPigs,International League,Coca-Cola Park,Durham Bulls,234,8812.0,2,day,Sunday,6,4,April,5,1,,0,1410-3,5,5,2.0,0.5925925925925926,0.3333333333333333,Partly Cloudy,Cloudy,53.0,11,In From CF,0,0,0,,1,3.0,full_season_release,1
20260505,2026-05-05,1410,Lehigh Valley IronPigs,International League,Coca-Cola Park,Buffalo Bisons,422,10000.0,1,day,Tuesday,1,5,May,6,0,,0,1410-4,1,6,9.0,0.5294117647058824,0.4411764705882353,Sunny,Clear,73.0,7,Out To CF,0,0,0,,1,-2.0,full_season_release,1
20260506,2026-05-06,1410,Lehigh Valley IronPigs,International League,Coca-Cola Park,Buffalo Bisons,422,5432.0,1,night,Wednesday,2,5,May,6,0,,0,1410-4,2,6,1.0,0.5142857142857142,0.45714285714285713,Cloudy,Cloudy,65.0,6,Out To CF,0,0,0,,1,-1.0,full_season_release,1
20260507,2026-05-07,1410,Lehigh Valley IronPigs,International League,Coca-Cola Park,Buffalo Bisons,422,5901.0,1,night,Thursday,3,5,May,6,0,,0,1410-4,3,6,1.0,0.5,0.4722222222222222,Clear,Clear,63.0,4,Calm,0,1,1,Scrub Jersey presented by St. Luke's University Health Network,1,0.0,full_season_release,1
20260508,2026-05-08,1410,Lehigh Valley IronPigs,International League,Coca-Cola Park,Buffalo Bisons,422,7838.0,1,night,Friday,4,5,May,7,1,,0,1410-4,4,6,1.0,0.5135135135135135,0.4594594594594595,Overcast,Cloudy,61.0,2,Calm,0,0,0,,1,1.0,full_season_release,1
20260509,2026-05-09,1410,Lehigh Valley IronPigs,International League,Coca-Cola Park,Buffalo Bisons,422,8525.0,1,night,Saturday,5,5,May,7,1,,0,1410-4,5,6,1.0,0.5,0.47368421052631576,Partly Cloudy,Cloudy,60.0,4,Calm,0,0,0,,1,-1.0,full_season_release,1
20260510,2026-05-10,1410,Lehigh Valley IronPigs,International League,Coca-Cola Park,Buffalo Bisons,422,8725.0,1,day,Sunday,6,5,May,7,1,Mother's Day,1,1410-4,6,6,1.0,0.48717948717948717,0.48717948717948717,Partly Cloudy,Cloudy,69.0,11,Varies,0,1,1,"Wine Tumbler, first 1500 women 18 and over",1,0.0,full_season_release,1
20260519,2026-05-19,1410,Lehigh Valley IronPigs,International League,Coca-Cola Park,Scranton/Wilkes-Barre RailRiders,531,6659.0,1,night,Tuesday,1,5,May,8,0,,0,1410-5,1,6,9.0,0.43478260869565216,0.5454545454545454,Clear,Clear,88.0,8,Varies,0,1,1,Umbrella presented by The Morning Call,1,0.0,full_season_release,1
20260520,2026-05-20,1410,Lehigh Valley IronPigs,International League,Coca-Cola Park,Scranton/Wilkes-Barre RailRiders,531,10000.0,1,day,Wednesday,2,5,May,8,0,,0,1410-5,2,6,1.0,0.44680851063829785,0.5333333333333333,Sunny,Clear,84.0,11,L To R,0,0,0,,1,1.0,full_season_release,1
20260521,2026-05-21,1410,Lehigh Valley IronPigs,International League,Coca-Cola Park,Scranton/Wilkes-Barre RailRiders,531,7353.0,1,night,Thursday,3,5,May,8,0,,0,1410-5,3,6,1.0,0.4375,0.5434782608695652,Cloudy,Cloudy,59.0,2,Calm,0,0,0,,1,2.0,full_season_release,1
20260522,2026-05-22,1410,Lehigh Valley IronPigs,International League,Coca-Cola Park,Scranton/Wilkes-Barre RailRiders,531,8688.0,1,night,Friday,4,5,May,9,1,,0,1410-5,4,6,1.0,0.4489795918367347,0.5319148936170213,Cloudy,Cloudy,63.0,10,R To L,0,0,0,,1,-2.0,full_season_release,1
20260523,2026-05-23,1410,Lehigh Valley IronPigs,International League,Coca-Cola Park,Scranton/Wilkes-Barre RailRiders,531,6998.0,1,night,Saturday,5,5,May,9,1,,0,1410-5,5,6,1.0,0.46,0.5208333333333334,Rain,Precipitation,49.0,15,Varies,1,0,0,,1,-1.0,full_season_release,1
20260524,2026-05-24,1410,Lehigh Valley IronPigs,International League,Coca-Cola Park,Scranton/Wilkes-Barre RailRiders,531,8088.0,1,night,Sunday,6,5,May,9,1,,0,1410-5,6,6,1.0,0.45098039215686275,0.5306122448979592,Cloudy,Cloudy,58.0,11,Varies,0,1,1,Memorial Day Cap presented by Nacci Printing,1,0.0,full_season_release,1
20260602,2026-06-02,1410,Lehigh Valley IronPigs,International League,Coca-Cola Park,Rochester Red Wings,534,6142.0,1,night,Tuesday,1,6,June,10,0,,0,1410-6,1,6,9.0,0.46551724137931033,0.6140350877192983,Clear,Clear,74.0,10,Varies,0,0,0,,1,-1.0,full_season_release,1
20260603,2026-06-03,1410,Lehigh Valley IronPigs,International League,Coca-Cola Park,Rochester Red Wings,534,6409.0,1,night,Wednesday,2,6,June,10,0,,0,1410-6,2,6,1.0,0.4576271186440678,0.6206896551724138,Clear,Clear,82.0,3,Calm,0,1,1,Aidan Miller Bobblehead presented by St. Luke's,1,0.0,full_season_release,1
20260604,2026-06-04,1410,Lehigh Valley IronPigs,International League,Coca-Cola Park,Rochester Red Wings,534,7345.0,1,night,Thursday,3,6,June,10,0,,0,1410-6,3,6,1.0,0.45,0.6271186440677966,Clear,Clear,84.0,8,Varies,0,1,1,Ice Cream Cap presented by Lehigh Valley Health Network,1,0.0,full_season_release,1
20260605,2026-06-05,1410,Lehigh Valley IronPigs,International League,Coca-Cola Park,Rochester Red Wings,534,9059.0,1,night,Friday,4,6,June,11,1,,0,1410-6,4,6,1.0,0.45901639344262296,0.6166666666666667,Clear,Clear,86.0,8,L To R,0,0,0,,1,1.0,full_season_release,1
20260606,2026-06-06,1410,Lehigh Valley IronPigs,International League,Coca-Cola Park,Rochester Red Wings,534,9875.0,1,night,Saturday,5,6,June,11,1,,0,1410-6,5,6,1.0,0.46774193548387094,0.6065573770491803,Partly Cloudy,Cloudy,67.0,4,Calm,0,1,1,"Rally Towel presented by Shammy Shine, first 5000 fans",1,0.0,full_season_release,1
20260607,2026-06-07,1410,Lehigh Valley IronPigs,International League,Coca-Cola Park,Rochester Red Wings,534,9812.0,1,day,Sunday,6,6,June,11,1,,0,1410-6,6,6,1.0,0.4603174603174603,0.6129032258064516,Sunny,Clear,82.0,7,Varies,0,0,0,,1,1.0,full_season_release,1
20260616,2026-06-16,1410,Lehigh Valley IronPigs,International League,Coca-Cola Park,Worcester Red Sox,533,7786.0,1,night,Tuesday,1,6,June,12,0,,0,1410-7,1,12,9.0,0.45714285714285713,0.5151515151515151,Clear,Clear,73.0,2,Calm,0,0,0,,1,-1.0,full_season_release,1
20260617,2026-06-17,1410,Lehigh Valley IronPigs,International League,Coca-Cola Park,Worcester Red Sox,533,7192.0,1,night,Wednesday,2,6,June,12,0,,0,1410-7,2,12,1.0,0.4507042253521127,0.5223880597014925,Partly Cloudy,Cloudy,78.0,2,Calm,0,1,1,Soccer Youth Cap presented by Berks Packings,1,0.0,full_season_release,1
20260618,2026-06-18,1410,Lehigh Valley IronPigs,International League,Coca-Cola Park,Worcester Red Sox,533,6755.0,1,night,Thursday,3,6,June,12,0,,0,1410-7,3,12,1.0,0.4583333333333333,0.5147058823529411,Partly Cloudy,Cloudy,84.0,18,Out To CF,0,1,1,Duffle Bag presented by Air Products,1,0.0,full_season_release,1
20260619,2026-06-19,1410,Lehigh Valley IronPigs,International League,Coca-Cola Park,Worcester Red Sox,533,10000.0,1,night,Friday,4,6,June,13,1,,0,1410-7,4,12,1.0,0.4657534246575342,0.5072463768115942,Partly Cloudy,Cloudy,7.0,11,Varies,0,0,0,,1,1.0,full_season_release,1
20260620,2026-06-20,1410,Lehigh Valley IronPigs,International League,Coca-Cola Park,Worcester Red Sox,533,10000.0,1,night,Saturday,5,6,June,13,1,,0,1410-7,5,12,1.0,0.47297297297297297,0.5,Clear,Clear,76.0,6,Varies,0,0,0,,1,-1.0,full_season_release,1
20260621,2026-06-21,1410,Lehigh Valley IronPigs,International League,Coca-Cola Park,Worcester Red Sox,533,10000.0,1,day,Sunday,6,6,June,13,1,Father's Day,1,1410-7,6,12,1.0,0.4666666666666667,0.5070422535211268,Sunny,Clear,79.0,12,L To R,0,1,1,"Necktie presented by Capital Blue Cross, first 1500 men",1,0.0,full_season_release,1
20260623,2026-06-23,1410,Lehigh Valley IronPigs,International League,Coca-Cola Park,Syracuse Mets,552,6165.0,1,night,Tuesday,1,6,June,13,0,,0,1410-7,7,12,2.0,0.4605263157894737,0.5131578947368421,Clear,Clear,74.0,7,Varies,0,1,1,Clack Fans presented by The Novus Foundation,1,0.0,full_season_release,1
20260624,2026-06-24,1410,Lehigh Valley IronPigs,International League,Coca-Cola Park,Syracuse Mets,552,5959.0,1,night,Wednesday,2,6,June,13,0,,0,1410-7,8,12,1.0,0.45454545454545453,0.5194805194805194,Clear,Clear,81.0,2,Calm,0,0,0,,1,1.0,full_season_release,1
20260625,2026-06-25,1410,Lehigh Valley IronPigs,International League,Coca-Cola Park,Syracuse Mets,552,6535.0,1,night,Thursday,3,6,June,13,0,,0,1410-7,9,12,1.0,0.46153846153846156,0.5128205128205128,Cloudy,Cloudy,80.0,9,Out To CF,0,1,1,Margaritaville Cap presented by Coca-Cola,1,0.0,full_season_release,1
20260626,2026-06-26,1410,Lehigh Valley IronPigs,International League,Coca-Cola Park,Syracuse Mets,552,9305.0,1,night,Friday,4,6,June,14,1,,0,1410-7,10,12,1.0,0.45569620253164556,0.5189873417721519,Partly Cloudy,Cloudy,80.0,9,Varies,0,1,1,Corn Cob Holder presented by Newhard Farms Cornshed,1,0.0,full_season_release,1
20260627,2026-06-27,1410,Lehigh Valley IronPigs,International League,Coca-Cola Park,Syracuse Mets,552,9300.0,1,night,Saturday,5,6,June,14,1,,0,1410-7,11,12,1.0,0.4625,0.5125,Overcast,Cloudy,69.0,2,Calm,0,1,1,T-Shirt presented by Teamsters Local 773,1,0.0,full_season_release,1
20260628,2026-06-28,1410,Lehigh Valley IronPigs,International League,Coca-Cola Park,Syracuse Mets,552,8929.0,1,day,Sunday,6,6,June,14,1,,0,1410-7,12,12,1.0,0.4567901234567901,0.5185185185185185,Sunny,Clear,79.0,2,Calm,0,1,1,TBA presented by Hatfield,1,0.0,full_season_release,1
20260707,2026-07-07,1410,Lehigh Valley IronPigs,International League,Coca-Cola Park,Columbus Clippers,445,8121.0,1,day,Tuesday,1,7,July,15,0,,0,1410-8,1,6,9.0,0.4772727272727273,0.5517241379310345,Cloudy,Cloudy,69.0,7,In From CF,0,0,0,,1,-2.0,full_season_release,1
20260708,2026-07-08,1410,Lehigh Valley IronPigs,International League,Coca-Cola Park,Columbus Clippers,445,6305.0,1,night,Wednesday,2,7,July,15,0,,0,1410-8,2,6,1.0,0.47191011235955055,0.5568181818181818,Clear,Clear,84.0,4,Calm,0,0,0,,1,-1.0,full_season_release,1
20260709,2026-07-09,1410,Lehigh Valley IronPigs,International League,Coca-Cola Park,Columbus Clippers,445,7660.0,1,night,Thursday,3,7,July,15,0,,0,1410-8,3,6,1.0,0.4777777777777778,0.550561797752809,Cloudy,Cloudy,79.0,4,Calm,0,1,1,Rubber Duck presented by Lehigh Valley Reilly Children's Hospital,1,0.0,full_season_release,1
20260710,2026-07-10,1410,Lehigh Valley IronPigs,International League,Coca-Cola Park,Columbus Clippers,445,8959.0,1,night,Friday,4,7,July,16,1,,0,1410-8,4,6,1.0,0.4725274725274725,0.5555555555555556,Overcast,Cloudy,79.0,2,Calm,0,0,0,,1,1.0,full_season_release,1
20260711,2026-07-11,1410,Lehigh Valley IronPigs,International League,Coca-Cola Park,Columbus Clippers,445,10000.0,1,night,Saturday,5,7,July,16,1,,0,1410-8,5,6,1.0,0.4782608695652174,0.5494505494505495,Partly Cloudy,Cloudy,80.0,7,R To L,0,1,1,Pickleball Paddle presented by St. Luke's,1,0.0,full_season_release,1
20260712,2026-07-12,1410,Lehigh Valley IronPigs,International League,Coca-Cola Park,Columbus Clippers,445,7488.0,1,day,Sunday,6,7,July,16,1,,0,1410-8,6,6,1.0,0.4838709677419355,0.5434782608695652,Sunny,Clear,83.0,2,Calm,0,0,0,,1,1.0,full_season_release,1
20260729,2026-07-29,1410,Lehigh Valley IronPigs,International League,Coca-Cola Park,Buffalo Bisons,422,6560.0,1,night,Wednesday,2,7,July,18,0,,0,1410-9,1,5,17.0,0.46601941747572817,0.4854368932038835,Partly Cloudy,Cloudy,75.0,4,Varies,0,1,1,Festers Cap presented by Service Electric Network,1,0.0,full_season_release,1
20260730,2026-07-30,1410,Lehigh Valley IronPigs,International League,Coca-Cola Park,Buffalo Bisons,422,7171.0,2,night,Thursday,3,7,July,18,0,,0,1410-9,2,5,1.0,0.4666666666666667,0.4857142857142857,Partly Cloudy,Cloudy,76.0,2,Calm,0,0,0,,1,1.0,full_season_release,1
20260731,2026-07-31,1410,Lehigh Valley IronPigs,International League,Coca-Cola Park,Buffalo Bisons,422,10000.0,1,night,Friday,4,7,July,19,1,,0,1410-9,3,5,1.0,0.4716981132075472,0.4811320754716981,Clear,Clear,83.0,2,Calm,0,0,0,,1,2.0,full_season_release,1
20260801,2026-08-01,1410,Lehigh Valley IronPigs,International League,Coca-Cola Park,Buffalo Bisons,422,10000.0,1,night,Saturday,5,8,August,19,1,,0,1410-9,4,5,1.0,0.4766355140186916,0.4766355140186916,Partly Cloudy,Cloudy,84.0,9,Out To CF,0,0,0,,1,3.0,full_season_release,1
20260802,2026-08-02,1410,Lehigh Valley IronPigs,International League,Coca-Cola Park,Buffalo Bisons,422,7605.0,1,day,Sunday,6,8,August,19,1,,0,1410-9,5,5,1.0,0.4722222222222222,0.48148148148148145,Cloudy,Cloudy,82.0,11,Varies,0,0,0,,1,4.0,full_season_release,1
20260811,2026-08-11,1410,Lehigh Valley IronPigs,International League,Coca-Cola Park,Scranton/Wilkes-Barre RailRiders,531,8497.0,1,night,Tuesday,1,8,August,20,0,,0,1410-10,1,6,9.0,0.46956521739130436,0.5446428571428571,Partly Cloudy,Cloudy,82.0,5,Varies,0,1,1,Collapsible Dog Bowl presented by Abby Road Veterinary Hospital,1,0.0,full_season_release,1
20260812,2026-08-12,1410,Lehigh Valley IronPigs,International League,Coca-Cola Park,Scranton/Wilkes-Barre RailRiders,531,7404.0,1,night,Wednesday,2,8,August,20,0,,0,1410-10,2,6,1.0,0.47413793103448276,0.5398230088495575,Cloudy,Cloudy,83.0,8,Out To CF,0,0,0,,1,1.0,full_season_release,1
20260813,2026-08-13,1410,Lehigh Valley IronPigs,International League,Coca-Cola Park,Scranton/Wilkes-Barre RailRiders,531,7959.0,1,night,Thursday,3,8,August,20,0,,0,1410-10,3,6,1.0,0.4700854700854701,0.543859649122807,Cloudy,Cloudy,79.0,2,Calm,0,1,1,Chris P. Bacon Bobblehead presented by Provident Bank,1,0.0,full_season_release,1
20260814,2026-08-14,1410,Lehigh Valley IronPigs,International League,Coca-Cola Park,Scranton/Wilkes-Barre RailRiders,531,10000.0,1,night,Friday,4,8,August,21,1,,0,1410-10,4,6,1.0,0.4745762711864407,0.5391304347826087,Partly Cloudy,Cloudy,85.0,2,Calm,0,0,0,,1,1.0,full_season_release,1
20260815,2026-08-15,1410,Lehigh Valley IronPigs,International League,Coca-Cola Park,Scranton/Wilkes-Barre RailRiders,531,10000.0,1,night,Saturday,5,8,August,21,1,,0,1410-10,5,6,1.0,0.4789915966386555,0.5344827586206896,Clear,Clear,83.0,8,R To L,0,1,1,TBA presented by Lehigh Valley Health Network,1,0.0,full_season_release,1
20260825,2026-08-25,1410,Lehigh Valley IronPigs,International League,Coca-Cola Park,Syracuse Mets,552,6912.0,1,night,Tuesday,1,8,August,22,0,,0,1410-11,1,5,10.0,0.488,0.5079365079365079,Partly Cloudy,Cloudy,75.0,4,Varies,0,1,1,Patriotic Hambone Poster,1,0.0,full_season_release,1
20260826,2026-08-26,1410,Lehigh Valley IronPigs,International League,Coca-Cola Park,Syracuse Mets,552,6048.0,1,night,Wednesday,2,8,August,22,0,,0,1410-11,2,5,1.0,0.48412698412698413,0.5118110236220472,Partly Cloudy,Cloudy,80.0,5,Varies,0,0,0,,1,1.0,full_season_release,1
20260828,2026-08-28,1410,Lehigh Valley IronPigs,International League,Coca-Cola Park,Syracuse Mets,552,10000.0,1,night,Friday,4,8,August,23,1,,0,1410-11,3,5,2.0,0.4881889763779528,0.5078125,Clear,Clear,80.0,3,Calm,0,1,1,Clear Tote Bag presented by AARP Lehigh Valley,1,0.0,full_season_release,1
20260829,2026-08-29,1410,Lehigh Valley IronPigs,International League,Coca-Cola Park,Syracuse Mets,552,10000.0,2,night,Saturday,5,8,August,23,1,,0,1410-11,4,5,1.0,0.4806201550387597,0.5153846153846153,Clear,Clear,76.0,4,Varies,0,0,0,,1,1.0,full_season_release,1
20260830,2026-08-30,1410,Lehigh Valley IronPigs,International League,Coca-Cola Park,Syracuse Mets,552,9377.0,1,day,Sunday,6,8,August,23,1,,0,1410-11,5,5,1.0,0.47692307692307695,0.5190839694656488,Cloudy,Cloudy,74.0,4,Calm,0,0,0,,1,2.0,full_season_release,1
20260327,2026-03-27,416,Louisville Bats,International League,Louisville Slugger Field,Omaha Storm Chasers,541,4274.0,1,night,Friday,4,3,March,1,1,,0,416-1,1,9,,1.0,0.0,Cloudy,Cloudy,47.0,13,In From LF,0,0,0,,0,,partial_assembled,0
20260328,2026-03-28,416,Louisville Bats,International League,Louisville Slugger Field,Omaha Storm Chasers,541,3240.0,1,day,Saturday,5,3,March,1,1,,0,416-1,2,9,1.0,1.0,0.0,Sunny,Clear,47.0,7,L To R,0,0,0,,0,,partial_assembled,0
20260329,2026-03-29,416,Louisville Bats,International League,Louisville Slugger Field,Omaha Storm Chasers,541,3135.0,1,day,Sunday,6,3,March,1,1,,0,416-1,3,9,1.0,1.0,0.0,Sunny,Clear,66.0,13,Out To CF,0,0,0,,0,,partial_assembled,0
20260331,2026-03-31,416,Louisville Bats,International League,Louisville Slugger Field,Iowa Cubs,451,3062.0,1,night,Tuesday,1,3,March,1,0,,0,416-1,4,9,2.0,1.0,0.25,Cloudy,Cloudy,82.0,19,Out To RF,0,0,0,,0,,partial_assembled,0
20260401,2026-04-01,416,Louisville Bats,International League,Louisville Slugger Field,Iowa Cubs,451,2153.0,1,day,Wednesday,2,4,April,1,0,,0,416-1,5,9,1.0,0.8,0.4,Cloudy,Cloudy,78.0,11,R To L,0,0,0,,0,,partial_assembled,0
20260402,2026-04-02,416,Louisville Bats,International League,Louisville Slugger Field,Iowa Cubs,451,2929.0,1,night,Thursday,3,4,April,1,0,,0,416-1,6,9,1.0,0.6666666666666666,0.5,Partly Cloudy,Cloudy,81.0,18,Out To RF,0,0,0,,0,,partial_assembled,0
20260403,2026-04-03,416,Louisville Bats,International League,Louisville Slugger Field,Iowa Cubs,451,3770.0,1,night,Friday,4,4,April,2,1,,0,416-1,7,9,1.0,0.5714285714285714,0.5714285714285714,Partly Cloudy,Cloudy,82.0,11,R To L,0,0,0,,0,,partial_assembled,0
20260404,2026-04-04,416,Louisville Bats,International League,Louisville Slugger Field,Iowa Cubs,451,4319.0,1,day,Saturday,5,4,April,2,1,,0,416-1,8,9,1.0,0.5,0.625,Partly Cloudy,Cloudy,81.0,19,Out To RF,0,0,0,,0,,partial_assembled,0
20260405,2026-04-05,416,Louisville Bats,International League,Louisville Slugger Field,Iowa Cubs,451,2667.0,1,day,Sunday,6,4,April,2,1,,0,416-1,9,9,1.0,0.4444444444444444,0.6666666666666666,Sunny,Clear,54.0,14,L To R,0,0,0,,0,,partial_assembled,0
20260414,2026-04-14,416,Louisville Bats,International League,Louisville Slugger Field,Toledo Mud Hens,512,2832.0,1,night,Tuesday,1,4,April,3,0,,0,416-2,1,6,9.0,0.5625,0.4375,Partly Cloudy,Cloudy,83.0,16,Out To RF,0,0,0,,0,,partial_assembled,0
20260415,2026-04-15,416,Louisville Bats,International League,Louisville Slugger Field,Toledo Mud Hens,512,5645.0,1,day,Wednesday,2,4,April,3,0,,0,416-2,2,6,1.0,0.5882352941176471,0.4117647058823529,Overcast,Cloudy,75.0,11,In From CF,0,0,0,,0,,partial_assembled,0
20260416,2026-04-16,416,Louisville Bats,International League,Louisville Slugger Field,Toledo Mud Hens,512,4025.0,1,night,Thursday,3,4,April,3,0,,0,416-2,3,6,1.0,0.5555555555555556,0.4444444444444444,Partly Cloudy,Cloudy,81.0,14,Out To RF,0,0,0,,0,,partial_assembled,0
20260417,2026-04-17,416,Louisville Bats,International League,Louisville Slugger Field,Toledo Mud Hens,512,4085.0,1,night,Friday,4,4,April,4,1,,0,416-2,4,6,1.0,0.5263157894736842,0.47368421052631576,Partly Cloudy,Cloudy,83.0,13,Out To CF,0,0,0,,0,,partial_assembled,0
20260418,2026-04-18,416,Louisville Bats,International League,Louisville Slugger Field,Toledo Mud Hens,512,7743.0,1,day,Saturday,5,4,April,4,1,,0,416-2,5,6,1.0,0.55,0.45,Cloudy,Cloudy,70.0,10,Out To CF,0,0,0,,0,,partial_assembled,0
20260419,2026-04-19,416,Louisville Bats,International League,Louisville Slugger Field,Toledo Mud Hens,512,3112.0,1,day,Sunday,6,4,April,4,1,,0,416-2,6,6,1.0,0.5714285714285714,0.42857142857142855,Sunny,Clear,59.0,13,L To R,0,0,0,,0,,partial_assembled,0
20260506,2026-05-06,416,Louisville Bats,International League,Louisville Slugger Field,Nashville Sounds,556,4802.0,1,day,Wednesday,2,5,May,6,0,,0,416-3,1,10,17.0,0.6176470588235294,0.5,Partly Cloudy,Cloudy,51.0,7,In From CF,0,0,0,,0,,partial_assembled,0
20260507,2026-05-07,416,Louisville Bats,International League,Louisville Slugger Field,Nashville Sounds,556,4422.0,2,night,Thursday,3,5,May,6,0,,0,416-3,2,10,1.0,0.5833333333333334,0.5277777777777778,Clear,Clear,65.0,10,L To R,0,0,0,,0,,partial_assembled,0
20260508,2026-05-08,416,Louisville Bats,International League,Louisville Slugger Field,Nashville Sounds,556,6534.0,1,night,Friday,4,5,May,7,1,,0,416-3,3,10,1.0,0.5945945945945946,0.5135135135135135,Clear,Clear,67.0,10,Out To CF,0,0,0,,0,,partial_assembled,0
20260509,2026-05-09,416,Louisville Bats,International League,Louisville Slugger Field,Nashville Sounds,556,5467.0,1,night,Saturday,5,5,May,7,1,,0,416-3,4,10,1.0,0.6052631578947368,0.5,Clear,Clear,79.0,10,L To R,0,0,0,,0,,partial_assembled,0
20260510,2026-05-10,416,Louisville Bats,International League,Louisville Slugger Field,Nashville Sounds,556,4067.0,1,day,Sunday,6,5,May,7,1,Mother's Day,1,416-3,5,10,1.0,0.5897435897435898,0.5128205128205128,Sunny,Clear,76.0,7,L To R,0,0,0,,0,,partial_assembled,0
20260512,2026-05-12,416,Louisville Bats,International League,Louisville Slugger Field,Indianapolis Indians,484,2595.0,1,night,Tuesday,1,5,May,7,0,,0,416-3,6,10,2.0,0.575,0.4,Clear,Clear,78.0,5,L To R,0,0,0,,0,,partial_assembled,0
20260513,2026-05-13,416,Louisville Bats,International League,Louisville Slugger Field,Indianapolis Indians,484,6639.0,1,day,Wednesday,2,5,May,7,0,,0,416-3,7,10,1.0,0.5853658536585366,0.3902439024390244,Sunny,Clear,72.0,11,L To R,0,0,0,,0,,partial_assembled,0
20260514,2026-05-14,416,Louisville Bats,International League,Louisville Slugger Field,Indianapolis Indians,484,3418.0,1,night,Thursday,3,5,May,7,0,,0,416-3,8,10,1.0,0.5952380952380952,0.38095238095238093,Clear,Clear,66.0,7,L To R,0,0,0,,0,,partial_assembled,0
20260515,2026-05-15,416,Louisville Bats,International League,Louisville Slugger Field,Indianapolis Indians,484,5020.0,1,night,Friday,4,5,May,8,1,,0,416-3,9,10,1.0,0.5813953488372093,0.3953488372093023,Clear,Clear,75.0,8,R To L,0,0,0,,0,,partial_assembled,0
20260517,2026-05-17,416,Louisville Bats,International League,Louisville Slugger Field,Indianapolis Indians,484,4195.0,2,day,Sunday,6,5,May,8,1,,0,416-3,10,10,2.0,0.5777777777777777,0.4,Sunny,Clear,81.0,9,Out To RF,0,0,0,,0,,partial_assembled,0
20260526,2026-05-26,416,Louisville Bats,International League,Louisville Slugger Field,St. Paul Saints,1960,2518.0,1,night,Tuesday,1,5,May,9,0,,0,416-4,1,6,9.0,0.5490196078431373,0.5098039215686274,Rain,Precipitation,71.0,5,In From CF,1,0,0,,0,,partial_assembled,0
20260527,2026-05-27,416,Louisville Bats,International League,Louisville Slugger Field,St. Paul Saints,1960,2590.0,1,day,Wednesday,2,5,May,9,0,,0,416-4,2,6,1.0,0.5576923076923077,0.5,Overcast,Cloudy,78.0,8,L To R,0,0,0,,0,,partial_assembled,0
20260528,2026-05-28,416,Louisville Bats,International League,Louisville Slugger Field,St. Paul Saints,1960,3948.0,1,night,Thursday,3,5,May,9,0,,0,416-4,3,6,1.0,0.5471698113207547,0.5094339622641509,Partly Cloudy,Cloudy,83.0,7,In From RF,0,0,0,,0,,partial_assembled,0
20260529,2026-05-29,416,Louisville Bats,International League,Louisville Slugger Field,St. Paul Saints,1960,4799.0,1,night,Friday,4,5,May,10,1,,0,416-4,4,6,1.0,0.5555555555555556,0.5,Cloudy,Cloudy,79.0,3,Calm,0,0,0,,0,,partial_assembled,0
20260530,2026-05-30,416,Louisville Bats,International League,Louisville Slugger Field,St. Paul Saints,1960,5151.0,1,night,Saturday,5,5,May,10,1,,0,416-4,5,6,1.0,0.5454545454545454,0.509090909090909,Clear,Clear,84.0,9,Varies,0,0,0,,0,,partial_assembled,0
20260531,2026-05-31,416,Louisville Bats,International League,Louisville Slugger Field,St. Paul Saints,1960,3643.0,1,day,Sunday,6,5,May,10,1,,0,416-4,6,6,1.0,0.5357142857142857,0.5178571428571429,Sunny,Clear,79.0,2,L To R,0,0,0,,0,,partial_assembled,0
20260609,2026-06-09,416,Louisville Bats,International League,Louisville Slugger Field,Iowa Cubs,451,3223.0,1,night,Tuesday,1,6,June,11,0,,0,416-5,1,6,9.0,0.5238095238095238,0.41935483870967744,Cloudy,Cloudy,84.0,9,Out To LF,0,0,0,,0,,partial_assembled,0
20260610,2026-06-10,416,Louisville Bats,International League,Louisville Slugger Field,Iowa Cubs,451,2889.0,1,night,Wednesday,2,6,June,11,0,,0,416-5,2,6,1.0,0.53125,0.4126984126984127,Partly Cloudy,Cloudy,91.0,9,Out To RF,0,0,0,,0,,partial_assembled,0
20260611,2026-06-11,416,Louisville Bats,International League,Louisville Slugger Field,Iowa Cubs,451,4124.0,1,night,Thursday,3,6,June,11,0,,0,416-5,3,6,1.0,0.5384615384615384,0.40625,Partly Cloudy,Cloudy,88.0,11,Out To CF,0,0,0,,0,,partial_assembled,0
20260612,2026-06-12,416,Louisville Bats,International League,Louisville Slugger Field,Iowa Cubs,451,5855.0,1,night,Friday,4,6,June,12,1,,0,416-5,4,6,1.0,0.5303030303030303,0.4153846153846154,Clear,Clear,86.0,8,L To R,0,0,0,,0,,partial_assembled,0
20260613,2026-06-13,416,Louisville Bats,International League,Louisville Slugger Field,Iowa Cubs,451,5112.0,1,night,Saturday,5,6,June,12,1,,0,416-5,5,6,1.0,0.5373134328358209,0.4090909090909091,Partly Cloudy,Cloudy,82.0,5,L To R,0,0,0,,0,,partial_assembled,0
20260614,2026-06-14,416,Louisville Bats,International League,Louisville Slugger Field,Iowa Cubs,451,3788.0,1,day,Sunday,6,6,June,12,1,,0,416-5,6,6,1.0,0.5373134328358209,0.4090909090909091,Cloudy,Cloudy,79.0,12,L To R,0,0,0,,0,,partial_assembled,0
20260623,2026-06-23,416,Louisville Bats,International League,Louisville Slugger Field,St. Paul Saints,1960,4623.0,1,night,Tuesday,1,6,June,13,0,,0,416-6,1,5,9.0,0.5405405405405406,0.56,Partly Cloudy,Cloudy,83.0,9,L To R,0,0,0,,0,,partial_assembled,0
20260624,2026-06-24,416,Louisville Bats,International League,Louisville Slugger Field,St. Paul Saints,1960,4486.0,1,day,Wednesday,2,6,June,13,0,,0,416-6,2,5,1.0,0.5333333333333333,0.5657894736842105,Sunny,Clear,78.0,2,Varies,0,0,0,,0,,partial_assembled,0
20260626,2026-06-26,416,Louisville Bats,International League,Louisville Slugger Field,St. Paul Saints,1960,4712.0,1,night,Friday,4,6,June,14,1,,0,416-6,3,5,2.0,0.5263157894736842,0.5714285714285714,Cloudy,Cloudy,75.0,7,R To L,0,0,0,,0,,partial_assembled,0
20260627,2026-06-27,416,Louisville Bats,International League,Louisville Slugger Field,St. Paul Saints,1960,5301.0,1,day,Saturday,5,6,June,14,1,,0,416-6,4,5,1.0,0.5194805194805194,0.5769230769230769,Cloudy,Cloudy,77.0,11,Out To RF,0,0,0,,0,,partial_assembled,0
20260628,2026-06-28,416,Louisville Bats,International League,Louisville Slugger Field,St. Paul Saints,1960,3705.0,1,day,Sunday,6,6,June,14,1,,0,416-6,5,5,1.0,0.5256410256410257,0.569620253164557,Partly Cloudy,Cloudy,82.0,5,Calm,0,0,0,,0,,partial_assembled,0
20260707,2026-07-07,416,Louisville Bats,International League,Louisville Slugger Field,Omaha Storm Chasers,541,3177.0,1,night,Tuesday,1,7,July,15,0,,0,416-7,1,6,9.0,0.5176470588235295,0.4367816091954023,Cloudy,Cloudy,84.0,5,In From RF,0,0,0,,0,,partial_assembled,0
20260708,2026-07-08,416,Louisville Bats,International League,Louisville Slugger Field,Omaha Storm Chasers,541,3131.0,1,night,Wednesday,2,7,July,15,0,,0,416-7,2,6,1.0,0.5232558139534884,0.4318181818181818,Cloudy,Cloudy,84.0,3,R To L,0,0,0,,0,,partial_assembled,0
20260709,2026-07-09,416,Louisville Bats,International League,Louisville Slugger Field,Omaha Storm Chasers,541,4748.0,1,night,Thursday,3,7,July,15,0,,0,416-7,3,6,1.0,0.5287356321839081,0.42696629213483145,Partly Cloudy,Cloudy,87.0,7,L To R,0,0,0,,0,,partial_assembled,0
20260710,2026-07-10,416,Louisville Bats,International League,Louisville Slugger Field,Omaha Storm Chasers,541,5745.0,1,night,Friday,4,7,July,16,1,,0,416-7,4,6,1.0,0.5227272727272727,0.43333333333333335,Partly Cloudy,Cloudy,86.0,12,Out To LF,0,0,0,,0,,partial_assembled,0
20260711,2026-07-11,416,Louisville Bats,International League,Louisville Slugger Field,Omaha Storm Chasers,541,4921.0,1,night,Saturday,5,7,July,16,1,,0,416-7,5,6,1.0,0.5280898876404494,0.42857142857142855,Cloudy,Cloudy,83.0,4,In From LF,0,0,0,,0,,partial_assembled,0
20260712,2026-07-12,416,Louisville Bats,International League,Louisville Slugger Field,Omaha Storm Chasers,541,3838.0,1,day,Sunday,6,7,July,16,1,,0,416-7,6,6,1.0,0.5222222222222223,0.43478260869565216,Cloudy,Cloudy,80.0,13,R To L,0,0,0,,0,,partial_assembled,0
20260728,2026-07-28,416,Louisville Bats,International League,Louisville Slugger Field,Indianapolis Indians,484,3294.0,1,night,Tuesday,1,7,July,18,0,,0,416-9,1,6,16.0,0.4752475247524752,0.47572815533980584,Clear,Clear,87.0,8,In From CF,0,0,0,,0,,partial_assembled,0
20260729,2026-07-29,416,Louisville Bats,International League,Louisville Slugger Field,Indianapolis Indians,484,3019.0,1,night,Wednesday,2,7,July,18,0,,0,416-9,2,6,1.0,0.4803921568627451,0.47115384615384615,Clear,Clear,86.0,9,Varies,0,0,0,,0,,partial_assembled,0
20260730,2026-07-30,416,Louisville Bats,International League,Louisville Slugger Field,Indianapolis Indians,484,4791.0,1,night,Thursday,3,7,July,18,0,,0,416-9,3,6,1.0,0.47572815533980584,0.47619047619047616,Clear,Clear,84.0,4,L To R,0,0,0,,0,,partial_assembled,0
20260731,2026-07-31,416,Louisville Bats,International League,Louisville Slugger Field,Indianapolis Indians,484,6800.0,1,night,Friday,4,7,July,19,1,,0,416-9,4,6,1.0,0.47115384615384615,0.4811320754716981,Cloudy,Cloudy,84.0,6,R To L,0,0,0,,0,,partial_assembled,0
20260801,2026-08-01,416,Louisville Bats,International League,Louisville Slugger Field,Indianapolis Indians,484,5554.0,1,night,Saturday,5,8,August,19,1,,0,416-9,5,6,1.0,0.4666666666666667,0.48598130841121495,Partly Cloudy,Cloudy,75.0,10,L To R,0,0,0,,0,,partial_assembled,0
20260802,2026-08-02,416,Louisville Bats,International League,Louisville Slugger Field,Indianapolis Indians,484,3464.0,1,day,Sunday,6,8,August,19,1,,0,416-9,6,6,1.0,0.4716981132075472,0.48148148148148145,Cloudy,Cloudy,74.0,3,R To L,0,0,0,,0,,partial_assembled,0
20260811,2026-08-11,416,Louisville Bats,International League,Louisville Slugger Field,Toledo Mud Hens,512,9802.0,1,night,Tuesday,1,8,August,20,0,,0,416-10,1,5,9.0,0.45132743362831856,0.47368421052631576,Cloudy,Cloudy,80.0,5,R To L,0,0,0,,1,-3.0,partial_assembled,0
20260813,2026-08-13,416,Louisville Bats,International League,Louisville Slugger Field,Toledo Mud Hens,512,3531.0,2,night,Thursday,3,8,August,20,0,,0,416-10,2,5,2.0,0.45217391304347826,0.47413793103448276,Cloudy,Cloudy,88.0,5,L To R,0,0,0,,1,-2.0,partial_assembled,0
20260814,2026-08-14,416,Louisville Bats,International League,Louisville Slugger Field,Toledo Mud Hens,512,5191.0,1,night,Friday,4,8,August,21,1,,0,416-10,3,5,1.0,0.45689655172413796,0.4700854700854701,Clear,Clear,87.0,4,R To L,0,0,0,,1,-1.0,partial_assembled,0
20260815,2026-08-15,416,Louisville Bats,International League,Louisville Slugger Field,Toledo Mud Hens,512,5832.0,1,night,Saturday,5,8,August,21,1,,0,416-10,4,5,1.0,0.452991452991453,0.4745762711864407,Clear,Clear,91.0,6,L To R,0,1,1,"Terry Francona bobblehead, first 1500 fans",1,0.0,partial_assembled,0
20260816,2026-08-16,416,Louisville Bats,International League,Louisville Slugger Field,Toledo Mud Hens,512,3400.0,1,day,Sunday,6,8,August,21,1,,0,416-10,5,5,1.0,0.4576271186440678,0.47058823529411764,Sunny,Clear,92.0,7,L To R,0,0,0,,1,1.0,partial_assembled,0
20260825,2026-08-25,416,Louisville Bats,International League,Louisville Slugger Field,Gwinnett Stripers,431,3128.0,1,night,Tuesday,1,8,August,22,0,,0,416-11,1,6,9.0,0.456,0.5,Clear,Clear,81.0,2,In From CF,0,0,0,,1,-3.0,partial_assembled,0
20260826,2026-08-26,416,Louisville Bats,International League,Louisville Slugger Field,Gwinnett Stripers,431,2735.0,1,night,Wednesday,2,8,August,22,0,,0,416-11,2,6,1.0,0.4523809523809524,0.5039370078740157,Partly Cloudy,Cloudy,88.0,8,Varies,0,0,0,,1,-2.0,partial_assembled,0
20260827,2026-08-27,416,Louisville Bats,International League,Louisville Slugger Field,Gwinnett Stripers,431,3983.0,1,night,Thursday,3,8,August,22,0,,0,416-11,3,6,1.0,0.44881889763779526,0.5078125,Clear,Clear,82.0,7,L To R,0,0,0,,1,-1.0,partial_assembled,0
20260828,2026-08-28,416,Louisville Bats,International League,Louisville Slugger Field,Gwinnett Stripers,431,5496.0,1,night,Friday,4,8,August,23,1,,0,416-11,4,6,1.0,0.4453125,0.5116279069767442,Clear,Clear,83.0,8,In From RF,0,1,1,"Pat Kelsey bobblehead, first 2000 fans",1,0.0,partial_assembled,0
20260829,2026-08-29,416,Louisville Bats,International League,Louisville Slugger Field,Gwinnett Stripers,431,6140.0,1,night,Saturday,5,8,August,23,1,,0,416-11,5,6,1.0,0.4418604651162791,0.5153846153846153,Partly Cloudy,Cloudy,88.0,5,L To R,0,0,0,,1,1.0,partial_assembled,0
20260830,2026-08-30,416,Louisville Bats,International League,Louisville Slugger Field,Gwinnett Stripers,431,4079.0,1,day,Sunday,6,8,August,23,1,,0,416-11,6,6,1.0,0.4461538461538462,0.5114503816793893,Sunny,Clear,91.0,9,Out To CF,0,0,0,,1,2.0,partial_assembled,0
20260331,2026-03-31,235,Memphis Redbirds,International League,AutoZone Park,Norfolk Tides,568,2026.0,1,night,Tuesday,1,3,March,1,0,,0,235-1,1,5,,1.0,0.5,Partly Cloudy,Cloudy,80.0,10,L To R,0,0,0,,1,-4.0,partial_assembled,0
20260401,2026-04-01,235,Memphis Redbirds,International League,AutoZone Park,Norfolk Tides,568,1467.0,1,day,Wednesday,2,4,April,1,0,,0,235-1,2,5,1.0,1.0,0.4,Partly Cloudy,Cloudy,80.0,5,Out To CF,0,0,0,,1,-3.0,partial_assembled,0
20260402,2026-04-02,235,Memphis Redbirds,International League,AutoZone Park,Norfolk Tides,568,1286.0,1,night,Thursday,3,4,April,1,0,,0,235-1,3,5,1.0,1.0,0.3333333333333333,Cloudy,Cloudy,77.0,14,R To L,0,0,0,,1,-2.0,partial_assembled,0
20260403,2026-04-03,235,Memphis Redbirds,International League,AutoZone Park,Norfolk Tides,568,2500.0,1,day,Friday,4,4,April,2,1,,0,235-1,4,5,1.0,1.0,0.2857142857142857,Partly Cloudy,Cloudy,78.0,15,Varies,0,0,0,,1,-1.0,partial_assembled,0
20260405,2026-04-05,235,Memphis Redbirds,International League,AutoZone Park,Norfolk Tides,568,2824.0,2,day,Sunday,6,4,April,2,1,,0,235-1,5,5,2.0,0.8888888888888888,0.3333333333333333,Sunny,Clear,61.0,3,Calm,0,1,1,"Redbirds Easter bucket, first 500 kids",1,0.0,partial_assembled,0
20260414,2026-04-14,235,Memphis Redbirds,International League,AutoZone Park,Gwinnett Stripers,431,1274.0,1,night,Tuesday,1,4,April,3,0,,0,235-2,1,6,9.0,0.75,0.625,Partly Cloudy,Cloudy,84.0,13,R To L,0,0,0,,1,-3.0,partial_assembled,0
20260415,2026-04-15,235,Memphis Redbirds,International League,AutoZone Park,Gwinnett Stripers,431,1796.0,1,day,Wednesday,2,4,April,3,0,,0,235-2,2,6,1.0,0.7058823529411765,0.6470588235294118,Partly Cloudy,Cloudy,77.0,10,Out To CF,0,0,0,,1,-2.0,partial_assembled,0
20260416,2026-04-16,235,Memphis Redbirds,International League,AutoZone Park,Gwinnett Stripers,431,1415.0,1,night,Thursday,3,4,April,3,0,,0,235-2,3,6,1.0,0.6666666666666666,0.6666666666666666,Clear,Clear,82.0,6,R To L,0,0,0,,1,-1.0,partial_assembled,0
20260417,2026-04-17,235,Memphis Redbirds,International League,AutoZone Park,Gwinnett Stripers,431,3527.0,1,night,Friday,4,4,April,4,1,,0,235-2,4,6,1.0,0.6842105263157895,0.631578947368421,Clear,Clear,84.0,15,R To L,0,1,1,Redbirds dri-fit hoodie presented by Southern College of Optometry,1,0.0,partial_assembled,0
20260418,2026-04-18,235,Memphis Redbirds,International League,AutoZone Park,Gwinnett Stripers,431,3027.0,1,day,Saturday,5,4,April,4,1,,0,235-2,5,6,1.0,0.65,0.65,Cloudy,Cloudy,72.0,9,L To R,0,1,1,"T-shirt giveaway, County Fair Day",1,0.0,partial_assembled,0
20260419,2026-04-19,235,Memphis Redbirds,International League,AutoZone Park,Gwinnett Stripers,431,2480.0,1,day,Sunday,6,4,April,4,1,,0,235-2,6,6,1.0,0.6666666666666666,0.6190476190476191,Sunny,Clear,66.0,4,Calm,0,0,0,,1,1.0,partial_assembled,0
20260429,2026-04-29,235,Memphis Redbirds,International League,AutoZone Park,Indianapolis Indians,484,4010.0,2,day,Wednesday,2,4,April,5,0,,0,235-3,1,5,10.0,0.6551724137931034,0.3793103448275862,Overcast,Cloudy,75.0,8,In From RF,0,0,0,,1,-3.0,partial_assembled,0
20260430,2026-04-30,235,Memphis Redbirds,International League,AutoZone Park,Indianapolis Indians,484,1428.0,1,night,Thursday,3,4,April,5,0,,0,235-3,2,5,1.0,0.6666666666666666,0.36666666666666664,Cloudy,Cloudy,63.0,7,In From RF,0,0,0,,1,-2.0,partial_assembled,0
20260501,2026-05-01,235,Memphis Redbirds,International League,AutoZone Park,Indianapolis Indians,484,2352.0,1,night,Friday,4,5,May,6,1,,0,235-3,3,5,1.0,0.6774193548387096,0.3548387096774194,Partly Cloudy,Cloudy,61.0,6,In From CF,0,0,0,,1,-1.0,partial_assembled,0
20260502,2026-05-02,235,Memphis Redbirds,International League,AutoZone Park,Indianapolis Indians,484,4568.0,1,day,Saturday,5,5,May,6,1,,0,235-3,4,5,1.0,0.6875,0.34375,Partly Cloudy,Cloudy,66.0,9,In From LF,0,1,1,"Memphis Musica jersey, first 1500 fans",1,0.0,partial_assembled,0
20260503,2026-05-03,235,Memphis Redbirds,International League,AutoZone Park,Indianapolis Indians,484,3389.0,1,day,Sunday,6,5,May,6,1,,0,235-3,5,5,1.0,0.6666666666666666,0.36363636363636365,Sunny,Clear,67.0,10,Out To LF,0,1,1,"Redbirds Lightsaber, first 500 kids",1,0.0,partial_assembled,0
20260512,2026-05-12,235,Memphis Redbirds,International League,AutoZone Park,Jacksonville Jumbo Shrimp,564,1790.0,1,night,Tuesday,1,5,May,7,0,,0,235-4,1,6,9.0,0.625,0.525,Clear,Clear,79.0,4,Calm,0,0,0,,1,-4.0,partial_assembled,0
20260513,2026-05-13,235,Memphis Redbirds,International League,AutoZone Park,Jacksonville Jumbo Shrimp,564,4504.0,1,day,Wednesday,2,5,May,7,0,,0,235-4,2,6,1.0,0.6097560975609756,0.5365853658536586,Sunny,Clear,79.0,5,In From LF,0,0,0,,1,-3.0,partial_assembled,0
20260514,2026-05-14,235,Memphis Redbirds,International League,AutoZone Park,Jacksonville Jumbo Shrimp,564,10269.0,1,day,Thursday,3,5,May,7,0,,0,235-4,3,6,1.0,0.5952380952380952,0.5476190476190477,Sunny,Clear,69.0,6,R To L,0,0,0,,1,-2.0,partial_assembled,0
20260515,2026-05-15,235,Memphis Redbirds,International League,AutoZone Park,Jacksonville Jumbo Shrimp,564,2388.0,1,night,Friday,4,5,May,8,1,,0,235-4,4,6,1.0,0.6046511627906976,0.5348837209302325,Partly Cloudy,Cloudy,83.0,12,R To L,0,0,0,,1,-1.0,partial_assembled,0
20260516,2026-05-16,235,Memphis Redbirds,International League,AutoZone Park,Jacksonville Jumbo Shrimp,564,8501.0,1,night,Saturday,5,5,May,8,1,,0,235-4,5,6,1.0,0.6136363636363636,0.5227272727272727,Partly Cloudy,Cloudy,83.0,12,R To L,0,1,1,BBQ Nacho Oven Mitt presented by Memphis BBQ,1,0.0,partial_assembled,0
20260517,2026-05-17,235,Memphis Redbirds,International League,AutoZone Park,Jacksonville Jumbo Shrimp,564,2355.0,1,day,Sunday,6,5,May,8,1,,0,235-4,6,6,1.0,0.6,0.5333333333333333,Partly Cloudy,Cloudy,84.0,5,Calm,0,0,0,,1,1.0,partial_assembled,0
20260602,2026-06-02,235,Memphis Redbirds,International League,AutoZone Park,Louisville Bats,416,1534.0,1,night,Tuesday,1,6,June,10,0,,0,235-5,1,6,16.0,0.603448275862069,0.543859649122807,Partly Cloudy,Cloudy,84.0,7,In From CF,0,0,0,,1,-3.0,partial_assembled,0
20260603,2026-06-03,235,Memphis Redbirds,International League,AutoZone Park,Louisville Bats,416,1558.0,1,day,Wednesday,2,6,June,10,0,,0,235-5,2,6,1.0,0.6101694915254238,0.5344827586206896,Sunny,Clear,80.0,8,Calm,0,0,0,,1,-2.0,partial_assembled,0
20260604,2026-06-04,235,Memphis Redbirds,International League,AutoZone Park,Louisville Bats,416,2411.0,1,night,Thursday,3,6,June,10,0,,0,235-5,3,6,1.0,0.6166666666666667,0.5254237288135594,Partly Cloudy,Cloudy,80.0,4,Calm,0,0,0,,1,-1.0,partial_assembled,0
20260605,2026-06-05,235,Memphis Redbirds,International League,AutoZone Park,Louisville Bats,416,3232.0,1,night,Friday,4,6,June,11,1,,0,235-5,4,6,1.0,0.6065573770491803,0.5333333333333333,Clear,Clear,82.0,3,Calm,0,1,1,Redbirds Beach Towel presented by Welcome to Memphis,1,0.0,partial_assembled,0
20260606,2026-06-06,235,Memphis Redbirds,International League,AutoZone Park,Louisville Bats,416,6320.0,1,night,Saturday,5,6,June,11,1,,0,235-5,5,6,1.0,0.5967741935483871,0.5409836065573771,Cloudy,Cloudy,86.0,9,R To L,0,1,1,Redbirds soccer jersey presented by Embassy Suites,1,0.0,partial_assembled,0
20260607,2026-06-07,235,Memphis Redbirds,International League,AutoZone Park,Louisville Bats,416,3267.0,1,day,Sunday,6,6,June,11,1,,0,235-5,6,6,1.0,0.6031746031746031,0.532258064516129,Cloudy,Cloudy,81.0,7,Out To CF,0,0,0,,1,1.0,partial_assembled,0
20260616,2026-06-16,235,Memphis Redbirds,International League,AutoZone Park,Nashville Sounds,556,1853.0,1,night,Tuesday,1,6,June,12,0,,0,235-6,1,6,9.0,0.6285714285714286,0.5857142857142857,Partly Cloudy,Cloudy,83.0,3,Out To CF,0,0,0,,1,-4.0,partial_assembled,0
20260617,2026-06-17,235,Memphis Redbirds,International League,AutoZone Park,Nashville Sounds,556,3841.0,1,day,Wednesday,2,6,June,12,0,,0,235-6,2,6,1.0,0.6197183098591549,0.5915492957746479,Overcast,Cloudy,82.0,20,R To L,0,0,0,,1,-3.0,partial_assembled,0
20260618,2026-06-18,235,Memphis Redbirds,International League,AutoZone Park,Nashville Sounds,556,2392.0,1,night,Thursday,3,6,June,12,0,,0,235-6,3,6,1.0,0.625,0.5833333333333334,Partly Cloudy,Cloudy,84.0,4,Calm,0,0,0,,1,-2.0,partial_assembled,0
20260619,2026-06-19,235,Memphis Redbirds,International League,AutoZone Park,Nashville Sounds,556,3176.0,1,night,Friday,4,6,June,13,1,,0,235-6,4,6,1.0,0.6301369863013698,0.5753424657534246,Cloudy,Cloudy,83.0,4,L To R,0,0,0,,1,-1.0,partial_assembled,0
20260620,2026-06-20,235,Memphis Redbirds,International League,AutoZone Park,Nashville Sounds,556,6830.0,1,night,Saturday,5,6,June,13,1,,0,235-6,5,6,1.0,0.6216216216216216,0.581081081081081,Partly Cloudy,Cloudy,82.0,1,Calm,0,1,1,Basketball jersey presented by Beale St.,1,0.0,partial_assembled,0
20260621,2026-06-21,235,Memphis Redbirds,International League,AutoZone Park,Nashville Sounds,556,2518.0,1,day,Sunday,6,6,June,13,1,Father's Day,1,235-6,6,6,1.0,0.6266666666666667,0.5733333333333334,Partly Cloudy,Cloudy,86.0,6,Calm,0,1,1,"Melonheads themed bucket hat, first 1500 fans",1,0.0,partial_assembled,0
20260630,2026-06-30,235,Memphis Redbirds,International League,AutoZone Park,Charlotte Knights,494,1834.0,1,night,Tuesday,1,6,June,14,0,,0,235-7,1,6,9.0,0.5975609756097561,0.5365853658536586,Partly Cloudy,Cloudy,93.0,5,Out To CF,0,0,0,,1,-5.0,partial_assembled,0
20260701,2026-07-01,235,Memphis Redbirds,International League,AutoZone Park,Charlotte Knights,494,1086.0,1,night,Wednesday,2,7,July,14,0,,0,235-7,2,6,1.0,0.5903614457831325,0.5421686746987951,Clear,Clear,94.0,3,Calm,0,0,0,,1,-4.0,partial_assembled,0
20260702,2026-07-02,235,Memphis Redbirds,International League,AutoZone Park,Charlotte Knights,494,2240.0,1,night,Thursday,3,7,July,14,0,,0,235-7,3,6,1.0,0.5952380952380952,0.5357142857142857,Clear,Clear,93.0,5,Out To LF,0,0,0,,1,-3.0,partial_assembled,0
20260703,2026-07-03,235,Memphis Redbirds,International League,AutoZone Park,Charlotte Knights,494,6551.0,1,night,Friday,4,7,July,15,1,,0,235-7,4,6,1.0,0.6,0.5294117647058824,Clear,Clear,91.0,3,Calm,0,0,0,,1,-2.0,partial_assembled,0
20260704,2026-07-04,235,Memphis Redbirds,International League,AutoZone Park,Charlotte Knights,494,8876.0,1,night,Saturday,5,7,July,15,1,Independence Day,1,235-7,5,6,1.0,0.5930232558139535,0.5348837209302325,Cloudy,Cloudy,86.0,9,Out To RF,0,0,0,,1,-1.0,partial_assembled,0
20260705,2026-07-05,235,Memphis Redbirds,International League,AutoZone Park,Charlotte Knights,494,2005.0,1,day,Sunday,6,7,July,15,1,,0,235-7,6,6,1.0,0.5977011494252874,0.5287356321839081,Partly Cloudy,Cloudy,88.0,2,Calm,0,1,1,"Kids dinosaur jersey, first 500 kids",1,0.0,partial_assembled,0
20260717,2026-07-17,235,Memphis Redbirds,International League,AutoZone Park,Iowa Cubs,451,3821.0,1,night,Friday,4,7,July,17,1,,0,235-8,1,9,12.0,0.5851063829787234,0.42857142857142855,Clear,Clear,89.0,3,Calm,0,0,0,,1,-2.0,partial_assembled,0
20260718,2026-07-18,235,Memphis Redbirds,International League,AutoZone Park,Iowa Cubs,451,7568.0,1,night,Saturday,5,7,July,17,1,,0,235-8,2,9,1.0,0.5789473684210527,0.43478260869565216,Partly Cloudy,Cloudy,93.0,7,Out To CF,0,0,0,,1,-1.0,partial_assembled,0
20260719,2026-07-19,235,Memphis Redbirds,International League,AutoZone Park,Iowa Cubs,451,1651.0,1,day,Sunday,6,7,July,17,1,,0,235-8,3,9,1.0,0.5729166666666666,0.44086021505376344,Partly Cloudy,Cloudy,93.0,12,Out To RF,0,1,1,"Redbirds ugly sweater t-shirt, first 500 kids",1,0.0,partial_assembled,0
20260721,2026-07-21,235,Memphis Redbirds,International League,AutoZone Park,Durham Bulls,234,1331.0,1,night,Tuesday,1,7,July,17,0,,0,235-8,4,9,2.0,0.5670103092783505,0.4631578947368421,Clear,Clear,93.0,1,Calm,0,0,0,,1,1.0,partial_assembled,0
20260722,2026-07-22,235,Memphis Redbirds,International League,AutoZone Park,Durham Bulls,234,1775.0,1,night,Wednesday,2,7,July,17,0,,0,235-8,5,9,1.0,0.5612244897959183,0.46875,Clear,Clear,87.0,11,In From RF,0,0,0,,1,2.0,partial_assembled,0
20260723,2026-07-23,235,Memphis Redbirds,International League,AutoZone Park,Durham Bulls,234,2200.0,1,night,Thursday,3,7,July,17,0,,0,235-8,6,9,1.0,0.5656565656565656,0.4639175257731959,Partly Cloudy,Cloudy,85.0,8,In From CF,0,0,0,,1,3.0,partial_assembled,0
20260724,2026-07-24,235,Memphis Redbirds,International League,AutoZone Park,Durham Bulls,234,2441.0,1,night,Friday,4,7,July,18,1,,0,235-8,7,9,1.0,0.57,0.45918367346938777,Cloudy,Cloudy,85.0,4,R To L,0,0,0,,1,4.0,partial_assembled,0
20260725,2026-07-25,235,Memphis Redbirds,International League,AutoZone Park,Durham Bulls,234,8589.0,1,night,Saturday,5,7,July,18,1,,0,235-8,8,9,1.0,0.5643564356435643,0.46464646464646464,Rain,Precipitation,88.0,5,L To R,1,0,0,,1,5.0,partial_assembled,0
20260726,2026-07-26,235,Memphis Redbirds,International League,AutoZone Park,Durham Bulls,234,1679.0,1,day,Sunday,6,7,July,18,1,,0,235-8,9,9,1.0,0.5686274509803921,0.46,Sunny,Clear,93.0,5,Calm,0,0,0,,1,6.0,partial_assembled,0
20260804,2026-08-04,235,Memphis Redbirds,International League,AutoZone Park,Nashville Sounds,556,1356.0,1,night,Tuesday,1,8,August,19,0,,0,235-9,1,6,9.0,0.5596330275229358,0.5412844036697247,Clear,Clear,87.0,4,Calm,0,0,0,,0,,partial_assembled,0
20260805,2026-08-05,235,Memphis Redbirds,International League,AutoZone Park,Nashville Sounds,556,1781.0,1,night,Wednesday,2,8,August,19,0,,0,235-9,2,6,1.0,0.5636363636363636,0.5363636363636364,Clear,Clear,92.0,3,In From CF,0,0,0,,0,,partial_assembled,0
20260806,2026-08-06,235,Memphis Redbirds,International League,AutoZone Park,Nashville Sounds,556,1581.0,1,night,Thursday,3,8,August,19,0,,0,235-9,3,6,1.0,0.5585585585585585,0.5405405405405406,Clear,Clear,90.0,7,In From CF,0,0,0,,0,,partial_assembled,0
20260807,2026-08-07,235,Memphis Redbirds,International League,AutoZone Park,Nashville Sounds,556,3946.0,1,night,Friday,4,8,August,20,1,,0,235-9,4,6,1.0,0.5535714285714286,0.5446428571428571,Partly Cloudy,Cloudy,91.0,4,R To L,0,0,0,,0,,partial_assembled,0
20260808,2026-08-08,235,Memphis Redbirds,International League,AutoZone Park,Nashville Sounds,556,5431.0,1,night,Saturday,5,8,August,20,1,,0,235-9,5,6,1.0,0.5486725663716814,0.5486725663716814,Partly Cloudy,Cloudy,86.0,3,In From CF,0,0,0,,0,,partial_assembled,0
20260809,2026-08-09,235,Memphis Redbirds,International League,AutoZone Park,Nashville Sounds,556,1941.0,1,day,Sunday,6,8,August,20,1,,0,235-9,6,6,1.0,0.5526315789473685,0.543859649122807,Partly Cloudy,Cloudy,90.0,4,Calm,0,0,0,,0,,partial_assembled,0
20260818,2026-08-18,235,Memphis Redbirds,International League,AutoZone Park,Jacksonville Jumbo Shrimp,564,1186.0,1,night,Tuesday,1,8,August,21,0,,0,235-10,1,6,9.0,0.5537190082644629,0.5042016806722689,Clear,Clear,89.0,6,In From CF,0,0,0,,0,,partial_assembled,0
20260819,2026-08-19,235,Memphis Redbirds,International League,AutoZone Park,Jacksonville Jumbo Shrimp,564,1154.0,1,night,Wednesday,2,8,August,21,0,,0,235-10,2,6,1.0,0.5491803278688525,0.5083333333333333,Cloudy,Cloudy,95.0,6,Out To LF,0,0,0,,0,,partial_assembled,0
20260820,2026-08-20,235,Memphis Redbirds,International League,AutoZone Park,Jacksonville Jumbo Shrimp,564,1174.0,1,night,Thursday,3,8,August,21,0,,0,235-10,3,6,1.0,0.5447154471544715,0.512396694214876,Partly Cloudy,Cloudy,95.0,3,Calm,0,0,0,,0,,partial_assembled,0
20260821,2026-08-21,235,Memphis Redbirds,International League,AutoZone Park,Jacksonville Jumbo Shrimp,564,2582.0,1,night,Friday,4,8,August,22,1,,0,235-10,4,6,1.0,0.5483870967741935,0.5081967213114754,Clear,Clear,91.0,9,In From CF,0,0,0,,0,,partial_assembled,0
20260822,2026-08-22,235,Memphis Redbirds,International League,AutoZone Park,Jacksonville Jumbo Shrimp,564,5280.0,1,night,Saturday,5,8,August,22,1,,0,235-10,5,6,1.0,0.552,0.5040650406504065,Rain,Precipitation,76.0,7,L To R,1,0,0,,0,,partial_assembled,0
20260823,2026-08-23,235,Memphis Redbirds,International League,AutoZone Park,Jacksonville Jumbo Shrimp,564,1809.0,1,day,Sunday,6,8,August,22,1,,0,235-10,6,6,1.0,0.5476190476190477,0.5080645161290323,Sunny,Clear,88.0,4,Calm,0,0,0,,0,,partial_assembled,0
20260331,2026-03-31,556,Nashville Sounds,International League,First Horizon Park,Charlotte Knights,494,7678.0,1,night,Tuesday,1,3,March,1,0,,0,556-1,1,5,,0.5,0.75,Partly Cloudy,Cloudy,79.0,11,R To L,0,1,1,2026 Tour T-shirt,1,0.0,full_season_release,1
20260401,2026-04-01,556,Nashville Sounds,International League,First Horizon Park,Charlotte Knights,494,4002.0,1,night,Wednesday,2,4,April,1,0,,0,556-1,2,5,1.0,0.4,0.8,Partly Cloudy,Cloudy,78.0,9,R To L,0,1,1,2026 Schedule Concert Poster,1,0.0,full_season_release,1
20260402,2026-04-02,556,Nashville Sounds,International League,First Horizon Park,Charlotte Knights,494,5217.0,1,night,Thursday,3,4,April,1,0,,0,556-1,3,5,1.0,0.5,0.6666666666666666,Partly Cloudy,Cloudy,81.0,15,R To L,0,0,0,,1,1.0,full_season_release,1
20260403,2026-04-03,556,Nashville Sounds,International League,First Horizon Park,Charlotte Knights,494,7892.0,1,night,Friday,4,4,April,2,1,,0,556-1,4,5,1.0,0.5714285714285714,0.5714285714285714,Clear,Clear,82.0,8,R To L,0,0,0,,1,2.0,full_season_release,1
20260405,2026-04-05,556,Nashville Sounds,International League,First Horizon Park,Charlotte Knights,494,4881.0,1,day,Sunday,6,4,April,2,1,,0,556-1,5,5,2.0,0.625,0.5,Partly Cloudy,Cloudy,57.0,10,Out To LF,0,0,0,,1,3.0,full_season_release,1
20260414,2026-04-14,556,Nashville Sounds,International League,First Horizon Park,Worcester Red Sox,533,5029.0,1,night,Tuesday,1,4,April,3,0,,0,556-2,1,6,9.0,0.4666666666666667,0.6666666666666666,Clear,Clear,82.0,10,R To L,0,0,0,,1,-1.0,full_season_release,1
20260415,2026-04-15,556,Nashville Sounds,International League,First Horizon Park,Worcester Red Sox,533,5255.0,1,night,Wednesday,2,4,April,3,0,,0,556-2,2,6,1.0,0.5,0.625,Clear,Clear,84.0,13,R To L,0,1,1,Jackie Robinson Replica Jersey,1,0.0,full_season_release,1
20260416,2026-04-16,556,Nashville Sounds,International League,First Horizon Park,Worcester Red Sox,533,6144.0,1,night,Thursday,3,4,April,3,0,,0,556-2,3,6,1.0,0.5294117647058824,0.5882352941176471,Partly Cloudy,Cloudy,82.0,8,R To L,0,0,0,,1,1.0,full_season_release,1
20260417,2026-04-17,556,Nashville Sounds,International League,First Horizon Park,Worcester Red Sox,533,7789.0,1,night,Friday,4,4,April,4,1,,0,556-2,4,6,1.0,0.5555555555555556,0.5555555555555556,Clear,Clear,79.0,5,R To L,0,0,0,,1,-1.0,full_season_release,1
20260418,2026-04-18,556,Nashville Sounds,International League,First Horizon Park,Worcester Red Sox,533,5997.0,1,night,Saturday,5,4,April,4,1,,0,556-2,5,6,1.0,0.5789473684210527,0.5263157894736842,Overcast,Cloudy,54.0,15,Out To LF,0,1,1,"Jacob Misiorowski Skyline Bobblehead, first 2000 fans",1,0.0,full_season_release,1
20260419,2026-04-19,556,Nashville Sounds,International League,First Horizon Park,Worcester Red Sox,533,8812.0,1,day,Sunday,6,4,April,4,1,,0,556-2,6,6,1.0,0.55,0.55,Sunny,Clear,64.0,11,L To R,0,1,1,"Sounds Ice Cream Jersey, first 500 kids",1,0.0,full_season_release,1
20260429,2026-04-29,556,Nashville Sounds,International League,First Horizon Park,Norfolk Tides,568,4514.0,1,night,Wednesday,2,4,April,5,0,,0,556-4,1,5,10.0,0.5357142857142857,0.35714285714285715,Partly Cloudy,Cloudy,68.0,7,Out To RF,0,1,1,Country Legends Coasters presented by First Horizon,1,0.0,full_season_release,1
20260430,2026-04-30,556,Nashville Sounds,International League,First Horizon Park,Norfolk Tides,568,6426.0,2,night,Thursday,3,4,April,5,0,,0,556-4,2,5,1.0,0.5333333333333333,0.36666666666666664,Partly Cloudy,Cloudy,63.0,7,L To R,0,0,0,,1,1.0,full_season_release,1
20260501,2026-05-01,556,Nashville Sounds,International League,First Horizon Park,Norfolk Tides,568,6607.0,1,night,Friday,4,5,May,6,1,,0,556-4,3,5,1.0,0.5161290322580645,0.3870967741935484,Clear,Clear,62.0,9,Out To RF,0,0,0,,1,-1.0,full_season_release,1
20260502,2026-05-02,556,Nashville Sounds,International League,First Horizon Park,Norfolk Tides,568,9019.0,1,night,Saturday,5,5,May,6,1,,0,556-4,4,5,1.0,0.5,0.40625,Partly Cloudy,Cloudy,54.0,9,L To R,0,1,1,Tune Squad Jersey,1,0.0,full_season_release,1
20260503,2026-05-03,556,Nashville Sounds,International League,First Horizon Park,Norfolk Tides,568,7511.0,1,day,Sunday,6,5,May,6,1,,0,556-4,5,5,1.0,0.5151515151515151,0.3939393939393939,Sunny,Clear,66.0,7,R To L,0,1,1,Booster Building Block Set presented by First Horizon,1,0.0,full_season_release,1
20260512,2026-05-12,556,Nashville Sounds,International League,First Horizon Park,Iowa Cubs,451,5687.0,1,night,Tuesday,1,5,May,7,0,,0,556-5,1,6,9.0,0.525,0.46153846153846156,Clear,Clear,81.0,6,R To L,0,0,0,,1,-1.0,full_season_release,1
20260513,2026-05-13,556,Nashville Sounds,International League,First Horizon Park,Iowa Cubs,451,5677.0,1,night,Wednesday,2,5,May,7,0,,0,556-5,2,6,1.0,0.5365853658536586,0.45,Clear,Clear,79.0,14,Out To LF,0,1,1,Vihuelas Sunglasses,1,0.0,full_season_release,1
20260514,2026-05-14,556,Nashville Sounds,International League,First Horizon Park,Iowa Cubs,451,6044.0,1,night,Thursday,3,5,May,7,0,,0,556-5,3,6,1.0,0.5476190476190477,0.43902439024390244,Clear,Clear,70.0,6,Out To CF,0,0,0,,1,1.0,full_season_release,1
20260515,2026-05-15,556,Nashville Sounds,International League,First Horizon Park,Iowa Cubs,451,8644.0,1,night,Friday,4,5,May,8,1,,0,556-5,4,6,1.0,0.5581395348837209,0.42857142857142855,Partly Cloudy,Cloudy,79.0,9,In From CF,0,0,0,,1,-1.0,full_season_release,1
20260516,2026-05-16,556,Nashville Sounds,International League,First Horizon Park,Iowa Cubs,451,10078.0,1,night,Saturday,5,5,May,8,1,,0,556-5,5,6,1.0,0.5681818181818182,0.4186046511627907,Partly Cloudy,Cloudy,83.0,10,In From CF,0,1,1,Sleeveless Hoodie presented by RJ Young,1,0.0,full_season_release,1
20260517,2026-05-17,556,Nashville Sounds,International League,First Horizon Park,Iowa Cubs,451,6513.0,1,day,Sunday,6,5,May,8,1,,0,556-5,6,6,1.0,0.5777777777777777,0.4090909090909091,Partly Cloudy,Cloudy,88.0,10,In From CF,0,1,1,"Ice Cream Batter Sleeve, first 500 kids",1,0.0,full_season_release,1
20260526,2026-05-26,556,Nashville Sounds,International League,First Horizon Park,Gwinnett Stripers,431,4919.0,1,night,Tuesday,1,5,May,9,0,,0,556-6,1,6,9.0,0.5961538461538461,0.5384615384615384,Cloudy,Cloudy,79.0,7,R To L,0,0,0,,1,-1.0,full_season_release,1
20260527,2026-05-27,556,Nashville Sounds,International League,First Horizon Park,Gwinnett Stripers,431,5247.0,1,night,Wednesday,2,5,May,9,0,,0,556-6,2,6,1.0,0.5849056603773585,0.5471698113207547,Partly Cloudy,Cloudy,85.0,5,Out To CF,0,1,1,Denim Bucket Hat presented by First Horizon,1,0.0,full_season_release,1
20260528,2026-05-28,556,Nashville Sounds,International League,First Horizon Park,Gwinnett Stripers,431,6421.0,1,night,Thursday,3,5,May,9,0,,0,556-6,3,6,1.0,0.5925925925925926,0.5370370370370371,Partly Cloudy,Cloudy,85.0,8,L To R,0,0,0,,1,1.0,full_season_release,1
20260529,2026-05-29,556,Nashville Sounds,International League,First Horizon Park,Gwinnett Stripers,431,6219.0,1,night,Friday,4,5,May,10,1,,0,556-6,4,6,1.0,0.6,0.5272727272727272,Cloudy,Cloudy,75.0,4,L To R,0,0,0,,1,2.0,full_season_release,1
20260530,2026-05-30,556,Nashville Sounds,International League,First Horizon Park,Gwinnett Stripers,431,7873.0,1,night,Saturday,5,5,May,10,1,,0,556-6,5,6,1.0,0.6071428571428571,0.5178571428571429,Overcast,Cloudy,77.0,7,Out To CF,0,0,0,,1,3.0,full_season_release,1
20260531,2026-05-31,556,Nashville Sounds,International League,First Horizon Park,Gwinnett Stripers,431,5311.0,1,day,Sunday,6,5,May,10,1,,0,556-6,6,6,1.0,0.6140350877192983,0.5087719298245614,Partly Cloudy,Cloudy,84.0,1,Out To LF,0,0,0,,1,4.0,full_season_release,1
20260609,2026-06-09,556,Nashville Sounds,International League,First Horizon Park,Durham Bulls,234,5012.0,1,night,Tuesday,1,6,June,11,0,,0,556-7,1,6,9.0,0.609375,0.375,Cloudy,Cloudy,80.0,4,L To R,0,0,0,,1,-1.0,full_season_release,1
20260610,2026-06-10,556,Nashville Sounds,International League,First Horizon Park,Durham Bulls,234,6569.0,1,night,Wednesday,2,6,June,11,0,,0,556-7,2,6,1.0,0.6153846153846154,0.36923076923076925,Partly Cloudy,Cloudy,91.0,8,R To L,0,1,1,Brewmaster Shirt presented by Nobody Trashes TN,1,0.0,full_season_release,1
20260611,2026-06-11,556,Nashville Sounds,International League,First Horizon Park,Durham Bulls,234,6886.0,1,night,Thursday,3,6,June,11,0,,0,556-7,3,6,1.0,0.6212121212121212,0.36363636363636365,Clear,Clear,90.0,9,R To L,0,1,1,Vintage Panel Throwback Hat presented by Advance Financial,1,0.0,full_season_release,1
20260612,2026-06-12,556,Nashville Sounds,International League,First Horizon Park,Durham Bulls,234,7677.0,1,night,Friday,4,6,June,12,1,,0,556-7,4,6,1.0,0.6119402985074627,0.373134328358209,Partly Cloudy,Cloudy,82.0,6,R To L,0,0,0,,1,1.0,full_season_release,1
20260613,2026-06-13,556,Nashville Sounds,International League,First Horizon Park,Durham Bulls,234,8815.0,1,night,Saturday,5,6,June,12,1,,0,556-7,5,6,1.0,0.6029411764705882,0.38235294117647056,Partly Cloudy,Cloudy,87.0,4,R To L,0,1,1,Sulphur Dell Replica,1,0.0,full_season_release,1
20260614,2026-06-14,556,Nashville Sounds,International League,First Horizon Park,Durham Bulls,234,5007.0,1,day,Sunday,6,6,June,12,1,,0,556-7,6,6,1.0,0.5942028985507246,0.391304347826087,Rain,Precipitation,81.0,7,R To L,1,0,0,,1,1.0,full_season_release,1
20260623,2026-06-23,556,Nashville Sounds,International League,First Horizon Park,Gwinnett Stripers,431,6581.0,1,night,Tuesday,1,6,June,13,0,,0,556-8,1,11,9.0,0.5789473684210527,0.5066666666666667,Partly Cloudy,Cloudy,80.0,7,L To R,0,0,0,,1,-1.0,full_season_release,1
20260624,2026-06-24,556,Nashville Sounds,International League,First Horizon Park,Gwinnett Stripers,431,7591.0,1,night,Wednesday,2,6,June,13,0,,0,556-8,2,11,1.0,0.5714285714285714,0.5131578947368421,Partly Cloudy,Cloudy,82.0,3,Out To CF,0,1,1,"Brice Turang Skyline Bobblehead, first 2000 fans",1,0.0,full_season_release,1
20260625,2026-06-25,556,Nashville Sounds,International League,First Horizon Park,Gwinnett Stripers,431,5761.0,1,night,Thursday,3,6,June,13,0,,0,556-8,3,11,1.0,0.5769230769230769,0.5064935064935064,Partly Cloudy,Cloudy,84.0,9,In From RF,0,0,0,,1,1.0,full_season_release,1
20260626,2026-06-26,556,Nashville Sounds,International League,First Horizon Park,Gwinnett Stripers,431,8167.0,1,night,Friday,4,6,June,14,1,,0,556-8,4,11,1.0,0.569620253164557,0.5128205128205128,Cloudy,Cloudy,86.0,7,R To L,0,0,0,,1,-1.0,full_season_release,1
20260627,2026-06-27,556,Nashville Sounds,International League,First Horizon Park,Gwinnett Stripers,431,8119.0,1,night,Saturday,5,6,June,14,1,,0,556-8,5,11,1.0,0.5625,0.5189873417721519,Overcast,Cloudy,80.0,7,In From RF,0,1,1,"Hawaiian Shirt, first 2000 fans",1,0.0,full_season_release,1
20260628,2026-06-28,556,Nashville Sounds,International League,First Horizon Park,Gwinnett Stripers,431,5237.0,1,night,Sunday,6,6,June,14,1,,0,556-8,6,11,1.0,0.5679012345679012,0.5125,Clear,Clear,90.0,10,R To L,0,0,0,,1,1.0,full_season_release,1
20260630,2026-06-30,556,Nashville Sounds,International League,First Horizon Park,Jacksonville Jumbo Shrimp,564,5338.0,1,night,Tuesday,1,6,June,14,0,,0,556-8,7,11,2.0,0.573170731707317,0.5802469135802469,Clear,Clear,95.0,4,In From RF,0,0,0,,1,-1.0,full_season_release,1
20260701,2026-07-01,556,Nashville Sounds,International League,First Horizon Park,Jacksonville Jumbo Shrimp,564,5076.0,1,night,Wednesday,2,7,July,14,0,,0,556-8,8,11,1.0,0.5662650602409639,0.5853658536585366,Partly Cloudy,Cloudy,94.0,6,Out To LF,0,1,1,Hot Chickens Cooling Towel,1,0.0,full_season_release,1
20260702,2026-07-02,556,Nashville Sounds,International League,First Horizon Park,Jacksonville Jumbo Shrimp,564,5074.0,1,night,Thursday,3,7,July,14,0,,0,556-8,9,11,1.0,0.5595238095238095,0.5903614457831325,Cloudy,Cloudy,83.0,6,Out To LF,0,0,0,,1,1.0,full_season_release,1
20260704,2026-07-04,556,Nashville Sounds,International League,First Horizon Park,Jacksonville Jumbo Shrimp,564,9823.0,2,night,Saturday,5,7,July,15,1,Independence Day,1,556-8,10,11,2.0,0.5697674418604651,0.5764705882352941,Partly Cloudy,Cloudy,91.0,3,R To L,0,0,0,,1,2.0,full_season_release,1
20260705,2026-07-05,556,Nashville Sounds,International League,First Horizon Park,Jacksonville Jumbo Shrimp,564,7242.0,1,night,Sunday,6,7,July,15,1,,0,556-8,11,11,1.0,0.5747126436781609,0.5697674418604651,Partly Cloudy,Cloudy,81.0,7,R To L,0,0,0,,1,3.0,full_season_release,1
20260717,2026-07-17,556,Nashville Sounds,International League,First Horizon Park,Norfolk Tides,568,10154.0,1,night,Friday,4,7,July,17,1,,0,556-9,1,3,12.0,0.5638297872340425,0.3695652173913043,Cloudy,Cloudy,81.0,6,R To L,0,0,0,,1,-1.0,full_season_release,1
20260718,2026-07-18,556,Nashville Sounds,International League,First Horizon Park,Norfolk Tides,568,9811.0,1,night,Saturday,5,7,July,17,1,,0,556-9,2,3,1.0,0.5578947368421052,0.3763440860215054,Partly Cloudy,Cloudy,83.0,5,R To L,0,1,1,Spider-Man Funko Pop,1,0.0,full_season_release,1
20260719,2026-07-19,556,Nashville Sounds,International League,First Horizon Park,Norfolk Tides,568,6771.0,1,night,Sunday,6,7,July,17,1,,0,556-9,3,3,1.0,0.5625,0.3723404255319149,Cloudy,Cloudy,83.0,4,Out To RF,0,1,1,"Sounds Ice Cream Jersey, first 500 kids",1,0.0,full_season_release,1
20260728,2026-07-28,556,Nashville Sounds,International League,First Horizon Park,Charlotte Knights,494,5518.0,1,night,Tuesday,1,7,July,18,0,,0,556-10,1,6,9.0,0.5436893203883495,0.5436893203883495,Partly Cloudy,Cloudy,90.0,11,Out To CF,0,0,0,,1,-1.0,full_season_release,1
20260729,2026-07-29,556,Nashville Sounds,International League,First Horizon Park,Charlotte Knights,494,6466.0,1,night,Wednesday,2,7,July,18,0,,0,556-10,2,6,1.0,0.5384615384615384,0.5480769230769231,Partly Cloudy,Cloudy,86.0,8,Out To RF,0,1,1,Country Legends Coasters presented by First Horizon,1,0.0,full_season_release,1
20260730,2026-07-30,556,Nashville Sounds,International League,First Horizon Park,Charlotte Knights,494,7001.0,1,night,Thursday,3,7,July,18,0,,0,556-10,3,6,1.0,0.5333333333333333,0.5523809523809524,Partly Cloudy,Cloudy,84.0,8,Out To RF,0,0,0,,1,1.0,full_season_release,1
20260731,2026-07-31,556,Nashville Sounds,International League,First Horizon Park,Charlotte Knights,494,10557.0,1,night,Friday,4,7,July,19,1,,0,556-10,4,6,1.0,0.5377358490566038,0.5471698113207547,Partly Cloudy,Cloudy,87.0,4,R To L,0,0,0,,1,-1.0,full_season_release,1
20260801,2026-08-01,556,Nashville Sounds,International League,First Horizon Park,Charlotte Knights,494,11559.0,1,night,Saturday,5,8,August,19,1,,0,556-10,5,6,1.0,0.5420560747663551,0.5420560747663551,Partly Cloudy,Cloudy,83.0,14,R To L,0,1,1,Denim Bucket Hat presented by First Horizon,1,0.0,full_season_release,1
20260802,2026-08-02,556,Nashville Sounds,International League,First Horizon Park,Charlotte Knights,494,5501.0,1,night,Sunday,6,8,August,19,1,,0,556-10,6,6,1.0,0.5462962962962963,0.5370370370370371,Overcast,Cloudy,75.0,8,Out To LF,0,0,0,,1,1.0,full_season_release,1
20260811,2026-08-11,556,Nashville Sounds,International League,First Horizon Park,Indianapolis Indians,484,4989.0,1,night,Tuesday,1,8,August,20,0,,0,556-11,1,6,9.0,0.5478260869565217,0.48695652173913045,Clear,Clear,90.0,6,Out To CF,0,0,0,,1,-1.0,full_season_release,1
20260812,2026-08-12,556,Nashville Sounds,International League,First Horizon Park,Indianapolis Indians,484,4711.0,1,night,Wednesday,2,8,August,20,0,,0,556-11,2,6,1.0,0.5431034482758621,0.49137931034482757,Partly Cloudy,Cloudy,90.0,6,R To L,0,1,1,Booster Building Block Set presented by First Horizon,1,0.0,full_season_release,1
20260813,2026-08-13,556,Nashville Sounds,International League,First Horizon Park,Indianapolis Indians,484,4981.0,1,night,Thursday,3,8,August,20,0,,0,556-11,3,6,1.0,0.5384615384615384,0.49572649572649574,Partly Cloudy,Cloudy,93.0,6,R To L,0,0,0,,1,1.0,full_season_release,1
20260814,2026-08-14,556,Nashville Sounds,International League,First Horizon Park,Indianapolis Indians,484,7513.0,1,night,Friday,4,8,August,21,1,,0,556-11,4,6,1.0,0.5423728813559322,0.4915254237288136,Clear,Clear,95.0,7,R To L,0,0,0,,1,-1.0,full_season_release,1
20260815,2026-08-15,556,Nashville Sounds,International League,First Horizon Park,Indianapolis Indians,484,8945.0,1,night,Saturday,5,8,August,21,1,,0,556-11,5,6,1.0,0.5378151260504201,0.4957983193277311,Clear,Clear,96.0,7,R To L,0,1,1,Brewmaster Shirt presented by Nobody Trashes TN,1,0.0,full_season_release,1
20260816,2026-08-16,556,Nashville Sounds,International League,First Horizon Park,Indianapolis Indians,484,6186.0,1,night,Sunday,6,8,August,21,1,,0,556-11,6,6,1.0,0.5416666666666666,0.49166666666666664,Clear,Clear,97.0,9,R To L,0,0,0,,1,1.0,full_season_release,1
20260327,2026-03-27,568,Norfolk Tides,International League,Harbor Park,Nashville Sounds,556,6519.0,1,night,Friday,4,3,March,1,1,,0,568-1,1,3,,1.0,0.0,Overcast,Cloudy,53.0,17,L To R,0,0,0,,0,,no_source_found,0
20260328,2026-03-28,568,Norfolk Tides,International League,Harbor Park,Nashville Sounds,556,3813.0,1,night,Saturday,5,3,March,1,1,,0,568-1,2,3,1.0,1.0,0.0,Clear,Clear,46.0,11,L To R,0,0,0,,0,,no_source_found,0
20260329,2026-03-29,568,Norfolk Tides,International League,Harbor Park,Nashville Sounds,556,4541.0,1,day,Sunday,6,3,March,1,1,,0,568-1,3,3,1.0,0.6666666666666666,0.3333333333333333,Partly Cloudy,Cloudy,52.0,9,In From RF,0,0,0,,0,,no_source_found,0
20260407,2026-04-07,568,Norfolk Tides,International League,Harbor Park,Jacksonville Jumbo Shrimp,564,4555.0,1,night,Tuesday,1,4,April,2,0,,0,568-2,1,6,9.0,0.3,0.4,Cloudy,Cloudy,57.0,12,L To R,0,0,0,,0,,no_source_found,0
20260408,2026-04-08,568,Norfolk Tides,International League,Harbor Park,Jacksonville Jumbo Shrimp,564,2736.0,1,night,Wednesday,2,4,April,2,0,,0,568-2,2,6,1.0,0.2727272727272727,0.45454545454545453,Partly Cloudy,Cloudy,47.0,12,L To R,0,0,0,,0,,no_source_found,0
20260409,2026-04-09,568,Norfolk Tides,International League,Harbor Park,Jacksonville Jumbo Shrimp,564,4777.0,1,day,Thursday,3,4,April,2,0,,0,568-2,3,6,1.0,0.25,0.5,Partly Cloudy,Cloudy,55.0,10,L To R,0,0,0,,0,,no_source_found,0
20260410,2026-04-10,568,Norfolk Tides,International League,Harbor Park,Jacksonville Jumbo Shrimp,564,4516.0,1,night,Friday,4,4,April,3,1,,0,568-2,4,6,1.0,0.3076923076923077,0.46153846153846156,Clear,Clear,68.0,7,In From LF,0,0,0,,0,,no_source_found,0
20260411,2026-04-11,568,Norfolk Tides,International League,Harbor Park,Jacksonville Jumbo Shrimp,564,6728.0,1,night,Saturday,5,4,April,3,1,,0,568-2,5,6,1.0,0.35714285714285715,0.42857142857142855,Clear,Clear,65.0,9,L To R,0,0,0,,0,,no_source_found,0
20260412,2026-04-12,568,Norfolk Tides,International League,Harbor Park,Jacksonville Jumbo Shrimp,564,4057.0,1,day,Sunday,6,4,April,3,1,,0,568-2,6,6,1.0,0.3333333333333333,0.4666666666666667,Sunny,Clear,67.0,12,L To R,0,0,0,,0,,no_source_found,0
20260421,2026-04-21,568,Norfolk Tides,International League,Harbor Park,Memphis Redbirds,235,3466.0,1,night,Tuesday,1,4,April,4,0,,0,568-3,1,6,9.0,0.4090909090909091,0.6363636363636364,Clear,Clear,56.0,9,In From CF,0,0,0,,0,,no_source_found,0
20260422,2026-04-22,568,Norfolk Tides,International League,Harbor Park,Memphis Redbirds,235,3509.0,1,night,Wednesday,2,4,April,4,0,,0,568-3,2,6,1.0,0.391304347826087,0.6521739130434783,Cloudy,Cloudy,78.0,11,Out To CF,0,0,0,,0,,no_source_found,0
20260423,2026-04-23,568,Norfolk Tides,International League,Harbor Park,Memphis Redbirds,235,5185.0,1,day,Thursday,3,4,April,4,0,,0,568-3,3,6,1.0,0.375,0.6666666666666666,Sunny,Clear,79.0,5,Varies,0,0,0,,0,,no_source_found,0
20260424,2026-04-24,568,Norfolk Tides,International League,Harbor Park,Memphis Redbirds,235,5432.0,1,night,Friday,4,4,April,5,1,,0,568-3,4,6,1.0,0.4,0.64,Clear,Clear,77.0,10,L To R,0,0,0,,0,,no_source_found,0
20260425,2026-04-25,568,Norfolk Tides,International League,Harbor Park,Memphis Redbirds,235,7010.0,1,night,Saturday,5,4,April,5,1,,0,568-3,5,6,1.0,0.38461538461538464,0.6538461538461539,Partly Cloudy,Cloudy,69.0,10,Out To RF,0,0,0,,0,,no_source_found,0
20260426,2026-04-26,568,Norfolk Tides,International League,Harbor Park,Memphis Redbirds,235,4822.0,1,day,Sunday,6,4,April,5,1,,0,568-3,6,6,1.0,0.37037037037037035,0.6666666666666666,Overcast,Cloudy,54.0,13,In From LF,0,0,0,,0,,no_source_found,0
20260505,2026-05-05,568,Norfolk Tides,International League,Harbor Park,Gwinnett Stripers,431,3471.0,1,night,Tuesday,1,5,May,6,0,,0,568-4,1,5,9.0,0.38235294117647056,0.6176470588235294,Partly Cloudy,Cloudy,80.0,17,R To L,0,0,0,,0,,no_source_found,0
20260506,2026-05-06,568,Norfolk Tides,International League,Harbor Park,Gwinnett Stripers,431,3538.0,1,night,Wednesday,2,5,May,6,0,,0,568-4,2,5,1.0,0.37142857142857144,0.6285714285714286,Cloudy,Cloudy,78.0,11,R To L,0,0,0,,0,,no_source_found,0
20260508,2026-05-08,568,Norfolk Tides,International League,Harbor Park,Gwinnett Stripers,431,11026.0,2,night,Friday,4,5,May,7,1,,0,568-4,3,5,2.0,0.3783783783783784,0.6216216216216216,Clear,Clear,68.0,10,In From CF,0,0,0,,0,,no_source_found,0
20260509,2026-05-09,568,Norfolk Tides,International League,Harbor Park,Gwinnett Stripers,431,7382.0,1,night,Saturday,5,5,May,7,1,,0,568-4,4,5,1.0,0.3684210526315789,0.631578947368421,Cloudy,Cloudy,75.0,9,Out To LF,0,0,0,,0,,no_source_found,0
20260510,2026-05-10,568,Norfolk Tides,International League,Harbor Park,Gwinnett Stripers,431,5010.0,1,day,Sunday,6,5,May,7,1,Mother's Day,1,568-4,5,5,1.0,0.38461538461538464,0.6153846153846154,Sunny,Clear,70.0,1,Calm,0,0,0,,0,,no_source_found,0
20260526,2026-05-26,568,Norfolk Tides,International League,Harbor Park,Durham Bulls,234,4118.0,1,night,Tuesday,1,5,May,9,0,,0,568-5,1,6,16.0,0.36538461538461536,0.4230769230769231,Cloudy,Cloudy,73.0,6,Varies,0,0,0,,0,,no_source_found,0
20260527,2026-05-27,568,Norfolk Tides,International League,Harbor Park,Durham Bulls,234,3856.0,1,night,Wednesday,2,5,May,9,0,,0,568-5,2,6,1.0,0.37735849056603776,0.41509433962264153,Partly Cloudy,Cloudy,86.0,9,Varies,0,0,0,,0,,no_source_found,0
20260528,2026-05-28,568,Norfolk Tides,International League,Harbor Park,Durham Bulls,234,5684.0,1,day,Thursday,3,5,May,9,0,,0,568-5,3,6,1.0,0.3888888888888889,0.4074074074074074,Partly Cloudy,Cloudy,82.0,9,R To L,0,0,0,,0,,no_source_found,0
20260529,2026-05-29,568,Norfolk Tides,International League,Harbor Park,Durham Bulls,234,6763.0,1,night,Friday,4,5,May,10,1,,0,568-5,4,6,1.0,0.38181818181818183,0.41818181818181815,Clear,Clear,79.0,7,Out To LF,0,0,0,,0,,no_source_found,0
20260530,2026-05-30,568,Norfolk Tides,International League,Harbor Park,Durham Bulls,234,10149.0,1,night,Saturday,5,5,May,10,1,,0,568-5,5,6,1.0,0.39285714285714285,0.4107142857142857,Clear,Clear,71.0,8,L To R,0,0,0,,0,,no_source_found,0
20260531,2026-05-31,568,Norfolk Tides,International League,Harbor Park,Durham Bulls,234,6795.0,1,day,Sunday,6,5,May,10,1,,0,568-5,6,6,1.0,0.38596491228070173,0.42105263157894735,Partly Cloudy,Cloudy,71.0,8,R To L,0,0,0,,0,,no_source_found,0
20260609,2026-06-09,568,Norfolk Tides,International League,Harbor Park,Memphis Redbirds,235,4399.0,1,night,Tuesday,1,6,June,11,0,,0,568-6,1,5,9.0,0.390625,0.609375,Partly Cloudy,Cloudy,78.0,7,L To R,0,0,0,,0,,no_source_found,0
20260611,2026-06-11,568,Norfolk Tides,International League,Harbor Park,Memphis Redbirds,235,4567.0,2,day,Thursday,3,6,June,11,0,,0,568-6,2,5,2.0,0.3787878787878788,0.6212121212121212,Partly Cloudy,Cloudy,90.0,8,R To L,0,0,0,,0,,no_source_found,0
20260612,2026-06-12,568,Norfolk Tides,International League,Harbor Park,Memphis Redbirds,235,5071.0,1,night,Friday,4,6,June,12,1,,0,568-6,3,5,1.0,0.373134328358209,0.6268656716417911,Partly Cloudy,Cloudy,97.0,9,R To L,0,0,0,,0,,no_source_found,0
20260613,2026-06-13,568,Norfolk Tides,International League,Harbor Park,Memphis Redbirds,235,7185.0,1,night,Saturday,5,6,June,12,1,,0,568-6,4,5,1.0,0.38235294117647056,0.6176470588235294,Cloudy,Cloudy,87.0,7,L To R,0,0,0,,0,,no_source_found,0
20260614,2026-06-14,568,Norfolk Tides,International League,Harbor Park,Memphis Redbirds,235,3722.0,1,day,Sunday,6,6,June,12,1,,0,568-6,5,5,1.0,0.37681159420289856,0.6231884057971014,Partly Cloudy,Cloudy,92.0,8,R To L,0,0,0,,0,,no_source_found,0
20260624,2026-06-24,568,Norfolk Tides,International League,Harbor Park,Durham Bulls,234,7012.0,2,night,Wednesday,2,6,June,13,0,,0,568-7,1,4,10.0,0.36363636363636365,0.38961038961038963,Cloudy,Cloudy,81.0,5,L To R,0,0,0,,0,,no_source_found,0
20260625,2026-06-25,568,Norfolk Tides,International League,Harbor Park,Durham Bulls,234,5213.0,1,day,Thursday,3,6,June,13,0,,0,568-7,2,4,1.0,0.358974358974359,0.3974358974358974,Cloudy,Cloudy,80.0,9,Varies,0,0,0,,0,,no_source_found,0
20260626,2026-06-26,568,Norfolk Tides,International League,Harbor Park,Durham Bulls,234,6042.0,1,night,Friday,4,6,June,14,1,,0,568-7,3,4,1.0,0.35443037974683544,0.4050632911392405,Cloudy,Cloudy,86.0,10,R To L,0,0,0,,0,,no_source_found,0
20260628,2026-06-28,568,Norfolk Tides,International League,Harbor Park,Durham Bulls,234,4593.0,2,day,Sunday,6,6,June,14,1,,0,568-7,4,4,2.0,0.35802469135802467,0.4074074074074074,Overcast,Cloudy,80.0,4,Varies,0,0,0,,0,,no_source_found,0
20260708,2026-07-08,568,Norfolk Tides,International League,Harbor Park,Syracuse Mets,552,4002.0,2,night,Wednesday,2,7,July,15,0,,0,568-8,1,5,10.0,0.3522727272727273,0.5056179775280899,Cloudy,Cloudy,79.0,9,Varies,0,0,0,,0,,no_source_found,0
20260709,2026-07-09,568,Norfolk Tides,International League,Harbor Park,Syracuse Mets,552,3039.0,1,night,Thursday,3,7,July,15,0,,0,568-8,2,5,1.0,0.3595505617977528,0.5,Partly Cloudy,Cloudy,92.0,10,Out To LF,0,0,0,,0,,no_source_found,0
20260710,2026-07-10,568,Norfolk Tides,International League,Harbor Park,Syracuse Mets,552,5437.0,1,night,Friday,4,7,July,16,1,,0,568-8,3,5,1.0,0.35555555555555557,0.5054945054945055,Cloudy,Cloudy,81.0,3,Out To LF,0,0,0,,0,,no_source_found,0
20260711,2026-07-11,568,Norfolk Tides,International League,Harbor Park,Syracuse Mets,552,7678.0,1,night,Saturday,5,7,July,16,1,,0,568-8,4,5,1.0,0.3626373626373626,0.5,Partly Cloudy,Cloudy,88.0,8,Varies,0,0,0,,0,,no_source_found,0
20260728,2026-07-28,568,Norfolk Tides,International League,Harbor Park,Worcester Red Sox,533,5165.0,1,night,Tuesday,1,7,July,18,0,,0,568-9,1,6,17.0,0.36633663366336633,0.5204081632653061,Cloudy,Cloudy,84.0,13,R To L,0,0,0,,0,,no_source_found,0
20260729,2026-07-29,568,Norfolk Tides,International League,Harbor Park,Worcester Red Sox,533,4343.0,1,night,Wednesday,2,7,July,18,0,,0,568-9,2,6,1.0,0.3627450980392157,0.5252525252525253,Partly Cloudy,Cloudy,85.0,10,Varies,0,0,0,,0,,no_source_found,0
20260730,2026-07-30,568,Norfolk Tides,International League,Harbor Park,Worcester Red Sox,533,4172.0,1,night,Thursday,3,7,July,18,0,,0,568-9,3,6,1.0,0.3592233009708738,0.53,Partly Cloudy,Cloudy,85.0,7,Varies,0,0,0,,0,,no_source_found,0
20260731,2026-07-31,568,Norfolk Tides,International League,Harbor Park,Worcester Red Sox,533,9504.0,1,night,Friday,4,7,July,19,1,,0,568-9,4,6,1.0,0.3557692307692308,0.5346534653465347,Partly Cloudy,Cloudy,88.0,7,L To R,0,0,0,,0,,no_source_found,0
20260801,2026-08-01,568,Norfolk Tides,International League,Harbor Park,Worcester Red Sox,533,8529.0,1,night,Saturday,5,8,August,19,1,,0,568-9,5,6,1.0,0.3523809523809524,0.5392156862745098,Partly Cloudy,Cloudy,84.0,11,Varies,0,0,0,,0,,no_source_found,0
20260802,2026-08-02,568,Norfolk Tides,International League,Harbor Park,Worcester Red Sox,533,5496.0,1,day,Sunday,6,8,August,19,1,,0,568-9,6,6,1.0,0.3490566037735849,0.5436893203883495,Cloudy,Cloudy,88.0,11,In From RF,0,0,0,,0,,no_source_found,0
20260811,2026-08-11,568,Norfolk Tides,International League,Harbor Park,Gwinnett Stripers,431,6088.0,1,night,Tuesday,1,8,August,20,0,,0,568-10,1,11,9.0,0.35398230088495575,0.5087719298245614,Partly Cloudy,Cloudy,89.0,8,Varies,0,0,0,,0,,no_source_found,0
20260812,2026-08-12,568,Norfolk Tides,International League,Harbor Park,Gwinnett Stripers,431,3260.0,1,night,Wednesday,2,8,August,20,0,,0,568-10,2,11,1.0,0.35964912280701755,0.5043478260869565,Partly Cloudy,Cloudy,86.0,8,Varies,0,0,0,,0,,no_source_found,0
20260813,2026-08-13,568,Norfolk Tides,International League,Harbor Park,Gwinnett Stripers,431,4008.0,1,day,Thursday,3,8,August,20,0,,0,568-10,3,11,1.0,0.3565217391304348,0.5086206896551724,Sunny,Clear,86.0,7,Varies,0,0,0,,0,,no_source_found,0
20260814,2026-08-14,568,Norfolk Tides,International League,Harbor Park,Gwinnett Stripers,431,5228.0,1,night,Friday,4,8,August,21,1,,0,568-10,4,11,1.0,0.3620689655172414,0.5042735042735043,Partly Cloudy,Cloudy,93.0,6,Out To LF,0,0,0,,0,,no_source_found,0
20260815,2026-08-15,568,Norfolk Tides,International League,Harbor Park,Gwinnett Stripers,431,8078.0,1,night,Saturday,5,8,August,21,1,,0,568-10,5,11,1.0,0.358974358974359,0.5084745762711864,Partly Cloudy,Cloudy,82.0,8,Varies,0,0,0,,0,,no_source_found,0
20260816,2026-08-16,568,Norfolk Tides,International League,Harbor Park,Gwinnett Stripers,431,4438.0,1,day,Sunday,6,8,August,21,1,,0,568-10,6,11,1.0,0.3644067796610169,0.5042016806722689,Cloudy,Cloudy,85.0,9,L To R,0,0,0,,0,,no_source_found,0
20260818,2026-08-18,568,Norfolk Tides,International League,Harbor Park,Nashville Sounds,556,7015.0,1,night,Tuesday,1,8,August,21,0,,0,568-10,7,11,2.0,0.3697478991596639,0.5371900826446281,Partly Cloudy,Cloudy,86.0,9,L To R,0,0,0,,0,,no_source_found,0
20260819,2026-08-19,568,Norfolk Tides,International League,Harbor Park,Nashville Sounds,556,3672.0,1,night,Wednesday,2,8,August,21,0,,0,568-10,8,11,1.0,0.375,0.5327868852459017,Partly Cloudy,Cloudy,90.0,8,Varies,0,0,0,,0,,no_source_found,0
20260820,2026-08-20,568,Norfolk Tides,International League,Harbor Park,Nashville Sounds,556,3416.0,1,day,Thursday,3,8,August,21,0,,0,568-10,9,11,1.0,0.371900826446281,0.5365853658536586,Partly Cloudy,Cloudy,88.0,8,Varies,0,0,0,,0,,no_source_found,0
20260822,2026-08-22,568,Norfolk Tides,International League,Harbor Park,Nashville Sounds,556,6384.0,1,night,Saturday,5,8,August,22,1,,0,568-10,10,11,2.0,0.36885245901639346,0.5403225806451613,Partly Cloudy,Cloudy,84.0,6,L To R,0,0,0,,0,,no_source_found,0
20260823,2026-08-23,568,Norfolk Tides,International League,Harbor Park,Nashville Sounds,556,5118.0,1,day,Sunday,6,8,August,22,1,,0,568-10,11,11,1.0,0.36585365853658536,0.544,Partly Cloudy,Cloudy,84.0,9,Out To RF,0,0,0,,0,,no_source_found,0
20260327,2026-03-27,238,Oklahoma City Comets,Pacific Coast League,Chickasaw Bricktown Ballpark,Albuquerque Isotopes,342,6834.0,1,night,Friday,4,3,March,1,1,,0,238-1,1,3,,0.0,1.0,Overcast,Cloudy,58.0,18,In From CF,0,0,0,,1,-1.0,full_season_release,1
20260328,2026-03-28,238,Oklahoma City Comets,Pacific Coast League,Chickasaw Bricktown Ballpark,Albuquerque Isotopes,342,5386.0,1,night,Saturday,5,3,March,1,1,,0,238-1,2,3,1.0,0.5,0.5,Partly Cloudy,Cloudy,60.0,7,R To L,0,1,1,"Comets hat, first 1000 fans",1,0.0,full_season_release,1
20260329,2026-03-29,238,Oklahoma City Comets,Pacific Coast League,Chickasaw Bricktown Ballpark,Albuquerque Isotopes,342,4022.0,1,day,Sunday,6,3,March,1,1,,0,238-1,3,3,1.0,0.6666666666666666,0.3333333333333333,Sunny,Clear,75.0,22,Out To CF,0,0,0,,1,1.0,full_season_release,1
20260407,2026-04-07,238,Oklahoma City Comets,Pacific Coast League,Chickasaw Bricktown Ballpark,Round Rock Express,102,3898.0,1,night,Tuesday,1,4,April,2,0,,0,238-2,1,6,9.0,0.5,0.2,Clear,Clear,70.0,8,R To L,0,0,0,,0,,full_season_release,1
20260408,2026-04-08,238,Oklahoma City Comets,Pacific Coast League,Chickasaw Bricktown Ballpark,Round Rock Express,102,6328.0,1,day,Wednesday,2,4,April,2,0,,0,238-2,2,6,1.0,0.45454545454545453,0.2727272727272727,Sunny,Clear,66.0,13,Out To LF,0,0,0,,0,,full_season_release,1
20260409,2026-04-09,238,Oklahoma City Comets,Pacific Coast League,Chickasaw Bricktown Ballpark,Round Rock Express,102,3649.0,1,night,Thursday,3,4,April,2,0,,0,238-2,3,6,1.0,0.4166666666666667,0.3333333333333333,Clear,Clear,78.0,21,R To L,0,0,0,,0,,full_season_release,1
20260410,2026-04-10,238,Oklahoma City Comets,Pacific Coast League,Chickasaw Bricktown Ballpark,Round Rock Express,102,5429.0,1,night,Friday,4,4,April,3,1,,0,238-2,4,6,1.0,0.46153846153846156,0.3076923076923077,Partly Cloudy,Cloudy,73.0,11,In From RF,0,0,0,,0,,full_season_release,1
20260411,2026-04-11,238,Oklahoma City Comets,Pacific Coast League,Chickasaw Bricktown Ballpark,Round Rock Express,102,5988.0,1,night,Saturday,5,4,April,3,1,,0,238-2,5,6,1.0,0.5,0.2857142857142857,Partly Cloudy,Cloudy,77.0,9,R To L,0,0,0,,0,,full_season_release,1
20260412,2026-04-12,238,Oklahoma City Comets,Pacific Coast League,Chickasaw Bricktown Ballpark,Round Rock Express,102,4167.0,1,day,Sunday,6,4,April,3,1,,0,238-2,6,6,1.0,0.5333333333333333,0.26666666666666666,Partly Cloudy,Cloudy,74.0,12,Out To CF,0,0,0,,0,,full_season_release,1
20260421,2026-04-21,238,Oklahoma City Comets,Pacific Coast League,Chickasaw Bricktown Ballpark,Tacoma Rainiers,529,3628.0,1,night,Tuesday,1,4,April,4,0,,0,238-3,1,6,9.0,0.5,0.45454545454545453,Overcast,Cloudy,60.0,7,Out To LF,0,0,0,,1,-3.0,full_season_release,1
20260422,2026-04-22,238,Oklahoma City Comets,Pacific Coast League,Chickasaw Bricktown Ballpark,Tacoma Rainiers,529,3438.0,1,night,Wednesday,2,4,April,4,0,,0,238-3,2,6,1.0,0.5217391304347826,0.43478260869565216,Cloudy,Cloudy,68.0,13,Out To LF,0,0,0,,1,-2.0,full_season_release,1
20260423,2026-04-23,238,Oklahoma City Comets,Pacific Coast League,Chickasaw Bricktown Ballpark,Tacoma Rainiers,529,6488.0,1,day,Thursday,3,4,April,4,0,,0,238-3,3,6,1.0,0.5,0.4583333333333333,Partly Cloudy,Cloudy,71.0,20,Out To LF,0,0,0,,1,-1.0,full_season_release,1
20260424,2026-04-24,238,Oklahoma City Comets,Pacific Coast League,Chickasaw Bricktown Ballpark,Tacoma Rainiers,529,6367.0,1,night,Friday,4,4,April,5,1,,0,238-3,4,6,1.0,0.48,0.48,Cloudy,Cloudy,69.0,11,In From RF,0,1,1,"Los Angeles Dodgers Celebration Night Poster, first 1000 fans",1,0.0,full_season_release,1
20260425,2026-04-25,238,Oklahoma City Comets,Pacific Coast League,Chickasaw Bricktown Ballpark,Tacoma Rainiers,529,5839.0,1,night,Saturday,5,4,April,5,1,,0,238-3,5,6,1.0,0.46153846153846156,0.5,Partly Cloudy,Cloudy,72.0,5,R To L,0,0,0,,1,1.0,full_season_release,1
20260426,2026-04-26,238,Oklahoma City Comets,Pacific Coast League,Chickasaw Bricktown Ballpark,Tacoma Rainiers,529,4639.0,1,day,Sunday,6,4,April,5,1,,0,238-3,6,6,1.0,0.4444444444444444,0.5185185185185185,Partly Cloudy,Cloudy,85.0,16,Out To LF,0,0,0,,1,2.0,full_season_release,1
20260505,2026-05-05,238,Oklahoma City Comets,Pacific Coast League,Chickasaw Bricktown Ballpark,Salt Lake Bees,561,5004.0,1,night,Tuesday,1,5,May,6,0,,0,238-4,1,6,9.0,0.5,0.4411764705882353,Cloudy,Cloudy,52.0,15,In From CF,0,0,0,,0,,full_season_release,1
20260506,2026-05-06,238,Oklahoma City Comets,Pacific Coast League,Chickasaw Bricktown Ballpark,Salt Lake Bees,561,9436.0,1,day,Wednesday,2,5,May,6,0,,0,238-4,2,6,1.0,0.5142857142857142,0.42857142857142855,Partly Cloudy,Cloudy,54.0,14,In From CF,0,0,0,,0,,full_season_release,1
20260507,2026-05-07,238,Oklahoma City Comets,Pacific Coast League,Chickasaw Bricktown Ballpark,Salt Lake Bees,561,3633.0,1,night,Thursday,3,5,May,6,0,,0,238-4,3,6,1.0,0.5277777777777778,0.4166666666666667,Clear,Clear,74.0,4,R To L,0,0,0,,0,,full_season_release,1
20260508,2026-05-08,238,Oklahoma City Comets,Pacific Coast League,Chickasaw Bricktown Ballpark,Salt Lake Bees,561,8586.0,1,night,Friday,4,5,May,7,1,,0,238-4,4,6,1.0,0.5135135135135135,0.43243243243243246,Partly Cloudy,Cloudy,65.0,6,Out To LF,0,0,0,,0,,full_season_release,1
20260509,2026-05-09,238,Oklahoma City Comets,Pacific Coast League,Chickasaw Bricktown Ballpark,Salt Lake Bees,561,10050.0,1,night,Saturday,5,5,May,7,1,,0,238-4,5,6,1.0,0.5263157894736842,0.42105263157894735,Clear,Clear,84.0,8,R To L,0,0,0,,0,,full_season_release,1
20260519,2026-05-19,238,Oklahoma City Comets,Pacific Coast League,Chickasaw Bricktown Ballpark,Reno Aces,2310,3213.0,1,night,Tuesday,1,5,May,8,0,,0,238-5,1,6,10.0,0.5555555555555556,0.4782608695652174,Overcast,Cloudy,54.0,9,In From CF,0,0,0,,1,-4.0,full_season_release,1
20260520,2026-05-20,238,Oklahoma City Comets,Pacific Coast League,Chickasaw Bricktown Ballpark,Reno Aces,2310,3034.0,1,night,Wednesday,2,5,May,8,0,,0,238-5,2,6,1.0,0.5652173913043478,0.46808510638297873,Overcast,Cloudy,60.0,9,L To R,0,0,0,,1,-3.0,full_season_release,1
20260521,2026-05-21,238,Oklahoma City Comets,Pacific Coast League,Chickasaw Bricktown Ballpark,Reno Aces,2310,3529.0,1,night,Thursday,3,5,May,8,0,,0,238-5,3,6,1.0,0.574468085106383,0.4583333333333333,Overcast,Cloudy,65.0,4,In From RF,0,0,0,,1,-2.0,full_season_release,1
20260522,2026-05-22,238,Oklahoma City Comets,Pacific Coast League,Chickasaw Bricktown Ballpark,Reno Aces,2310,6324.0,1,night,Friday,4,5,May,9,1,,0,238-5,4,6,1.0,0.5625,0.46938775510204084,Partly Cloudy,Cloudy,78.0,7,Out To LF,0,0,0,,1,-1.0,full_season_release,1
20260523,2026-05-23,238,Oklahoma City Comets,Pacific Coast League,Chickasaw Bricktown Ballpark,Reno Aces,2310,6958.0,1,night,Saturday,5,5,May,9,1,,0,238-5,5,6,1.0,0.5510204081632653,0.48,Partly Cloudy,Cloudy,78.0,8,In From LF,0,1,1,"Y2K bucket hat, first 1000 fans",1,0.0,full_season_release,1
20260524,2026-05-24,238,Oklahoma City Comets,Pacific Coast League,Chickasaw Bricktown Ballpark,Reno Aces,2310,6005.0,1,day,Sunday,6,5,May,9,1,,0,238-5,6,6,1.0,0.56,0.47058823529411764,Sunny,Clear,81.0,5,In From RF,0,0,0,,1,1.0,full_season_release,1
20260602,2026-06-02,238,Oklahoma City Comets,Pacific Coast League,Chickasaw Bricktown Ballpark,Round Rock Express,102,5023.0,1,night,Tuesday,1,6,June,10,0,,0,238-6,1,6,9.0,0.5789473684210527,0.41379310344827586,Partly Cloudy,Cloudy,83.0,10,In From RF,0,0,0,,0,,full_season_release,1
20260603,2026-06-03,238,Oklahoma City Comets,Pacific Coast League,Chickasaw Bricktown Ballpark,Round Rock Express,102,3524.0,1,night,Wednesday,2,6,June,10,0,,0,238-6,2,6,1.0,0.5689655172413793,0.423728813559322,Partly Cloudy,Cloudy,81.0,11,R To L,0,0,0,,0,,full_season_release,1
20260604,2026-06-04,238,Oklahoma City Comets,Pacific Coast League,Chickasaw Bricktown Ballpark,Round Rock Express,102,4249.0,1,night,Thursday,3,6,June,10,0,,0,238-6,3,6,1.0,0.576271186440678,0.4166666666666667,Partly Cloudy,Cloudy,86.0,13,Out To LF,0,0,0,,0,,full_season_release,1
20260605,2026-06-05,238,Oklahoma City Comets,Pacific Coast League,Chickasaw Bricktown Ballpark,Round Rock Express,102,7728.0,1,night,Friday,4,6,June,11,1,,0,238-6,4,6,1.0,0.5666666666666667,0.4262295081967213,Cloudy,Cloudy,82.0,4,R To L,0,0,0,,0,,full_season_release,1
20260606,2026-06-06,238,Oklahoma City Comets,Pacific Coast League,Chickasaw Bricktown Ballpark,Round Rock Express,102,7860.0,1,night,Saturday,5,6,June,11,1,,0,238-6,5,6,1.0,0.5573770491803278,0.43548387096774194,Cloudy,Cloudy,82.0,12,R To L,0,0,0,,0,,full_season_release,1
20260607,2026-06-07,238,Oklahoma City Comets,Pacific Coast League,Chickasaw Bricktown Ballpark,Round Rock Express,102,6343.0,1,day,Sunday,6,6,June,11,1,,0,238-6,6,6,1.0,0.5645161290322581,0.42857142857142855,Cloudy,Cloudy,79.0,10,Out To CF,0,0,0,,0,,full_season_release,1
20260616,2026-06-16,238,Oklahoma City Comets,Pacific Coast League,Chickasaw Bricktown Ballpark,Sacramento River Cats,105,5012.0,1,night,Tuesday,1,6,June,12,0,,0,238-7,1,6,9.0,0.5507246376811594,0.5970149253731343,Clear,Clear,87.0,7,Out To LF,0,0,0,,0,,full_season_release,1
20260617,2026-06-17,238,Oklahoma City Comets,Pacific Coast League,Chickasaw Bricktown Ballpark,Sacramento River Cats,105,3426.0,1,night,Wednesday,2,6,June,12,0,,0,238-7,2,6,1.0,0.5428571428571428,0.6029411764705882,Clear,Clear,92.0,16,Out To LF,0,0,0,,0,,full_season_release,1
20260618,2026-06-18,238,Oklahoma City Comets,Pacific Coast League,Chickasaw Bricktown Ballpark,Sacramento River Cats,105,5028.0,1,day,Thursday,3,6,June,12,0,,0,238-7,3,6,1.0,0.5492957746478874,0.5942028985507246,Cloudy,Cloudy,80.0,11,In From CF,0,0,0,,0,,full_season_release,1
20260619,2026-06-19,238,Oklahoma City Comets,Pacific Coast League,Chickasaw Bricktown Ballpark,Sacramento River Cats,105,8322.0,1,night,Friday,4,6,June,13,1,,0,238-7,4,6,1.0,0.5555555555555556,0.5857142857142857,Clear,Clear,82.0,5,Out To LF,0,0,0,,0,,full_season_release,1
20260620,2026-06-20,238,Oklahoma City Comets,Pacific Coast League,Chickasaw Bricktown Ballpark,Sacramento River Cats,105,10210.0,1,night,Saturday,5,6,June,13,1,,0,238-7,5,6,1.0,0.5616438356164384,0.5774647887323944,Clear,Clear,85.0,16,R To L,0,0,0,,0,,full_season_release,1
20260621,2026-06-21,238,Oklahoma City Comets,Pacific Coast League,Chickasaw Bricktown Ballpark,Sacramento River Cats,105,5472.0,1,night,Sunday,6,6,June,13,1,Father's Day,1,238-7,6,6,1.0,0.5540540540540541,0.5833333333333334,Partly Cloudy,Cloudy,91.0,13,Out To RF,0,0,0,,0,,full_season_release,1
20260630,2026-06-30,238,Oklahoma City Comets,Pacific Coast League,Chickasaw Bricktown Ballpark,Sugar Land Space Cowboys,5434,4648.0,1,night,Tuesday,1,6,June,14,0,,0,238-8,1,11,9.0,0.5555555555555556,0.4567901234567901,Clear,Clear,91.0,8,Out To LF,0,0,0,,1,-3.0,full_season_release,1
20260701,2026-07-01,238,Oklahoma City Comets,Pacific Coast League,Chickasaw Bricktown Ballpark,Sugar Land Space Cowboys,5434,3893.0,1,night,Wednesday,2,7,July,14,0,,0,238-8,2,11,1.0,0.5487804878048781,0.4634146341463415,Partly Cloudy,Cloudy,91.0,15,R To L,0,0,0,,1,-2.0,full_season_release,1
20260702,2026-07-02,238,Oklahoma City Comets,Pacific Coast League,Chickasaw Bricktown Ballpark,Sugar Land Space Cowboys,5434,5102.0,1,night,Thursday,3,7,July,14,0,,0,238-8,3,11,1.0,0.5421686746987951,0.46987951807228917,Clear,Clear,91.0,9,R To L,0,0,0,,1,-1.0,full_season_release,1
20260703,2026-07-03,238,Oklahoma City Comets,Pacific Coast League,Chickasaw Bricktown Ballpark,Sugar Land Space Cowboys,5434,7263.0,1,night,Friday,4,7,July,15,1,,0,238-8,4,11,1.0,0.5476190476190477,0.4642857142857143,Clear,Clear,91.0,6,Out To LF,0,1,1,"Comets luggage tag, first 1000 fans",1,0.0,full_season_release,1
20260704,2026-07-04,238,Oklahoma City Comets,Pacific Coast League,Chickasaw Bricktown Ballpark,Sugar Land Space Cowboys,5434,11290.0,1,night,Saturday,5,7,July,15,1,Independence Day,1,238-8,5,11,1.0,0.5411764705882353,0.47058823529411764,Cloudy,Cloudy,95.0,12,Out To LF,0,0,0,,1,1.0,full_season_release,1
20260705,2026-07-05,238,Oklahoma City Comets,Pacific Coast League,Chickasaw Bricktown Ballpark,Sugar Land Space Cowboys,5434,4448.0,1,night,Sunday,6,7,July,15,1,,0,238-8,6,11,1.0,0.5465116279069767,0.46511627906976744,Partly Cloudy,Cloudy,88.0,4,In From RF,0,0,0,,1,2.0,full_season_release,1
20260707,2026-07-07,238,Oklahoma City Comets,Pacific Coast League,Chickasaw Bricktown Ballpark,El Paso Chihuahuas,4904,4013.0,1,night,Tuesday,1,7,July,15,0,,0,238-8,7,11,2.0,0.5402298850574713,0.4659090909090909,Clear,Clear,91.0,4,In From RF,0,0,0,,1,3.0,full_season_release,1
20260708,2026-07-08,238,Oklahoma City Comets,Pacific Coast League,Chickasaw Bricktown Ballpark,El Paso Chihuahuas,4904,3265.0,1,night,Wednesday,2,7,July,15,0,,0,238-8,8,11,1.0,0.5454545454545454,0.4606741573033708,Clear,Clear,95.0,5,Out To LF,0,0,0,,1,4.0,full_season_release,1
20260709,2026-07-09,238,Oklahoma City Comets,Pacific Coast League,Chickasaw Bricktown Ballpark,El Paso Chihuahuas,4904,4254.0,1,night,Thursday,3,7,July,15,0,,0,238-8,9,11,1.0,0.550561797752809,0.45555555555555555,Clear,Clear,95.0,14,R To L,0,0,0,,1,5.0,full_season_release,1
20260710,2026-07-10,238,Oklahoma City Comets,Pacific Coast League,Chickasaw Bricktown Ballpark,El Paso Chihuahuas,4904,9126.0,1,night,Friday,4,7,July,16,1,,0,238-8,10,11,1.0,0.5555555555555556,0.45054945054945056,Clear,Clear,95.0,10,R To L,0,0,0,,1,6.0,full_season_release,1
20260712,2026-07-12,238,Oklahoma City Comets,Pacific Coast League,Chickasaw Bricktown Ballpark,El Paso Chihuahuas,4904,4896.0,1,day,Sunday,6,7,July,16,1,,0,238-8,11,11,2.0,0.5604395604395604,0.44565217391304346,Sunny,Clear,81.0,6,In From RF,0,0,0,,1,7.0,full_season_release,1
20260728,2026-07-28,238,Oklahoma City Comets,Pacific Coast League,Chickasaw Bricktown Ballpark,Las Vegas Aviators,400,4987.0,1,night,Tuesday,1,7,July,18,0,,0,238-9,1,6,16.0,0.5247524752475248,0.6138613861386139,Clear,Clear,99.0,6,Out To LF,0,0,0,,1,-3.0,full_season_release,1
20260729,2026-07-29,238,Oklahoma City Comets,Pacific Coast League,Chickasaw Bricktown Ballpark,Las Vegas Aviators,400,3960.0,1,night,Wednesday,2,7,July,18,0,,0,238-9,2,6,1.0,0.5294117647058824,0.6078431372549019,Partly Cloudy,Cloudy,99.0,11,R To L,0,0,0,,1,-2.0,full_season_release,1
20260730,2026-07-30,238,Oklahoma City Comets,Pacific Coast League,Chickasaw Bricktown Ballpark,Las Vegas Aviators,400,4087.0,1,night,Thursday,3,7,July,18,0,,0,238-9,3,6,1.0,0.5339805825242718,0.6019417475728155,Clear,Clear,100.0,6,R To L,0,0,0,,1,-1.0,full_season_release,1
20260731,2026-07-31,238,Oklahoma City Comets,Pacific Coast League,Chickasaw Bricktown Ballpark,Las Vegas Aviators,400,8988.0,1,night,Friday,4,7,July,19,1,,0,238-9,4,6,1.0,0.5384615384615384,0.5961538461538461,Clear,Clear,102.0,12,In From LF,0,1,1,"Harry Potter scarf, first 1000 fans",1,0.0,full_season_release,1
20260801,2026-08-01,238,Oklahoma City Comets,Pacific Coast League,Chickasaw Bricktown Ballpark,Las Vegas Aviators,400,7586.0,1,night,Saturday,5,8,August,19,1,,0,238-9,5,6,1.0,0.5428571428571428,0.5904761904761905,Clear,Clear,90.0,12,In From RF,0,1,1,"Player bobblehead presented by Lime, first 1000 fans",1,0.0,full_season_release,1
20260802,2026-08-02,238,Oklahoma City Comets,Pacific Coast League,Chickasaw Bricktown Ballpark,Las Vegas Aviators,400,5189.0,1,night,Sunday,6,8,August,19,1,,0,238-9,6,6,1.0,0.5471698113207547,0.5849056603773585,Clear,Clear,92.0,5,In From CF,0,0,0,,1,1.0,full_season_release,1
20260811,2026-08-11,238,Oklahoma City Comets,Pacific Coast League,Chickasaw Bricktown Ballpark,Albuquerque Isotopes,342,4012.0,1,night,Tuesday,1,8,August,20,0,,0,238-10,1,6,9.0,0.5575221238938053,0.5217391304347826,Clear,Clear,100.0,9,Out To LF,0,0,0,,0,,full_season_release,1
20260812,2026-08-12,238,Oklahoma City Comets,Pacific Coast League,Chickasaw Bricktown Ballpark,Albuquerque Isotopes,342,3405.0,1,night,Wednesday,2,8,August,20,0,,0,238-10,2,6,1.0,0.5614035087719298,0.5172413793103449,Clear,Clear,101.0,8,R To L,0,0,0,,0,,full_season_release,1
20260813,2026-08-13,238,Oklahoma City Comets,Pacific Coast League,Chickasaw Bricktown Ballpark,Albuquerque Isotopes,342,3755.0,1,night,Thursday,3,8,August,20,0,,0,238-10,3,6,1.0,0.5652173913043478,0.5128205128205128,Clear,Clear,102.0,9,R To L,0,0,0,,0,,full_season_release,1
20260814,2026-08-14,238,Oklahoma City Comets,Pacific Coast League,Chickasaw Bricktown Ballpark,Albuquerque Isotopes,342,7358.0,1,night,Friday,4,8,August,21,1,,0,238-10,4,6,1.0,0.5603448275862069,0.5169491525423728,Clear,Clear,100.0,10,Out To LF,0,0,0,,0,,full_season_release,1
20260815,2026-08-15,238,Oklahoma City Comets,Pacific Coast League,Chickasaw Bricktown Ballpark,Albuquerque Isotopes,342,7012.0,1,night,Saturday,5,8,August,21,1,,0,238-10,5,6,1.0,0.5641025641025641,0.5126050420168067,Clear,Clear,99.0,8,Out To LF,0,0,0,,0,,full_season_release,1
20260816,2026-08-16,238,Oklahoma City Comets,Pacific Coast League,Chickasaw Bricktown Ballpark,Albuquerque Isotopes,342,4108.0,1,night,Sunday,6,8,August,21,1,,0,238-10,6,6,1.0,0.5677966101694916,0.5083333333333333,Partly Cloudy,Cloudy,103.0,6,In From LF,0,0,0,,0,,full_season_release,1
20260825,2026-08-25,238,Oklahoma City Comets,Pacific Coast League,Chickasaw Bricktown Ballpark,El Paso Chihuahuas,4904,4269.0,1,night,Tuesday,1,8,August,22,0,,0,238-11,1,6,9.0,0.56,0.40476190476190477,Partly Cloudy,Cloudy,95.0,12,In From RF,0,0,0,,0,,full_season_release,1
20260826,2026-08-26,238,Oklahoma City Comets,Pacific Coast League,Chickasaw Bricktown Ballpark,El Paso Chihuahuas,4904,3522.0,2,night,Wednesday,2,8,August,22,0,,0,238-11,2,6,1.0,0.5590551181102362,0.40625,Partly Cloudy,Cloudy,92.0,6,In From LF,0,0,0,,0,,full_season_release,1
20260827,2026-08-27,238,Oklahoma City Comets,Pacific Coast League,Chickasaw Bricktown Ballpark,El Paso Chihuahuas,4904,3788.0,1,night,Thursday,3,8,August,22,0,,0,238-11,3,6,1.0,0.5546875,0.4108527131782946,Clear,Clear,95.0,9,In From CF,0,0,0,,0,,full_season_release,1
20260828,2026-08-28,238,Oklahoma City Comets,Pacific Coast League,Chickasaw Bricktown Ballpark,El Paso Chihuahuas,4904,8108.0,1,night,Friday,4,8,August,23,1,,0,238-11,4,6,1.0,0.5581395348837209,0.4076923076923077,Clear,Clear,97.0,10,Out To LF,0,0,0,,0,,full_season_release,1
20260829,2026-08-29,238,Oklahoma City Comets,Pacific Coast League,Chickasaw Bricktown Ballpark,El Paso Chihuahuas,4904,8364.0,1,night,Saturday,5,8,August,23,1,,0,238-11,5,6,1.0,0.5615384615384615,0.40458015267175573,Partly Cloudy,Cloudy,100.0,9,Out To LF,0,0,0,,0,,full_season_release,1
20260830,2026-08-30,238,Oklahoma City Comets,Pacific Coast League,Chickasaw Bricktown Ballpark,El Paso Chihuahuas,4904,5650.0,1,night,Sunday,6,8,August,23,1,,0,238-11,6,6,1.0,0.5648854961832062,0.4015151515151515,Clear,Clear,101.0,7,Out To LF,0,0,0,,0,,full_season_release,1
20260331,2026-03-31,541,Omaha Storm Chasers,International League,Werner Park,Buffalo Bisons,422,3002.0,1,night,Tuesday,1,3,March,1,0,,0,541-1,1,5,,0.0,0.5,Partly Cloudy,Cloudy,60.0,14,L To R,0,1,1,2026 Magnet Schedule presented by Great Plains Communication,1,0.0,full_season_release,1
20260401,2026-04-01,541,Omaha Storm Chasers,International League,Werner Park,Buffalo Bisons,422,1470.0,1,day,Wednesday,2,4,April,1,0,,0,541-1,2,5,1.0,0.2,0.4,Overcast,Cloudy,46.0,5,Out To RF,0,0,0,,1,1.0,full_season_release,1
20260402,2026-04-02,541,Omaha Storm Chasers,International League,Werner Park,Buffalo Bisons,422,1332.0,1,night,Thursday,3,4,April,1,0,,0,541-1,3,5,1.0,0.3333333333333333,0.3333333333333333,Overcast,Cloudy,46.0,9,Out To RF,0,0,0,,1,2.0,full_season_release,1
20260404,2026-04-04,541,Omaha Storm Chasers,International League,Werner Park,Buffalo Bisons,422,1390.0,2,day,Saturday,5,4,April,2,1,,0,541-1,4,5,2.0,0.375,0.375,Partly Cloudy,Cloudy,44.0,21,L To R,0,0,0,,1,3.0,full_season_release,1
20260405,2026-04-05,541,Omaha Storm Chasers,International League,Werner Park,Buffalo Bisons,422,2192.0,1,day,Sunday,6,4,April,2,1,,0,541-1,5,5,1.0,0.4444444444444444,0.3333333333333333,Sunny,Clear,59.0,10,Out To RF,0,0,0,,1,4.0,full_season_release,1
20260414,2026-04-14,541,Omaha Storm Chasers,International League,Werner Park,Indianapolis Indians,484,1699.0,1,day,Tuesday,1,4,April,3,0,,0,541-2,1,6,9.0,0.5333333333333333,0.25,Partly Cloudy,Cloudy,73.0,2,Out To RF,0,0,0,,0,,full_season_release,1
20260415,2026-04-15,541,Omaha Storm Chasers,International League,Werner Park,Indianapolis Indians,484,7690.0,1,day,Wednesday,2,4,April,3,0,,0,541-2,2,6,1.0,0.5625,0.23529411764705882,Cloudy,Cloudy,65.0,2,In From LF,0,0,0,,0,,full_season_release,1
20260416,2026-04-16,541,Omaha Storm Chasers,International League,Werner Park,Indianapolis Indians,484,2621.0,1,night,Thursday,3,4,April,3,0,,0,541-2,3,6,1.0,0.5294117647058824,0.2777777777777778,Clear,Clear,80.0,15,Out To LF,0,0,0,,0,,full_season_release,1
20260417,2026-04-17,541,Omaha Storm Chasers,International League,Werner Park,Indianapolis Indians,484,2069.0,1,night,Friday,4,4,April,4,1,,0,541-2,4,6,1.0,0.5555555555555556,0.2631578947368421,Overcast,Cloudy,53.0,19,L To R,0,0,0,,0,,full_season_release,1
20260418,2026-04-18,541,Omaha Storm Chasers,International League,Werner Park,Indianapolis Indians,484,2052.0,1,day,Saturday,5,4,April,4,1,,0,541-2,5,6,1.0,0.5263157894736842,0.3,Partly Cloudy,Cloudy,52.0,7,Out To RF,0,0,0,,0,,full_season_release,1
20260419,2026-04-19,541,Omaha Storm Chasers,International League,Werner Park,Indianapolis Indians,484,2604.0,1,day,Sunday,6,4,April,4,1,,0,541-2,6,6,1.0,0.55,0.2857142857142857,Sunny,Clear,61.0,8,L To R,0,0,0,,0,,full_season_release,1
20260428,2026-04-28,541,Omaha Storm Chasers,International League,Werner Park,Louisville Bats,416,2776.0,1,day,Tuesday,1,4,April,5,0,,0,541-3,1,6,9.0,0.4444444444444444,0.6071428571428571,Overcast,Cloudy,51.0,5,In From RF,0,0,0,,0,,full_season_release,1
20260429,2026-04-29,541,Omaha Storm Chasers,International League,Werner Park,Louisville Bats,416,2406.0,1,night,Wednesday,2,4,April,5,0,,0,541-3,2,6,1.0,0.42857142857142855,0.6206896551724138,Clear,Clear,62.0,3,Out To RF,0,0,0,,0,,full_season_release,1
20260430,2026-04-30,541,Omaha Storm Chasers,International League,Werner Park,Louisville Bats,416,2243.0,1,night,Thursday,3,4,April,5,0,,0,541-3,3,6,1.0,0.4482758620689655,0.6,Partly Cloudy,Cloudy,56.0,12,L To R,0,0,0,,0,,full_season_release,1
20260501,2026-05-01,541,Omaha Storm Chasers,International League,Werner Park,Louisville Bats,416,4640.0,1,night,Friday,4,5,May,6,1,,0,541-3,4,6,1.0,0.43333333333333335,0.6129032258064516,Clear,Clear,56.0,12,L To R,0,0,0,,0,,full_season_release,1
20260502,2026-05-02,541,Omaha Storm Chasers,International League,Werner Park,Louisville Bats,416,3146.0,1,night,Saturday,5,5,May,6,1,,0,541-3,5,6,1.0,0.45161290322580644,0.59375,Clear,Clear,67.0,7,Out To RF,0,0,0,,0,,full_season_release,1
20260503,2026-05-03,541,Omaha Storm Chasers,International League,Werner Park,Louisville Bats,416,2549.0,1,day,Sunday,6,5,May,6,1,,0,541-3,6,6,1.0,0.4375,0.6060606060606061,Sunny,Clear,72.0,7,Out To RF,0,0,0,,0,,full_season_release,1
20260512,2026-05-12,541,Omaha Storm Chasers,International League,Werner Park,Toledo Mud Hens,512,2045.0,1,night,Tuesday,1,5,May,7,0,,0,541-4,1,6,9.0,0.4358974358974359,0.525,Clear,Clear,79.0,15,L To R,0,0,0,,0,,full_season_release,1
20260513,2026-05-13,541,Omaha Storm Chasers,International League,Werner Park,Toledo Mud Hens,512,3506.0,1,day,Wednesday,2,5,May,7,0,,0,541-4,2,6,1.0,0.45,0.5121951219512195,Sunny,Clear,73.0,3,In From LF,0,0,0,,0,,full_season_release,1
20260514,2026-05-14,541,Omaha Storm Chasers,International League,Werner Park,Toledo Mud Hens,512,2682.0,1,night,Thursday,3,5,May,7,0,,0,541-4,3,6,1.0,0.4634146341463415,0.5,Partly Cloudy,Cloudy,79.0,15,R To L,0,0,0,,0,,full_season_release,1
20260515,2026-05-15,541,Omaha Storm Chasers,International League,Werner Park,Toledo Mud Hens,512,3842.0,1,night,Friday,4,5,May,8,1,,0,541-4,4,6,1.0,0.4523809523809524,0.5116279069767442,Overcast,Cloudy,86.0,12,Out To LF,0,0,0,,0,,full_season_release,1
20260516,2026-05-16,541,Omaha Storm Chasers,International League,Werner Park,Toledo Mud Hens,512,5075.0,1,night,Saturday,5,5,May,8,1,,0,541-4,5,6,1.0,0.46511627906976744,0.5,Overcast,Cloudy,78.0,11,In From CF,0,0,0,,0,,full_season_release,1
20260517,2026-05-17,541,Omaha Storm Chasers,International League,Werner Park,Toledo Mud Hens,512,4274.0,1,day,Sunday,6,5,May,8,1,,0,541-4,6,6,1.0,0.4772727272727273,0.4888888888888889,Cloudy,Cloudy,83.0,12,Out To LF,0,0,0,,0,,full_season_release,1
20260526,2026-05-26,541,Omaha Storm Chasers,International League,Werner Park,Memphis Redbirds,235,1798.0,1,night,Tuesday,1,5,May,9,0,,0,541-5,1,6,9.0,0.49019607843137253,0.5961538461538461,Clear,Clear,88.0,10,R To L,0,0,0,,1,-4.0,full_season_release,1
20260527,2026-05-27,541,Omaha Storm Chasers,International League,Werner Park,Memphis Redbirds,235,2766.0,1,night,Wednesday,2,5,May,9,0,,0,541-5,2,6,1.0,0.4807692307692308,0.6037735849056604,Overcast,Cloudy,86.0,5,Out To RF,0,0,0,,1,-3.0,full_season_release,1
20260528,2026-05-28,541,Omaha Storm Chasers,International League,Werner Park,Memphis Redbirds,235,3282.0,1,night,Thursday,3,5,May,9,0,,0,541-5,3,6,1.0,0.4716981132075472,0.6111111111111112,Overcast,Cloudy,82.0,10,R To L,0,0,0,,1,-2.0,full_season_release,1
20260529,2026-05-29,541,Omaha Storm Chasers,International League,Werner Park,Memphis Redbirds,235,3872.0,1,night,Friday,4,5,May,10,1,,0,541-5,4,6,1.0,0.48148148148148145,0.6,Partly Cloudy,Cloudy,74.0,10,R To L,0,0,0,,1,-1.0,full_season_release,1
20260530,2026-05-30,541,Omaha Storm Chasers,International League,Werner Park,Memphis Redbirds,235,6330.0,1,night,Saturday,5,5,May,10,1,,0,541-5,5,6,1.0,0.4727272727272727,0.6071428571428571,Cloudy,Cloudy,80.0,14,R To L,0,1,1,Runza Hockey Jersey presented by Runza,1,0.0,full_season_release,1
20260531,2026-05-31,541,Omaha Storm Chasers,International League,Werner Park,Memphis Redbirds,235,4060.0,1,night,Sunday,6,5,May,10,1,,0,541-5,6,6,1.0,0.4642857142857143,0.6140350877192983,Overcast,Cloudy,86.0,5,Out To LF,0,0,0,,1,1.0,full_season_release,1
20260609,2026-06-09,541,Omaha Storm Chasers,International League,Werner Park,Las Vegas Aviators,400,3089.0,1,night,Tuesday,1,6,June,11,0,,0,541-6,1,6,9.0,0.4444444444444444,0.5967741935483871,Cloudy,Cloudy,88.0,16,Out To LF,0,0,0,,0,,full_season_release,1
20260610,2026-06-10,541,Omaha Storm Chasers,International League,Werner Park,Las Vegas Aviators,400,3105.0,1,day,Wednesday,2,6,June,11,0,,0,541-6,2,6,1.0,0.453125,0.5873015873015873,Partly Cloudy,Cloudy,85.0,8,Out To CF,0,0,0,,0,,full_season_release,1
20260611,2026-06-11,541,Omaha Storm Chasers,International League,Werner Park,Las Vegas Aviators,400,3275.0,1,night,Thursday,3,6,June,11,0,,0,541-6,3,6,1.0,0.4461538461538462,0.59375,Clear,Clear,78.0,17,L To R,0,0,0,,0,,full_season_release,1
20260612,2026-06-12,541,Omaha Storm Chasers,International League,Werner Park,Las Vegas Aviators,400,4057.0,1,night,Friday,4,6,June,12,1,,0,541-6,4,6,1.0,0.45454545454545453,0.5846153846153846,Partly Cloudy,Cloudy,80.0,10,Out To LF,0,0,0,,0,,full_season_release,1
20260613,2026-06-13,541,Omaha Storm Chasers,International League,Werner Park,Las Vegas Aviators,400,3074.0,1,night,Saturday,5,6,June,12,1,,0,541-6,5,6,1.0,0.44776119402985076,0.5909090909090909,Overcast,Cloudy,73.0,15,In From LF,0,0,0,,0,,full_season_release,1
20260614,2026-06-14,541,Omaha Storm Chasers,International League,Werner Park,Las Vegas Aviators,400,4660.0,1,day,Sunday,6,6,June,12,1,,0,541-6,6,6,1.0,0.4411764705882353,0.5970149253731343,Partly Cloudy,Cloudy,69.0,14,L To R,0,0,0,,0,,full_season_release,1
20260623,2026-06-23,541,Omaha Storm Chasers,International League,Werner Park,Columbus Clippers,445,2083.0,1,night,Tuesday,1,6,June,13,0,,0,541-7,1,12,9.0,0.4533333333333333,0.5466666666666666,Partly Cloudy,Cloudy,76.0,4,Out To CF,0,0,0,,1,-3.0,full_season_release,1
20260624,2026-06-24,541,Omaha Storm Chasers,International League,Werner Park,Columbus Clippers,445,2933.0,1,night,Wednesday,2,6,June,13,0,,0,541-7,2,12,1.0,0.4473684210526316,0.5526315789473685,Clear,Clear,81.0,5,L To R,0,0,0,,1,-2.0,full_season_release,1
20260625,2026-06-25,541,Omaha Storm Chasers,International League,Werner Park,Columbus Clippers,445,3666.0,1,night,Thursday,3,6,June,13,0,,0,541-7,3,12,1.0,0.45454545454545453,0.5454545454545454,Cloudy,Cloudy,71.0,5,In From RF,0,0,0,,1,-1.0,full_season_release,1
20260626,2026-06-26,541,Omaha Storm Chasers,International League,Werner Park,Columbus Clippers,445,4685.0,1,night,Friday,4,6,June,14,1,,0,541-7,4,12,1.0,0.44871794871794873,0.5512820512820513,Partly Cloudy,Cloudy,80.0,4,Out To LF,0,1,1,Pink out the Park Storm Chasers T-Shirt,1,0.0,full_season_release,1
20260627,2026-06-27,541,Omaha Storm Chasers,International League,Werner Park,Columbus Clippers,445,4111.0,1,night,Saturday,5,6,June,14,1,,0,541-7,5,12,1.0,0.45569620253164556,0.5443037974683544,Cloudy,Cloudy,79.0,5,Out To LF,0,0,0,,1,1.0,full_season_release,1
20260628,2026-06-28,541,Omaha Storm Chasers,International League,Werner Park,Columbus Clippers,445,4997.0,1,night,Sunday,6,6,June,14,1,,0,541-7,6,12,1.0,0.45,0.55,Clear,Clear,95.0,17,Out To LF,0,0,0,,1,2.0,full_season_release,1
20260630,2026-06-30,541,Omaha Storm Chasers,International League,Werner Park,Indianapolis Indians,484,1531.0,1,night,Tuesday,1,6,June,14,0,,0,541-7,7,12,2.0,0.4444444444444444,0.4268292682926829,Partly Cloudy,Cloudy,88.0,8,R To L,0,0,0,,1,3.0,full_season_release,1
20260701,2026-07-01,541,Omaha Storm Chasers,International League,Werner Park,Indianapolis Indians,484,2087.0,1,night,Wednesday,2,7,July,14,0,,0,541-7,8,12,1.0,0.45121951219512196,0.42168674698795183,Partly Cloudy,Cloudy,86.0,12,Out To LF,0,0,0,,1,4.0,full_season_release,1
20260702,2026-07-02,541,Omaha Storm Chasers,International League,Werner Park,Indianapolis Indians,484,2767.0,1,night,Thursday,3,7,July,14,0,,0,541-7,9,12,1.0,0.4457831325301205,0.42857142857142855,Clear,Clear,91.0,10,R To L,0,0,0,,1,5.0,full_season_release,1
20260703,2026-07-03,541,Omaha Storm Chasers,International League,Werner Park,Indianapolis Indians,484,6540.0,1,night,Friday,4,7,July,15,1,,0,541-7,10,12,1.0,0.44047619047619047,0.43529411764705883,Cloudy,Cloudy,74.0,2,Out To RF,0,0,0,,1,6.0,full_season_release,1
20260704,2026-07-04,541,Omaha Storm Chasers,International League,Werner Park,Indianapolis Indians,484,7775.0,1,night,Saturday,5,7,July,15,1,Independence Day,1,541-7,11,12,1.0,0.43529411764705883,0.4418604651162791,Clear,Clear,83.0,2,Out To LF,0,0,0,,1,7.0,full_season_release,1
20260705,2026-07-05,541,Omaha Storm Chasers,International League,Werner Park,Indianapolis Indians,484,2139.0,1,day,Sunday,6,7,July,15,1,,0,541-7,12,12,1.0,0.4418604651162791,0.4367816091954023,Partly Cloudy,Cloudy,87.0,2,In From CF,0,0,0,,1,8.0,full_season_release,1
20260717,2026-07-17,541,Omaha Storm Chasers,International League,Werner Park,Lehigh Valley IronPigs,1410,4863.0,1,night,Friday,4,7,July,17,1,,0,541-8,1,3,12.0,0.44086021505376344,0.4787234042553192,Partly Cloudy,Cloudy,92.0,9,R To L,0,1,1,Storm Chasers Ice Cream Jersey,1,0.0,full_season_release,1
20260718,2026-07-18,541,Omaha Storm Chasers,International League,Werner Park,Lehigh Valley IronPigs,1410,5065.0,1,night,Saturday,5,7,July,17,1,,0,541-8,2,3,1.0,0.44680851063829785,0.47368421052631576,Partly Cloudy,Cloudy,90.0,4,Out To LF,0,1,1,Jac Caglianone Bobblehead presented by IAMS Wealth Management,1,0.0,full_season_release,1
20260719,2026-07-19,541,Omaha Storm Chasers,International League,Werner Park,Lehigh Valley IronPigs,1410,5072.0,1,night,Sunday,6,7,July,17,1,,0,541-8,3,3,1.0,0.45263157894736844,0.46875,Cloudy,Cloudy,95.0,4,Out To LF,0,0,0,,1,1.0,full_season_release,1
20260728,2026-07-28,541,Omaha Storm Chasers,International League,Werner Park,St. Paul Saints,1960,2373.0,1,night,Tuesday,1,7,July,18,0,,0,541-9,1,6,9.0,0.4803921568627451,0.5686274509803921,Clear,Clear,92.0,7,R To L,0,0,0,,1,-4.0,full_season_release,1
20260729,2026-07-29,541,Omaha Storm Chasers,International League,Werner Park,St. Paul Saints,1960,2727.0,1,day,Wednesday,2,7,July,18,0,,0,541-9,2,6,1.0,0.47572815533980584,0.5728155339805825,Cloudy,Cloudy,80.0,3,R To L,0,0,0,,1,-3.0,full_season_release,1
20260730,2026-07-30,541,Omaha Storm Chasers,International League,Werner Park,St. Paul Saints,1960,4046.0,1,night,Thursday,3,7,July,18,0,,0,541-9,3,6,1.0,0.47115384615384615,0.5769230769230769,Cloudy,Cloudy,83.0,5,R To L,0,0,0,,1,-2.0,full_season_release,1
20260731,2026-07-31,541,Omaha Storm Chasers,International League,Werner Park,St. Paul Saints,1960,6058.0,1,night,Friday,4,7,July,19,1,,0,541-9,4,6,1.0,0.47619047619047616,0.5714285714285714,Cloudy,Cloudy,73.0,18,In From LF,0,0,0,,1,-1.0,full_season_release,1
20260801,2026-08-01,541,Omaha Storm Chasers,International League,Werner Park,St. Paul Saints,1960,5035.0,1,night,Saturday,5,8,August,19,1,,0,541-9,5,6,1.0,0.4811320754716981,0.5660377358490566,Clear,Clear,84.0,5,L To R,0,1,1,Storm Chasers Hawaiian Shirt,1,0.0,full_season_release,1
20260802,2026-08-02,541,Omaha Storm Chasers,International League,Werner Park,St. Paul Saints,1960,6055.0,1,night,Sunday,6,8,August,19,1,,0,541-9,6,6,1.0,0.4766355140186916,0.5700934579439252,Clear,Clear,88.0,3,R To L,0,0,0,,1,1.0,full_season_release,1
20260818,2026-08-18,541,Omaha Storm Chasers,International League,Werner Park,Rochester Red Wings,534,2032.0,1,night,Tuesday,1,8,August,21,0,,0,541-10,1,6,16.0,0.4745762711864407,0.6050420168067226,Partly Cloudy,Cloudy,84.0,5,L To R,0,0,0,,1,-4.0,full_season_release,1
20260819,2026-08-19,541,Omaha Storm Chasers,International League,Werner Park,Rochester Red Wings,534,2145.0,1,night,Wednesday,2,8,August,21,0,,0,541-10,2,6,1.0,0.47058823529411764,0.6083333333333333,Clear,Clear,80.0,3,Out To RF,0,0,0,,1,-3.0,full_season_release,1
20260820,2026-08-20,541,Omaha Storm Chasers,International League,Werner Park,Rochester Red Wings,534,3831.0,1,night,Thursday,3,8,August,21,0,,0,541-10,3,6,1.0,0.4666666666666667,0.6115702479338843,Partly Cloudy,Cloudy,82.0,5,Out To LF,0,0,0,,1,-2.0,full_season_release,1
20260821,2026-08-21,541,Omaha Storm Chasers,International League,Werner Park,Rochester Red Wings,534,4810.0,1,night,Friday,4,8,August,22,1,,0,541-10,4,6,1.0,0.47107438016528924,0.6065573770491803,Clear,Clear,84.0,1,Calm,0,0,0,,1,-1.0,full_season_release,1
20260822,2026-08-22,541,Omaha Storm Chasers,International League,Werner Park,Rochester Red Wings,534,6089.0,1,night,Saturday,5,8,August,22,1,,0,541-10,5,6,1.0,0.4672131147540984,0.6097560975609756,Clear,Clear,84.0,6,L To R,0,1,1,Noah Cameron Bobblehead,1,0.0,full_season_release,1
20260823,2026-08-23,541,Omaha Storm Chasers,International League,Werner Park,Rochester Red Wings,534,3077.0,1,night,Sunday,6,8,August,22,1,,0,541-10,6,6,1.0,0.4634146341463415,0.6129032258064516,Cloudy,Cloudy,74.0,6,Out To CF,0,0,0,,1,1.0,full_season_release,1
20260327,2026-03-27,2310,Reno Aces,Pacific Coast League,Greater Nevada Field,Tacoma Rainiers,529,6055.0,1,day,Friday,4,3,March,1,1,,0,2310-1,1,3,,0.0,1.0,Partly Cloudy,Cloudy,68.0,4,Out To RF,0,1,1,2026 magnet schedule at all gates,1,0.0,partial_assembled,0
20260328,2026-03-28,2310,Reno Aces,Pacific Coast League,Greater Nevada Field,Tacoma Rainiers,529,5682.0,1,day,Saturday,5,3,March,1,1,,0,2310-1,2,3,1.0,0.5,0.5,Partly Cloudy,Cloudy,75.0,9,L To R,0,0,0,,1,1.0,partial_assembled,0
20260329,2026-03-29,2310,Reno Aces,Pacific Coast League,Greater Nevada Field,Tacoma Rainiers,529,4663.0,1,day,Sunday,6,3,March,1,1,,0,2310-1,3,3,1.0,0.3333333333333333,0.6666666666666666,Sunny,Clear,68.0,2,Out To RF,0,0,0,,1,2.0,partial_assembled,0
20260407,2026-04-07,2310,Reno Aces,Pacific Coast League,Greater Nevada Field,Salt Lake Bees,561,2910.0,1,night,Tuesday,1,4,April,2,0,,0,2310-2,1,12,9.0,0.6,0.3,Partly Cloudy,Cloudy,65.0,12,L To R,0,0,0,,0,,partial_assembled,0
20260408,2026-04-08,2310,Reno Aces,Pacific Coast League,Greater Nevada Field,Salt Lake Bees,561,2994.0,1,night,Wednesday,2,4,April,2,0,,0,2310-2,2,12,1.0,0.6363636363636364,0.2727272727272727,Partly Cloudy,Cloudy,68.0,13,Out To RF,0,0,0,,0,,partial_assembled,0
20260409,2026-04-09,2310,Reno Aces,Pacific Coast League,Greater Nevada Field,Salt Lake Bees,561,2933.0,1,night,Thursday,3,4,April,2,0,,0,2310-2,3,12,1.0,0.6666666666666666,0.25,Cloudy,Cloudy,58.0,10,Out To RF,0,0,0,,0,,partial_assembled,0
20260410,2026-04-10,2310,Reno Aces,Pacific Coast League,Greater Nevada Field,Salt Lake Bees,561,3889.0,1,night,Friday,4,4,April,3,1,,0,2310-2,4,12,1.0,0.6153846153846154,0.3076923076923077,Cloudy,Cloudy,53.0,13,Out To RF,0,0,0,,0,,partial_assembled,0
20260411,2026-04-11,2310,Reno Aces,Pacific Coast League,Greater Nevada Field,Salt Lake Bees,561,4316.0,1,day,Saturday,5,4,April,3,1,,0,2310-2,5,12,1.0,0.6428571428571429,0.2857142857142857,Cloudy,Cloudy,55.0,10,Out To LF,0,0,0,,0,,partial_assembled,0
20260412,2026-04-12,2310,Reno Aces,Pacific Coast League,Greater Nevada Field,Salt Lake Bees,561,2715.0,1,day,Sunday,6,4,April,3,1,,0,2310-2,6,12,1.0,0.6,0.3333333333333333,Cloudy,Cloudy,45.0,9,L To R,0,0,0,,0,,partial_assembled,0
20260414,2026-04-14,2310,Reno Aces,Pacific Coast League,Greater Nevada Field,Las Vegas Aviators,400,2849.0,1,night,Tuesday,1,4,April,3,0,,0,2310-2,7,12,2.0,0.5625,0.5714285714285714,Clear,Clear,58.0,14,L To R,0,0,0,,0,,partial_assembled,0
20260415,2026-04-15,2310,Reno Aces,Pacific Coast League,Greater Nevada Field,Las Vegas Aviators,400,2500.0,1,night,Wednesday,2,4,April,3,0,,0,2310-2,8,12,1.0,0.5294117647058824,0.6,Partly Cloudy,Cloudy,58.0,18,L To R,0,0,0,,0,,partial_assembled,0
20260416,2026-04-16,2310,Reno Aces,Pacific Coast League,Greater Nevada Field,Las Vegas Aviators,400,2590.0,1,night,Thursday,3,4,April,3,0,,0,2310-2,9,12,1.0,0.5,0.625,Clear,Clear,49.0,14,L To R,0,0,0,,0,,partial_assembled,0
20260417,2026-04-17,2310,Reno Aces,Pacific Coast League,Greater Nevada Field,Las Vegas Aviators,400,5212.0,1,night,Friday,4,4,April,4,1,,0,2310-2,10,12,1.0,0.5263157894736842,0.5882352941176471,Partly Cloudy,Cloudy,53.0,5,Out To RF,0,0,0,,0,,partial_assembled,0
20260418,2026-04-18,2310,Reno Aces,Pacific Coast League,Greater Nevada Field,Las Vegas Aviators,400,6580.0,1,day,Saturday,5,4,April,4,1,,0,2310-2,11,12,1.0,0.5,0.6111111111111112,Sunny,Clear,70.0,3,L To R,0,0,0,,0,,partial_assembled,0
20260419,2026-04-19,2310,Reno Aces,Pacific Coast League,Greater Nevada Field,Las Vegas Aviators,400,5136.0,1,day,Sunday,6,4,April,4,1,,0,2310-2,12,12,1.0,0.5238095238095238,0.5789473684210527,Cloudy,Cloudy,69.0,9,Out To LF,0,0,0,,0,,partial_assembled,0
20260428,2026-04-28,2310,Reno Aces,Pacific Coast League,Greater Nevada Field,Sugar Land Space Cowboys,5434,5412.0,1,day,Tuesday,1,4,April,5,0,,0,2310-3,1,6,9.0,0.4642857142857143,0.5714285714285714,Partly Cloudy,Cloudy,53.0,5,Out To RF,0,0,0,,1,-4.0,partial_assembled,0
20260429,2026-04-29,2310,Reno Aces,Pacific Coast League,Greater Nevada Field,Sugar Land Space Cowboys,5434,2946.0,1,night,Wednesday,2,4,April,5,0,,0,2310-3,2,6,1.0,0.4827586206896552,0.5517241379310345,Partly Cloudy,Cloudy,69.0,5,L To R,0,0,0,,1,-3.0,partial_assembled,0
20260430,2026-04-30,2310,Reno Aces,Pacific Coast League,Greater Nevada Field,Sugar Land Space Cowboys,5434,3106.0,1,night,Thursday,3,4,April,5,0,,0,2310-3,3,6,1.0,0.5,0.5333333333333333,Partly Cloudy,Cloudy,70.0,10,L To R,0,0,0,,1,-2.0,partial_assembled,0
20260501,2026-05-01,2310,Reno Aces,Pacific Coast League,Greater Nevada Field,Sugar Land Space Cowboys,5434,5112.0,1,night,Friday,4,5,May,6,1,,0,2310-3,4,6,1.0,0.5161290322580645,0.5161290322580645,Cloudy,Cloudy,72.0,8,R To L,0,0,0,,1,-1.0,partial_assembled,0
20260502,2026-05-02,2310,Reno Aces,Pacific Coast League,Greater Nevada Field,Sugar Land Space Cowboys,5434,6709.0,1,day,Saturday,5,5,May,6,1,,0,2310-3,5,6,1.0,0.5,0.53125,Overcast,Cloudy,72.0,10,Out To RF,0,1,1,Dog bandana (Scooby Doo Night),1,0.0,partial_assembled,0
20260503,2026-05-03,2310,Reno Aces,Pacific Coast League,Greater Nevada Field,Sugar Land Space Cowboys,5434,4508.0,1,day,Sunday,6,5,May,6,1,,0,2310-3,6,6,1.0,0.5151515151515151,0.5151515151515151,Partly Cloudy,Cloudy,69.0,8,L To R,0,0,0,,1,1.0,partial_assembled,0
20260512,2026-05-12,2310,Reno Aces,Pacific Coast League,Greater Nevada Field,Las Vegas Aviators,400,2879.0,1,night,Tuesday,1,5,May,7,0,,0,2310-4,1,6,9.0,0.525,0.5,Partly Cloudy,Cloudy,83.0,14,Out To RF,0,0,0,,1,-4.0,partial_assembled,0
20260513,2026-05-13,2310,Reno Aces,Pacific Coast League,Greater Nevada Field,Las Vegas Aviators,400,3173.0,1,night,Wednesday,2,5,May,7,0,,0,2310-4,2,6,1.0,0.5121951219512195,0.5128205128205128,Clear,Clear,75.0,13,Out To RF,0,0,0,,1,-3.0,partial_assembled,0
20260514,2026-05-14,2310,Reno Aces,Pacific Coast League,Greater Nevada Field,Las Vegas Aviators,400,6112.0,1,day,Thursday,3,5,May,7,0,,0,2310-4,3,6,1.0,0.5,0.525,Sunny,Clear,67.0,3,Out To RF,0,0,0,,1,-2.0,partial_assembled,0
20260515,2026-05-15,2310,Reno Aces,Pacific Coast League,Greater Nevada Field,Las Vegas Aviators,400,6771.0,1,night,Friday,4,5,May,8,1,,0,2310-4,4,6,1.0,0.5116279069767442,0.5121951219512195,Partly Cloudy,Cloudy,76.0,18,L To R,0,0,0,,1,-1.0,partial_assembled,0
20260516,2026-05-16,2310,Reno Aces,Pacific Coast League,Greater Nevada Field,Las Vegas Aviators,400,6266.0,1,day,Saturday,5,5,May,8,1,,0,2310-4,5,6,1.0,0.5,0.5238095238095238,Partly Cloudy,Cloudy,70.0,11,L To R,0,1,1,Aces Rope Hat (Top Gun Night),1,0.0,partial_assembled,0
20260517,2026-05-17,2310,Reno Aces,Pacific Coast League,Greater Nevada Field,Las Vegas Aviators,400,4476.0,1,day,Sunday,6,5,May,8,1,,0,2310-4,6,6,1.0,0.4888888888888889,0.5348837209302325,Cloudy,Cloudy,46.0,13,L To R,0,1,1,Flower for moms (Mother's Day),1,0.0,partial_assembled,0
20260526,2026-05-26,2310,Reno Aces,Pacific Coast League,Greater Nevada Field,Sacramento River Cats,105,6694.0,1,day,Tuesday,1,5,May,9,0,,0,2310-5,1,6,9.0,0.46153846153846156,0.6,Partly Cloudy,Cloudy,54.0,16,L To R,0,0,0,,1,-4.0,partial_assembled,0
20260527,2026-05-27,2310,Reno Aces,Pacific Coast League,Greater Nevada Field,Sacramento River Cats,105,2812.0,1,night,Wednesday,2,5,May,9,0,,0,2310-5,2,6,1.0,0.4528301886792453,0.6078431372549019,Partly Cloudy,Cloudy,51.0,11,L To R,0,0,0,,1,-3.0,partial_assembled,0
20260528,2026-05-28,2310,Reno Aces,Pacific Coast League,Greater Nevada Field,Sacramento River Cats,105,2537.0,1,night,Thursday,3,5,May,9,0,,0,2310-5,3,6,1.0,0.4444444444444444,0.6153846153846154,Partly Cloudy,Cloudy,58.0,6,In From LF,0,0,0,,1,-2.0,partial_assembled,0
20260529,2026-05-29,2310,Reno Aces,Pacific Coast League,Greater Nevada Field,Sacramento River Cats,105,6936.0,1,night,Friday,4,5,May,10,1,,0,2310-5,4,6,1.0,0.45454545454545453,0.6037735849056604,Partly Cloudy,Cloudy,60.0,10,L To R,0,0,0,,1,-1.0,partial_assembled,0
20260530,2026-05-30,2310,Reno Aces,Pacific Coast League,Greater Nevada Field,Sacramento River Cats,105,6197.0,1,night,Saturday,5,5,May,10,1,,0,2310-5,5,6,1.0,0.4642857142857143,0.5925925925925926,Partly Cloudy,Cloudy,69.0,8,L To R,0,1,1,Rally towel (Harry Potter Night),1,0.0,partial_assembled,0
20260531,2026-05-31,2310,Reno Aces,Pacific Coast League,Greater Nevada Field,Sacramento River Cats,105,4744.0,1,day,Sunday,6,5,May,10,1,,0,2310-5,6,6,1.0,0.45614035087719296,0.6,Sunny,Clear,69.0,3,In From RF,0,0,0,,1,1.0,partial_assembled,0
20260609,2026-06-09,2310,Reno Aces,Pacific Coast League,Greater Nevada Field,Salt Lake Bees,561,3372.0,1,night,Tuesday,1,6,June,11,0,,0,2310-6,1,6,9.0,0.453125,0.5079365079365079,Clear,Clear,75.0,12,Out To RF,0,0,0,,1,-5.0,partial_assembled,0
20260610,2026-06-10,2310,Reno Aces,Pacific Coast League,Greater Nevada Field,Salt Lake Bees,561,3750.0,1,night,Wednesday,2,6,June,11,0,,0,2310-6,2,6,1.0,0.4461538461538462,0.515625,Clear,Clear,80.0,9,Out To RF,0,0,0,,1,-4.0,partial_assembled,0
20260611,2026-06-11,2310,Reno Aces,Pacific Coast League,Greater Nevada Field,Salt Lake Bees,561,3201.0,1,night,Thursday,3,6,June,11,0,,0,2310-6,3,6,1.0,0.45454545454545453,0.5076923076923077,Clear,Clear,87.0,4,In From CF,0,0,0,,1,-3.0,partial_assembled,0
20260612,2026-06-12,2310,Reno Aces,Pacific Coast League,Greater Nevada Field,Salt Lake Bees,561,8125.0,1,night,Friday,4,6,June,12,1,,0,2310-6,4,6,1.0,0.44776119402985076,0.5151515151515151,Clear,Clear,90.0,11,Out To RF,0,0,0,,1,-2.0,partial_assembled,0
20260613,2026-06-13,2310,Reno Aces,Pacific Coast League,Greater Nevada Field,Salt Lake Bees,561,6033.0,1,night,Saturday,5,6,June,12,1,,0,2310-6,5,6,1.0,0.4411764705882353,0.5223880597014925,Partly Cloudy,Cloudy,91.0,6,In From CF,0,0,0,,1,-1.0,partial_assembled,0
20260614,2026-06-14,2310,Reno Aces,Pacific Coast League,Greater Nevada Field,Salt Lake Bees,561,3750.0,1,day,Sunday,6,6,June,12,1,,0,2310-6,6,6,1.0,0.43478260869565216,0.5294117647058824,Sunny,Clear,87.0,4,In From CF,0,1,1,Woodstock bobblehead (Peanuts Night),1,0.0,partial_assembled,0
20260623,2026-06-23,2310,Reno Aces,Pacific Coast League,Greater Nevada Field,Oklahoma City Comets,238,4052.0,1,night,Tuesday,1,6,June,13,0,,0,2310-7,1,6,9.0,0.4342105263157895,0.5466666666666666,Clear,Clear,86.0,12,Out To RF,0,0,0,,1,-5.0,partial_assembled,0
20260624,2026-06-24,2310,Reno Aces,Pacific Coast League,Greater Nevada Field,Oklahoma City Comets,238,4074.0,1,night,Wednesday,2,6,June,13,0,,0,2310-7,2,6,1.0,0.44155844155844154,0.5394736842105263,Clear,Clear,83.0,20,L To R,0,0,0,,1,-4.0,partial_assembled,0
20260625,2026-06-25,2310,Reno Aces,Pacific Coast League,Greater Nevada Field,Oklahoma City Comets,238,3914.0,1,night,Thursday,3,6,June,13,0,,0,2310-7,3,6,1.0,0.4358974358974359,0.5454545454545454,Clear,Clear,82.0,17,L To R,0,0,0,,1,-3.0,partial_assembled,0
20260626,2026-06-26,2310,Reno Aces,Pacific Coast League,Greater Nevada Field,Oklahoma City Comets,238,6899.0,1,night,Friday,4,6,June,14,1,,0,2310-7,4,6,1.0,0.43037974683544306,0.5512820512820513,Partly Cloudy,Cloudy,72.0,17,L To R,0,0,0,,1,-2.0,partial_assembled,0
20260627,2026-06-27,2310,Reno Aces,Pacific Coast League,Greater Nevada Field,Oklahoma City Comets,238,7434.0,1,night,Saturday,5,6,June,14,1,,0,2310-7,5,6,1.0,0.4375,0.5443037974683544,Clear,Clear,68.0,14,Out To RF,0,0,0,,1,-1.0,partial_assembled,0
20260628,2026-06-28,2310,Reno Aces,Pacific Coast League,Greater Nevada Field,Oklahoma City Comets,238,4364.0,1,night,Sunday,6,6,June,14,1,,0,2310-7,6,6,1.0,0.43209876543209874,0.55,Clear,Clear,68.0,11,L To R,0,1,1,Scarf giveaway (Harry Potter Night),1,0.0,partial_assembled,0
20260707,2026-07-07,2310,Reno Aces,Pacific Coast League,Greater Nevada Field,Round Rock Express,102,3395.0,1,night,Tuesday,1,7,July,15,0,,0,2310-8,1,6,9.0,0.4431818181818182,0.4431818181818182,Clear,Clear,89.0,16,Out To RF,0,0,0,,1,-4.0,partial_assembled,0
20260708,2026-07-08,2310,Reno Aces,Pacific Coast League,Greater Nevada Field,Round Rock Express,102,3374.0,1,day,Wednesday,2,7,July,15,0,,0,2310-8,2,6,1.0,0.449438202247191,0.43820224719101125,Sunny,Clear,90.0,1,Calm,0,0,0,,1,-3.0,partial_assembled,0
20260709,2026-07-09,2310,Reno Aces,Pacific Coast League,Greater Nevada Field,Round Rock Express,102,3499.0,1,night,Thursday,3,7,July,15,0,,0,2310-8,3,6,1.0,0.45555555555555555,0.43333333333333335,Clear,Clear,87.0,11,Out To RF,0,0,0,,1,-2.0,partial_assembled,0
20260710,2026-07-10,2310,Reno Aces,Pacific Coast League,Greater Nevada Field,Round Rock Express,102,7268.0,1,night,Friday,4,7,July,16,1,,0,2310-8,4,6,1.0,0.46153846153846156,0.42857142857142855,Clear,Clear,88.0,12,Out To RF,0,0,0,,1,-1.0,partial_assembled,0
20260711,2026-07-11,2310,Reno Aces,Pacific Coast League,Greater Nevada Field,Round Rock Express,102,6103.0,1,night,Saturday,5,7,July,16,1,,0,2310-8,5,6,1.0,0.4673913043478261,0.42391304347826086,Cloudy,Cloudy,91.0,16,L To R,0,1,1,Hula Girl Giveaway (Lilo and Stitch Night),1,0.0,partial_assembled,0
20260712,2026-07-12,2310,Reno Aces,Pacific Coast League,Greater Nevada Field,Round Rock Express,102,4377.0,1,day,Sunday,6,7,July,16,1,,0,2310-8,6,6,1.0,0.46236559139784944,0.43010752688172044,Cloudy,Cloudy,85.0,12,Out To RF,0,0,0,,1,1.0,partial_assembled,0
20260721,2026-07-21,2310,Reno Aces,Pacific Coast League,Greater Nevada Field,Tacoma Rainiers,529,3361.0,1,night,Tuesday,1,7,July,17,0,,0,2310-9,1,6,9.0,0.4536082474226804,0.44329896907216493,Partly Cloudy,Cloudy,80.0,12,In From RF,0,0,0,,0,,partial_assembled,0
20260722,2026-07-22,2310,Reno Aces,Pacific Coast League,Greater Nevada Field,Tacoma Rainiers,529,3550.0,1,night,Wednesday,2,7,July,17,0,,0,2310-9,2,6,1.0,0.45918367346938777,0.4387755102040816,Clear,Clear,85.0,12,Out To RF,0,0,0,,0,,partial_assembled,0
20260723,2026-07-23,2310,Reno Aces,Pacific Coast League,Greater Nevada Field,Tacoma Rainiers,529,3624.0,1,night,Thursday,3,7,July,17,0,,0,2310-9,3,6,1.0,0.45454545454545453,0.4444444444444444,Clear,Clear,90.0,14,Out To RF,0,0,0,,0,,partial_assembled,0
20260724,2026-07-24,2310,Reno Aces,Pacific Coast League,Greater Nevada Field,Tacoma Rainiers,529,7519.0,1,night,Friday,4,7,July,18,1,,0,2310-9,4,6,1.0,0.46,0.44,Clear,Clear,93.0,14,L To R,0,0,0,,0,,partial_assembled,0
20260725,2026-07-25,2310,Reno Aces,Pacific Coast League,Greater Nevada Field,Tacoma Rainiers,529,7547.0,1,night,Saturday,5,7,July,18,1,,0,2310-9,5,6,1.0,0.46534653465346537,0.43564356435643564,Clear,Clear,88.0,15,L To R,0,0,0,,0,,partial_assembled,0
20260726,2026-07-26,2310,Reno Aces,Pacific Coast League,Greater Nevada Field,Tacoma Rainiers,529,4076.0,1,night,Sunday,6,7,July,18,1,,0,2310-9,6,6,1.0,0.47058823529411764,0.43137254901960786,Clear,Clear,91.0,17,L To R,0,0,0,,0,,partial_assembled,0
20260804,2026-08-04,2310,Reno Aces,Pacific Coast League,Greater Nevada Field,El Paso Chihuahuas,4904,3337.0,1,night,Tuesday,1,8,August,19,0,,0,2310-10,1,6,9.0,0.45871559633027525,0.4074074074074074,Clear,Clear,93.0,6,L To R,0,0,0,,0,,partial_assembled,0
20260805,2026-08-05,2310,Reno Aces,Pacific Coast League,Greater Nevada Field,El Paso Chihuahuas,4904,3037.0,1,night,Wednesday,2,8,August,19,0,,0,2310-10,2,6,1.0,0.4636363636363636,0.4036697247706422,Clear,Clear,95.0,12,L To R,0,0,0,,0,,partial_assembled,0
20260806,2026-08-06,2310,Reno Aces,Pacific Coast League,Greater Nevada Field,El Paso Chihuahuas,4904,3191.0,1,night,Thursday,3,8,August,19,0,,0,2310-10,3,6,1.0,0.46846846846846846,0.4,Clear,Clear,94.0,13,L To R,0,0,0,,0,,partial_assembled,0
20260807,2026-08-07,2310,Reno Aces,Pacific Coast League,Greater Nevada Field,El Paso Chihuahuas,4904,7781.0,1,night,Friday,4,8,August,20,1,,0,2310-10,4,6,1.0,0.4642857142857143,0.40540540540540543,Partly Cloudy,Cloudy,95.0,7,In From CF,0,0,0,,0,,partial_assembled,0
20260808,2026-08-08,2310,Reno Aces,Pacific Coast League,Greater Nevada Field,El Paso Chihuahuas,4904,6644.0,1,night,Saturday,5,8,August,20,1,,0,2310-10,5,6,1.0,0.46017699115044247,0.4107142857142857,Partly Cloudy,Cloudy,95.0,11,L To R,0,0,0,,0,,partial_assembled,0
20260809,2026-08-09,2310,Reno Aces,Pacific Coast League,Greater Nevada Field,El Paso Chihuahuas,4904,4159.0,1,day,Sunday,6,8,August,20,1,,0,2310-10,6,6,1.0,0.45614035087719296,0.415929203539823,Sunny,Clear,97.0,4,In From LF,0,0,0,,0,,partial_assembled,0
20260825,2026-08-25,2310,Reno Aces,Pacific Coast League,Greater Nevada Field,Sacramento River Cats,105,4326.0,1,night,Tuesday,1,8,August,22,0,,0,2310-11,1,6,16.0,0.4365079365079365,0.5806451612903226,Partly Cloudy,Cloudy,84.0,12,Out To RF,0,0,0,,1,-4.0,partial_assembled,0
20260826,2026-08-26,2310,Reno Aces,Pacific Coast League,Greater Nevada Field,Sacramento River Cats,105,3467.0,1,night,Wednesday,2,8,August,22,0,,0,2310-11,2,6,1.0,0.4330708661417323,0.584,Clear,Clear,84.0,14,L To R,0,0,0,,1,-3.0,partial_assembled,0
20260827,2026-08-27,2310,Reno Aces,Pacific Coast League,Greater Nevada Field,Sacramento River Cats,105,3632.0,1,night,Thursday,3,8,August,22,0,,0,2310-11,3,6,1.0,0.4375,0.5793650793650794,Cloudy,Cloudy,82.0,16,L To R,0,0,0,,1,-2.0,partial_assembled,0
20260828,2026-08-28,2310,Reno Aces,Pacific Coast League,Greater Nevada Field,Sacramento River Cats,105,6991.0,1,night,Friday,4,8,August,23,1,,0,2310-11,4,6,1.0,0.4418604651162791,0.5748031496062992,Partly Cloudy,Cloudy,71.0,4,Out To RF,0,0,0,,1,-1.0,partial_assembled,0
20260829,2026-08-29,2310,Reno Aces,Pacific Coast League,Greater Nevada Field,Sacramento River Cats,105,6640.0,1,night,Saturday,5,8,August,23,1,,0,2310-11,5,6,1.0,0.4461538461538462,0.5703125,Clear,Clear,78.0,12,L To R,0,1,1,Aces cross body bag (Great Balloon Race Night),1,0.0,partial_assembled,0
20260830,2026-08-30,2310,Reno Aces,Pacific Coast League,Greater Nevada Field,Sacramento River Cats,105,5389.0,1,day,Sunday,6,8,August,23,1,,0,2310-11,6,6,1.0,0.44274809160305345,0.5736434108527132,Sunny,Clear,79.0,2,In From RF,0,0,0,,1,1.0,partial_assembled,0
20260401,2026-04-01,534,Rochester Red Wings,International League,ESL Ballpark,Scranton/Wilkes-Barre RailRiders,531,2549.0,1,day,Wednesday,2,4,April,1,0,,0,534-1,1,5,,0.75,0.5,Overcast,Cloudy,41.0,7,In From LF,0,0,0,,0,,full_season_release,1
20260402,2026-04-02,534,Rochester Red Wings,International League,ESL Ballpark,Scranton/Wilkes-Barre RailRiders,531,2393.0,1,night,Thursday,3,4,April,1,0,,0,534-1,2,5,1.0,0.8,0.4,Overcast,Cloudy,48.0,5,In From RF,0,0,0,,0,,full_season_release,1
20260403,2026-04-03,534,Rochester Red Wings,International League,ESL Ballpark,Scranton/Wilkes-Barre RailRiders,531,4736.0,2,day,Friday,4,4,April,2,1,,0,534-1,3,5,1.0,0.5714285714285714,0.5714285714285714,Partly Cloudy,Cloudy,75.0,28,Out To LF,0,0,0,,0,,full_season_release,1
20260404,2026-04-04,534,Rochester Red Wings,International League,ESL Ballpark,Scranton/Wilkes-Barre RailRiders,531,3416.0,1,day,Saturday,5,4,April,2,1,,0,534-1,4,5,1.0,0.5,0.625,Overcast,Cloudy,49.0,10,R To L,0,0,0,,0,,full_season_release,1
20260405,2026-04-05,534,Rochester Red Wings,International League,ESL Ballpark,Scranton/Wilkes-Barre RailRiders,531,2321.0,1,day,Sunday,6,4,April,2,1,,0,534-1,5,5,1.0,0.4444444444444444,0.6666666666666666,Overcast,Cloudy,45.0,16,Out To LF,0,0,0,,0,,full_season_release,1
20260414,2026-04-14,534,Rochester Red Wings,International League,ESL Ballpark,Buffalo Bisons,422,2698.0,1,night,Tuesday,1,4,April,3,0,,0,534-2,1,5,9.0,0.5,0.5,Partly Cloudy,Cloudy,75.0,25,Out To LF,0,0,0,,0,,full_season_release,1
20260415,2026-04-15,534,Rochester Red Wings,International League,ESL Ballpark,Buffalo Bisons,422,2628.0,1,day,Wednesday,2,4,April,3,0,,0,534-2,2,5,1.0,0.5294117647058824,0.47058823529411764,Partly Cloudy,Cloudy,74.0,20,Out To LF,0,0,0,,0,,full_season_release,1
20260417,2026-04-17,534,Rochester Red Wings,International League,ESL Ballpark,Buffalo Bisons,422,3321.0,2,night,Friday,4,4,April,4,1,,0,534-2,3,5,2.0,0.5263157894736842,0.47368421052631576,Clear,Clear,61.0,4,Out To LF,0,0,0,,0,,full_season_release,1
20260418,2026-04-18,534,Rochester Red Wings,International League,ESL Ballpark,Buffalo Bisons,422,4667.0,1,day,Saturday,5,4,April,4,1,,0,534-2,4,5,1.0,0.5,0.5,Overcast,Cloudy,76.0,13,Out To LF,0,0,0,,0,,full_season_release,1
20260419,2026-04-19,534,Rochester Red Wings,International League,ESL Ballpark,Buffalo Bisons,422,3575.0,1,day,Sunday,6,4,April,4,1,,0,534-2,5,5,1.0,0.5238095238095238,0.47619047619047616,Partly Cloudy,Cloudy,43.0,11,Out To RF,0,0,0,,0,,full_season_release,1
20260428,2026-04-28,534,Rochester Red Wings,International League,ESL Ballpark,Worcester Red Sox,533,2755.0,1,night,Tuesday,1,4,April,5,0,,0,534-3,1,5,9.0,0.5,0.5555555555555556,Overcast,Cloudy,64.0,12,Out To LF,0,0,0,,0,,full_season_release,1
20260430,2026-04-30,534,Rochester Red Wings,International League,ESL Ballpark,Worcester Red Sox,533,4095.0,2,day,Thursday,3,4,April,5,0,,0,534-3,2,5,2.0,0.4666666666666667,0.5862068965517241,Overcast,Cloudy,50.0,11,Out To LF,0,0,0,,0,,full_season_release,1
20260501,2026-05-01,534,Rochester Red Wings,International League,ESL Ballpark,Worcester Red Sox,533,3642.0,1,night,Friday,4,5,May,6,1,,0,534-3,3,5,1.0,0.45161290322580644,0.6,Drizzle,Precipitation,45.0,3,Calm,1,0,0,,0,,full_season_release,1
20260502,2026-05-02,534,Rochester Red Wings,International League,ESL Ballpark,Worcester Red Sox,533,6663.0,1,day,Saturday,5,5,May,6,1,,0,534-3,4,5,1.0,0.46875,0.5806451612903226,Partly Cloudy,Cloudy,46.0,14,L To R,0,0,0,,0,,full_season_release,1
20260503,2026-05-03,534,Rochester Red Wings,International League,ESL Ballpark,Worcester Red Sox,533,4166.0,1,day,Sunday,6,5,May,6,1,,0,534-3,5,5,1.0,0.48484848484848486,0.5625,Partly Cloudy,Cloudy,55.0,10,Out To LF,0,0,0,,0,,full_season_release,1
20260512,2026-05-12,534,Rochester Red Wings,International League,ESL Ballpark,Lehigh Valley IronPigs,1410,3566.0,1,night,Tuesday,1,5,May,7,0,,0,534-4,1,6,9.0,0.525,0.475,Overcast,Cloudy,53.0,12,In From LF,0,0,0,,1,-1.0,full_season_release,1
20260513,2026-05-13,534,Rochester Red Wings,International League,ESL Ballpark,Lehigh Valley IronPigs,1410,3193.0,1,night,Wednesday,2,5,May,7,0,,0,534-4,2,6,1.0,0.5365853658536586,0.4634146341463415,Partly Cloudy,Cloudy,59.0,8,Out To LF,0,1,1,"ROC the Lilac Jersey, first 1000 fans",1,0.0,full_season_release,1
20260514,2026-05-14,534,Rochester Red Wings,International League,ESL Ballpark,Lehigh Valley IronPigs,1410,2881.0,1,night,Thursday,3,5,May,7,0,,0,534-4,3,6,1.0,0.5238095238095238,0.47619047619047616,Drizzle,Precipitation,46.0,6,L To R,1,0,0,,1,1.0,full_season_release,1
20260515,2026-05-15,534,Rochester Red Wings,International League,ESL Ballpark,Lehigh Valley IronPigs,1410,5186.0,1,night,Friday,4,5,May,8,1,,0,534-4,4,6,1.0,0.5348837209302325,0.46511627906976744,Partly Cloudy,Cloudy,66.0,10,Out To LF,0,0,0,,1,2.0,full_season_release,1
20260516,2026-05-16,534,Rochester Red Wings,International League,ESL Ballpark,Lehigh Valley IronPigs,1410,6493.0,1,night,Saturday,5,5,May,8,1,,0,534-4,5,6,1.0,0.5454545454545454,0.45454545454545453,Cloudy,Cloudy,63.0,10,Out To LF,0,0,0,,1,3.0,full_season_release,1
20260517,2026-05-17,534,Rochester Red Wings,International League,ESL Ballpark,Lehigh Valley IronPigs,1410,4810.0,1,day,Sunday,6,5,May,8,1,,0,534-4,6,6,1.0,0.5555555555555556,0.4444444444444444,Sunny,Clear,80.0,8,Out To LF,0,0,0,,1,4.0,full_season_release,1
20260525,2026-05-25,534,Rochester Red Wings,International League,ESL Ballpark,Syracuse Mets,552,10565.0,1,day,Monday,0,5,May,9,0,Memorial Day,1,534-5,1,6,8.0,0.6078431372549019,0.5294117647058824,Sunny,Clear,70.0,8,L To R,0,1,1,"Camo Jersey, first 1000 fans 21 and over",1,0.0,full_season_release,1
20260527,2026-05-27,534,Rochester Red Wings,International League,ESL Ballpark,Syracuse Mets,552,9410.0,1,day,Wednesday,2,5,May,9,0,,0,534-5,2,6,2.0,0.6153846153846154,0.5192307692307693,Sunny,Clear,72.0,6,L To R,0,0,0,,1,1.0,full_season_release,1
20260528,2026-05-28,534,Rochester Red Wings,International League,ESL Ballpark,Syracuse Mets,552,5507.0,1,night,Thursday,3,5,May,9,0,,0,534-5,3,6,1.0,0.6037735849056604,0.5283018867924528,Clear,Clear,66.0,6,L To R,0,0,0,,1,-1.0,full_season_release,1
20260529,2026-05-29,534,Rochester Red Wings,International League,ESL Ballpark,Syracuse Mets,552,6807.0,1,night,Friday,4,5,May,10,1,,0,534-5,4,6,1.0,0.6111111111111112,0.5185185185185185,Partly Cloudy,Cloudy,72.0,18,Out To LF,0,1,1,"Mittsy Jersey, first 1000 fans, presented by ESL",1,0.0,full_season_release,1
20260530,2026-05-30,534,Rochester Red Wings,International League,ESL Ballpark,Syracuse Mets,552,7729.0,1,night,Saturday,5,5,May,10,1,,0,534-5,5,6,1.0,0.6181818181818182,0.509090909090909,Clear,Clear,65.0,6,In From LF,0,0,0,,1,1.0,full_season_release,1
20260531,2026-05-31,534,Rochester Red Wings,International League,ESL Ballpark,Syracuse Mets,552,7771.0,1,day,Sunday,6,5,May,10,1,,0,534-5,6,6,1.0,0.6071428571428571,0.5178571428571429,Partly Cloudy,Cloudy,73.0,15,L To R,0,0,0,,1,2.0,full_season_release,1
20260609,2026-06-09,534,Rochester Red Wings,International League,ESL Ballpark,Worcester Red Sox,533,6321.0,1,night,Tuesday,1,6,June,11,0,,0,534-6,1,12,9.0,0.6031746031746031,0.5409836065573771,Overcast,Cloudy,75.0,5,In From LF,0,0,0,,1,-1.0,full_season_release,1
20260610,2026-06-10,534,Rochester Red Wings,International League,ESL Ballpark,Worcester Red Sox,533,4973.0,1,night,Wednesday,2,6,June,11,0,,0,534-6,2,12,1.0,0.609375,0.532258064516129,Clear,Clear,82.0,6,Out To LF,0,1,1,"White Hots Jersey, first 1000 fans",1,0.0,full_season_release,1
20260611,2026-06-11,534,Rochester Red Wings,International League,ESL Ballpark,Worcester Red Sox,533,4616.0,1,day,Thursday,3,6,June,11,0,,0,534-6,3,12,1.0,0.6153846153846154,0.5238095238095238,Partly Cloudy,Cloudy,90.0,4,Out To LF,0,0,0,,1,1.0,full_season_release,1
20260612,2026-06-12,534,Rochester Red Wings,International League,ESL Ballpark,Worcester Red Sox,533,6910.0,1,night,Friday,4,6,June,12,1,,0,534-6,4,12,1.0,0.6212121212121212,0.515625,Partly Cloudy,Cloudy,76.0,10,Out To LF,0,0,0,,1,-1.0,full_season_release,1
20260613,2026-06-13,534,Rochester Red Wings,International League,ESL Ballpark,Worcester Red Sox,533,10280.0,1,night,Saturday,5,6,June,12,1,,0,534-6,5,12,1.0,0.6268656716417911,0.5076923076923077,Clear,Clear,80.0,12,Out To LF,0,1,1,"Red Wings Performance Mesh Hat, first 2000 fans",1,0.0,full_season_release,1
20260616,2026-06-16,534,Rochester Red Wings,International League,ESL Ballpark,Toledo Mud Hens,512,4868.0,1,night,Tuesday,1,6,June,12,0,,0,534-6,7,12,3.0,0.6176470588235294,0.463768115942029,Partly Cloudy,Cloudy,64.0,8,In From LF,0,0,0,,1,2.0,full_season_release,1
20260617,2026-06-17,534,Rochester Red Wings,International League,ESL Ballpark,Toledo Mud Hens,512,4632.0,1,day,Wednesday,2,6,June,12,0,,0,534-6,8,12,1.0,0.6231884057971014,0.45714285714285713,Cloudy,Cloudy,74.0,10,Out To LF,0,0,0,,1,-1.0,full_season_release,1
20260618,2026-06-18,534,Rochester Red Wings,International League,ESL Ballpark,Toledo Mud Hens,512,4412.0,1,night,Thursday,3,6,June,12,0,,0,534-6,9,12,1.0,0.6142857142857143,0.4647887323943662,Cloudy,Cloudy,71.0,20,Out To LF,0,1,1,"Plates Jersey, first 500 fans 21 and over",1,0.0,full_season_release,1
20260619,2026-06-19,534,Rochester Red Wings,International League,ESL Ballpark,Toledo Mud Hens,512,6277.0,1,night,Friday,4,6,June,13,1,,0,534-6,10,12,1.0,0.6197183098591549,0.4583333333333333,Partly Cloudy,Cloudy,70.0,12,Out To RF,0,1,1,"Tom Alston Bobblehead, first 1000 fans",1,0.0,full_season_release,1
20260620,2026-06-20,534,Rochester Red Wings,International League,ESL Ballpark,Toledo Mud Hens,512,10199.0,1,night,Saturday,5,6,June,13,1,,0,534-6,11,12,1.0,0.625,0.4520547945205479,Clear,Clear,73.0,13,Out To RF,0,1,1,"Cocos Locos Red Hawaiian Shirt, first 1000 fans",1,0.0,full_season_release,1
20260621,2026-06-21,534,Rochester Red Wings,International League,ESL Ballpark,Toledo Mud Hens,512,10260.0,1,day,Sunday,6,6,June,13,1,Father's Day,1,534-6,12,12,1.0,0.6164383561643836,0.4594594594594595,Sunny,Clear,73.0,3,Out To LF,0,0,0,,1,1.0,full_season_release,1
20260630,2026-06-30,534,Rochester Red Wings,International League,ESL Ballpark,Lehigh Valley IronPigs,1410,6554.0,1,night,Tuesday,1,6,June,14,0,,0,534-7,1,6,9.0,0.6125,0.4634146341463415,Partly Cloudy,Cloudy,91.0,10,Out To LF,0,0,0,,1,-5.0,full_season_release,1
20260701,2026-07-01,534,Rochester Red Wings,International League,ESL Ballpark,Lehigh Valley IronPigs,1410,3859.0,1,night,Wednesday,2,7,July,14,0,,0,534-7,2,6,1.0,0.6049382716049383,0.46987951807228917,Clear,Clear,93.0,15,Out To LF,0,0,0,,1,-4.0,full_season_release,1
20260702,2026-07-02,534,Rochester Red Wings,International League,ESL Ballpark,Lehigh Valley IronPigs,1410,3911.0,1,night,Thursday,3,7,July,14,0,,0,534-7,3,6,1.0,0.5975609756097561,0.47619047619047616,Partly Cloudy,Cloudy,91.0,6,Out To LF,0,0,0,,1,-3.0,full_season_release,1
20260703,2026-07-03,534,Rochester Red Wings,International League,ESL Ballpark,Lehigh Valley IronPigs,1410,7467.0,1,night,Friday,4,7,July,15,1,,0,534-7,4,6,1.0,0.6024096385542169,0.47058823529411764,Partly Cloudy,Cloudy,80.0,8,Out To LF,0,0,0,,1,-2.0,full_season_release,1
20260704,2026-07-04,534,Rochester Red Wings,International League,ESL Ballpark,Lehigh Valley IronPigs,1410,9210.0,1,night,Saturday,5,7,July,15,1,Independence Day,1,534-7,5,6,1.0,0.6071428571428571,0.46511627906976744,Partly Cloudy,Cloudy,74.0,4,Calm,0,0,0,,1,-1.0,full_season_release,1
20260705,2026-07-05,534,Rochester Red Wings,International League,ESL Ballpark,Lehigh Valley IronPigs,1410,4793.0,1,day,Sunday,6,7,July,15,1,,0,534-7,6,6,1.0,0.6,0.47126436781609193,Partly Cloudy,Cloudy,78.0,7,In From LF,0,1,1,"Bruce and Josh Snyder Bobblehead, first 1000 fans",1,0.0,full_season_release,1
20260717,2026-07-17,534,Rochester Red Wings,International League,ESL Ballpark,Jacksonville Jumbo Shrimp,564,7715.0,1,night,Friday,4,7,July,17,1,,0,534-8,1,3,12.0,0.5869565217391305,0.5434782608695652,Clear,Clear,78.0,6,In From LF,0,0,0,,0,,full_season_release,1
20260718,2026-07-18,534,Rochester Red Wings,International League,ESL Ballpark,Jacksonville Jumbo Shrimp,564,4951.0,1,night,Saturday,5,7,July,17,1,,0,534-8,2,3,1.0,0.5913978494623656,0.5376344086021505,Overcast,Cloudy,72.0,5,Out To LF,0,0,0,,0,,full_season_release,1
20260719,2026-07-19,534,Rochester Red Wings,International League,ESL Ballpark,Jacksonville Jumbo Shrimp,564,5343.0,1,night,Sunday,6,7,July,17,1,,0,534-8,3,3,1.0,0.5957446808510638,0.5319148936170213,Clear,Clear,74.0,3,L To R,0,0,0,,0,,full_season_release,1
20260728,2026-07-28,534,Rochester Red Wings,International League,ESL Ballpark,Syracuse Mets,552,7528.0,1,night,Tuesday,1,7,July,18,0,,0,534-9,1,5,9.0,0.594059405940594,0.49019607843137253,Partly Cloudy,Cloudy,77.0,10,L To R,0,1,1,"Ernie Clement Bobblehead, first 1000 fans",1,0.0,full_season_release,1
20260730,2026-07-30,534,Rochester Red Wings,International League,ESL Ballpark,Syracuse Mets,552,6269.0,2,night,Thursday,3,7,July,18,0,,0,534-9,2,5,2.0,0.5922330097087378,0.49038461538461536,Clear,Clear,75.0,5,L To R,0,0,0,,1,1.0,full_season_release,1
20260731,2026-07-31,534,Rochester Red Wings,International League,ESL Ballpark,Syracuse Mets,552,9478.0,1,night,Friday,4,7,July,19,1,,0,534-9,3,5,1.0,0.5961538461538461,0.4857142857142857,Clear,Clear,83.0,4,Calm,0,0,0,,1,2.0,full_season_release,1
20260801,2026-08-01,534,Rochester Red Wings,International League,ESL Ballpark,Syracuse Mets,552,7433.0,1,night,Saturday,5,8,August,19,1,,0,534-9,4,5,1.0,0.6,0.4811320754716981,Cloudy,Cloudy,82.0,4,In From RF,0,0,0,,1,3.0,full_season_release,1
20260802,2026-08-02,534,Rochester Red Wings,International League,ESL Ballpark,Syracuse Mets,552,4806.0,1,day,Sunday,6,8,August,19,1,,0,534-9,5,5,1.0,0.5943396226415094,0.48598130841121495,Overcast,Cloudy,72.0,3,Calm,0,0,0,,1,4.0,full_season_release,1
20260811,2026-08-11,534,Rochester Red Wings,International League,ESL Ballpark,Charlotte Knights,494,8698.0,1,night,Tuesday,1,8,August,20,0,,0,534-10,1,6,9.0,0.5929203539823009,0.5478260869565217,Clear,Clear,79.0,5,Out To RF,0,1,1,"ZOO Cap, first 1000 fans",1,0.0,full_season_release,1
20260812,2026-08-12,534,Rochester Red Wings,International League,ESL Ballpark,Charlotte Knights,494,6457.0,1,night,Wednesday,2,8,August,20,0,,0,534-10,2,6,1.0,0.5964912280701754,0.5431034482758621,Cloudy,Cloudy,68.0,6,Out To LF,0,1,1,White Hots Jersey,1,0.0,full_season_release,1
20260813,2026-08-13,534,Rochester Red Wings,International League,ESL Ballpark,Charlotte Knights,494,5799.0,1,day,Thursday,3,8,August,20,0,,0,534-10,3,6,1.0,0.591304347826087,0.5470085470085471,Partly Cloudy,Cloudy,78.0,10,Out To RF,0,0,0,,1,1.0,full_season_release,1
20260814,2026-08-14,534,Rochester Red Wings,International League,ESL Ballpark,Charlotte Knights,494,8164.0,1,night,Friday,4,8,August,21,1,,0,534-10,4,6,1.0,0.5948275862068966,0.5423728813559322,Clear,Clear,77.0,6,In From LF,0,0,0,,1,2.0,full_season_release,1
20260815,2026-08-15,534,Rochester Red Wings,International League,ESL Ballpark,Charlotte Knights,494,9244.0,1,night,Saturday,5,8,August,21,1,,0,534-10,5,6,1.0,0.5982905982905983,0.5378151260504201,Clear,Clear,75.0,9,In From LF,0,0,0,,1,3.0,full_season_release,1
20260816,2026-08-16,534,Rochester Red Wings,International League,ESL Ballpark,Charlotte Knights,494,6398.0,1,day,Sunday,6,8,August,21,1,,0,534-10,6,6,1.0,0.6016949152542372,0.5333333333333333,Cloudy,Cloudy,83.0,4,Calm,0,0,0,,1,4.0,full_season_release,1
20260825,2026-08-25,534,Rochester Red Wings,International League,ESL Ballpark,Buffalo Bisons,422,7568.0,1,night,Tuesday,1,8,August,22,0,,0,534-11,1,6,9.0,0.608,0.5,Partly Cloudy,Cloudy,72.0,8,L To R,0,0,0,,0,,full_season_release,1
20260826,2026-08-26,534,Rochester Red Wings,International League,ESL Ballpark,Buffalo Bisons,422,6766.0,1,day,Wednesday,2,8,August,22,0,,0,534-11,2,6,1.0,0.6111111111111112,0.49606299212598426,Partly Cloudy,Cloudy,78.0,10,Out To LF,0,0,0,,0,,full_season_release,1
20260827,2026-08-27,534,Rochester Red Wings,International League,ESL Ballpark,Buffalo Bisons,422,5547.0,1,night,Thursday,3,8,August,22,0,,0,534-11,3,6,1.0,0.6141732283464567,0.4921875,Partly Cloudy,Cloudy,77.0,9,Out To LF,0,0,0,,0,,full_season_release,1
20260828,2026-08-28,534,Rochester Red Wings,International League,ESL Ballpark,Buffalo Bisons,422,8425.0,1,night,Friday,4,8,August,23,1,,0,534-11,4,6,1.0,0.6171875,0.4883720930232558,Clear,Clear,70.0,5,L To R,0,0,0,,0,,full_season_release,1
20260829,2026-08-29,534,Rochester Red Wings,International League,ESL Ballpark,Buffalo Bisons,422,7769.0,1,night,Saturday,5,8,August,23,1,,0,534-11,5,6,1.0,0.6124031007751938,0.49230769230769234,Partly Cloudy,Cloudy,75.0,8,Out To LF,0,0,0,,0,,full_season_release,1
20260830,2026-08-30,534,Rochester Red Wings,International League,ESL Ballpark,Buffalo Bisons,422,7885.0,1,day,Sunday,6,8,August,23,1,,0,534-11,6,6,1.0,0.6153846153846154,0.48854961832061067,Rain,Precipitation,69.0,6,Out To LF,1,0,0,,0,,full_season_release,1
20260331,2026-03-31,102,Round Rock Express,Pacific Coast League,Dell Diamond,Gwinnett Stripers,431,8907.0,1,night,Tuesday,1,3,March,1,0,,0,102-1,1,6,,0.25,0.25,Partly Cloudy,Cloudy,84.0,14,Out To LF,0,0,0,,1,-3.0,full_season_release,1
20260401,2026-04-01,102,Round Rock Express,Pacific Coast League,Dell Diamond,Gwinnett Stripers,431,2635.0,1,night,Wednesday,2,4,April,1,0,,0,102-1,2,6,1.0,0.2,0.4,Partly Cloudy,Cloudy,87.0,18,Out To LF,0,0,0,,1,-2.0,full_season_release,1
20260402,2026-04-02,102,Round Rock Express,Pacific Coast League,Dell Diamond,Gwinnett Stripers,431,5293.0,1,night,Thursday,3,4,April,1,0,,0,102-1,3,6,1.0,0.16666666666666666,0.5,Partly Cloudy,Cloudy,80.0,13,Out To LF,0,0,0,,1,-1.0,full_season_release,1
20260403,2026-04-03,102,Round Rock Express,Pacific Coast League,Dell Diamond,Gwinnett Stripers,431,6030.0,1,night,Friday,4,4,April,2,1,,0,102-1,4,6,1.0,0.14285714285714285,0.5714285714285714,Partly Cloudy,Cloudy,80.0,15,Out To LF,0,1,1,"Retro Express Cap presented by Nyle Maxwell, first 2000 fans",1,0.0,full_season_release,1
20260404,2026-04-04,102,Round Rock Express,Pacific Coast League,Dell Diamond,Gwinnett Stripers,431,4250.0,1,night,Saturday,5,4,April,2,1,,0,102-1,5,6,1.0,0.25,0.5,Partly Cloudy,Cloudy,63.0,16,L To R,0,1,1,"Short-Sleeve Quarter Zip Pullover presented by Intel, first 1500 fans",1,0.0,full_season_release,1
20260405,2026-04-05,102,Round Rock Express,Pacific Coast League,Dell Diamond,Gwinnett Stripers,431,3098.0,1,day,Sunday,6,4,April,2,1,,0,102-1,6,6,1.0,0.2222222222222222,0.5555555555555556,Overcast,Cloudy,59.0,15,In From LF,0,0,0,,1,1.0,full_season_release,1
20260414,2026-04-14,102,Round Rock Express,Pacific Coast League,Dell Diamond,El Paso Chihuahuas,4904,3477.0,1,day,Tuesday,1,4,April,3,0,,0,102-2,1,6,9.0,0.3125,0.375,Overcast,Cloudy,75.0,13,Out To LF,0,0,0,,1,-4.0,full_season_release,1
20260415,2026-04-15,102,Round Rock Express,Pacific Coast League,Dell Diamond,El Paso Chihuahuas,4904,3170.0,1,night,Wednesday,2,4,April,3,0,,0,102-2,2,6,1.0,0.29411764705882354,0.4117647058823529,Partly Cloudy,Cloudy,79.0,9,Out To LF,0,0,0,,1,-3.0,full_season_release,1
20260416,2026-04-16,102,Round Rock Express,Pacific Coast League,Dell Diamond,El Paso Chihuahuas,4904,3137.0,1,night,Thursday,3,4,April,3,0,,0,102-2,3,6,1.0,0.3333333333333333,0.3888888888888889,Partly Cloudy,Cloudy,84.0,14,Out To LF,0,0,0,,1,-2.0,full_season_release,1
20260417,2026-04-17,102,Round Rock Express,Pacific Coast League,Dell Diamond,El Paso Chihuahuas,4904,8134.0,1,night,Friday,4,4,April,4,1,,0,102-2,4,6,1.0,0.3684210526315789,0.3684210526315789,Cloudy,Cloudy,83.0,14,Out To LF,0,0,0,,1,-1.0,full_season_release,1
20260418,2026-04-18,102,Round Rock Express,Pacific Coast League,Dell Diamond,El Paso Chihuahuas,4904,6239.0,1,night,Saturday,5,4,April,4,1,,0,102-2,5,6,1.0,0.35,0.4,Overcast,Cloudy,57.0,18,L To R,0,1,1,"Sling Bag presented by The Sanders Family, first 1500 fans",1,0.0,full_season_release,1
20260419,2026-04-19,102,Round Rock Express,Pacific Coast League,Dell Diamond,El Paso Chihuahuas,4904,5538.0,1,day,Sunday,6,4,April,4,1,,0,102-2,6,6,1.0,0.38095238095238093,0.38095238095238093,Partly Cloudy,Cloudy,69.0,12,In From CF,0,0,0,,1,1.0,full_season_release,1
20260428,2026-04-28,102,Round Rock Express,Pacific Coast League,Dell Diamond,Oklahoma City Comets,238,3019.0,1,night,Tuesday,1,4,April,5,0,,0,102-3,1,6,9.0,0.42857142857142855,0.4642857142857143,Overcast,Cloudy,88.0,11,Out To RF,0,0,0,,0,,full_season_release,1
20260429,2026-04-29,102,Round Rock Express,Pacific Coast League,Dell Diamond,Oklahoma City Comets,238,2869.0,1,night,Wednesday,2,4,April,5,0,,0,102-3,2,6,1.0,0.4482758620689655,0.4482758620689655,Overcast,Cloudy,68.0,10,In From LF,0,0,0,,0,,full_season_release,1
20260430,2026-04-30,102,Round Rock Express,Pacific Coast League,Dell Diamond,Oklahoma City Comets,238,2511.0,1,night,Thursday,3,4,April,5,0,,0,102-3,3,6,1.0,0.43333333333333335,0.4666666666666667,Overcast,Cloudy,65.0,9,In From CF,0,0,0,,0,,full_season_release,1
20260501,2026-05-01,102,Round Rock Express,Pacific Coast League,Dell Diamond,Oklahoma City Comets,238,4341.0,1,night,Friday,4,5,May,6,1,,0,102-3,4,6,1.0,0.41935483870967744,0.4838709677419355,Overcast,Cloudy,55.0,15,In From LF,0,0,0,,0,,full_season_release,1
20260502,2026-05-02,102,Round Rock Express,Pacific Coast League,Dell Diamond,Oklahoma City Comets,238,5808.0,1,night,Saturday,5,5,May,6,1,,0,102-3,5,6,1.0,0.40625,0.5,Clear,Clear,70.0,4,In From RF,0,0,0,,0,,full_season_release,1
20260503,2026-05-03,102,Round Rock Express,Pacific Coast League,Dell Diamond,Oklahoma City Comets,238,6193.0,1,day,Sunday,6,5,May,6,1,,0,102-3,6,6,1.0,0.3939393939393939,0.5151515151515151,Sunny,Clear,75.0,8,Out To LF,0,0,0,,0,,full_season_release,1
20260512,2026-05-12,102,Round Rock Express,Pacific Coast League,Dell Diamond,Sacramento River Cats,105,6363.0,1,day,Tuesday,1,5,May,7,0,,0,102-4,1,6,9.0,0.375,0.5526315789473685,Partly Cloudy,Cloudy,75.0,4,In From LF,0,0,0,,1,-3.0,full_season_release,1
20260513,2026-05-13,102,Round Rock Express,Pacific Coast League,Dell Diamond,Sacramento River Cats,105,5004.0,1,night,Wednesday,2,5,May,7,0,,0,102-4,2,6,1.0,0.3902439024390244,0.5384615384615384,Clear,Clear,87.0,1,Calm,0,0,0,,1,-2.0,full_season_release,1
20260514,2026-05-14,102,Round Rock Express,Pacific Coast League,Dell Diamond,Sacramento River Cats,105,4011.0,1,night,Thursday,3,5,May,7,0,,0,102-4,3,6,1.0,0.38095238095238093,0.55,Clear,Clear,87.0,10,Out To LF,0,0,0,,1,-1.0,full_season_release,1
20260515,2026-05-15,102,Round Rock Express,Pacific Coast League,Dell Diamond,Sacramento River Cats,105,8365.0,1,night,Friday,4,5,May,8,1,,0,102-4,4,6,1.0,0.37209302325581395,0.5609756097560976,Overcast,Cloudy,84.0,15,Out To LF,0,1,1,"Texas T-Bone T-Shirt presented by Goodstock, first 2000 fans",1,0.0,full_season_release,1
20260516,2026-05-16,102,Round Rock Express,Pacific Coast League,Dell Diamond,Sacramento River Cats,105,8073.0,1,night,Saturday,5,5,May,8,1,,0,102-4,5,6,1.0,0.36363636363636365,0.5714285714285714,Partly Cloudy,Cloudy,87.0,15,Out To LF,0,0,0,,1,1.0,full_season_release,1
20260517,2026-05-17,102,Round Rock Express,Pacific Coast League,Dell Diamond,Sacramento River Cats,105,4301.0,1,day,Sunday,6,5,May,8,1,,0,102-4,6,6,1.0,0.35555555555555557,0.5813953488372093,Overcast,Cloudy,84.0,19,Out To LF,0,0,0,,1,2.0,full_season_release,1
20260526,2026-05-26,102,Round Rock Express,Pacific Coast League,Dell Diamond,Salt Lake Bees,561,3751.0,1,night,Tuesday,1,5,May,9,0,,0,102-5,1,6,9.0,0.38461538461538464,0.5098039215686274,Cloudy,Cloudy,84.0,5,Out To CF,0,0,0,,1,-3.0,full_season_release,1
20260527,2026-05-27,102,Round Rock Express,Pacific Coast League,Dell Diamond,Salt Lake Bees,561,4711.0,1,night,Wednesday,2,5,May,9,0,,0,102-5,2,6,1.0,0.39622641509433965,0.5,Partly Cloudy,Cloudy,77.0,3,In From CF,0,0,0,,1,-2.0,full_season_release,1
20260528,2026-05-28,102,Round Rock Express,Pacific Coast League,Dell Diamond,Salt Lake Bees,561,3231.0,1,night,Thursday,3,5,May,9,0,,0,102-5,3,6,1.0,0.4074074074074074,0.49056603773584906,Clear,Clear,87.0,4,In From CF,0,0,0,,1,-1.0,full_season_release,1
20260529,2026-05-29,102,Round Rock Express,Pacific Coast League,Dell Diamond,Salt Lake Bees,561,9049.0,1,night,Friday,4,5,May,10,1,,0,102-5,4,6,1.0,0.4,0.5,Partly Cloudy,Cloudy,86.0,8,Out To LF,0,1,1,"Round Rock Donuts Jersey, first 2000 fans",1,0.0,full_season_release,1
20260530,2026-05-30,102,Round Rock Express,Pacific Coast League,Dell Diamond,Salt Lake Bees,561,9008.0,1,night,Saturday,5,5,May,10,1,,0,102-5,5,6,1.0,0.4107142857142857,0.4909090909090909,Overcast,Cloudy,87.0,11,Out To LF,0,0,0,,1,1.0,full_season_release,1
20260531,2026-05-31,102,Round Rock Express,Pacific Coast League,Dell Diamond,Salt Lake Bees,561,4298.0,1,day,Sunday,6,5,May,10,1,,0,102-5,6,6,1.0,0.40350877192982454,0.5,Partly Cloudy,Cloudy,83.0,9,Out To LF,0,1,1,"Dell Dinger Home Run Chain presented by Dell, first 1500 fans",1,0.0,full_season_release,1
20260609,2026-06-09,102,Round Rock Express,Pacific Coast League,Dell Diamond,El Paso Chihuahuas,4904,3531.0,1,night,Tuesday,1,6,June,11,0,,0,102-6,1,6,9.0,0.421875,0.4375,Clear,Clear,90.0,10,Out To LF,0,0,0,,1,-4.0,full_season_release,1
20260610,2026-06-10,102,Round Rock Express,Pacific Coast League,Dell Diamond,El Paso Chihuahuas,4904,4003.0,1,night,Wednesday,2,6,June,11,0,,0,102-6,2,6,1.0,0.4307692307692308,0.4307692307692308,Partly Cloudy,Cloudy,90.0,13,Out To LF,0,0,0,,1,-3.0,full_season_release,1
20260611,2026-06-11,102,Round Rock Express,Pacific Coast League,Dell Diamond,El Paso Chihuahuas,4904,4056.0,1,night,Thursday,3,6,June,11,0,,0,102-6,3,6,1.0,0.42424242424242425,0.4393939393939394,Partly Cloudy,Cloudy,90.0,14,Out To LF,0,0,0,,1,-2.0,full_season_release,1
20260612,2026-06-12,102,Round Rock Express,Pacific Coast League,Dell Diamond,El Paso Chihuahuas,4904,8257.0,1,night,Friday,4,6,June,12,1,,0,102-6,4,6,1.0,0.417910447761194,0.44776119402985076,Partly Cloudy,Cloudy,89.0,10,Out To LF,0,0,0,,1,-1.0,full_season_release,1
20260613,2026-06-13,102,Round Rock Express,Pacific Coast League,Dell Diamond,El Paso Chihuahuas,4904,5645.0,1,night,Saturday,5,6,June,12,1,,0,102-6,5,6,1.0,0.4117647058823529,0.45588235294117646,Cloudy,Cloudy,90.0,16,Out To LF,0,1,1,"Nolan Ryan Bobble Card presented by Intel, first 2000 fans",1,0.0,full_season_release,1
20260614,2026-06-14,102,Round Rock Express,Pacific Coast League,Dell Diamond,El Paso Chihuahuas,4904,4059.0,1,night,Sunday,6,6,June,12,1,,0,102-6,6,6,1.0,0.42028985507246375,0.4492753623188406,Partly Cloudy,Cloudy,87.0,8,In From LF,0,0,0,,1,1.0,full_season_release,1
20260630,2026-06-30,102,Round Rock Express,Pacific Coast League,Dell Diamond,Albuquerque Isotopes,342,4442.0,1,night,Tuesday,1,6,June,14,0,,0,102-7,1,6,16.0,0.43902439024390244,0.5121951219512195,Clear,Clear,93.0,11,Out To LF,0,0,0,,1,-3.0,full_season_release,1
20260701,2026-07-01,102,Round Rock Express,Pacific Coast League,Dell Diamond,Albuquerque Isotopes,342,3195.0,1,night,Wednesday,2,7,July,14,0,,0,102-7,2,6,1.0,0.4457831325301205,0.5060240963855421,Partly Cloudy,Cloudy,93.0,12,Out To LF,0,0,0,,1,-2.0,full_season_release,1
20260702,2026-07-02,102,Round Rock Express,Pacific Coast League,Dell Diamond,Albuquerque Isotopes,342,3825.0,1,night,Thursday,3,7,July,14,0,,0,102-7,3,6,1.0,0.44047619047619047,0.5119047619047619,Partly Cloudy,Cloudy,91.0,10,R To L,0,0,0,,1,-1.0,full_season_release,1
20260703,2026-07-03,102,Round Rock Express,Pacific Coast League,Dell Diamond,Albuquerque Isotopes,342,9040.0,1,night,Friday,4,7,July,15,1,,0,102-7,4,6,1.0,0.43529411764705883,0.5176470588235295,Partly Cloudy,Cloudy,91.0,9,Out To LF,0,1,1,"Widget Cap presented by H-E-B, first 2000 fans",1,0.0,full_season_release,1
20260704,2026-07-04,102,Round Rock Express,Pacific Coast League,Dell Diamond,Albuquerque Isotopes,342,11417.0,1,night,Saturday,5,7,July,15,1,Independence Day,1,102-7,5,6,1.0,0.4418604651162791,0.5116279069767442,Partly Cloudy,Cloudy,92.0,8,Out To LF,0,0,0,,1,1.0,full_season_release,1
20260705,2026-07-05,102,Round Rock Express,Pacific Coast League,Dell Diamond,Albuquerque Isotopes,342,3330.0,1,night,Sunday,6,7,July,15,1,,0,102-7,6,6,1.0,0.4367816091954023,0.5172413793103449,Cloudy,Cloudy,93.0,7,R To L,0,0,0,,1,2.0,full_season_release,1
20260717,2026-07-17,102,Round Rock Express,Pacific Coast League,Dell Diamond,Las Vegas Aviators,400,7947.0,1,night,Friday,4,7,July,17,1,,0,102-8,1,3,12.0,0.43617021276595747,0.6086956521739131,Partly Cloudy,Cloudy,92.0,8,Out To LF,0,0,0,,1,-1.0,full_season_release,1
20260718,2026-07-18,102,Round Rock Express,Pacific Coast League,Dell Diamond,Las Vegas Aviators,400,7132.0,1,night,Saturday,5,7,July,17,1,,0,102-8,2,3,1.0,0.43157894736842106,0.6129032258064516,Partly Cloudy,Cloudy,91.0,9,Out To LF,0,1,1,"Mystery Jersey presented by Pepsi, first 2000 fans",1,0.0,full_season_release,1
20260719,2026-07-19,102,Round Rock Express,Pacific Coast League,Dell Diamond,Las Vegas Aviators,400,3445.0,1,night,Sunday,6,7,July,17,1,,0,102-8,3,3,1.0,0.4375,0.6063829787234043,Clear,Clear,93.0,10,Out To LF,0,0,0,,1,1.0,full_season_release,1
20260728,2026-07-28,102,Round Rock Express,Pacific Coast League,Dell Diamond,Reno Aces,2310,3087.0,1,night,Tuesday,1,7,July,18,0,,0,102-9,1,6,9.0,0.4563106796116505,0.46601941747572817,Partly Cloudy,Cloudy,97.0,11,Out To LF,0,0,0,,0,,full_season_release,1
20260729,2026-07-29,102,Round Rock Express,Pacific Coast League,Dell Diamond,Reno Aces,2310,3539.0,1,night,Wednesday,2,7,July,18,0,,0,102-9,2,6,1.0,0.4519230769230769,0.47115384615384615,Clear,Clear,96.0,7,Out To CF,0,0,0,,0,,full_season_release,1
20260730,2026-07-30,102,Round Rock Express,Pacific Coast League,Dell Diamond,Reno Aces,2310,5023.0,1,night,Thursday,3,7,July,18,0,,0,102-9,3,6,1.0,0.45714285714285713,0.4666666666666667,Clear,Clear,97.0,9,In From LF,0,0,0,,0,,full_season_release,1
20260731,2026-07-31,102,Round Rock Express,Pacific Coast League,Dell Diamond,Reno Aces,2310,5954.0,1,night,Friday,4,7,July,19,1,,0,102-9,4,6,1.0,0.46226415094339623,0.46226415094339623,Clear,Clear,98.0,10,Out To LF,0,0,0,,0,,full_season_release,1
20260801,2026-08-01,102,Round Rock Express,Pacific Coast League,Dell Diamond,Reno Aces,2310,4358.0,1,night,Saturday,5,8,August,19,1,,0,102-9,5,6,1.0,0.4672897196261682,0.45794392523364486,Cloudy,Cloudy,91.0,8,In From LF,0,0,0,,0,,full_season_release,1
20260802,2026-08-02,102,Round Rock Express,Pacific Coast League,Dell Diamond,Reno Aces,2310,5132.0,1,night,Sunday,6,8,August,19,1,,0,102-9,6,6,1.0,0.4722222222222222,0.4537037037037037,Clear,Clear,95.0,1,Calm,0,0,0,,0,,full_season_release,1
20260811,2026-08-11,102,Round Rock Express,Pacific Coast League,Dell Diamond,Sugar Land Space Cowboys,5434,2893.0,1,night,Tuesday,1,8,August,20,0,,0,102-10,1,6,9.0,0.4782608695652174,0.5175438596491229,Partly Cloudy,Cloudy,95.0,12,Out To LF,0,0,0,,1,-4.0,full_season_release,1
20260812,2026-08-12,102,Round Rock Express,Pacific Coast League,Dell Diamond,Sugar Land Space Cowboys,5434,3638.0,1,night,Wednesday,2,8,August,20,0,,0,102-10,2,6,1.0,0.47413793103448276,0.5217391304347826,Partly Cloudy,Cloudy,96.0,13,Out To LF,0,0,0,,1,-3.0,full_season_release,1
20260813,2026-08-13,102,Round Rock Express,Pacific Coast League,Dell Diamond,Sugar Land Space Cowboys,5434,3116.0,1,night,Thursday,3,8,August,20,0,,0,102-10,3,6,1.0,0.4700854700854701,0.5258620689655172,Clear,Clear,96.0,16,Out To LF,0,0,0,,1,-2.0,full_season_release,1
20260814,2026-08-14,102,Round Rock Express,Pacific Coast League,Dell Diamond,Sugar Land Space Cowboys,5434,5147.0,1,night,Friday,4,8,August,21,1,,0,102-10,4,6,1.0,0.4661016949152542,0.5299145299145299,Partly Cloudy,Cloudy,92.0,11,Out To LF,0,0,0,,1,-1.0,full_season_release,1
20260815,2026-08-15,102,Round Rock Express,Pacific Coast League,Dell Diamond,Sugar Land Space Cowboys,5434,6057.0,1,night,Saturday,5,8,August,21,1,,0,102-10,5,6,1.0,0.46218487394957986,0.5338983050847458,Partly Cloudy,Cloudy,97.0,13,Out To LF,0,1,1,"Express Western Shirt presented by AARP, first 2000 fans",1,0.0,full_season_release,1
20260816,2026-08-16,102,Round Rock Express,Pacific Coast League,Dell Diamond,Sugar Land Space Cowboys,5434,3276.0,1,day,Sunday,6,8,August,21,1,,0,102-10,6,6,1.0,0.4666666666666667,0.5294117647058824,Sunny,Clear,93.0,7,Out To CF,0,0,0,,1,1.0,full_season_release,1
20260825,2026-08-25,102,Round Rock Express,Pacific Coast League,Dell Diamond,Albuquerque Isotopes,342,3272.0,1,night,Tuesday,1,8,August,22,0,,0,102-11,1,12,9.0,0.4881889763779528,0.4881889763779528,Partly Cloudy,Cloudy,100.0,11,Out To LF,0,0,0,,1,-4.0,full_season_release,1
20260826,2026-08-26,102,Round Rock Express,Pacific Coast League,Dell Diamond,Albuquerque Isotopes,342,3021.0,1,night,Wednesday,2,8,August,22,0,,0,102-11,2,12,1.0,0.484375,0.4921875,Cloudy,Cloudy,99.0,6,In From LF,0,0,0,,1,-3.0,full_season_release,1
20260827,2026-08-27,102,Round Rock Express,Pacific Coast League,Dell Diamond,Albuquerque Isotopes,342,3008.0,1,night,Thursday,3,8,August,22,0,,0,102-11,3,12,1.0,0.4806201550387597,0.49612403100775193,Cloudy,Cloudy,97.0,8,Out To LF,0,0,0,,1,-2.0,full_season_release,1
20260828,2026-08-28,102,Round Rock Express,Pacific Coast League,Dell Diamond,Albuquerque Isotopes,342,6250.0,1,night,Friday,4,8,August,23,1,,0,102-11,4,12,1.0,0.47692307692307695,0.5,Cloudy,Cloudy,87.0,7,Out To LF,0,0,0,,1,-1.0,full_season_release,1
20260829,2026-08-29,102,Round Rock Express,Pacific Coast League,Dell Diamond,Albuquerque Isotopes,342,5019.0,1,night,Saturday,5,8,August,23,1,,0,102-11,5,12,1.0,0.48091603053435117,0.4961832061068702,Clear,Clear,93.0,8,Out To LF,0,1,1,"Vince Young Bobblehead presented by Dell, first 2000 fans",1,0.0,full_season_release,1
20260830,2026-08-30,102,Round Rock Express,Pacific Coast League,Dell Diamond,Albuquerque Isotopes,342,3225.0,1,day,Sunday,6,8,August,23,1,,0,102-11,6,12,1.0,0.48484848484848486,0.49242424242424243,Partly Cloudy,Cloudy,93.0,8,Out To LF,0,0,0,,1,1.0,full_season_release,1
20260327,2026-03-27,105,Sacramento River Cats,Pacific Coast League,Sutter Health Park,El Paso Chihuahuas,4904,6258.0,1,night,Friday,4,3,March,1,1,,0,105-1,1,3,,0.0,1.0,Partly Cloudy,Cloudy,81.0,2,Out To RF,0,0,0,,1,-1.0,full_season_release,1
20260328,2026-03-28,105,Sacramento River Cats,Pacific Coast League,Sutter Health Park,El Paso Chihuahuas,4904,4573.0,1,night,Saturday,5,3,March,1,1,,0,105-1,2,3,1.0,0.5,0.5,Clear,Clear,80.0,4,L To R,0,1,1,"Dinger Building Blocks Set, first 2500 fans",1,0.0,full_season_release,1
20260329,2026-03-29,105,Sacramento River Cats,Pacific Coast League,Sutter Health Park,El Paso Chihuahuas,4904,4105.0,1,day,Sunday,6,3,March,1,1,,0,105-1,3,3,1.0,0.6666666666666666,0.3333333333333333,Partly Cloudy,Cloudy,83.0,6,Out To RF,0,0,0,,1,1.0,full_season_release,1
20260407,2026-04-07,105,Sacramento River Cats,Pacific Coast League,Sutter Health Park,Las Vegas Aviators,400,2073.0,1,night,Tuesday,1,4,April,2,0,,0,105-2,1,5,9.0,0.6,0.7,Clear,Clear,75.0,5,Out To LF,0,0,0,,1,-3.0,full_season_release,1
20260408,2026-04-08,105,Sacramento River Cats,Pacific Coast League,Sutter Health Park,Las Vegas Aviators,400,2043.0,1,night,Wednesday,2,4,April,2,0,,0,105-2,2,5,1.0,0.6363636363636364,0.6363636363636364,Clear,Clear,79.0,7,R To L,0,0,0,,1,-2.0,full_season_release,1
20260409,2026-04-09,105,Sacramento River Cats,Pacific Coast League,Sutter Health Park,Las Vegas Aviators,400,2324.0,1,night,Thursday,3,4,April,2,0,,0,105-2,3,5,1.0,0.6666666666666666,0.5833333333333334,Partly Cloudy,Cloudy,73.0,9,Out To RF,0,0,0,,1,-1.0,full_season_release,1
20260410,2026-04-10,105,Sacramento River Cats,Pacific Coast League,Sutter Health Park,Las Vegas Aviators,400,2573.0,1,night,Friday,4,4,April,3,1,,0,105-2,4,5,1.0,0.6923076923076923,0.5384615384615384,Rain,Precipitation,62.0,5,R To L,1,1,1,Kirk Rueter T-Shirt,1,0.0,full_season_release,1
20260422,2026-04-22,105,Sacramento River Cats,Pacific Coast League,Sutter Health Park,Albuquerque Isotopes,342,3461.0,1,night,Wednesday,2,4,April,4,0,,0,105-3,1,5,12.0,0.55,0.5909090909090909,Partly Cloudy,Cloudy,63.0,4,L To R,0,0,0,,1,-2.0,full_season_release,1
20260423,2026-04-23,105,Sacramento River Cats,Pacific Coast League,Sutter Health Park,Albuquerque Isotopes,342,2391.0,1,night,Thursday,3,4,April,4,0,,0,105-3,2,5,1.0,0.5714285714285714,0.5652173913043478,Clear,Clear,71.0,6,Out To RF,0,0,0,,1,-1.0,full_season_release,1
20260424,2026-04-24,105,Sacramento River Cats,Pacific Coast League,Sutter Health Park,Albuquerque Isotopes,342,6215.0,1,night,Friday,4,4,April,5,1,,0,105-3,3,5,1.0,0.5909090909090909,0.5416666666666666,Clear,Clear,69.0,10,Out To RF,0,1,1,River Cats Crewneck,1,0.0,full_season_release,1
20260425,2026-04-25,105,Sacramento River Cats,Pacific Coast League,Sutter Health Park,Albuquerque Isotopes,342,5298.0,2,night,Saturday,5,4,April,5,1,,0,105-3,4,5,1.0,0.5833333333333334,0.5384615384615384,Cloudy,Cloudy,62.0,10,Out To CF,0,0,0,,1,1.0,full_season_release,1
20260426,2026-04-26,105,Sacramento River Cats,Pacific Coast League,Sutter Health Park,Albuquerque Isotopes,342,5500.0,1,day,Sunday,6,4,April,5,1,,0,105-3,5,5,1.0,0.56,0.5555555555555556,Cloudy,Cloudy,60.0,9,R To L,0,0,0,,1,2.0,full_season_release,1
20260505,2026-05-05,105,Sacramento River Cats,Pacific Coast League,Sutter Health Park,Reno Aces,2310,3701.0,1,night,Tuesday,1,5,May,6,0,,0,105-4,1,6,9.0,0.53125,0.5294117647058824,Cloudy,Cloudy,64.0,5,Out To LF,0,0,0,,1,-3.0,full_season_release,1
20260506,2026-05-06,105,Sacramento River Cats,Pacific Coast League,Sutter Health Park,Reno Aces,2310,3753.0,1,day,Wednesday,2,5,May,6,0,,0,105-4,2,6,1.0,0.5454545454545454,0.5142857142857142,Overcast,Cloudy,69.0,0,Calm,0,0,0,,1,-2.0,full_season_release,1
20260507,2026-05-07,105,Sacramento River Cats,Pacific Coast League,Sutter Health Park,Reno Aces,2310,3237.0,1,night,Thursday,3,5,May,6,0,,0,105-4,3,6,1.0,0.5588235294117647,0.5,Clear,Clear,81.0,8,Out To RF,0,0,0,,1,-1.0,full_season_release,1
20260508,2026-05-08,105,Sacramento River Cats,Pacific Coast League,Sutter Health Park,Reno Aces,2310,5930.0,1,night,Friday,4,5,May,7,1,,0,105-4,4,6,1.0,0.5428571428571428,0.5135135135135135,Clear,Clear,80.0,9,Out To LF,0,1,1,Dinger Plush Keychain,1,0.0,full_season_release,1
20260509,2026-05-09,105,Sacramento River Cats,Pacific Coast League,Sutter Health Park,Reno Aces,2310,5642.0,1,night,Saturday,5,5,May,7,1,,0,105-4,5,6,1.0,0.5277777777777778,0.5263157894736842,Clear,Clear,82.0,10,Out To LF,0,0,0,,1,1.0,full_season_release,1
20260510,2026-05-10,105,Sacramento River Cats,Pacific Coast League,Sutter Health Park,Reno Aces,2310,4531.0,1,day,Sunday,6,5,May,7,1,Mother's Day,1,105-4,6,6,1.0,0.5405405405405406,0.5128205128205128,Sunny,Clear,76.0,6,Out To CF,0,0,0,,1,2.0,full_season_release,1
20260519,2026-05-19,105,Sacramento River Cats,Pacific Coast League,Sutter Health Park,Sugar Land Space Cowboys,5434,5723.0,1,day,Tuesday,1,5,May,8,0,,0,105-5,1,6,9.0,0.5909090909090909,0.43478260869565216,Sunny,Clear,81.0,5,L To R,0,0,0,,1,-3.0,full_season_release,1
20260520,2026-05-20,105,Sacramento River Cats,Pacific Coast League,Sutter Health Park,Sugar Land Space Cowboys,5434,2850.0,1,night,Wednesday,2,5,May,8,0,,0,105-5,2,6,1.0,0.6,0.425531914893617,Clear,Clear,89.0,6,Out To RF,0,0,0,,1,-2.0,full_season_release,1
20260521,2026-05-21,105,Sacramento River Cats,Pacific Coast League,Sutter Health Park,Sugar Land Space Cowboys,5434,3366.0,1,night,Thursday,3,5,May,8,0,,0,105-5,3,6,1.0,0.6086956521739131,0.4166666666666667,Clear,Clear,90.0,9,Varies,0,0,0,,1,-1.0,full_season_release,1
20260522,2026-05-22,105,Sacramento River Cats,Pacific Coast League,Sutter Health Park,Sugar Land Space Cowboys,5434,5299.0,1,night,Friday,4,5,May,9,1,,0,105-5,4,6,1.0,0.5957446808510638,0.42857142857142855,Clear,Clear,81.0,13,Out To RF,0,1,1,Bryce Eldridge Bobblecard presented by Toyota,1,0.0,full_season_release,1
20260523,2026-05-23,105,Sacramento River Cats,Pacific Coast League,Sutter Health Park,Sugar Land Space Cowboys,5434,6465.0,1,night,Saturday,5,5,May,9,1,,0,105-5,5,6,1.0,0.6041666666666666,0.42,Clear,Clear,75.0,11,Varies,0,0,0,,1,1.0,full_season_release,1
20260524,2026-05-24,105,Sacramento River Cats,Pacific Coast League,Sutter Health Park,Sugar Land Space Cowboys,5434,5165.0,1,day,Sunday,6,5,May,9,1,,0,105-5,6,6,1.0,0.5918367346938775,0.43137254901960786,Partly Cloudy,Cloudy,79.0,5,Out To LF,0,0,0,,1,2.0,full_season_release,1
20260602,2026-06-02,105,Sacramento River Cats,Pacific Coast League,Sutter Health Park,Tacoma Rainiers,529,2643.0,1,night,Tuesday,1,6,June,10,0,,0,105-6,1,6,9.0,0.5892857142857143,0.41379310344827586,Partly Cloudy,Cloudy,84.0,10,Out To RF,0,0,0,,1,-3.0,full_season_release,1
20260603,2026-06-03,105,Sacramento River Cats,Pacific Coast League,Sutter Health Park,Tacoma Rainiers,529,2399.0,1,night,Wednesday,2,6,June,10,0,,0,105-6,2,6,1.0,0.5789473684210527,0.423728813559322,Clear,Clear,89.0,9,Out To RF,0,0,0,,1,-2.0,full_season_release,1
20260604,2026-06-04,105,Sacramento River Cats,Pacific Coast League,Sutter Health Park,Tacoma Rainiers,529,2603.0,1,night,Thursday,3,6,June,10,0,,0,105-6,3,6,1.0,0.5862068965517241,0.4166666666666667,Clear,Clear,90.0,8,Out To RF,0,0,0,,1,-1.0,full_season_release,1
20260605,2026-06-05,105,Sacramento River Cats,Pacific Coast League,Sutter Health Park,Tacoma Rainiers,529,4041.0,1,night,Friday,4,6,June,11,1,,0,105-6,4,6,1.0,0.5932203389830508,0.4098360655737705,Partly Cloudy,Cloudy,90.0,11,Out To LF,0,1,1,River Cats Visor,1,0.0,full_season_release,1
20260606,2026-06-06,105,Sacramento River Cats,Pacific Coast League,Sutter Health Park,Tacoma Rainiers,529,4611.0,1,night,Saturday,5,6,June,11,1,,0,105-6,5,6,1.0,0.6,0.4032258064516129,Clear,Clear,78.0,13,Out To LF,0,0,0,,1,1.0,full_season_release,1
20260607,2026-06-07,105,Sacramento River Cats,Pacific Coast League,Sutter Health Park,Tacoma Rainiers,529,4398.0,1,day,Sunday,6,6,June,11,1,,0,105-6,6,6,1.0,0.6065573770491803,0.3968253968253968,Sunny,Clear,78.0,4,Calm,0,0,0,,1,2.0,full_season_release,1
20260623,2026-06-23,105,Sacramento River Cats,Pacific Coast League,Sutter Health Park,Las Vegas Aviators,400,3467.0,1,night,Tuesday,1,6,June,13,0,,0,105-7,1,6,16.0,0.5753424657534246,0.6081081081081081,Clear,Clear,89.0,10,Out To LF,0,0,0,,1,-3.0,full_season_release,1
20260624,2026-06-24,105,Sacramento River Cats,Pacific Coast League,Sutter Health Park,Las Vegas Aviators,400,3645.0,1,day,Wednesday,2,6,June,13,0,,0,105-7,2,6,1.0,0.5675675675675675,0.6133333333333333,Sunny,Clear,80.0,7,Calm,0,0,0,,1,-2.0,full_season_release,1
20260625,2026-06-25,105,Sacramento River Cats,Pacific Coast League,Sutter Health Park,Las Vegas Aviators,400,4075.0,1,night,Thursday,3,6,June,13,0,,0,105-7,3,6,1.0,0.56,0.618421052631579,Partly Cloudy,Cloudy,80.0,13,Out To LF,0,0,0,,1,-1.0,full_season_release,1
20260626,2026-06-26,105,Sacramento River Cats,Pacific Coast League,Sutter Health Park,Las Vegas Aviators,400,4147.0,1,night,Friday,4,6,June,14,1,,0,105-7,4,6,1.0,0.5657894736842105,0.6103896103896104,Clear,Clear,77.0,16,Out To LF,0,1,1,Will Clark T-Shirt,1,0.0,full_season_release,1
20260627,2026-06-27,105,Sacramento River Cats,Pacific Coast League,Sutter Health Park,Las Vegas Aviators,400,6412.0,1,night,Saturday,5,6,June,14,1,,0,105-7,5,6,1.0,0.5584415584415584,0.6153846153846154,Clear,Clear,78.0,10,Out To LF,0,0,0,,1,1.0,full_season_release,1
20260628,2026-06-28,105,Sacramento River Cats,Pacific Coast League,Sutter Health Park,Las Vegas Aviators,400,4214.0,1,day,Sunday,6,6,June,14,1,,0,105-7,6,6,1.0,0.5512820512820513,0.620253164556962,Sunny,Clear,81.0,10,L To R,0,0,0,,1,2.0,full_season_release,1
20260707,2026-07-07,105,Sacramento River Cats,Pacific Coast League,Sutter Health Park,Salt Lake Bees,561,3005.0,1,night,Tuesday,1,7,July,15,0,,0,105-8,1,6,9.0,0.5411764705882353,0.5057471264367817,Clear,Clear,77.0,11,Out To CF,0,0,0,,1,-3.0,full_season_release,1
20260708,2026-07-08,105,Sacramento River Cats,Pacific Coast League,Sutter Health Park,Salt Lake Bees,561,2210.0,1,night,Wednesday,2,7,July,15,0,,0,105-8,2,6,1.0,0.5465116279069767,0.5,Clear,Clear,87.0,10,Out To LF,0,0,0,,1,-2.0,full_season_release,1
20260709,2026-07-09,105,Sacramento River Cats,Pacific Coast League,Sutter Health Park,Salt Lake Bees,561,2103.0,1,night,Thursday,3,7,July,15,0,,0,105-8,3,6,1.0,0.5517241379310345,0.4943820224719101,Clear,Clear,91.0,12,Out To LF,0,0,0,,1,-1.0,full_season_release,1
20260710,2026-07-10,105,Sacramento River Cats,Pacific Coast League,Sutter Health Park,Salt Lake Bees,561,3688.0,1,night,Friday,4,7,July,16,1,,0,105-8,4,6,1.0,0.5454545454545454,0.5,Clear,Clear,84.0,13,Out To LF,0,1,1,Bryce Eldridge T-Shirt,1,0.0,full_season_release,1
20260711,2026-07-11,105,Sacramento River Cats,Pacific Coast League,Sutter Health Park,Salt Lake Bees,561,8332.0,1,night,Saturday,5,7,July,16,1,,0,105-8,5,6,1.0,0.550561797752809,0.4945054945054945,Partly Cloudy,Cloudy,89.0,9,Out To LF,0,0,0,,1,1.0,full_season_release,1
20260712,2026-07-12,105,Sacramento River Cats,Pacific Coast League,Sutter Health Park,Salt Lake Bees,561,3048.0,1,day,Sunday,6,7,July,16,1,,0,105-8,6,6,1.0,0.5444444444444444,0.5,Cloudy,Cloudy,85.0,1,Calm,0,0,0,,1,2.0,full_season_release,1
20260721,2026-07-21,105,Sacramento River Cats,Pacific Coast League,Sutter Health Park,Oklahoma City Comets,238,3083.0,1,night,Tuesday,1,7,July,17,0,,0,105-9,1,6,9.0,0.5531914893617021,0.5473684210526316,Clear,Clear,95.0,10,Out To CF,0,0,0,,1,-3.0,full_season_release,1
20260722,2026-07-22,105,Sacramento River Cats,Pacific Coast League,Sutter Health Park,Oklahoma City Comets,238,3224.0,1,day,Wednesday,2,7,July,17,0,,0,105-9,2,6,1.0,0.5578947368421052,0.5416666666666666,Sunny,Clear,82.0,11,Out To LF,0,0,0,,1,-2.0,full_season_release,1
20260723,2026-07-23,105,Sacramento River Cats,Pacific Coast League,Sutter Health Park,Oklahoma City Comets,238,2685.0,1,night,Thursday,3,7,July,17,0,,0,105-9,3,6,1.0,0.5625,0.5360824742268041,Clear,Clear,90.0,9,R To L,0,0,0,,1,-1.0,full_season_release,1
20260724,2026-07-24,105,Sacramento River Cats,Pacific Coast League,Sutter Health Park,Oklahoma City Comets,238,4002.0,1,night,Friday,4,7,July,18,1,,0,105-9,4,6,1.0,0.5567010309278351,0.5408163265306123,Clear,Clear,86.0,13,Out To LF,0,1,1,Carson Whisenhunt Bobblehead,1,0.0,full_season_release,1
20260725,2026-07-25,105,Sacramento River Cats,Pacific Coast League,Sutter Health Park,Oklahoma City Comets,238,6299.0,1,night,Saturday,5,7,July,18,1,,0,105-9,5,6,1.0,0.5612244897959183,0.5353535353535354,Clear,Clear,90.0,10,Out To LF,0,0,0,,1,1.0,full_season_release,1
20260726,2026-07-26,105,Sacramento River Cats,Pacific Coast League,Sutter Health Park,Oklahoma City Comets,238,3029.0,1,day,Sunday,6,7,July,18,1,,0,105-9,6,6,1.0,0.5656565656565656,0.53,Sunny,Clear,88.0,5,Out To LF,0,0,0,,1,2.0,full_season_release,1
20260804,2026-08-04,105,Sacramento River Cats,Pacific Coast League,Sutter Health Park,Round Rock Express,102,2092.0,1,night,Tuesday,1,8,August,19,0,,0,105-10,1,6,9.0,0.5849056603773585,0.46788990825688076,Clear,Clear,93.0,10,Out To LF,0,0,0,,1,-3.0,full_season_release,1
20260805,2026-08-05,105,Sacramento River Cats,Pacific Coast League,Sutter Health Park,Round Rock Express,102,2405.0,1,night,Wednesday,2,8,August,19,0,,0,105-10,2,6,1.0,0.5794392523364486,0.4727272727272727,Clear,Clear,94.0,9,R To L,0,0,0,,1,-2.0,full_season_release,1
20260806,2026-08-06,105,Sacramento River Cats,Pacific Coast League,Sutter Health Park,Round Rock Express,102,2747.0,1,night,Thursday,3,8,August,19,0,,0,105-10,3,6,1.0,0.5740740740740741,0.4774774774774775,Clear,Clear,92.0,9,Out To LF,0,0,0,,1,-1.0,full_season_release,1
20260807,2026-08-07,105,Sacramento River Cats,Pacific Coast League,Sutter Health Park,Round Rock Express,102,5936.0,1,night,Friday,4,8,August,20,1,,0,105-10,4,6,1.0,0.5688073394495413,0.48214285714285715,Clear,Clear,90.0,10,Out To LF,0,1,1,River Cats Camo T-Shirt,1,0.0,full_season_release,1
20260808,2026-08-08,105,Sacramento River Cats,Pacific Coast League,Sutter Health Park,Round Rock Express,102,5076.0,1,night,Saturday,5,8,August,20,1,,0,105-10,5,6,1.0,0.5727272727272728,0.4778761061946903,Clear,Clear,93.0,9,Out To LF,0,0,0,,1,1.0,full_season_release,1
20260809,2026-08-09,105,Sacramento River Cats,Pacific Coast League,Sutter Health Park,Round Rock Express,102,2511.0,1,day,Sunday,6,8,August,20,1,,0,105-10,6,6,1.0,0.5765765765765766,0.47368421052631576,Partly Cloudy,Cloudy,93.0,3,Out To RF,0,0,0,,1,2.0,full_season_release,1
20260818,2026-08-18,105,Sacramento River Cats,Pacific Coast League,Sutter Health Park,Tacoma Rainiers,529,2099.0,1,night,Tuesday,1,8,August,21,0,,0,105-11,1,6,9.0,0.5847457627118644,0.4462809917355372,Partly Cloudy,Cloudy,92.0,7,Out To RF,0,0,0,,1,-3.0,full_season_release,1
20260819,2026-08-19,105,Sacramento River Cats,Pacific Coast League,Sutter Health Park,Tacoma Rainiers,529,2137.0,1,night,Wednesday,2,8,August,21,0,,0,105-11,2,6,1.0,0.5882352941176471,0.4426229508196721,Clear,Clear,92.0,8,R To L,0,0,0,,1,-2.0,full_season_release,1
20260820,2026-08-20,105,Sacramento River Cats,Pacific Coast League,Sutter Health Park,Tacoma Rainiers,529,2341.0,1,night,Thursday,3,8,August,21,0,,0,105-11,3,6,1.0,0.5916666666666667,0.43902439024390244,Partly Cloudy,Cloudy,85.0,8,Out To LF,0,0,0,,1,-1.0,full_season_release,1
20260821,2026-08-21,105,Sacramento River Cats,Pacific Coast League,Sutter Health Park,Tacoma Rainiers,529,4006.0,1,night,Friday,4,8,August,22,1,,0,105-11,4,6,1.0,0.5867768595041323,0.4435483870967742,Partly Cloudy,Cloudy,87.0,11,Varies,0,1,1,River Cats Lunch Box,1,0.0,full_season_release,1
20260822,2026-08-22,105,Sacramento River Cats,Pacific Coast League,Sutter Health Park,Tacoma Rainiers,529,7814.0,1,night,Saturday,5,8,August,22,1,,0,105-11,5,6,1.0,0.5819672131147541,0.448,Partly Cloudy,Cloudy,92.0,6,Out To LF,0,0,0,,1,1.0,full_season_release,1
20260823,2026-08-23,105,Sacramento River Cats,Pacific Coast League,Sutter Health Park,Tacoma Rainiers,529,4341.0,1,day,Sunday,6,8,August,22,1,,0,105-11,6,6,1.0,0.5772357723577236,0.4523809523809524,Partly Cloudy,Cloudy,88.0,3,L To R,0,0,0,,1,2.0,full_season_release,1
20260331,2026-03-31,561,Salt Lake Bees,Pacific Coast League,The Ballpark at America First Square,Sacramento River Cats,105,6685.0,1,night,Tuesday,1,3,March,1,0,,0,561-1,1,5,,0.25,0.5,Overcast,Cloudy,61.0,6,R To L,0,0,0,,0,,no_source_found,0
20260401,2026-04-01,561,Salt Lake Bees,Pacific Coast League,The Ballpark at America First Square,Sacramento River Cats,105,4171.0,1,night,Wednesday,2,4,April,1,0,,0,561-1,2,5,1.0,0.2,0.6,Overcast,Cloudy,52.0,10,Out To RF,0,0,0,,0,,no_source_found,0
20260403,2026-04-03,561,Salt Lake Bees,Pacific Coast League,The Ballpark at America First Square,Sacramento River Cats,105,3736.0,1,night,Friday,4,4,April,2,1,,0,561-1,3,5,2.0,0.3333333333333333,0.5,Clear,Clear,49.0,3,Out To RF,0,0,0,,0,,no_source_found,0
20260404,2026-04-04,561,Salt Lake Bees,Pacific Coast League,The Ballpark at America First Square,Sacramento River Cats,105,5219.0,2,night,Saturday,5,4,April,2,1,,0,561-1,4,5,1.0,0.375,0.5,Clear,Clear,59.0,10,Out To RF,0,0,0,,0,,no_source_found,0
20260405,2026-04-05,561,Salt Lake Bees,Pacific Coast League,The Ballpark at America First Square,Sacramento River Cats,105,4389.0,1,day,Sunday,6,4,April,2,1,,0,561-1,5,5,1.0,0.3333333333333333,0.5555555555555556,Sunny,Clear,69.0,2,L To R,0,0,0,,0,,no_source_found,0
20260414,2026-04-14,561,Salt Lake Bees,Pacific Coast League,The Ballpark at America First Square,Sugar Land Space Cowboys,5434,5069.0,1,night,Tuesday,1,4,April,3,0,,0,561-2,1,5,9.0,0.375,0.625,Partly Cloudy,Cloudy,57.0,6,Out To RF,0,0,0,,0,,no_source_found,0
20260415,2026-04-15,561,Salt Lake Bees,Pacific Coast League,The Ballpark at America First Square,Sugar Land Space Cowboys,5434,2971.0,1,night,Wednesday,2,4,April,3,0,,0,561-2,2,5,1.0,0.4117647058823529,0.5882352941176471,Overcast,Cloudy,65.0,9,Out To RF,0,0,0,,0,,no_source_found,0
20260417,2026-04-17,561,Salt Lake Bees,Pacific Coast League,The Ballpark at America First Square,Sugar Land Space Cowboys,5434,2459.0,1,night,Friday,4,4,April,4,1,,0,561-2,3,5,2.0,0.3888888888888889,0.6111111111111112,Clear,Clear,44.0,7,L To R,0,0,0,,0,,no_source_found,0
20260418,2026-04-18,561,Salt Lake Bees,Pacific Coast League,The Ballpark at America First Square,Sugar Land Space Cowboys,5434,5415.0,2,night,Saturday,5,4,April,4,1,,0,561-2,4,5,1.0,0.4,0.6,Partly Cloudy,Cloudy,59.0,5,Out To RF,0,0,0,,0,,no_source_found,0
20260419,2026-04-19,561,Salt Lake Bees,Pacific Coast League,The Ballpark at America First Square,Sugar Land Space Cowboys,5434,5322.0,1,day,Sunday,6,4,April,4,1,,0,561-2,5,5,1.0,0.38095238095238093,0.6190476190476191,Sunny,Clear,68.0,10,R To L,0,0,0,,0,,no_source_found,0
20260428,2026-04-28,561,Salt Lake Bees,Pacific Coast League,The Ballpark at America First Square,Sacramento River Cats,105,3288.0,1,night,Tuesday,1,4,April,5,0,,0,561-3,1,6,9.0,0.39285714285714285,0.5769230769230769,Partly Cloudy,Cloudy,54.0,5,Out To RF,0,0,0,,0,,no_source_found,0
20260429,2026-04-29,561,Salt Lake Bees,Pacific Coast League,The Ballpark at America First Square,Sacramento River Cats,105,3003.0,1,night,Wednesday,2,4,April,5,0,,0,561-3,2,6,1.0,0.3793103448275862,0.5925925925925926,Cloudy,Cloudy,59.0,9,Out To RF,0,0,0,,0,,no_source_found,0
20260430,2026-04-30,561,Salt Lake Bees,Pacific Coast League,The Ballpark at America First Square,Sacramento River Cats,105,3896.0,1,night,Thursday,3,4,April,5,0,,0,561-3,3,6,1.0,0.4,0.5714285714285714,Clear,Clear,61.0,8,Out To RF,0,0,0,,0,,no_source_found,0
20260501,2026-05-01,561,Salt Lake Bees,Pacific Coast League,The Ballpark at America First Square,Sacramento River Cats,105,4872.0,1,night,Friday,4,5,May,6,1,,0,561-3,4,6,1.0,0.41935483870967744,0.5517241379310345,Clear,Clear,65.0,9,Out To LF,0,0,0,,0,,no_source_found,0
20260502,2026-05-02,561,Salt Lake Bees,Pacific Coast League,The Ballpark at America First Square,Sacramento River Cats,105,7001.0,1,night,Saturday,5,5,May,6,1,,0,561-3,5,6,1.0,0.40625,0.5666666666666667,Partly Cloudy,Cloudy,76.0,3,Out To RF,0,0,0,,0,,no_source_found,0
20260503,2026-05-03,561,Salt Lake Bees,Pacific Coast League,The Ballpark at America First Square,Sacramento River Cats,105,5446.0,1,day,Sunday,6,5,May,6,1,,0,561-3,6,6,1.0,0.42424242424242425,0.5483870967741935,Partly Cloudy,Cloudy,72.0,9,In From RF,0,0,0,,0,,no_source_found,0
20260512,2026-05-12,561,Salt Lake Bees,Pacific Coast League,The Ballpark at America First Square,El Paso Chihuahuas,4904,3801.0,1,night,Tuesday,1,5,May,7,0,,0,561-4,1,12,9.0,0.4358974358974359,0.475,Clear,Clear,90.0,6,Out To RF,0,0,0,,0,,no_source_found,0
20260513,2026-05-13,561,Salt Lake Bees,Pacific Coast League,The Ballpark at America First Square,El Paso Chihuahuas,4904,4674.0,1,night,Wednesday,2,5,May,7,0,,0,561-4,2,12,1.0,0.45,0.4634146341463415,Cloudy,Cloudy,79.0,3,In From LF,0,0,0,,0,,no_source_found,0
20260514,2026-05-14,561,Salt Lake Bees,Pacific Coast League,The Ballpark at America First Square,El Paso Chihuahuas,4904,5245.0,1,night,Thursday,3,5,May,7,0,,0,561-4,3,12,1.0,0.43902439024390244,0.47619047619047616,Clear,Clear,75.0,6,Out To RF,0,0,0,,0,,no_source_found,0
20260515,2026-05-15,561,Salt Lake Bees,Pacific Coast League,The Ballpark at America First Square,El Paso Chihuahuas,4904,5688.0,1,night,Friday,4,5,May,8,1,,0,561-4,4,12,1.0,0.4523809523809524,0.46511627906976744,Clear,Clear,74.0,13,Out To LF,0,0,0,,0,,no_source_found,0
20260516,2026-05-16,561,Salt Lake Bees,Pacific Coast League,The Ballpark at America First Square,El Paso Chihuahuas,4904,6859.0,1,night,Saturday,5,5,May,8,1,,0,561-4,5,12,1.0,0.46511627906976744,0.45454545454545453,Cloudy,Cloudy,66.0,10,Out To RF,0,0,0,,0,,no_source_found,0
20260517,2026-05-17,561,Salt Lake Bees,Pacific Coast League,The Ballpark at America First Square,El Paso Chihuahuas,4904,3638.0,1,day,Sunday,6,5,May,8,1,,0,561-4,6,12,1.0,0.45454545454545453,0.4666666666666667,Overcast,Cloudy,51.0,16,Out To LF,0,0,0,,0,,no_source_found,0
20260519,2026-05-19,561,Salt Lake Bees,Pacific Coast League,The Ballpark at America First Square,Tacoma Rainiers,529,3491.0,1,night,Tuesday,1,5,May,8,0,,0,561-4,7,12,2.0,0.4666666666666667,0.4782608695652174,Clear,Clear,63.0,8,Out To RF,0,0,0,,0,,no_source_found,0
20260520,2026-05-20,561,Salt Lake Bees,Pacific Coast League,The Ballpark at America First Square,Tacoma Rainiers,529,3973.0,1,night,Wednesday,2,5,May,8,0,,0,561-4,8,12,1.0,0.45652173913043476,0.48936170212765956,Partly Cloudy,Cloudy,68.0,4,L To R,0,0,0,,0,,no_source_found,0
20260521,2026-05-21,561,Salt Lake Bees,Pacific Coast League,The Ballpark at America First Square,Tacoma Rainiers,529,3596.0,1,night,Thursday,3,5,May,8,0,,0,561-4,9,12,1.0,0.46808510638297873,0.4791666666666667,Clear,Clear,66.0,12,Out To RF,0,0,0,,0,,no_source_found,0
20260522,2026-05-22,561,Salt Lake Bees,Pacific Coast League,The Ballpark at America First Square,Tacoma Rainiers,529,5101.0,1,night,Friday,4,5,May,9,1,,0,561-4,10,12,1.0,0.4791666666666667,0.46938775510204084,Clear,Clear,71.0,6,R To L,0,0,0,,0,,no_source_found,0
20260523,2026-05-23,561,Salt Lake Bees,Pacific Coast League,The Ballpark at America First Square,Tacoma Rainiers,529,7720.0,1,night,Saturday,5,5,May,9,1,,0,561-4,11,12,1.0,0.4897959183673469,0.46,Partly Cloudy,Cloudy,82.0,9,In From LF,0,0,0,,0,,no_source_found,0
20260524,2026-05-24,561,Salt Lake Bees,Pacific Coast League,The Ballpark at America First Square,Tacoma Rainiers,529,6246.0,1,day,Sunday,6,5,May,9,1,,0,561-4,12,12,1.0,0.5,0.45098039215686275,Overcast,Cloudy,79.0,5,L To R,0,0,0,,0,,no_source_found,0
20260602,2026-06-02,561,Salt Lake Bees,Pacific Coast League,The Ballpark at America First Square,Albuquerque Isotopes,342,5574.0,1,night,Tuesday,1,6,June,10,0,,0,561-5,1,6,9.0,0.5087719298245614,0.5517241379310345,Partly Cloudy,Cloudy,80.0,8,In From LF,0,0,0,,0,,no_source_found,0
20260603,2026-06-03,561,Salt Lake Bees,Pacific Coast League,The Ballpark at America First Square,Albuquerque Isotopes,342,6355.0,1,night,Wednesday,2,6,June,10,0,,0,561-5,2,6,1.0,0.5,0.559322033898305,Partly Cloudy,Cloudy,85.0,6,Out To RF,0,0,0,,0,,no_source_found,0
20260604,2026-06-04,561,Salt Lake Bees,Pacific Coast League,The Ballpark at America First Square,Albuquerque Isotopes,342,4891.0,1,night,Thursday,3,6,June,10,0,,0,561-5,3,6,1.0,0.5084745762711864,0.55,Clear,Clear,85.0,7,In From LF,0,0,0,,0,,no_source_found,0
20260605,2026-06-05,561,Salt Lake Bees,Pacific Coast League,The Ballpark at America First Square,Albuquerque Isotopes,342,6788.0,1,night,Friday,4,6,June,11,1,,0,561-5,4,6,1.0,0.5166666666666667,0.5409836065573771,Clear,Clear,92.0,6,Out To LF,0,0,0,,0,,no_source_found,0
20260606,2026-06-06,561,Salt Lake Bees,Pacific Coast League,The Ballpark at America First Square,Albuquerque Isotopes,342,7612.0,1,night,Saturday,5,6,June,11,1,,0,561-5,5,6,1.0,0.5081967213114754,0.5483870967741935,Partly Cloudy,Cloudy,92.0,16,Out To RF,0,0,0,,0,,no_source_found,0
20260607,2026-06-07,561,Salt Lake Bees,Pacific Coast League,The Ballpark at America First Square,Albuquerque Isotopes,342,3806.0,1,night,Sunday,6,6,June,11,1,,0,561-5,6,6,1.0,0.5161290322580645,0.5396825396825397,Partly Cloudy,Cloudy,76.0,12,Out To LF,0,0,0,,0,,no_source_found,0
20260616,2026-06-16,561,Salt Lake Bees,Pacific Coast League,The Ballpark at America First Square,Tacoma Rainiers,529,5905.0,1,night,Tuesday,1,6,June,12,0,,0,561-6,1,6,9.0,0.5362318840579711,0.42857142857142855,Partly Cloudy,Cloudy,89.0,8,Out To CF,0,0,0,,0,,no_source_found,0
20260617,2026-06-17,561,Salt Lake Bees,Pacific Coast League,The Ballpark at America First Square,Tacoma Rainiers,529,4886.0,1,night,Wednesday,2,6,June,12,0,,0,561-6,2,6,1.0,0.5285714285714286,0.43661971830985913,Clear,Clear,87.0,11,Out To LF,0,0,0,,0,,no_source_found,0
20260618,2026-06-18,561,Salt Lake Bees,Pacific Coast League,The Ballpark at America First Square,Tacoma Rainiers,529,6321.0,1,night,Thursday,3,6,June,12,0,,0,561-6,3,6,1.0,0.5211267605633803,0.4444444444444444,Clear,Clear,85.0,6,Out To RF,0,0,0,,0,,no_source_found,0
20260619,2026-06-19,561,Salt Lake Bees,Pacific Coast League,The Ballpark at America First Square,Tacoma Rainiers,529,6950.0,1,night,Friday,4,6,June,13,1,,0,561-6,4,6,1.0,0.5277777777777778,0.4383561643835616,Cloudy,Cloudy,91.0,4,Out To LF,0,0,0,,0,,no_source_found,0
20260620,2026-06-20,561,Salt Lake Bees,Pacific Coast League,The Ballpark at America First Square,Tacoma Rainiers,529,7664.0,1,night,Saturday,5,6,June,13,1,,0,561-6,5,6,1.0,0.5342465753424658,0.43243243243243246,Partly Cloudy,Cloudy,87.0,8,Out To RF,0,0,0,,0,,no_source_found,0
20260621,2026-06-21,561,Salt Lake Bees,Pacific Coast League,The Ballpark at America First Square,Tacoma Rainiers,529,6207.0,1,night,Sunday,6,6,June,13,1,Father's Day,1,561-6,6,6,1.0,0.527027027027027,0.44,Partly Cloudy,Cloudy,84.0,8,Out To LF,0,0,0,,0,,no_source_found,0
20260630,2026-06-30,561,Salt Lake Bees,Pacific Coast League,The Ballpark at America First Square,Las Vegas Aviators,400,7169.0,1,night,Tuesday,1,6,June,14,0,,0,561-7,1,6,9.0,0.5185185185185185,0.625,Partly Cloudy,Cloudy,75.0,6,In From RF,0,0,0,,0,,no_source_found,0
20260701,2026-07-01,561,Salt Lake Bees,Pacific Coast League,The Ballpark at America First Square,Las Vegas Aviators,400,5435.0,1,night,Wednesday,2,7,July,14,0,,0,561-7,2,6,1.0,0.524390243902439,0.6172839506172839,Partly Cloudy,Cloudy,84.0,6,Out To RF,0,0,0,,0,,no_source_found,0
20260702,2026-07-02,561,Salt Lake Bees,Pacific Coast League,The Ballpark at America First Square,Las Vegas Aviators,400,5915.0,1,night,Thursday,3,7,July,14,0,,0,561-7,3,6,1.0,0.5180722891566265,0.6219512195121951,Partly Cloudy,Cloudy,84.0,7,Out To RF,0,0,0,,0,,no_source_found,0
20260703,2026-07-03,561,Salt Lake Bees,Pacific Coast League,The Ballpark at America First Square,Las Vegas Aviators,400,7717.0,1,night,Friday,4,7,July,15,1,,0,561-7,4,6,1.0,0.5119047619047619,0.6265060240963856,Partly Cloudy,Cloudy,88.0,6,L To R,0,0,0,,0,,no_source_found,0
20260704,2026-07-04,561,Salt Lake Bees,Pacific Coast League,The Ballpark at America First Square,Las Vegas Aviators,400,7837.0,1,night,Saturday,5,7,July,15,1,Independence Day,1,561-7,5,6,1.0,0.5176470588235295,0.6190476190476191,Clear,Clear,93.0,6,Out To RF,0,0,0,,0,,no_source_found,0
20260705,2026-07-05,561,Salt Lake Bees,Pacific Coast League,The Ballpark at America First Square,Las Vegas Aviators,400,4558.0,1,night,Sunday,6,7,July,15,1,,0,561-7,6,6,1.0,0.5116279069767442,0.6235294117647059,Partly Cloudy,Cloudy,98.0,6,Out To LF,0,0,0,,0,,no_source_found,0
20260717,2026-07-17,561,Salt Lake Bees,Pacific Coast League,The Ballpark at America First Square,Reno Aces,2310,6795.0,1,night,Friday,4,7,July,17,1,,0,561-8,1,9,12.0,0.5053763440860215,0.4574468085106383,Overcast,Cloudy,77.0,5,Out To RF,0,0,0,,0,,no_source_found,0
20260718,2026-07-18,561,Salt Lake Bees,Pacific Coast League,The Ballpark at America First Square,Reno Aces,2310,7730.0,1,night,Saturday,5,7,July,17,1,,0,561-8,2,9,1.0,0.5,0.4631578947368421,Partly Cloudy,Cloudy,92.0,4,Out To RF,0,0,0,,0,,no_source_found,0
20260719,2026-07-19,561,Salt Lake Bees,Pacific Coast League,The Ballpark at America First Square,Reno Aces,2310,4302.0,1,night,Sunday,6,7,July,17,1,,0,561-8,3,9,1.0,0.5052631578947369,0.4583333333333333,Partly Cloudy,Cloudy,94.0,10,Out To LF,0,0,0,,0,,no_source_found,0
20260721,2026-07-21,561,Salt Lake Bees,Pacific Coast League,The Ballpark at America First Square,Omaha Storm Chasers,541,6420.0,1,night,Tuesday,1,7,July,17,0,,0,561-8,4,9,2.0,0.5,0.4583333333333333,Partly Cloudy,Cloudy,95.0,9,Out To RF,0,0,0,,0,,no_source_found,0
20260722,2026-07-22,561,Salt Lake Bees,Pacific Coast League,The Ballpark at America First Square,Omaha Storm Chasers,541,5010.0,1,night,Wednesday,2,7,July,17,0,,0,561-8,5,9,1.0,0.4948453608247423,0.4639175257731959,Overcast,Cloudy,76.0,1,Out To RF,0,0,0,,0,,no_source_found,0
20260723,2026-07-23,561,Salt Lake Bees,Pacific Coast League,The Ballpark at America First Square,Omaha Storm Chasers,541,4416.0,1,night,Thursday,3,7,July,17,0,,0,561-8,6,9,1.0,0.4897959183673469,0.46938775510204084,Clear,Clear,92.0,6,Out To RF,0,0,0,,0,,no_source_found,0
20260724,2026-07-24,561,Salt Lake Bees,Pacific Coast League,The Ballpark at America First Square,Omaha Storm Chasers,541,7852.0,1,night,Friday,4,7,July,18,1,,0,561-8,7,9,1.0,0.48484848484848486,0.47474747474747475,Partly Cloudy,Cloudy,100.0,4,Out To LF,0,0,0,,0,,no_source_found,0
20260725,2026-07-25,561,Salt Lake Bees,Pacific Coast League,The Ballpark at America First Square,Omaha Storm Chasers,541,6623.0,1,night,Saturday,5,7,July,18,1,,0,561-8,8,9,1.0,0.49,0.47,Partly Cloudy,Cloudy,99.0,5,Out To RF,0,0,0,,0,,no_source_found,0
20260726,2026-07-26,561,Salt Lake Bees,Pacific Coast League,The Ballpark at America First Square,Omaha Storm Chasers,541,3924.0,1,night,Sunday,6,7,July,18,1,,0,561-8,9,9,1.0,0.48514851485148514,0.4752475247524752,Partly Cloudy,Cloudy,104.0,6,Out To LF,0,0,0,,0,,no_source_found,0
20260804,2026-08-04,561,Salt Lake Bees,Pacific Coast League,The Ballpark at America First Square,Oklahoma City Comets,238,7158.0,1,night,Tuesday,1,8,August,19,0,,0,561-9,1,6,9.0,0.4537037037037037,0.5514018691588785,Clear,Clear,90.0,6,L To R,0,0,0,,0,,no_source_found,0
20260805,2026-08-05,561,Salt Lake Bees,Pacific Coast League,The Ballpark at America First Square,Oklahoma City Comets,238,7707.0,1,night,Wednesday,2,8,August,19,0,,0,561-9,2,6,1.0,0.44954128440366975,0.5555555555555556,Partly Cloudy,Cloudy,95.0,7,L To R,0,0,0,,0,,no_source_found,0
20260806,2026-08-06,561,Salt Lake Bees,Pacific Coast League,The Ballpark at America First Square,Oklahoma City Comets,238,6690.0,1,night,Thursday,3,8,August,19,0,,0,561-9,3,6,1.0,0.44545454545454544,0.5596330275229358,Clear,Clear,99.0,7,In From LF,0,0,0,,0,,no_source_found,0
20260807,2026-08-07,561,Salt Lake Bees,Pacific Coast League,The Ballpark at America First Square,Oklahoma City Comets,238,7030.0,1,night,Friday,4,8,August,20,1,,0,561-9,4,6,1.0,0.44144144144144143,0.5636363636363636,Partly Cloudy,Cloudy,99.0,6,Out To RF,0,0,0,,0,,no_source_found,0
20260808,2026-08-08,561,Salt Lake Bees,Pacific Coast League,The Ballpark at America First Square,Oklahoma City Comets,238,7558.0,1,night,Saturday,5,8,August,20,1,,0,561-9,5,6,1.0,0.44642857142857145,0.5585585585585585,Partly Cloudy,Cloudy,99.0,6,Out To RF,0,0,0,,0,,no_source_found,0
20260809,2026-08-09,561,Salt Lake Bees,Pacific Coast League,The Ballpark at America First Square,Oklahoma City Comets,238,4346.0,1,night,Sunday,6,8,August,20,1,,0,561-9,6,6,1.0,0.4424778761061947,0.5625,Overcast,Cloudy,90.0,3,In From RF,0,0,0,,0,,no_source_found,0
20260818,2026-08-18,561,Salt Lake Bees,Pacific Coast League,The Ballpark at America First Square,Reno Aces,2310,5674.0,1,night,Tuesday,1,8,August,21,0,,0,561-10,1,6,9.0,0.4583333333333333,0.4380165289256198,Partly Cloudy,Cloudy,90.0,5,Out To LF,0,0,0,,0,,no_source_found,0
20260819,2026-08-19,561,Salt Lake Bees,Pacific Coast League,The Ballpark at America First Square,Reno Aces,2310,4312.0,1,night,Wednesday,2,8,August,21,0,,0,561-10,2,6,1.0,0.4628099173553719,0.4344262295081967,Partly Cloudy,Cloudy,92.0,7,Out To RF,0,0,0,,0,,no_source_found,0
20260820,2026-08-20,561,Salt Lake Bees,Pacific Coast League,The Ballpark at America First Square,Reno Aces,2310,4756.0,1,night,Thursday,3,8,August,21,0,,0,561-10,3,6,1.0,0.45901639344262296,0.43902439024390244,Partly Cloudy,Cloudy,98.0,3,Out To RF,0,0,0,,0,,no_source_found,0
20260821,2026-08-21,561,Salt Lake Bees,Pacific Coast League,The Ballpark at America First Square,Reno Aces,2310,7460.0,1,night,Friday,4,8,August,22,1,,0,561-10,4,6,1.0,0.4634146341463415,0.43548387096774194,Partly Cloudy,Cloudy,88.0,8,Out To RF,0,0,0,,0,,no_source_found,0
20260822,2026-08-22,561,Salt Lake Bees,Pacific Coast League,The Ballpark at America First Square,Reno Aces,2310,7816.0,1,night,Saturday,5,8,August,22,1,,0,561-10,5,6,1.0,0.4596774193548387,0.44,Cloudy,Cloudy,81.0,3,Out To LF,0,0,0,,0,,no_source_found,0
20260408,2026-04-08,531,Scranton/Wilkes-Barre RailRiders,International League,PNC Field,Durham Bulls,234,2191.0,1,night,Wednesday,2,4,April,2,0,,0,531-1,1,5,,0.7,0.2,Clear,Clear,53.0,4,Out To LF,0,0,0,,0,,full_season_release,1
20260409,2026-04-09,531,Scranton/Wilkes-Barre RailRiders,International League,PNC Field,Durham Bulls,234,2406.0,1,night,Thursday,3,4,April,2,0,,0,531-1,2,5,1.0,0.7272727272727273,0.18181818181818182,Clear,Clear,55.0,10,R To L,0,0,0,,0,,full_season_release,1
20260410,2026-04-10,531,Scranton/Wilkes-Barre RailRiders,International League,PNC Field,Durham Bulls,234,4015.0,1,night,Friday,4,4,April,3,1,,0,531-1,3,5,1.0,0.6666666666666666,0.25,Cloudy,Cloudy,72.0,13,Out To CF,0,0,0,,0,,full_season_release,1
20260411,2026-04-11,531,Scranton/Wilkes-Barre RailRiders,International League,PNC Field,Durham Bulls,234,3944.0,2,day,Saturday,5,4,April,3,1,,0,531-1,4,5,1.0,0.6428571428571429,0.2857142857142857,Sunny,Clear,54.0,12,Varies,0,0,0,,0,,full_season_release,1
20260412,2026-04-12,531,Scranton/Wilkes-Barre RailRiders,International League,PNC Field,Durham Bulls,234,4487.0,1,day,Sunday,6,4,April,3,1,,0,531-1,5,5,1.0,0.6,0.3333333333333333,Sunny,Clear,59.0,10,Out To LF,0,0,0,,0,,full_season_release,1
20260421,2026-04-21,531,Scranton/Wilkes-Barre RailRiders,International League,PNC Field,Rochester Red Wings,534,2103.0,1,night,Tuesday,1,4,April,4,0,,0,531-2,1,10,9.0,0.5238095238095238,0.5,Cloudy,Cloudy,50.0,6,Varies,0,0,0,,1,-8.0,full_season_release,1
20260422,2026-04-22,531,Scranton/Wilkes-Barre RailRiders,International League,PNC Field,Rochester Red Wings,534,2218.0,1,night,Wednesday,2,4,April,4,0,,0,531-2,2,10,1.0,0.5,0.5217391304347826,Partly Cloudy,Cloudy,62.0,5,Calm,0,0,0,,1,-7.0,full_season_release,1
20260423,2026-04-23,531,Scranton/Wilkes-Barre RailRiders,International League,PNC Field,Rochester Red Wings,534,2971.0,1,night,Thursday,3,4,April,4,0,,0,531-2,3,10,1.0,0.5217391304347826,0.5,Partly Cloudy,Cloudy,69.0,10,L To R,0,0,0,,1,-6.0,full_season_release,1
20260424,2026-04-24,531,Scranton/Wilkes-Barre RailRiders,International League,PNC Field,Rochester Red Wings,534,3233.0,1,night,Friday,4,4,April,5,1,,0,531-2,4,10,1.0,0.5416666666666666,0.48,Partly Cloudy,Cloudy,62.0,6,L To R,0,0,0,,1,-5.0,full_season_release,1
20260426,2026-04-26,531,Scranton/Wilkes-Barre RailRiders,International League,PNC Field,Rochester Red Wings,534,2957.0,2,day,Sunday,6,4,April,5,1,,0,531-2,5,10,2.0,0.5384615384615384,0.48148148148148145,Partly Cloudy,Cloudy,52.0,5,Varies,0,0,0,,1,-4.0,full_season_release,1
20260428,2026-04-28,531,Scranton/Wilkes-Barre RailRiders,International League,PNC Field,Buffalo Bisons,422,8451.0,1,night,Tuesday,1,4,April,5,0,,0,531-2,6,10,2.0,0.5555555555555556,0.4642857142857143,Cloudy,Cloudy,56.0,7,Varies,0,0,0,,1,-3.0,full_season_release,1
20260430,2026-04-30,531,Scranton/Wilkes-Barre RailRiders,International League,PNC Field,Buffalo Bisons,422,2145.0,1,night,Thursday,3,4,April,5,0,,0,531-2,7,10,2.0,0.5714285714285714,0.4482758620689655,Partly Cloudy,Cloudy,51.0,9,Varies,0,0,0,,1,-2.0,full_season_release,1
20260501,2026-05-01,531,Scranton/Wilkes-Barre RailRiders,International League,PNC Field,Buffalo Bisons,422,2902.0,2,night,Friday,4,5,May,6,1,,0,531-2,8,10,1.0,0.5666666666666667,0.45161290322580644,Cloudy,Cloudy,51.0,5,Varies,0,0,0,,1,-1.0,full_season_release,1
20260502,2026-05-02,531,Scranton/Wilkes-Barre RailRiders,International League,PNC Field,Buffalo Bisons,422,3727.0,1,day,Saturday,5,5,May,6,1,,0,531-2,9,10,1.0,0.5483870967741935,0.46875,Partly Cloudy,Cloudy,51.0,8,L To R,0,1,1,CHAMP popcorn bucket courtesy of the Times-Leader,1,0.0,full_season_release,1
20260503,2026-05-03,531,Scranton/Wilkes-Barre RailRiders,International League,PNC Field,Buffalo Bisons,422,3517.0,1,day,Sunday,6,5,May,6,1,,0,531-2,10,10,1.0,0.5625,0.45454545454545453,Partly Cloudy,Cloudy,50.0,14,L To R,0,0,0,,1,1.0,full_season_release,1
20260512,2026-05-12,531,Scranton/Wilkes-Barre RailRiders,International League,PNC Field,Syracuse Mets,552,3171.0,1,night,Tuesday,1,5,May,7,0,,0,531-3,1,6,9.0,0.5263157894736842,0.5384615384615384,Clear,Clear,62.0,7,Varies,0,0,0,,1,-2.0,full_season_release,1
20260513,2026-05-13,531,Scranton/Wilkes-Barre RailRiders,International League,PNC Field,Syracuse Mets,552,5155.0,1,day,Wednesday,2,5,May,7,0,,0,531-3,2,6,1.0,0.5384615384615384,0.525,Cloudy,Cloudy,61.0,9,Varies,0,0,0,,1,-1.0,full_season_release,1
20260514,2026-05-14,531,Scranton/Wilkes-Barre RailRiders,International League,PNC Field,Syracuse Mets,552,2315.0,1,night,Thursday,3,5,May,7,0,,0,531-3,3,6,1.0,0.55,0.5121951219512195,Cloudy,Cloudy,51.0,7,L To R,0,1,1,"Custom RailRiders scrubs top, first 1000 fans",1,0.0,full_season_release,1
20260515,2026-05-15,531,Scranton/Wilkes-Barre RailRiders,International League,PNC Field,Syracuse Mets,552,3707.0,1,night,Friday,4,5,May,8,1,,0,531-3,4,6,1.0,0.5365853658536586,0.5238095238095238,Overcast,Cloudy,62.0,7,Out To RF,0,0,0,,1,1.0,full_season_release,1
20260516,2026-05-16,531,Scranton/Wilkes-Barre RailRiders,International League,PNC Field,Syracuse Mets,552,7814.0,1,night,Saturday,5,5,May,8,1,,0,531-3,5,6,1.0,0.5238095238095238,0.5348837209302325,Cloudy,Cloudy,75.0,12,Varies,0,1,1,"Custom giveaway fit for a Jedi, item unnamed in source",1,0.0,full_season_release,1
20260517,2026-05-17,531,Scranton/Wilkes-Barre RailRiders,International League,PNC Field,Syracuse Mets,552,3270.0,1,day,Sunday,6,5,May,8,1,,0,531-3,6,6,1.0,0.5348837209302325,0.5227272727272727,Partly Cloudy,Cloudy,79.0,9,Out To LF,0,0,0,,1,1.0,full_season_release,1
20260526,2026-05-26,531,Scranton/Wilkes-Barre RailRiders,International League,PNC Field,Worcester Red Sox,533,3172.0,1,night,Tuesday,1,5,May,9,0,,0,531-4,1,6,9.0,0.52,0.4897959183673469,Partly Cloudy,Cloudy,78.0,8,Varies,0,0,0,,1,-2.0,full_season_release,1
20260527,2026-05-27,531,Scranton/Wilkes-Barre RailRiders,International League,PNC Field,Worcester Red Sox,533,6451.0,1,day,Wednesday,2,5,May,9,0,,0,531-4,2,6,1.0,0.5098039215686274,0.5,Cloudy,Cloudy,74.0,4,Varies,0,0,0,,1,-1.0,full_season_release,1
20260528,2026-05-28,531,Scranton/Wilkes-Barre RailRiders,International League,PNC Field,Worcester Red Sox,533,3105.0,1,night,Thursday,3,5,May,9,0,,0,531-4,3,6,1.0,0.5,0.5098039215686274,Partly Cloudy,Cloudy,64.0,12,Varies,0,1,1,"RailRiders rally towel, first 1000 fans",1,0.0,full_season_release,1
20260529,2026-05-29,531,Scranton/Wilkes-Barre RailRiders,International League,PNC Field,Worcester Red Sox,533,3778.0,1,night,Friday,4,5,May,10,1,,0,531-4,4,6,1.0,0.49056603773584906,0.5192307692307693,Cloudy,Cloudy,70.0,11,Varies,0,0,0,,1,1.0,full_season_release,1
20260530,2026-05-30,531,Scranton/Wilkes-Barre RailRiders,International League,PNC Field,Worcester Red Sox,533,5654.0,1,night,Saturday,5,5,May,10,1,,0,531-4,5,6,1.0,0.5,0.5094339622641509,Partly Cloudy,Cloudy,64.0,13,Out To RF,0,1,1,"Patriotic hat, first 1500 fans",1,0.0,full_season_release,1
20260531,2026-05-31,531,Scranton/Wilkes-Barre RailRiders,International League,PNC Field,Worcester Red Sox,533,3929.0,1,day,Sunday,6,5,May,10,1,,0,531-4,6,6,1.0,0.509090909090909,0.5,Partly Cloudy,Cloudy,69.0,9,L To R,0,0,0,,1,1.0,full_season_release,1
20260609,2026-06-09,531,Scranton/Wilkes-Barre RailRiders,International League,PNC Field,Lehigh Valley IronPigs,1410,6494.0,1,night,Tuesday,1,6,June,11,0,,0,531-5,1,6,9.0,0.5079365079365079,0.453125,Partly Cloudy,Cloudy,78.0,8,Varies,0,0,0,,1,-2.0,full_season_release,1
20260610,2026-06-10,531,Scranton/Wilkes-Barre RailRiders,International League,PNC Field,Lehigh Valley IronPigs,1410,6084.0,1,night,Wednesday,2,6,June,11,0,,0,531-5,2,6,1.0,0.5,0.46153846153846156,Overcast,Cloudy,74.0,7,Varies,0,0,0,,1,-1.0,full_season_release,1
20260611,2026-06-11,531,Scranton/Wilkes-Barre RailRiders,International League,PNC Field,Lehigh Valley IronPigs,1410,3708.0,1,night,Thursday,3,6,June,11,0,,0,531-5,3,6,1.0,0.49230769230769234,0.4696969696969697,Cloudy,Cloudy,83.0,8,R To L,0,1,1,"Pair of plush SWB slippers, first 1000 fans",1,0.0,full_season_release,1
20260612,2026-06-12,531,Scranton/Wilkes-Barre RailRiders,International League,PNC Field,Lehigh Valley IronPigs,1410,3262.0,1,night,Friday,4,6,June,12,1,,0,531-5,4,6,1.0,0.48484848484848486,0.47761194029850745,Partly Cloudy,Cloudy,79.0,6,Varies,0,0,0,,1,1.0,full_season_release,1
20260613,2026-06-13,531,Scranton/Wilkes-Barre RailRiders,International League,PNC Field,Lehigh Valley IronPigs,1410,6652.0,1,night,Saturday,5,6,June,12,1,,0,531-5,5,6,1.0,0.4925373134328358,0.47058823529411764,Clear,Clear,82.0,6,Calm,0,1,1,Custom SWB shamrock t-shirt,1,0.0,full_season_release,1
20260614,2026-06-14,531,Scranton/Wilkes-Barre RailRiders,International League,PNC Field,Lehigh Valley IronPigs,1410,3915.0,1,day,Sunday,6,6,June,12,1,,0,531-5,6,6,1.0,0.5,0.463768115942029,Cloudy,Cloudy,80.0,10,Varies,0,0,0,,1,1.0,full_season_release,1
20260630,2026-06-30,531,Scranton/Wilkes-Barre RailRiders,International League,PNC Field,Norfolk Tides,568,3790.0,1,night,Tuesday,1,6,June,14,0,,0,531-6,1,5,16.0,0.5061728395061729,0.35365853658536583,Partly Cloudy,Cloudy,85.0,8,Varies,0,0,0,,1,-2.0,full_season_release,1
20260701,2026-07-01,531,Scranton/Wilkes-Barre RailRiders,International League,PNC Field,Norfolk Tides,568,2404.0,1,night,Wednesday,2,7,July,14,0,,0,531-6,2,5,1.0,0.5,0.3614457831325301,Partly Cloudy,Cloudy,92.0,6,Out To RF,0,0,0,,1,-1.0,full_season_release,1
20260702,2026-07-02,531,Scranton/Wilkes-Barre RailRiders,International League,PNC Field,Norfolk Tides,568,4258.0,1,night,Thursday,3,7,July,14,0,,0,531-6,3,5,1.0,0.5060240963855421,0.35714285714285715,Clear,Clear,92.0,9,R To L,0,1,1,"Custom SWB soccer jersey, first 1000 fans",1,0.0,full_season_release,1
20260703,2026-07-03,531,Scranton/Wilkes-Barre RailRiders,International League,PNC Field,Norfolk Tides,568,4185.0,1,night,Friday,4,7,July,15,1,,0,531-6,4,5,1.0,0.5119047619047619,0.35294117647058826,Overcast,Cloudy,80.0,6,Varies,0,0,0,,1,1.0,full_season_release,1
20260705,2026-07-05,531,Scranton/Wilkes-Barre RailRiders,International League,PNC Field,Norfolk Tides,568,3227.0,1,day,Sunday,6,7,July,15,1,,0,531-6,5,5,2.0,0.5176470588235295,0.3488372093023256,Cloudy,Cloudy,79.0,3,Calm,0,0,0,,1,2.0,full_season_release,1
20260717,2026-07-17,531,Scranton/Wilkes-Barre RailRiders,International League,PNC Field,Worcester Red Sox,533,5637.0,1,night,Friday,4,7,July,17,1,,0,531-7,1,9,12.0,0.532608695652174,0.5,Clear,Clear,82.0,5,Varies,0,0,0,,1,-7.0,full_season_release,1
20260719,2026-07-19,531,Scranton/Wilkes-Barre RailRiders,International League,PNC Field,Worcester Red Sox,533,4466.0,1,day,Sunday,6,7,July,17,1,,0,531-7,3,9,2.0,0.5376344086021505,0.4945054945054945,Partly Cloudy,Cloudy,72.0,9,L To R,0,0,0,,1,-5.0,full_season_release,1
20260721,2026-07-21,531,Scranton/Wilkes-Barre RailRiders,International League,PNC Field,Syracuse Mets,552,3035.0,1,night,Tuesday,1,7,July,17,0,,0,531-7,4,9,2.0,0.5425531914893617,0.4895833333333333,Cloudy,Cloudy,75.0,8,Varies,0,0,0,,1,-4.0,full_season_release,1
20260722,2026-07-22,531,Scranton/Wilkes-Barre RailRiders,International League,PNC Field,Syracuse Mets,552,3766.0,1,night,Wednesday,2,7,July,17,0,,0,531-7,5,9,1.0,0.5368421052631579,0.4948453608247423,Partly Cloudy,Cloudy,72.0,8,Out To RF,0,0,0,,1,-3.0,full_season_release,1
20260723,2026-07-23,531,Scranton/Wilkes-Barre RailRiders,International League,PNC Field,Syracuse Mets,552,4341.0,1,night,Thursday,3,7,July,17,0,,0,531-7,6,9,1.0,0.5416666666666666,0.4897959183673469,Clear,Clear,76.0,3,Varies,0,0,0,,1,-2.0,full_season_release,1
20260724,2026-07-24,531,Scranton/Wilkes-Barre RailRiders,International League,PNC Field,Syracuse Mets,552,5025.0,1,night,Friday,4,7,July,18,1,,0,531-7,7,9,1.0,0.5360824742268041,0.494949494949495,Partly Cloudy,Cloudy,77.0,6,Varies,0,0,0,,1,-1.0,full_season_release,1
20260725,2026-07-25,531,Scranton/Wilkes-Barre RailRiders,International League,PNC Field,Syracuse Mets,552,5058.0,1,night,Saturday,5,7,July,18,1,,0,531-7,8,9,1.0,0.5306122448979592,0.5,Clear,Clear,78.0,6,R To L,0,1,1,"Button-down shirt, first 1500 fans",1,0.0,full_season_release,1
20260726,2026-07-26,531,Scranton/Wilkes-Barre RailRiders,International League,PNC Field,Syracuse Mets,552,4122.0,1,day,Sunday,6,7,July,18,1,,0,531-7,9,9,1.0,0.5353535353535354,0.49504950495049505,Partly Cloudy,Cloudy,78.0,5,Out To CF,0,0,0,,1,1.0,full_season_release,1
20260804,2026-08-04,531,Scranton/Wilkes-Barre RailRiders,International League,PNC Field,Rochester Red Wings,534,4568.0,1,night,Tuesday,1,8,August,19,0,,0,531-8,1,6,9.0,0.5660377358490566,0.5887850467289719,Clear,Clear,80.0,2,Varies,0,0,0,,1,-4.0,full_season_release,1
20260805,2026-08-05,531,Scranton/Wilkes-Barre RailRiders,International League,PNC Field,Rochester Red Wings,534,4943.0,1,night,Wednesday,2,8,August,19,0,,0,531-8,2,6,1.0,0.5607476635514018,0.5925925925925926,Partly Cloudy,Cloudy,79.0,5,Out To RF,0,0,0,,1,-3.0,full_season_release,1
20260806,2026-08-06,531,Scranton/Wilkes-Barre RailRiders,International League,PNC Field,Rochester Red Wings,534,3496.0,1,night,Thursday,3,8,August,19,0,,0,531-8,3,6,1.0,0.5555555555555556,0.5963302752293578,Partly Cloudy,Cloudy,83.0,6,Varies,0,0,0,,1,-2.0,full_season_release,1
20260807,2026-08-07,531,Scranton/Wilkes-Barre RailRiders,International League,PNC Field,Rochester Red Wings,534,4750.0,1,night,Friday,4,8,August,20,1,,0,531-8,4,6,1.0,0.5504587155963303,0.6,Partly Cloudy,Cloudy,76.0,3,Varies,0,0,0,,1,-1.0,full_season_release,1
20260808,2026-08-08,531,Scranton/Wilkes-Barre RailRiders,International League,PNC Field,Rochester Red Wings,534,4564.0,1,night,Saturday,5,8,August,20,1,,0,531-8,5,6,1.0,0.5454545454545454,0.6036036036036037,Partly Cloudy,Cloudy,80.0,9,L To R,0,1,1,"Mystery bobblehead, first 1500 fans",1,0.0,full_season_release,1
20260809,2026-08-09,531,Scranton/Wilkes-Barre RailRiders,International League,PNC Field,Rochester Red Wings,534,3903.0,1,day,Sunday,6,8,August,20,1,,0,531-8,6,6,1.0,0.5495495495495496,0.5982142857142857,Partly Cloudy,Cloudy,83.0,7,L To R,0,0,0,,1,1.0,full_season_release,1
20260818,2026-08-18,531,Scranton/Wilkes-Barre RailRiders,International League,PNC Field,Charlotte Knights,494,4702.0,1,night,Tuesday,1,8,August,21,0,,0,531-9,1,6,9.0,0.5299145299145299,0.5371900826446281,Partly Cloudy,Cloudy,78.0,4,Varies,0,0,0,,1,-2.0,full_season_release,1
20260819,2026-08-19,531,Scranton/Wilkes-Barre RailRiders,International League,PNC Field,Charlotte Knights,494,3669.0,1,night,Wednesday,2,8,August,21,0,,0,531-9,2,6,1.0,0.5254237288135594,0.5409836065573771,Overcast,Cloudy,79.0,5,Out To CF,0,0,0,,1,-1.0,full_season_release,1
20260820,2026-08-20,531,Scranton/Wilkes-Barre RailRiders,International League,PNC Field,Charlotte Knights,494,3013.0,1,night,Thursday,3,8,August,21,0,,0,531-9,3,6,1.0,0.5294117647058824,0.5365853658536586,Cloudy,Cloudy,62.0,6,Varies,0,1,1,"Play bat and ball set, first 1000 fans",1,0.0,full_season_release,1
20260821,2026-08-21,531,Scranton/Wilkes-Barre RailRiders,International League,PNC Field,Charlotte Knights,494,4815.0,1,night,Friday,4,8,August,22,1,,0,531-9,4,6,1.0,0.5333333333333333,0.532258064516129,Partly Cloudy,Cloudy,75.0,2,Varies,0,0,0,,1,1.0,full_season_release,1
20260822,2026-08-22,531,Scranton/Wilkes-Barre RailRiders,International League,PNC Field,Charlotte Knights,494,6059.0,1,night,Saturday,5,8,August,22,1,,0,531-9,5,6,1.0,0.5289256198347108,0.536,Partly Cloudy,Cloudy,74.0,6,R To L,0,1,1,"SWB Red Barons jersey, first 1500 fans",1,0.0,full_season_release,1
20260823,2026-08-23,531,Scranton/Wilkes-Barre RailRiders,International League,PNC Field,Charlotte Knights,494,5327.0,1,day,Sunday,6,8,August,22,1,,0,531-9,6,6,1.0,0.5327868852459017,0.5317460317460317,Partly Cloudy,Cloudy,72.0,10,Varies,0,0,0,,1,1.0,full_season_release,1
20260331,2026-03-31,1960,St. Paul Saints,International League,CHS Field,Worcester Red Sox,533,4144.0,1,night,Tuesday,1,3,March,1,0,,0,1960-1,1,5,,0.75,0.5,Partly Cloudy,Cloudy,47.0,15,L To R,0,1,1,"White Jersey Hoodie, first 1000 fans",1,0.0,full_season_release,1
20260401,2026-04-01,1960,St. Paul Saints,International League,CHS Field,Worcester Red Sox,533,2617.0,1,day,Wednesday,2,4,April,1,0,,0,1960-1,2,5,1.0,0.6,0.6,Cloudy,Cloudy,42.0,11,In From CF,0,0,0,,1,1.0,full_season_release,1
20260404,2026-04-04,1960,St. Paul Saints,International League,CHS Field,Worcester Red Sox,533,2919.0,1,day,Saturday,5,4,April,2,1,,0,1960-1,4,5,3.0,0.5,0.6666666666666666,Overcast,Cloudy,38.0,14,R To L,0,1,1,"Magnet Schedule, first 2000 fans",1,0.0,full_season_release,1
20260405,2026-04-05,1960,St. Paul Saints,International League,CHS Field,Worcester Red Sox,533,2701.0,2,day,Sunday,6,4,April,2,1,,0,1960-1,5,5,1.0,0.375,0.75,Partly Cloudy,Cloudy,50.0,13,Out To CF,0,0,0,,1,1.0,full_season_release,1
20260414,2026-04-14,1960,St. Paul Saints,International League,CHS Field,Lehigh Valley IronPigs,1410,2765.0,1,night,Tuesday,1,4,April,3,0,,0,1960-2,1,6,9.0,0.3333333333333333,0.625,Partly Cloudy,Cloudy,64.0,8,Out To CF,0,0,0,,0,,full_season_release,1
20260415,2026-04-15,1960,St. Paul Saints,International League,CHS Field,Lehigh Valley IronPigs,1410,2946.0,1,night,Wednesday,2,4,April,3,0,,0,1960-2,2,6,1.0,0.375,0.5882352941176471,Clear,Clear,69.0,5,R To L,0,0,0,,0,,full_season_release,1
20260416,2026-04-16,1960,St. Paul Saints,International League,CHS Field,Lehigh Valley IronPigs,1410,3939.0,1,night,Thursday,3,4,April,3,0,,0,1960-2,3,6,1.0,0.4117647058823529,0.5555555555555556,Clear,Clear,79.0,17,R To L,0,0,0,,0,,full_season_release,1
20260417,2026-04-17,1960,St. Paul Saints,International League,CHS Field,Lehigh Valley IronPigs,1410,3222.0,1,night,Friday,4,4,April,4,1,,0,1960-2,4,6,1.0,0.4444444444444444,0.5263157894736842,Overcast,Cloudy,42.0,20,Out To CF,0,0,0,,0,,full_season_release,1
20260418,2026-04-18,1960,St. Paul Saints,International League,CHS Field,Lehigh Valley IronPigs,1410,4334.0,1,day,Saturday,5,4,April,4,1,,0,1960-2,5,6,1.0,0.42105263157894735,0.55,Overcast,Cloudy,40.0,16,Out To CF,0,0,0,,0,,full_season_release,1
20260419,2026-04-19,1960,St. Paul Saints,International League,CHS Field,Lehigh Valley IronPigs,1410,3397.0,1,day,Sunday,6,4,April,4,1,,0,1960-2,6,6,1.0,0.45,0.5238095238095238,Partly Cloudy,Cloudy,45.0,20,Out To CF,0,0,0,,0,,full_season_release,1
20260428,2026-04-28,1960,St. Paul Saints,International League,CHS Field,Iowa Cubs,451,4342.0,1,day,Tuesday,1,4,April,5,0,,0,1960-3,1,6,9.0,0.4444444444444444,0.48148148148148145,Partly Cloudy,Cloudy,49.0,13,Out To CF,0,0,0,,1,-5.0,full_season_release,1
20260429,2026-04-29,1960,St. Paul Saints,International League,CHS Field,Iowa Cubs,451,3526.0,1,night,Wednesday,2,4,April,5,0,,0,1960-3,2,6,1.0,0.42857142857142855,0.5,Cloudy,Cloudy,51.0,8,Out To CF,0,0,0,,1,-4.0,full_season_release,1
20260430,2026-04-30,1960,St. Paul Saints,International League,CHS Field,Iowa Cubs,451,4036.0,1,night,Thursday,3,4,April,5,0,,0,1960-3,3,6,1.0,0.4482758620689655,0.4827586206896552,Partly Cloudy,Cloudy,51.0,7,Out To RF,0,0,0,,1,-3.0,full_season_release,1
20260501,2026-05-01,1960,St. Paul Saints,International League,CHS Field,Iowa Cubs,451,4396.0,1,night,Friday,4,5,May,6,1,,0,1960-3,4,6,1.0,0.43333333333333335,0.5,Partly Cloudy,Cloudy,53.0,8,Out To CF,0,0,0,,1,-2.0,full_season_release,1
20260502,2026-05-02,1960,St. Paul Saints,International League,CHS Field,Iowa Cubs,451,6460.0,1,day,Saturday,5,5,May,6,1,,0,1960-3,5,6,1.0,0.45161290322580644,0.4838709677419355,Partly Cloudy,Cloudy,62.0,7,R To L,0,0,0,,1,-1.0,full_season_release,1
20260503,2026-05-03,1960,St. Paul Saints,International League,CHS Field,Iowa Cubs,451,4948.0,1,day,Sunday,6,5,May,6,1,,0,1960-3,6,6,1.0,0.46875,0.46875,Sunny,Clear,68.0,15,Out To CF,0,1,1,"Saints Crayola branded jersey, first 1000 fans",1,0.0,full_season_release,1
20260512,2026-05-12,1960,St. Paul Saints,International League,CHS Field,Columbus Clippers,445,4826.0,1,night,Tuesday,1,5,May,7,0,,0,1960-4,1,11,9.0,0.5384615384615384,0.5,Partly Cloudy,Cloudy,64.0,19,Out To CF,0,0,0,,1,-3.0,full_season_release,1
20260513,2026-05-13,1960,St. Paul Saints,International League,CHS Field,Columbus Clippers,445,3521.0,1,night,Wednesday,2,5,May,7,0,,0,1960-4,2,11,1.0,0.525,0.5121951219512195,Clear,Clear,72.0,8,L To R,0,0,0,,1,-2.0,full_season_release,1
20260515,2026-05-15,1960,St. Paul Saints,International League,CHS Field,Columbus Clippers,445,4427.0,2,night,Friday,4,5,May,8,1,,0,1960-4,3,11,2.0,0.5476190476190477,0.4883720930232558,Partly Cloudy,Cloudy,84.0,12,Out To CF,0,0,0,,1,-1.0,full_season_release,1
20260516,2026-05-16,1960,St. Paul Saints,International League,CHS Field,Columbus Clippers,445,5581.0,1,day,Saturday,5,5,May,8,1,,0,1960-4,4,11,1.0,0.5348837209302325,0.5,Sunny,Clear,77.0,12,Out To CF,0,1,1,"Walker Jenkins Bobblehead presented by CHS, first 1500 fans",1,0.0,full_season_release,1
20260517,2026-05-17,1960,St. Paul Saints,International League,CHS Field,Columbus Clippers,445,4424.0,1,day,Sunday,6,5,May,8,1,,0,1960-4,5,11,1.0,0.5227272727272727,0.5111111111111111,Overcast,Cloudy,67.0,14,In From CF,0,0,0,,1,1.0,full_season_release,1
20260519,2026-05-19,1960,St. Paul Saints,International League,CHS Field,Omaha Storm Chasers,541,6591.0,1,day,Tuesday,1,5,May,8,0,,0,1960-4,6,11,2.0,0.5111111111111111,0.4888888888888889,Cloudy,Cloudy,50.0,19,Varies,0,0,0,,1,2.0,full_season_release,1
20260520,2026-05-20,1960,St. Paul Saints,International League,CHS Field,Omaha Storm Chasers,541,4509.0,1,night,Wednesday,2,5,May,8,0,,0,1960-4,7,11,1.0,0.5217391304347826,0.4782608695652174,Clear,Clear,62.0,2,Calm,0,0,0,,1,3.0,full_season_release,1
20260521,2026-05-21,1960,St. Paul Saints,International League,CHS Field,Omaha Storm Chasers,541,5492.0,1,night,Thursday,3,5,May,8,0,,0,1960-4,8,11,1.0,0.5106382978723404,0.48936170212765956,Partly Cloudy,Cloudy,64.0,8,R To L,0,0,0,,1,4.0,full_season_release,1
20260522,2026-05-22,1960,St. Paul Saints,International League,CHS Field,Omaha Storm Chasers,541,5815.0,1,night,Friday,4,5,May,9,1,,0,1960-4,9,11,1.0,0.5208333333333334,0.4791666666666667,Overcast,Cloudy,63.0,15,In From RF,0,0,0,,1,5.0,full_season_release,1
20260523,2026-05-23,1960,St. Paul Saints,International League,CHS Field,Omaha Storm Chasers,541,6670.0,1,night,Saturday,5,5,May,9,1,,0,1960-4,10,11,1.0,0.5102040816326531,0.4897959183673469,Overcast,Cloudy,64.0,9,Out To CF,0,0,0,,1,6.0,full_season_release,1
20260524,2026-05-24,1960,St. Paul Saints,International League,CHS Field,Omaha Storm Chasers,541,9377.0,1,night,Sunday,6,5,May,9,1,,0,1960-4,11,11,1.0,0.5,0.5,Clear,Clear,81.0,7,R To L,0,0,0,,1,7.0,full_season_release,1
20260602,2026-06-02,1960,St. Paul Saints,International League,CHS Field,Indianapolis Indians,484,4452.0,1,night,Tuesday,1,6,June,10,0,,0,1960-5,1,6,9.0,0.5263157894736842,0.41379310344827586,Partly Cloudy,Cloudy,81.0,9,R To L,0,0,0,,0,,full_season_release,1
20260603,2026-06-03,1960,St. Paul Saints,International League,CHS Field,Indianapolis Indians,484,5003.0,1,day,Wednesday,2,6,June,10,0,,0,1960-5,2,6,1.0,0.5344827586206896,0.4067796610169492,Sunny,Clear,82.0,9,R To L,0,0,0,,0,,full_season_release,1
20260604,2026-06-04,1960,St. Paul Saints,International League,CHS Field,Indianapolis Indians,484,5113.0,1,night,Thursday,3,6,June,10,0,,0,1960-5,3,6,1.0,0.5423728813559322,0.4,Partly Cloudy,Cloudy,82.0,8,R To L,0,0,0,,0,,full_season_release,1
20260605,2026-06-05,1960,St. Paul Saints,International League,CHS Field,Indianapolis Indians,484,8652.0,1,night,Friday,4,6,June,11,1,,0,1960-5,4,6,1.0,0.5333333333333333,0.4098360655737705,Clear,Clear,81.0,4,R To L,0,0,0,,0,,full_season_release,1
20260606,2026-06-06,1960,St. Paul Saints,International League,CHS Field,Indianapolis Indians,484,6817.0,1,night,Saturday,5,6,June,11,1,,0,1960-5,5,6,1.0,0.5409836065573771,0.4032258064516129,Partly Cloudy,Cloudy,85.0,5,In From RF,0,0,0,,0,,full_season_release,1
20260607,2026-06-07,1960,St. Paul Saints,International League,CHS Field,Indianapolis Indians,484,6550.0,1,day,Sunday,6,6,June,11,1,,0,1960-5,6,6,1.0,0.5483870967741935,0.3968253968253968,Partly Cloudy,Cloudy,86.0,14,In From CF,0,0,0,,0,,full_season_release,1
20260616,2026-06-16,1960,St. Paul Saints,International League,CHS Field,Omaha Storm Chasers,541,6549.0,1,night,Tuesday,1,6,June,12,0,,0,1960-6,1,5,9.0,0.5797101449275363,0.43478260869565216,Partly Cloudy,Cloudy,67.0,12,R To L,0,0,0,,0,,full_season_release,1
20260618,2026-06-18,1960,St. Paul Saints,International League,CHS Field,Omaha Storm Chasers,541,6943.0,2,night,Thursday,3,6,June,12,0,,0,1960-6,2,5,2.0,0.5633802816901409,0.4507042253521127,Partly Cloudy,Cloudy,71.0,14,Out To CF,0,0,0,,0,,full_season_release,1
20260619,2026-06-19,1960,St. Paul Saints,International League,CHS Field,Omaha Storm Chasers,541,7212.0,1,night,Friday,4,6,June,13,1,,0,1960-6,3,5,1.0,0.5694444444444444,0.4444444444444444,Partly Cloudy,Cloudy,65.0,11,L To R,0,0,0,,0,,full_season_release,1
20260620,2026-06-20,1960,St. Paul Saints,International League,CHS Field,Omaha Storm Chasers,541,8341.0,1,night,Saturday,5,6,June,13,1,,0,1960-6,4,5,1.0,0.5753424657534246,0.4383561643835616,Clear,Clear,75.0,8,L To R,0,0,0,,0,,full_season_release,1
20260621,2026-06-21,1960,St. Paul Saints,International League,CHS Field,Omaha Storm Chasers,541,9008.0,1,day,Sunday,6,6,June,13,1,Father's Day,1,1960-6,5,5,1.0,0.5675675675675675,0.44594594594594594,Partly Cloudy,Cloudy,75.0,4,In From CF,0,0,0,,0,,full_season_release,1
20260630,2026-06-30,1960,St. Paul Saints,International League,CHS Field,Buffalo Bisons,422,6139.0,1,night,Tuesday,1,6,June,14,0,,0,1960-7,1,6,9.0,0.575,0.47560975609756095,Partly Cloudy,Cloudy,90.0,10,R To L,0,0,0,,0,,full_season_release,1
20260701,2026-07-01,1960,St. Paul Saints,International League,CHS Field,Buffalo Bisons,422,5419.0,1,night,Wednesday,2,7,July,14,0,,0,1960-7,2,6,1.0,0.5679012345679012,0.4819277108433735,Cloudy,Cloudy,81.0,7,Out To CF,0,0,0,,0,,full_season_release,1
20260702,2026-07-02,1960,St. Paul Saints,International League,CHS Field,Buffalo Bisons,422,5717.0,1,night,Thursday,3,7,July,14,0,,0,1960-7,3,6,1.0,0.5609756097560976,0.4880952380952381,Partly Cloudy,Cloudy,81.0,10,R To L,0,0,0,,0,,full_season_release,1
20260703,2026-07-03,1960,St. Paul Saints,International League,CHS Field,Buffalo Bisons,422,8401.0,1,night,Friday,4,7,July,15,1,,0,1960-7,4,6,1.0,0.5662650602409639,0.4823529411764706,Partly Cloudy,Cloudy,86.0,9,R To L,0,0,0,,0,,full_season_release,1
20260704,2026-07-04,1960,St. Paul Saints,International League,CHS Field,Buffalo Bisons,422,8538.0,1,night,Saturday,5,7,July,15,1,Independence Day,1,1960-7,5,6,1.0,0.5714285714285714,0.47674418604651164,Partly Cloudy,Cloudy,84.0,5,In From CF,0,0,0,,0,,full_season_release,1
20260705,2026-07-05,1960,St. Paul Saints,International League,CHS Field,Buffalo Bisons,422,6002.0,1,day,Sunday,6,7,July,15,1,,0,1960-7,6,6,1.0,0.5647058823529412,0.4827586206896552,Partly Cloudy,Cloudy,85.0,7,L To R,0,0,0,,0,,full_season_release,1
20260717,2026-07-17,1960,St. Paul Saints,International League,CHS Field,Louisville Bats,416,8267.0,1,night,Friday,4,7,July,17,1,,0,1960-8,1,9,12.0,0.5543478260869565,0.5164835164835165,Clear,Clear,95.0,15,R To L,0,0,0,,0,,full_season_release,1
20260718,2026-07-18,1960,St. Paul Saints,International League,CHS Field,Louisville Bats,416,6379.0,1,night,Saturday,5,7,July,17,1,,0,1960-8,2,9,1.0,0.5591397849462365,0.5108695652173914,Clear,Clear,89.0,9,L To R,0,0,0,,0,,full_season_release,1
20260719,2026-07-19,1960,St. Paul Saints,International League,CHS Field,Louisville Bats,416,5772.0,1,day,Sunday,6,7,July,17,1,,0,1960-8,3,9,1.0,0.5684210526315789,0.5,Sunny,Clear,89.0,6,R To L,0,0,0,,0,,full_season_release,1
20260721,2026-07-21,1960,St. Paul Saints,International League,CHS Field,Columbus Clippers,445,7036.0,1,night,Tuesday,1,7,July,17,0,,0,1960-8,4,9,2.0,0.5625,0.53125,Partly Cloudy,Cloudy,79.0,14,Out To CF,0,0,0,,0,,full_season_release,1
20260722,2026-07-22,1960,St. Paul Saints,International League,CHS Field,Columbus Clippers,445,8415.0,1,day,Wednesday,2,7,July,17,0,,0,1960-8,5,9,1.0,0.5670103092783505,0.5257731958762887,Cloudy,Cloudy,72.0,5,L To R,0,0,0,,0,,full_season_release,1
20260723,2026-07-23,1960,St. Paul Saints,International League,CHS Field,Columbus Clippers,445,7757.0,1,night,Thursday,3,7,July,17,0,,0,1960-8,6,9,1.0,0.5714285714285714,0.5204081632653061,Partly Cloudy,Cloudy,80.0,7,R To L,0,0,0,,0,,full_season_release,1
20260724,2026-07-24,1960,St. Paul Saints,International League,CHS Field,Columbus Clippers,445,7155.0,1,night,Friday,4,7,July,18,1,,0,1960-8,7,9,1.0,0.5656565656565656,0.5252525252525253,Overcast,Cloudy,80.0,14,R To L,0,0,0,,0,,full_season_release,1
20260725,2026-07-25,1960,St. Paul Saints,International League,CHS Field,Columbus Clippers,445,7098.0,1,night,Saturday,5,7,July,18,1,,0,1960-8,8,9,1.0,0.57,0.52,Partly Cloudy,Cloudy,85.0,5,Calm,0,0,0,,0,,full_season_release,1
20260726,2026-07-26,1960,St. Paul Saints,International League,CHS Field,Columbus Clippers,445,5376.0,1,day,Sunday,6,7,July,18,1,,0,1960-8,9,9,1.0,0.5742574257425742,0.5148514851485149,Sunny,Clear,95.0,9,L To R,0,0,0,,0,,full_season_release,1
20260804,2026-08-04,1960,St. Paul Saints,International League,CHS Field,Louisville Bats,416,6946.0,1,night,Tuesday,1,8,August,19,0,,0,1960-9,1,6,9.0,0.5740740740740741,0.4672897196261682,Partly Cloudy,Cloudy,74.0,8,Out To CF,0,0,0,,0,,full_season_release,1
20260805,2026-08-05,1960,St. Paul Saints,International League,CHS Field,Louisville Bats,416,9002.0,1,day,Wednesday,2,8,August,19,0,,0,1960-9,2,6,1.0,0.5779816513761468,0.46296296296296297,Sunny,Clear,77.0,6,Out To CF,0,0,0,,0,,full_season_release,1
20260806,2026-08-06,1960,St. Paul Saints,International League,CHS Field,Louisville Bats,416,9027.0,1,night,Thursday,3,8,August,19,0,,0,1960-9,3,6,1.0,0.5818181818181818,0.45871559633027525,Clear,Clear,82.0,11,R To L,0,0,0,,0,,full_season_release,1
20260807,2026-08-07,1960,St. Paul Saints,International League,CHS Field,Louisville Bats,416,7939.0,1,night,Friday,4,8,August,20,1,,0,1960-9,4,6,1.0,0.5855855855855856,0.45454545454545453,Clear,Clear,75.0,9,Out To CF,0,0,0,,0,,full_season_release,1
20260808,2026-08-08,1960,St. Paul Saints,International League,CHS Field,Louisville Bats,416,6953.0,1,night,Saturday,5,8,August,20,1,,0,1960-9,5,6,1.0,0.5892857142857143,0.45045045045045046,Clear,Clear,81.0,8,Out To CF,0,0,0,,0,,full_season_release,1
20260809,2026-08-09,1960,St. Paul Saints,International League,CHS Field,Louisville Bats,416,6853.0,1,day,Sunday,6,8,August,20,1,,0,1960-9,6,6,1.0,0.584070796460177,0.45535714285714285,Sunny,Clear,84.0,7,Out To CF,0,0,0,,0,,full_season_release,1
20260825,2026-08-25,1960,St. Paul Saints,International League,CHS Field,Toledo Mud Hens,512,6883.0,1,night,Tuesday,1,8,August,22,0,,0,1960-10,1,6,16.0,0.5793650793650794,0.4603174603174603,Clear,Clear,81.0,8,R To L,0,0,0,,1,-4.0,full_season_release,1
20260826,2026-08-26,1960,St. Paul Saints,International League,CHS Field,Toledo Mud Hens,512,5733.0,1,night,Wednesday,2,8,August,22,0,,0,1960-10,2,6,1.0,0.5748031496062992,0.4645669291338583,Clear,Clear,79.0,9,L To R,0,0,0,,1,-3.0,full_season_release,1
20260827,2026-08-27,1960,St. Paul Saints,International League,CHS Field,Toledo Mud Hens,512,6670.0,1,night,Thursday,3,8,August,22,0,,0,1960-10,3,6,1.0,0.5703125,0.46875,Clear,Clear,80.0,5,L To R,0,0,0,,1,-2.0,full_season_release,1
20260828,2026-08-28,1960,St. Paul Saints,International League,CHS Field,Toledo Mud Hens,512,7721.0,1,night,Friday,4,8,August,23,1,,0,1960-10,4,6,1.0,0.5658914728682171,0.4728682170542636,Partly Cloudy,Cloudy,80.0,8,Calm,0,0,0,,1,-1.0,full_season_release,1
20260829,2026-08-29,1960,St. Paul Saints,International League,CHS Field,Toledo Mud Hens,512,6757.0,1,night,Saturday,5,8,August,23,1,,0,1960-10,5,6,1.0,0.5692307692307692,0.46923076923076923,Partly Cloudy,Cloudy,80.0,8,L To R,0,1,1,"Toby and Ron Gardenhire bobblehead, first 1500 fans",1,0.0,full_season_release,1
20260830,2026-08-30,1960,St. Paul Saints,International League,CHS Field,Toledo Mud Hens,512,7189.0,1,day,Sunday,6,8,August,23,1,,0,1960-10,6,6,1.0,0.5648854961832062,0.4732824427480916,Cloudy,Cloudy,80.0,12,R To L,0,0,0,,1,1.0,full_season_release,1
20260327,2026-03-27,5434,Sugar Land Space Cowboys,Pacific Coast League,Constellation Field,Round Rock Express,102,4568.0,1,night,Friday,4,3,March,1,1,,0,5434-1,1,3,,0.0,1.0,Partly Cloudy,Cloudy,81.0,10,L To R,0,1,1,2026 Magnet Schedule presented by Frost Bank,1,0.0,full_season_release,1
20260328,2026-03-28,5434,Sugar Land Space Cowboys,Pacific Coast League,Constellation Field,Round Rock Express,102,3974.0,1,night,Saturday,5,3,March,1,1,,0,5434-1,2,3,1.0,0.5,0.5,Cloudy,Cloudy,74.0,5,L To R,0,1,1,Concert Tee,1,0.0,full_season_release,1
20260329,2026-03-29,5434,Sugar Land Space Cowboys,Pacific Coast League,Constellation Field,Round Rock Express,102,3887.0,1,day,Sunday,6,3,March,1,1,,0,5434-1,3,3,1.0,0.6666666666666666,0.3333333333333333,Partly Cloudy,Cloudy,81.0,8,L To R,0,0,0,,1,1.0,full_season_release,1
20260407,2026-04-07,5434,Sugar Land Space Cowboys,Pacific Coast League,Constellation Field,Tacoma Rainiers,529,2221.0,1,night,Tuesday,1,4,April,2,0,,0,5434-2,1,6,9.0,0.6,0.5,Overcast,Cloudy,71.0,11,L To R,0,0,0,,1,-3.0,full_season_release,1
20260408,2026-04-08,5434,Sugar Land Space Cowboys,Pacific Coast League,Constellation Field,Tacoma Rainiers,529,2009.0,1,night,Wednesday,2,4,April,2,0,,0,5434-2,2,6,1.0,0.5454545454545454,0.5454545454545454,Partly Cloudy,Cloudy,78.0,13,In From RF,0,0,0,,1,-2.0,full_season_release,1
20260409,2026-04-09,5434,Sugar Land Space Cowboys,Pacific Coast League,Constellation Field,Tacoma Rainiers,529,2140.0,1,night,Thursday,3,4,April,2,0,,0,5434-2,3,6,1.0,0.5833333333333334,0.5,Cloudy,Cloudy,79.0,14,L To R,0,0,0,,1,-1.0,full_season_release,1
20260410,2026-04-10,5434,Sugar Land Space Cowboys,Pacific Coast League,Constellation Field,Tacoma Rainiers,529,3106.0,1,night,Friday,4,4,April,3,1,,0,5434-2,4,6,1.0,0.6153846153846154,0.46153846153846156,Cloudy,Cloudy,72.0,10,In From RF,0,1,1,Video Game Hats presented by Pepsi,1,0.0,full_season_release,1
20260411,2026-04-11,5434,Sugar Land Space Cowboys,Pacific Coast League,Constellation Field,Tacoma Rainiers,529,4268.0,1,night,Saturday,5,4,April,3,1,,0,5434-2,5,6,1.0,0.6428571428571429,0.42857142857142855,Cloudy,Cloudy,78.0,14,L To R,0,1,1,Brice Matthews Home Replica Jersey presented by Houston Methodist,1,0.0,full_season_release,1
20260412,2026-04-12,5434,Sugar Land Space Cowboys,Pacific Coast League,Constellation Field,Tacoma Rainiers,529,4345.0,1,day,Sunday,6,4,April,3,1,,0,5434-2,6,6,1.0,0.6666666666666666,0.4,Overcast,Cloudy,80.0,14,In From LF,0,0,0,,1,1.0,full_season_release,1
20260423,2026-04-23,5434,Sugar Land Space Cowboys,Pacific Coast League,Constellation Field,Round Rock Express,102,2536.0,2,night,Thursday,3,4,April,4,0,,0,5434-3,1,4,11.0,0.5652173913043478,0.43478260869565216,Partly Cloudy,Cloudy,84.0,11,In From RF,0,1,1,College Spirit Caps presented by NMDP,1,0.0,full_season_release,1
20260424,2026-04-24,5434,Sugar Land Space Cowboys,Pacific Coast League,Constellation Field,Round Rock Express,102,4033.0,1,night,Friday,4,4,April,5,1,,0,5434-3,2,4,1.0,0.5833333333333334,0.4166666666666667,Overcast,Cloudy,80.0,13,In From RF,0,0,0,,1,1.0,full_season_release,1
20260425,2026-04-25,5434,Sugar Land Space Cowboys,Pacific Coast League,Constellation Field,Round Rock Express,102,3912.0,2,night,Saturday,5,4,April,5,1,,0,5434-3,3,4,1.0,0.5384615384615384,0.46153846153846156,Cloudy,Cloudy,86.0,8,In From RF,0,0,0,,1,2.0,full_season_release,1
20260426,2026-04-26,5434,Sugar Land Space Cowboys,Pacific Coast League,Constellation Field,Round Rock Express,102,5238.0,1,day,Sunday,6,4,April,5,1,,0,5434-3,4,4,1.0,0.5555555555555556,0.4444444444444444,Cloudy,Cloudy,84.0,10,In From RF,0,0,0,,1,3.0,full_season_release,1
20260505,2026-05-05,5434,Sugar Land Space Cowboys,Pacific Coast League,Constellation Field,Albuquerque Isotopes,342,2951.0,1,night,Tuesday,1,5,May,6,0,,0,5434-4,1,6,9.0,0.5,0.5588235294117647,Cloudy,Cloudy,83.0,13,R To L,0,0,0,,1,-3.0,full_season_release,1
20260506,2026-05-06,5434,Sugar Land Space Cowboys,Pacific Coast League,Constellation Field,Albuquerque Isotopes,342,6592.0,1,day,Wednesday,2,5,May,6,0,,0,5434-4,2,6,1.0,0.4857142857142857,0.5714285714285714,Cloudy,Cloudy,77.0,5,In From RF,0,0,0,,1,-2.0,full_season_release,1
20260507,2026-05-07,5434,Sugar Land Space Cowboys,Pacific Coast League,Constellation Field,Albuquerque Isotopes,342,2764.0,1,night,Thursday,3,5,May,6,0,,0,5434-4,3,6,1.0,0.4722222222222222,0.5833333333333334,Overcast,Cloudy,77.0,7,L To R,0,0,0,,1,-1.0,full_season_release,1
20260508,2026-05-08,5434,Sugar Land Space Cowboys,Pacific Coast League,Constellation Field,Albuquerque Isotopes,342,4527.0,1,night,Friday,4,5,May,7,1,,0,5434-4,4,6,1.0,0.4594594594594595,0.5945945945945946,Cloudy,Cloudy,74.0,7,L To R,0,1,1,Baseball Cowboy Hat presented by Constellation,1,0.0,full_season_release,1
20260509,2026-05-09,5434,Sugar Land Space Cowboys,Pacific Coast League,Constellation Field,Albuquerque Isotopes,342,3982.0,1,night,Saturday,5,5,May,7,1,,0,5434-4,5,6,1.0,0.47368421052631576,0.5789473684210527,Clear,Clear,88.0,5,L To R,0,1,1,Ponytail Cap presented by Houston Methodist,1,0.0,full_season_release,1
20260510,2026-05-10,5434,Sugar Land Space Cowboys,Pacific Coast League,Constellation Field,Albuquerque Isotopes,342,3770.0,1,day,Sunday,6,5,May,7,1,Mother's Day,1,5434-4,6,6,1.0,0.46153846153846156,0.5897435897435898,Partly Cloudy,Cloudy,87.0,10,L To R,0,1,1,Mother's Day Replica Jersey presented by Houston Methodist,1,0.0,full_season_release,1
20260526,2026-05-26,5434,Sugar Land Space Cowboys,Pacific Coast League,Constellation Field,Oklahoma City Comets,238,2890.0,1,night,Tuesday,1,5,May,9,0,,0,5434-5,1,6,16.0,0.4230769230769231,0.5686274509803921,Partly Cloudy,Cloudy,84.0,18,In From RF,0,0,0,,1,-3.0,full_season_release,1
20260527,2026-05-27,5434,Sugar Land Space Cowboys,Pacific Coast League,Constellation Field,Oklahoma City Comets,238,2556.0,1,night,Wednesday,2,5,May,9,0,,0,5434-5,2,6,1.0,0.4339622641509434,0.5576923076923077,Overcast,Cloudy,75.0,5,Out To RF,0,0,0,,1,-2.0,full_season_release,1
20260528,2026-05-28,5434,Sugar Land Space Cowboys,Pacific Coast League,Constellation Field,Oklahoma City Comets,238,3104.0,1,night,Thursday,3,5,May,9,0,,0,5434-5,3,6,1.0,0.42592592592592593,0.5660377358490566,Clear,Clear,86.0,4,Calm,0,0,0,,1,-1.0,full_season_release,1
20260529,2026-05-29,5434,Sugar Land Space Cowboys,Pacific Coast League,Constellation Field,Oklahoma City Comets,238,4909.0,1,night,Friday,4,5,May,10,1,,0,5434-5,4,6,1.0,0.41818181818181815,0.5740740740740741,Partly Cloudy,Cloudy,87.0,7,In From RF,0,1,1,Space Cowboys Fishing Shirt presented by Constellation,1,0.0,full_season_release,1
20260530,2026-05-30,5434,Sugar Land Space Cowboys,Pacific Coast League,Constellation Field,Oklahoma City Comets,238,3711.0,1,night,Saturday,5,5,May,10,1,,0,5434-5,5,6,1.0,0.4107142857142857,0.5818181818181818,Clear,Clear,92.0,7,L To R,0,1,1,Year of the Fire Horse Jersey,1,0.0,full_season_release,1
20260531,2026-05-31,5434,Sugar Land Space Cowboys,Pacific Coast League,Constellation Field,Oklahoma City Comets,238,3855.0,1,day,Sunday,6,5,May,10,1,,0,5434-5,6,6,1.0,0.40350877192982454,0.5892857142857143,Partly Cloudy,Cloudy,91.0,1,Calm,0,0,0,,1,1.0,full_season_release,1
20260609,2026-06-09,5434,Sugar Land Space Cowboys,Pacific Coast League,Constellation Field,Sacramento River Cats,105,2937.0,1,night,Tuesday,1,6,June,11,0,,0,5434-6,1,6,9.0,0.421875,0.6129032258064516,Partly Cloudy,Cloudy,87.0,14,In From RF,0,0,0,,1,-3.0,full_season_release,1
20260610,2026-06-10,5434,Sugar Land Space Cowboys,Pacific Coast League,Constellation Field,Sacramento River Cats,105,3328.0,1,night,Wednesday,2,6,June,11,0,,0,5434-6,2,6,1.0,0.4153846153846154,0.6190476190476191,Partly Cloudy,Cloudy,88.0,11,In From RF,0,0,0,,1,-2.0,full_season_release,1
20260611,2026-06-11,5434,Sugar Land Space Cowboys,Pacific Coast League,Constellation Field,Sacramento River Cats,105,2922.0,1,night,Thursday,3,6,June,11,0,,0,5434-6,3,6,1.0,0.42424242424242425,0.609375,Partly Cloudy,Cloudy,88.0,12,In From RF,0,0,0,,1,-1.0,full_season_release,1
20260612,2026-06-12,5434,Sugar Land Space Cowboys,Pacific Coast League,Constellation Field,Sacramento River Cats,105,3811.0,1,night,Friday,4,6,June,12,1,,0,5434-6,4,6,1.0,0.43283582089552236,0.6,Cloudy,Cloudy,84.0,14,Out To RF,0,1,1,Baseball Soccer Ball presented by Republic Services,1,0.0,full_season_release,1
20260613,2026-06-13,5434,Sugar Land Space Cowboys,Pacific Coast League,Constellation Field,Sacramento River Cats,105,3743.0,1,night,Saturday,5,6,June,12,1,,0,5434-6,5,6,1.0,0.4411764705882353,0.5909090909090909,Partly Cloudy,Cloudy,88.0,12,In From RF,0,1,1,Space Cowboys Soccer Jersey presented by Houston Methodist,1,0.0,full_season_release,1
20260623,2026-06-23,5434,Sugar Land Space Cowboys,Pacific Coast League,Constellation Field,El Paso Chihuahuas,4904,2820.0,1,night,Tuesday,1,6,June,13,0,,0,5434-7,1,6,10.0,0.44,0.4605263157894737,Partly Cloudy,Cloudy,90.0,14,R To L,0,0,0,,1,-3.0,full_season_release,1
20260624,2026-06-24,5434,Sugar Land Space Cowboys,Pacific Coast League,Constellation Field,El Paso Chihuahuas,4904,4686.0,1,day,Wednesday,2,6,June,13,0,,0,5434-7,2,6,1.0,0.4473684210526316,0.45454545454545453,Cloudy,Cloudy,85.0,8,In From RF,0,0,0,,1,-2.0,full_season_release,1
20260625,2026-06-25,5434,Sugar Land Space Cowboys,Pacific Coast League,Constellation Field,El Paso Chihuahuas,4904,2010.0,1,night,Thursday,3,6,June,13,0,,0,5434-7,3,6,1.0,0.45454545454545453,0.44871794871794873,Partly Cloudy,Cloudy,89.0,12,In From RF,0,0,0,,1,-1.0,full_season_release,1
20260626,2026-06-26,5434,Sugar Land Space Cowboys,Pacific Coast League,Constellation Field,El Paso Chihuahuas,4904,5112.0,1,night,Friday,4,6,June,14,1,,0,5434-7,4,6,1.0,0.44871794871794873,0.45569620253164556,Clear,Clear,88.0,13,In From RF,0,1,1,A Celebration of America's 250 Jersey presented by Hunton Trane,1,0.0,full_season_release,1
20260627,2026-06-27,5434,Sugar Land Space Cowboys,Pacific Coast League,Constellation Field,El Paso Chihuahuas,4904,4373.0,1,night,Saturday,5,6,June,14,1,,0,5434-7,5,6,1.0,0.45569620253164556,0.45,Partly Cloudy,Cloudy,89.0,13,In From RF,0,1,1,Foam Hot Dog Hat,1,0.0,full_season_release,1
20260628,2026-06-28,5434,Sugar Land Space Cowboys,Pacific Coast League,Constellation Field,El Paso Chihuahuas,4904,3694.0,1,night,Sunday,6,6,June,14,1,,0,5434-7,6,6,1.0,0.4625,0.4444444444444444,Partly Cloudy,Cloudy,88.0,15,In From RF,0,1,1,Sesame Street Plush,1,0.0,full_season_release,1
20260707,2026-07-07,5434,Sugar Land Space Cowboys,Pacific Coast League,Constellation Field,Albuquerque Isotopes,342,2644.0,1,night,Tuesday,1,7,July,15,0,,0,5434-8,1,6,9.0,0.47126436781609193,0.5113636363636364,Partly Cloudy,Cloudy,89.0,13,R To L,0,0,0,,1,-3.0,full_season_release,1
20260708,2026-07-08,5434,Sugar Land Space Cowboys,Pacific Coast League,Constellation Field,Albuquerque Isotopes,342,2539.0,1,night,Wednesday,2,7,July,15,0,,0,5434-8,2,6,1.0,0.4772727272727273,0.5056179775280899,Cloudy,Cloudy,88.0,8,In From RF,0,0,0,,1,-2.0,full_season_release,1
20260709,2026-07-09,5434,Sugar Land Space Cowboys,Pacific Coast League,Constellation Field,Albuquerque Isotopes,342,2427.0,1,night,Thursday,3,7,July,15,0,,0,5434-8,3,6,1.0,0.47191011235955055,0.5111111111111111,Clear,Clear,89.0,10,R To L,0,0,0,,1,-1.0,full_season_release,1
20260710,2026-07-10,5434,Sugar Land Space Cowboys,Pacific Coast League,Constellation Field,Albuquerque Isotopes,342,4048.0,1,night,Friday,4,7,July,16,1,,0,5434-8,4,6,1.0,0.4777777777777778,0.5054945054945055,Partly Cloudy,Cloudy,90.0,13,R To L,0,1,1,Texas Flag Jersey presented by Constellation,1,0.0,full_season_release,1
20260711,2026-07-11,5434,Sugar Land Space Cowboys,Pacific Coast League,Constellation Field,Albuquerque Isotopes,342,4515.0,1,night,Saturday,5,7,July,16,1,,0,5434-8,5,6,1.0,0.4835164835164835,0.5,Overcast,Cloudy,86.0,9,L To R,0,1,1,Anime Jersey Giveaway,1,0.0,full_season_release,1
20260712,2026-07-12,5434,Sugar Land Space Cowboys,Pacific Coast League,Constellation Field,Albuquerque Isotopes,342,3391.0,1,day,Sunday,6,7,July,16,1,,0,5434-8,6,6,1.0,0.4891304347826087,0.4946236559139785,Partly Cloudy,Cloudy,93.0,7,L To R,0,0,0,,1,1.0,full_season_release,1
20260721,2026-07-21,5434,Sugar Land Space Cowboys,Pacific Coast League,Constellation Field,Nashville Sounds,556,2467.0,1,night,Tuesday,1,7,July,17,0,,0,5434-9,1,11,9.0,0.5,0.5567010309278351,Clear,Clear,95.0,5,In From RF,0,0,0,,1,-2.0,full_season_release,1
20260722,2026-07-22,5434,Sugar Land Space Cowboys,Pacific Coast League,Constellation Field,Nashville Sounds,556,2403.0,1,night,Wednesday,2,7,July,17,0,,0,5434-9,2,11,1.0,0.5051546391752577,0.5510204081632653,Partly Cloudy,Cloudy,97.0,9,L To R,0,0,0,,1,-1.0,full_season_release,1
20260724,2026-07-24,5434,Sugar Land Space Cowboys,Pacific Coast League,Constellation Field,Nashville Sounds,556,4458.0,1,night,Friday,4,7,July,18,1,,0,5434-9,3,11,2.0,0.5102040816326531,0.5454545454545454,Partly Cloudy,Cloudy,90.0,12,R To L,0,1,1,Astros Jeremy Pena Short Sleeve Hoodie presented by Amaro Law Firm,1,0.0,full_season_release,1
20260725,2026-07-25,5434,Sugar Land Space Cowboys,Pacific Coast League,Constellation Field,Nashville Sounds,556,3856.0,2,night,Saturday,5,7,July,18,1,,0,5434-9,4,11,1.0,0.51,0.5445544554455446,Partly Cloudy,Cloudy,90.0,8,In From RF,0,1,1,Adventure Hat presented by Pepsi,1,0.0,full_season_release,1
20260726,2026-07-26,5434,Sugar Land Space Cowboys,Pacific Coast League,Constellation Field,Nashville Sounds,556,3211.0,1,night,Sunday,6,7,July,18,1,,0,5434-9,5,11,1.0,0.504950495049505,0.5490196078431373,Clear,Clear,91.0,11,R To L,0,0,0,,1,1.0,full_season_release,1
20260728,2026-07-28,5434,Sugar Land Space Cowboys,Pacific Coast League,Constellation Field,Salt Lake Bees,561,2723.0,1,night,Tuesday,1,7,July,18,0,,0,5434-9,6,11,2.0,0.5098039215686274,0.4803921568627451,Partly Cloudy,Cloudy,91.0,14,R To L,0,0,0,,1,2.0,full_season_release,1
20260729,2026-07-29,5434,Sugar Land Space Cowboys,Pacific Coast League,Constellation Field,Salt Lake Bees,561,2257.0,1,night,Wednesday,2,7,July,18,0,,0,5434-9,7,11,1.0,0.5145631067961165,0.47572815533980584,Clear,Clear,93.0,11,R To L,0,0,0,,1,-2.0,full_season_release,1
20260730,2026-07-30,5434,Sugar Land Space Cowboys,Pacific Coast League,Constellation Field,Salt Lake Bees,561,2151.0,1,night,Thursday,3,7,July,18,0,,0,5434-9,8,11,1.0,0.5192307692307693,0.47115384615384615,Clear,Clear,93.0,8,In From RF,0,0,0,,1,-1.0,full_season_release,1
20260731,2026-07-31,5434,Sugar Land Space Cowboys,Pacific Coast League,Constellation Field,Salt Lake Bees,561,3965.0,1,night,Friday,4,7,July,19,1,,0,5434-9,9,11,1.0,0.5238095238095238,0.4666666666666667,Partly Cloudy,Cloudy,93.0,14,In From RF,0,1,1,Survivor Jersey Giveaway,1,0.0,full_season_release,1
20260801,2026-08-01,5434,Sugar Land Space Cowboys,Pacific Coast League,Constellation Field,Salt Lake Bees,561,3159.0,1,night,Saturday,5,8,August,19,1,,0,5434-9,10,11,1.0,0.5283018867924528,0.46226415094339623,Partly Cloudy,Cloudy,94.0,5,L To R,0,0,0,,1,1.0,full_season_release,1
20260802,2026-08-02,5434,Sugar Land Space Cowboys,Pacific Coast League,Constellation Field,Salt Lake Bees,561,3467.0,1,night,Sunday,6,8,August,19,1,,0,5434-9,11,11,1.0,0.5327102803738317,0.45794392523364486,Clear,Clear,94.0,5,L To R,0,0,0,,1,2.0,full_season_release,1
20260818,2026-08-18,5434,Sugar Land Space Cowboys,Pacific Coast League,Constellation Field,Oklahoma City Comets,238,2334.0,1,night,Tuesday,1,8,August,21,0,,0,5434-10,1,6,16.0,0.525,0.5714285714285714,Partly Cloudy,Cloudy,92.0,10,In From RF,0,0,0,,1,-3.0,full_season_release,1
20260819,2026-08-19,5434,Sugar Land Space Cowboys,Pacific Coast League,Constellation Field,Oklahoma City Comets,238,2002.0,1,night,Wednesday,2,8,August,21,0,,0,5434-10,2,6,1.0,0.5289256198347108,0.5666666666666667,Partly Cloudy,Cloudy,95.0,9,L To R,0,0,0,,1,-2.0,full_season_release,1
20260820,2026-08-20,5434,Sugar Land Space Cowboys,Pacific Coast League,Constellation Field,Oklahoma City Comets,238,2780.0,1,night,Thursday,3,8,August,21,0,,0,5434-10,3,6,1.0,0.5327868852459017,0.5619834710743802,Partly Cloudy,Cloudy,95.0,9,L To R,0,0,0,,1,-1.0,full_season_release,1
20260821,2026-08-21,5434,Sugar Land Space Cowboys,Pacific Coast League,Constellation Field,Oklahoma City Comets,238,5532.0,1,night,Friday,4,8,August,22,1,,0,5434-10,4,6,1.0,0.5365853658536586,0.5573770491803278,Partly Cloudy,Cloudy,96.0,4,In From RF,0,1,1,Harry Potter Jersey Giveaway,1,0.0,full_season_release,1
20260822,2026-08-22,5434,Sugar Land Space Cowboys,Pacific Coast League,Constellation Field,Oklahoma City Comets,238,4613.0,1,night,Saturday,5,8,August,22,1,,0,5434-10,5,6,1.0,0.532258064516129,0.5609756097560976,Clear,Clear,101.0,7,R To L,0,0,0,,1,1.0,full_season_release,1
20260823,2026-08-23,5434,Sugar Land Space Cowboys,Pacific Coast League,Constellation Field,Oklahoma City Comets,238,2461.0,1,day,Sunday,6,8,August,22,1,,0,5434-10,6,6,1.0,0.528,0.5645161290322581,Sunny,Clear,98.0,5,Calm,0,0,0,,1,2.0,full_season_release,1
20260331,2026-03-31,552,Syracuse Mets,International League,NBT Bank Stadium,Toledo Mud Hens,512,4853.0,1,day,Tuesday,1,3,March,1,0,,0,552-1,1,6,,0.5,0.25,Cloudy,Cloudy,68.0,7,L To R,0,0,0,,0,,partial_assembled,0
20260401,2026-04-01,552,Syracuse Mets,International League,NBT Bank Stadium,Toledo Mud Hens,512,1974.0,1,day,Wednesday,2,4,April,1,0,,0,552-1,2,6,1.0,0.6,0.2,Overcast,Cloudy,43.0,7,In From RF,0,0,0,,0,,partial_assembled,0
20260402,2026-04-02,552,Syracuse Mets,International League,NBT Bank Stadium,Toledo Mud Hens,512,1569.0,1,day,Thursday,3,4,April,1,0,,0,552-1,3,6,1.0,0.5,0.3333333333333333,Overcast,Cloudy,50.0,9,In From RF,0,0,0,,0,,partial_assembled,0
20260403,2026-04-03,552,Syracuse Mets,International League,NBT Bank Stadium,Toledo Mud Hens,512,2871.0,1,day,Friday,4,4,April,2,1,,0,552-1,4,6,1.0,0.42857142857142855,0.42857142857142855,Sunny,Clear,73.0,7,Out To LF,0,0,0,,0,,partial_assembled,0
20260404,2026-04-04,552,Syracuse Mets,International League,NBT Bank Stadium,Toledo Mud Hens,512,2522.0,1,day,Saturday,5,4,April,2,1,,0,552-1,5,6,1.0,0.5,0.375,Partly Cloudy,Cloudy,54.0,2,R To L,0,0,0,,0,,partial_assembled,0
20260405,2026-04-05,552,Syracuse Mets,International League,NBT Bank Stadium,Toledo Mud Hens,512,1867.0,1,day,Sunday,6,4,April,2,1,,0,552-1,6,6,1.0,0.5555555555555556,0.3333333333333333,Cloudy,Cloudy,47.0,13,L To R,0,0,0,,0,,partial_assembled,0
20260414,2026-04-14,552,Syracuse Mets,International League,NBT Bank Stadium,Scranton/Wilkes-Barre RailRiders,531,1928.0,1,night,Tuesday,1,4,April,3,0,,0,552-2,1,4,9.0,0.5,0.5625,Partly Cloudy,Cloudy,75.0,18,Out To RF,0,0,0,,0,,partial_assembled,0
20260415,2026-04-15,552,Syracuse Mets,International League,NBT Bank Stadium,Scranton/Wilkes-Barre RailRiders,531,2007.0,1,night,Wednesday,2,4,April,3,0,,0,552-2,2,4,1.0,0.47058823529411764,0.5882352941176471,Partly Cloudy,Cloudy,71.0,7,L To R,0,0,0,,0,,partial_assembled,0
20260417,2026-04-17,552,Syracuse Mets,International League,NBT Bank Stadium,Scranton/Wilkes-Barre RailRiders,531,3866.0,1,night,Friday,4,4,April,4,1,,0,552-2,3,4,2.0,0.5,0.5555555555555556,Clear,Clear,58.0,9,Out To LF,0,0,0,,0,,partial_assembled,0
20260418,2026-04-18,552,Syracuse Mets,International League,NBT Bank Stadium,Scranton/Wilkes-Barre RailRiders,531,4898.0,2,day,Saturday,5,4,April,4,1,,0,552-2,4,4,1.0,0.55,0.5,Partly Cloudy,Cloudy,72.0,16,Out To CF,0,0,0,,0,,partial_assembled,0
20260428,2026-04-28,552,Syracuse Mets,International League,NBT Bank Stadium,Lehigh Valley IronPigs,1410,1701.0,1,night,Tuesday,1,4,April,5,0,,0,552-3,1,11,10.0,0.5185185185185185,0.5714285714285714,Overcast,Cloudy,61.0,8,Calm,0,0,0,,0,,partial_assembled,0
20260430,2026-04-30,552,Syracuse Mets,International League,NBT Bank Stadium,Lehigh Valley IronPigs,1410,3013.0,2,night,Thursday,3,4,April,5,0,,0,552-3,2,11,2.0,0.5517241379310345,0.5333333333333333,Partly Cloudy,Cloudy,53.0,12,Out To RF,0,0,0,,0,,partial_assembled,0
20260501,2026-05-01,552,Syracuse Mets,International League,NBT Bank Stadium,Lehigh Valley IronPigs,1410,2512.0,1,night,Friday,4,5,May,6,1,,0,552-3,3,11,1.0,0.5666666666666667,0.5161290322580645,Drizzle,Precipitation,49.0,5,Calm,1,0,0,,0,,partial_assembled,0
20260502,2026-05-02,552,Syracuse Mets,International League,NBT Bank Stadium,Lehigh Valley IronPigs,1410,2739.0,1,day,Saturday,5,5,May,6,1,,0,552-3,4,11,1.0,0.5483870967741935,0.53125,Partly Cloudy,Cloudy,48.0,12,Out To RF,0,0,0,,0,,partial_assembled,0
20260503,2026-05-03,552,Syracuse Mets,International League,NBT Bank Stadium,Lehigh Valley IronPigs,1410,3466.0,1,day,Sunday,6,5,May,6,1,,0,552-3,5,11,1.0,0.5625,0.5151515151515151,Sunny,Clear,52.0,6,L To R,0,0,0,,0,,partial_assembled,0
20260505,2026-05-05,552,Syracuse Mets,International League,NBT Bank Stadium,Rochester Red Wings,534,1893.0,1,night,Tuesday,1,5,May,6,0,,0,552-3,6,11,2.0,0.5454545454545454,0.5,Cloudy,Cloudy,63.0,9,R To L,0,0,0,,0,,partial_assembled,0
20260506,2026-05-06,552,Syracuse Mets,International League,NBT Bank Stadium,Rochester Red Wings,534,1511.0,1,night,Wednesday,2,5,May,6,0,,0,552-3,7,11,1.0,0.5588235294117647,0.4857142857142857,Cloudy,Cloudy,46.0,8,Calm,0,0,0,,0,,partial_assembled,0
20260507,2026-05-07,552,Syracuse Mets,International League,NBT Bank Stadium,Rochester Red Wings,534,2403.0,1,night,Thursday,3,5,May,6,0,,0,552-3,8,11,1.0,0.5714285714285714,0.4722222222222222,Clear,Clear,55.0,11,Calm,0,0,0,,0,,partial_assembled,0
20260508,2026-05-08,552,Syracuse Mets,International League,NBT Bank Stadium,Rochester Red Wings,534,2945.0,1,night,Friday,4,5,May,7,1,,0,552-3,9,11,1.0,0.5555555555555556,0.4864864864864865,Partly Cloudy,Cloudy,54.0,5,Calm,0,0,0,,0,,partial_assembled,0
20260509,2026-05-09,552,Syracuse Mets,International League,NBT Bank Stadium,Rochester Red Wings,534,2818.0,1,day,Saturday,5,5,May,7,1,,0,552-3,10,11,1.0,0.5405405405405406,0.5,Cloudy,Cloudy,55.0,3,R To L,0,0,0,,0,,partial_assembled,0
20260510,2026-05-10,552,Syracuse Mets,International League,NBT Bank Stadium,Rochester Red Wings,534,3053.0,1,day,Sunday,6,5,May,7,1,Mother's Day,1,552-3,11,11,1.0,0.5263157894736842,0.5128205128205128,Sunny,Clear,57.0,11,In From CF,0,0,0,,0,,partial_assembled,0
20260519,2026-05-19,552,Syracuse Mets,International League,NBT Bank Stadium,Buffalo Bisons,422,3112.0,1,night,Tuesday,1,5,May,8,0,,0,552-4,1,5,9.0,0.5333333333333333,0.5,Clear,Clear,86.0,10,Out To RF,0,0,0,,0,,partial_assembled,0
20260520,2026-05-20,552,Syracuse Mets,International League,NBT Bank Stadium,Buffalo Bisons,422,10815.0,1,day,Wednesday,2,5,May,8,0,,0,552-4,2,5,1.0,0.5434782608695652,0.48936170212765956,Cloudy,Cloudy,62.0,8,L To R,0,0,0,,0,,partial_assembled,0
20260521,2026-05-21,552,Syracuse Mets,International League,NBT Bank Stadium,Buffalo Bisons,422,4424.0,1,night,Thursday,3,5,May,8,0,,0,552-4,3,5,1.0,0.5531914893617021,0.4791666666666667,Clear,Clear,61.0,8,Calm,0,0,0,,0,,partial_assembled,0
20260522,2026-05-22,552,Syracuse Mets,International League,NBT Bank Stadium,Buffalo Bisons,422,6669.0,1,night,Friday,4,5,May,9,1,,0,552-4,4,5,1.0,0.5416666666666666,0.4897959183673469,Cloudy,Cloudy,66.0,4,R To L,0,0,0,,0,,partial_assembled,0
20260524,2026-05-24,552,Syracuse Mets,International League,NBT Bank Stadium,Buffalo Bisons,422,5571.0,2,night,Sunday,6,5,May,9,1,,0,552-4,5,5,2.0,0.54,0.49019607843137253,Cloudy,Cloudy,61.0,11,Calm,0,0,0,,0,,partial_assembled,0
20260602,2026-06-02,552,Syracuse Mets,International League,NBT Bank Stadium,Scranton/Wilkes-Barre RailRiders,531,3479.0,1,night,Tuesday,1,6,June,10,0,,0,552-5,1,6,9.0,0.5087719298245614,0.5178571428571429,Clear,Clear,73.0,11,Calm,0,0,0,,0,,partial_assembled,0
20260603,2026-06-03,552,Syracuse Mets,International League,NBT Bank Stadium,Scranton/Wilkes-Barre RailRiders,531,3966.0,2,night,Wednesday,2,6,June,10,0,,0,552-5,2,6,1.0,0.5084745762711864,0.5172413793103449,Clear,Clear,81.0,8,Out To RF,0,0,0,,0,,partial_assembled,0
20260604,2026-06-04,552,Syracuse Mets,International League,NBT Bank Stadium,Scranton/Wilkes-Barre RailRiders,531,6537.0,1,night,Thursday,3,6,June,10,0,,0,552-5,3,6,1.0,0.5166666666666667,0.5084745762711864,Clear,Clear,81.0,6,Calm,0,0,0,,0,,partial_assembled,0
20260605,2026-06-05,552,Syracuse Mets,International League,NBT Bank Stadium,Scranton/Wilkes-Barre RailRiders,531,7642.0,1,night,Friday,4,6,June,11,1,,0,552-5,4,6,1.0,0.5081967213114754,0.5166666666666667,Cloudy,Cloudy,83.0,7,In From RF,0,0,0,,0,,partial_assembled,0
20260606,2026-06-06,552,Syracuse Mets,International League,NBT Bank Stadium,Scranton/Wilkes-Barre RailRiders,531,8327.0,1,night,Saturday,5,6,June,11,1,,0,552-5,5,6,1.0,0.5161290322580645,0.5081967213114754,Partly Cloudy,Cloudy,81.0,11,L To R,0,0,0,,0,,partial_assembled,0
20260607,2026-06-07,552,Syracuse Mets,International League,NBT Bank Stadium,Scranton/Wilkes-Barre RailRiders,531,5571.0,1,day,Sunday,6,6,June,11,1,,0,552-5,6,6,1.0,0.5238095238095238,0.5,Overcast,Cloudy,65.0,11,L To R,0,0,0,,0,,partial_assembled,0
20260616,2026-06-16,552,Syracuse Mets,International League,NBT Bank Stadium,Norfolk Tides,568,3771.0,1,night,Tuesday,1,6,June,12,0,,0,552-6,1,6,9.0,0.5,0.37142857142857144,Partly Cloudy,Cloudy,77.0,8,Calm,0,0,0,,0,,partial_assembled,0
20260617,2026-06-17,552,Syracuse Mets,International League,NBT Bank Stadium,Norfolk Tides,568,9354.0,1,day,Wednesday,2,6,June,12,0,,0,552-6,2,6,1.0,0.49295774647887325,0.38028169014084506,Partly Cloudy,Cloudy,69.0,8,Calm,0,0,0,,0,,partial_assembled,0
20260618,2026-06-18,552,Syracuse Mets,International League,NBT Bank Stadium,Norfolk Tides,568,6004.0,1,night,Thursday,3,6,June,12,0,,0,552-6,3,6,1.0,0.5,0.375,Cloudy,Cloudy,78.0,15,Out To RF,0,0,0,,0,,partial_assembled,0
20260619,2026-06-19,552,Syracuse Mets,International League,NBT Bank Stadium,Norfolk Tides,568,5348.0,1,night,Friday,4,6,June,13,1,,0,552-6,4,6,1.0,0.4931506849315068,0.3835616438356164,Partly Cloudy,Cloudy,72.0,12,Calm,0,0,0,,0,,partial_assembled,0
20260620,2026-06-20,552,Syracuse Mets,International League,NBT Bank Stadium,Norfolk Tides,568,6633.0,1,night,Saturday,5,6,June,13,1,,0,552-6,5,6,1.0,0.5,0.3783783783783784,Partly Cloudy,Cloudy,64.0,4,L To R,0,0,0,,0,,partial_assembled,0
20260621,2026-06-21,552,Syracuse Mets,International League,NBT Bank Stadium,Norfolk Tides,568,7672.0,1,day,Sunday,6,6,June,13,1,Father's Day,1,552-6,6,6,1.0,0.5066666666666667,0.37333333333333335,Partly Cloudy,Cloudy,71.0,7,L To R,0,0,0,,0,,partial_assembled,0
20260630,2026-06-30,552,Syracuse Mets,International League,NBT Bank Stadium,Worcester Red Sox,533,3843.0,1,night,Tuesday,1,6,June,14,0,,0,552-7,1,6,9.0,0.5121951219512195,0.48717948717948717,Partly Cloudy,Cloudy,83.0,7,R To L,0,0,0,,0,,partial_assembled,0
20260701,2026-07-01,552,Syracuse Mets,International League,NBT Bank Stadium,Worcester Red Sox,533,3372.0,1,night,Wednesday,2,7,July,14,0,,0,552-7,2,6,1.0,0.5060240963855421,0.4936708860759494,Partly Cloudy,Cloudy,93.0,9,L To R,0,0,0,,0,,partial_assembled,0
20260702,2026-07-02,552,Syracuse Mets,International League,NBT Bank Stadium,Worcester Red Sox,533,5818.0,1,night,Thursday,3,7,July,14,0,,0,552-7,3,6,1.0,0.5,0.5,Partly Cloudy,Cloudy,91.0,5,Calm,0,0,0,,0,,partial_assembled,0
20260703,2026-07-03,552,Syracuse Mets,International League,NBT Bank Stadium,Worcester Red Sox,533,5794.0,1,night,Friday,4,7,July,15,1,,0,552-7,4,6,1.0,0.5058823529411764,0.49382716049382713,Cloudy,Cloudy,85.0,9,L To R,0,0,0,,0,,partial_assembled,0
20260704,2026-07-04,552,Syracuse Mets,International League,NBT Bank Stadium,Worcester Red Sox,533,9669.0,1,night,Saturday,5,7,July,15,1,Independence Day,1,552-7,5,6,1.0,0.5116279069767442,0.4878048780487805,Cloudy,Cloudy,74.0,6,Calm,0,0,0,,0,,partial_assembled,0
20260705,2026-07-05,552,Syracuse Mets,International League,NBT Bank Stadium,Worcester Red Sox,533,4464.0,1,day,Sunday,6,7,July,15,1,,0,552-7,6,6,1.0,0.5057471264367817,0.4939759036144578,Cloudy,Cloudy,78.0,2,Calm,0,0,0,,0,,partial_assembled,0
20260717,2026-07-17,552,Syracuse Mets,International League,NBT Bank Stadium,Buffalo Bisons,422,7216.0,1,night,Friday,4,7,July,17,1,,0,552-8,1,3,12.0,0.4946236559139785,0.4787234042553192,Clear,Clear,81.0,9,Calm,0,0,0,,0,,partial_assembled,0
20260718,2026-07-18,552,Syracuse Mets,International League,NBT Bank Stadium,Buffalo Bisons,422,4072.0,1,night,Saturday,5,7,July,17,1,,0,552-8,2,3,1.0,0.5,0.47368421052631576,Overcast,Cloudy,73.0,1,Calm,0,0,0,,0,,partial_assembled,0
20260719,2026-07-19,552,Syracuse Mets,International League,NBT Bank Stadium,Buffalo Bisons,422,5259.0,1,day,Sunday,6,7,July,17,1,,0,552-8,3,3,1.0,0.49473684210526314,0.4791666666666667,Partly Cloudy,Cloudy,72.0,10,In From LF,0,0,0,,0,,partial_assembled,0
20260804,2026-08-04,552,Syracuse Mets,International League,NBT Bank Stadium,Columbus Clippers,445,5346.0,1,night,Tuesday,1,8,August,19,0,,0,552-9,1,6,16.0,0.48148148148148145,0.5370370370370371,Clear,Clear,85.0,5,Out To RF,0,0,0,,0,,partial_assembled,0
20260805,2026-08-05,552,Syracuse Mets,International League,NBT Bank Stadium,Columbus Clippers,445,3576.0,1,day,Wednesday,2,8,August,19,0,,0,552-9,2,6,1.0,0.47706422018348627,0.5412844036697247,Sunny,Clear,84.0,5,Calm,0,0,0,,0,,partial_assembled,0
20260806,2026-08-06,552,Syracuse Mets,International League,NBT Bank Stadium,Columbus Clippers,445,7778.0,1,night,Thursday,3,8,August,19,0,,0,552-9,3,6,1.0,0.4818181818181818,0.5363636363636364,Clear,Clear,85.0,5,Calm,0,0,0,,0,,partial_assembled,0
20260807,2026-08-07,552,Syracuse Mets,International League,NBT Bank Stadium,Columbus Clippers,445,4851.0,1,night,Friday,4,8,August,20,1,,0,552-9,4,6,1.0,0.4864864864864865,0.5315315315315315,Cloudy,Cloudy,82.0,3,Calm,0,0,0,,0,,partial_assembled,0
20260808,2026-08-08,552,Syracuse Mets,International League,NBT Bank Stadium,Columbus Clippers,445,5989.0,1,night,Saturday,5,8,August,20,1,,0,552-9,5,6,1.0,0.49107142857142855,0.5267857142857143,Cloudy,Cloudy,83.0,7,L To R,0,0,0,,0,,partial_assembled,0
20260809,2026-08-09,552,Syracuse Mets,International League,NBT Bank Stadium,Columbus Clippers,445,4589.0,1,day,Sunday,6,8,August,20,1,,0,552-9,6,6,1.0,0.48672566371681414,0.5309734513274337,Sunny,Clear,80.0,8,Out To RF,0,0,0,,0,,partial_assembled,0
20260818,2026-08-18,552,Syracuse Mets,International League,NBT Bank Stadium,Worcester Red Sox,533,4004.0,1,night,Tuesday,1,8,August,21,0,,0,552-10,1,6,9.0,0.5,0.5344827586206896,Partly Cloudy,Cloudy,80.0,8,Calm,0,0,0,,0,,partial_assembled,0
20260819,2026-08-19,552,Syracuse Mets,International League,NBT Bank Stadium,Worcester Red Sox,533,3721.0,1,night,Wednesday,2,8,August,21,0,,0,552-10,2,6,1.0,0.49586776859504134,0.5384615384615384,Partly Cloudy,Cloudy,77.0,7,Out To RF,0,0,0,,0,,partial_assembled,0
20260820,2026-08-20,552,Syracuse Mets,International League,NBT Bank Stadium,Worcester Red Sox,533,7394.0,1,night,Thursday,3,8,August,21,0,,0,552-10,3,6,1.0,0.5,0.5338983050847458,Cloudy,Cloudy,71.0,4,Calm,0,0,0,,0,,partial_assembled,0
20260821,2026-08-21,552,Syracuse Mets,International League,NBT Bank Stadium,Worcester Red Sox,533,6896.0,1,night,Friday,4,8,August,22,1,,0,552-10,4,6,1.0,0.5040650406504065,0.5294117647058824,Clear,Clear,82.0,2,Varies,0,0,0,,0,,partial_assembled,0
20260822,2026-08-22,552,Syracuse Mets,International League,NBT Bank Stadium,Worcester Red Sox,533,5059.0,1,night,Saturday,5,8,August,22,1,,0,552-10,5,6,1.0,0.5080645161290323,0.525,Partly Cloudy,Cloudy,80.0,8,Out To LF,0,0,0,,0,,partial_assembled,0
20260823,2026-08-23,552,Syracuse Mets,International League,NBT Bank Stadium,Worcester Red Sox,533,5565.0,1,day,Sunday,6,8,August,22,1,,0,552-10,6,6,1.0,0.512,0.5206611570247934,Cloudy,Cloudy,73.0,7,L To R,0,0,0,,0,,partial_assembled,0
20260331,2026-03-31,529,Tacoma Rainiers,Pacific Coast League,Cheney Stadium,El Paso Chihuahuas,4904,4518.0,1,night,Tuesday,1,3,March,1,0,,0,529-1,1,5,,0.5,0.5,Partly Cloudy,Cloudy,56.0,2,Out To CF,0,0,0,,0,,partial_assembled,0
20260402,2026-04-02,529,Tacoma Rainiers,Pacific Coast League,Cheney Stadium,El Paso Chihuahuas,4904,2603.0,1,night,Thursday,3,4,April,1,0,,0,529-1,2,5,2.0,0.6,0.4,Partly Cloudy,Cloudy,53.0,12,Out To CF,0,0,0,,0,,partial_assembled,0
20260403,2026-04-03,529,Tacoma Rainiers,Pacific Coast League,Cheney Stadium,El Paso Chihuahuas,4904,4091.0,1,night,Friday,4,4,April,2,1,,0,529-1,3,5,1.0,0.5,0.5,Clear,Clear,55.0,4,Out To LF,0,0,0,,0,,partial_assembled,0
20260404,2026-04-04,529,Tacoma Rainiers,Pacific Coast League,Cheney Stadium,El Paso Chihuahuas,4904,4314.0,2,night,Saturday,5,4,April,2,1,,0,529-1,4,5,1.0,0.375,0.625,Clear,Clear,59.0,9,L To R,0,0,0,,0,,partial_assembled,0
20260405,2026-04-05,529,Tacoma Rainiers,Pacific Coast League,Cheney Stadium,El Paso Chihuahuas,4904,4100.0,1,day,Sunday,6,4,April,2,1,,0,529-1,5,5,1.0,0.4444444444444444,0.5555555555555556,Partly Cloudy,Cloudy,60.0,7,L To R,0,0,0,,0,,partial_assembled,0
20260415,2026-04-15,529,Tacoma Rainiers,Pacific Coast League,Cheney Stadium,Sacramento River Cats,105,1855.0,1,night,Wednesday,2,4,April,3,0,,0,529-2,1,5,10.0,0.375,0.7142857142857143,Cloudy,Cloudy,46.0,11,Out To RF,0,0,0,,1,-3.0,partial_assembled,0
20260416,2026-04-16,529,Tacoma Rainiers,Pacific Coast League,Cheney Stadium,Sacramento River Cats,105,2610.0,2,night,Thursday,3,4,April,3,0,,0,529-2,2,5,1.0,0.4444444444444444,0.625,Partly Cloudy,Cloudy,56.0,7,Out To CF,0,0,0,,1,-2.0,partial_assembled,0
20260417,2026-04-17,529,Tacoma Rainiers,Pacific Coast League,Cheney Stadium,Sacramento River Cats,105,4432.0,1,night,Friday,4,4,April,4,1,,0,529-2,3,5,1.0,0.47368421052631576,0.5882352941176471,Cloudy,Cloudy,53.0,5,In From CF,0,0,0,,1,-1.0,partial_assembled,0
20260418,2026-04-18,529,Tacoma Rainiers,Pacific Coast League,Cheney Stadium,Sacramento River Cats,105,5791.0,1,night,Saturday,5,4,April,4,1,,0,529-2,4,5,1.0,0.5,0.5555555555555556,Partly Cloudy,Cloudy,69.0,3,Out To CF,0,1,1,"Cheney Studs throwback hat, first 1000 fans",1,0.0,partial_assembled,0
20260419,2026-04-19,529,Tacoma Rainiers,Pacific Coast League,Cheney Stadium,Sacramento River Cats,105,6753.0,1,day,Sunday,6,4,April,4,1,,0,529-2,5,5,1.0,0.47619047619047616,0.5789473684210527,Partly Cloudy,Cloudy,66.0,6,In From CF,0,1,1,"Cheney Studs throwback hat, first 1000 fans",1,0.0,partial_assembled,0
20260428,2026-04-28,529,Tacoma Rainiers,Pacific Coast League,Cheney Stadium,Las Vegas Aviators,400,2493.0,1,night,Tuesday,1,4,April,5,0,,0,529-3,1,6,9.0,0.5,0.5769230769230769,Cloudy,Cloudy,57.0,8,Out To CF,0,0,0,,0,,partial_assembled,0
20260429,2026-04-29,529,Tacoma Rainiers,Pacific Coast League,Cheney Stadium,Las Vegas Aviators,400,2507.0,1,night,Wednesday,2,4,April,5,0,,0,529-3,2,6,1.0,0.4827586206896552,0.5925925925925926,Clear,Clear,64.0,7,In From RF,0,0,0,,0,,partial_assembled,0
20260430,2026-04-30,529,Tacoma Rainiers,Pacific Coast League,Cheney Stadium,Las Vegas Aviators,400,3044.0,1,night,Thursday,3,4,April,5,0,,0,529-3,3,6,1.0,0.5,0.5714285714285714,Partly Cloudy,Cloudy,70.0,6,In From RF,0,0,0,,0,,partial_assembled,0
20260501,2026-05-01,529,Tacoma Rainiers,Pacific Coast League,Cheney Stadium,Las Vegas Aviators,400,5384.0,1,night,Friday,4,5,May,6,1,,0,529-3,4,6,1.0,0.4838709677419355,0.5862068965517241,Partly Cloudy,Cloudy,71.0,6,In From CF,0,0,0,,0,,partial_assembled,0
20260502,2026-05-02,529,Tacoma Rainiers,Pacific Coast League,Cheney Stadium,Las Vegas Aviators,400,5910.0,1,night,Saturday,5,5,May,6,1,,0,529-3,5,6,1.0,0.5,0.5666666666666667,Clear,Clear,72.0,10,In From LF,0,0,0,,0,,partial_assembled,0
20260503,2026-05-03,529,Tacoma Rainiers,Pacific Coast League,Cheney Stadium,Las Vegas Aviators,400,5990.0,1,day,Sunday,6,5,May,6,1,,0,529-3,6,6,1.0,0.48484848484848486,0.5806451612903226,Sunny,Clear,76.0,8,In From CF,0,0,0,,0,,partial_assembled,0
20260512,2026-05-12,529,Tacoma Rainiers,Pacific Coast League,Cheney Stadium,Sugar Land Space Cowboys,5434,3874.0,1,day,Tuesday,1,5,May,7,0,,0,529-4,1,6,9.0,0.45,0.475,Partly Cloudy,Cloudy,73.0,5,L To R,0,0,0,,0,,partial_assembled,0
20260513,2026-05-13,529,Tacoma Rainiers,Pacific Coast League,Cheney Stadium,Sugar Land Space Cowboys,5434,3435.0,1,night,Wednesday,2,5,May,7,0,,0,529-4,2,6,1.0,0.4634146341463415,0.4634146341463415,Cloudy,Cloudy,57.0,17,Out To CF,0,0,0,,0,,partial_assembled,0
20260514,2026-05-14,529,Tacoma Rainiers,Pacific Coast League,Cheney Stadium,Sugar Land Space Cowboys,5434,3392.0,1,night,Thursday,3,5,May,7,0,,0,529-4,3,6,1.0,0.47619047619047616,0.4523809523809524,Partly Cloudy,Cloudy,56.0,9,Out To CF,0,0,0,,0,,partial_assembled,0
20260515,2026-05-15,529,Tacoma Rainiers,Pacific Coast League,Cheney Stadium,Sugar Land Space Cowboys,5434,6244.0,1,night,Friday,4,5,May,8,1,,0,529-4,4,6,1.0,0.4883720930232558,0.4418604651162791,Rain,Precipitation,48.0,11,L To R,1,0,0,,0,,partial_assembled,0
20260516,2026-05-16,529,Tacoma Rainiers,Pacific Coast League,Cheney Stadium,Sugar Land Space Cowboys,5434,5474.0,1,night,Saturday,5,5,May,8,1,,0,529-4,5,6,1.0,0.4772727272727273,0.45454545454545453,Rain,Precipitation,49.0,3,L To R,1,0,0,,0,,partial_assembled,0
20260517,2026-05-17,529,Tacoma Rainiers,Pacific Coast League,Cheney Stadium,Sugar Land Space Cowboys,5434,5793.0,1,day,Sunday,6,5,May,8,1,,0,529-4,6,6,1.0,0.4888888888888889,0.4444444444444444,Cloudy,Cloudy,57.0,4,In From CF,0,0,0,,0,,partial_assembled,0
20260526,2026-05-26,529,Tacoma Rainiers,Pacific Coast League,Cheney Stadium,Las Vegas Aviators,400,3134.0,1,night,Tuesday,1,5,May,9,0,,0,529-5,1,6,9.0,0.4423076923076923,0.54,Partly Cloudy,Cloudy,63.0,9,In From LF,0,0,0,,0,,partial_assembled,0
20260527,2026-05-27,529,Tacoma Rainiers,Pacific Coast League,Cheney Stadium,Las Vegas Aviators,400,5385.0,1,night,Wednesday,2,5,May,9,0,,0,529-5,2,6,1.0,0.4339622641509434,0.5490196078431373,Clear,Clear,71.0,9,L To R,0,0,0,,0,,partial_assembled,0
20260528,2026-05-28,529,Tacoma Rainiers,Pacific Coast League,Cheney Stadium,Las Vegas Aviators,400,3894.0,1,night,Thursday,3,5,May,9,0,,0,529-5,3,6,1.0,0.42592592592592593,0.5576923076923077,Cloudy,Cloudy,73.0,8,Out To RF,0,0,0,,0,,partial_assembled,0
20260529,2026-05-29,529,Tacoma Rainiers,Pacific Coast League,Cheney Stadium,Las Vegas Aviators,400,6711.0,1,night,Friday,4,5,May,10,1,,0,529-5,4,6,1.0,0.41818181818181815,0.5660377358490566,Clear,Clear,60.0,4,In From LF,0,0,0,,0,,partial_assembled,0
20260530,2026-05-30,529,Tacoma Rainiers,Pacific Coast League,Cheney Stadium,Las Vegas Aviators,400,6983.0,1,night,Saturday,5,5,May,10,1,,0,529-5,5,6,1.0,0.4107142857142857,0.5740740740740741,Clear,Clear,64.0,5,Out To CF,0,0,0,,0,,partial_assembled,0
20260531,2026-05-31,529,Tacoma Rainiers,Pacific Coast League,Cheney Stadium,Las Vegas Aviators,400,6920.0,1,day,Sunday,6,5,May,10,1,,0,529-5,6,6,1.0,0.40350877192982454,0.5818181818181818,Sunny,Clear,65.0,7,In From LF,0,0,0,,0,,partial_assembled,0
20260609,2026-06-09,529,Tacoma Rainiers,Pacific Coast League,Cheney Stadium,Albuquerque Isotopes,342,6266.0,1,day,Tuesday,1,6,June,11,0,,0,529-6,1,6,9.0,0.40625,0.53125,Partly Cloudy,Cloudy,59.0,15,Out To CF,0,0,0,,0,,partial_assembled,0
20260610,2026-06-10,529,Tacoma Rainiers,Pacific Coast League,Cheney Stadium,Albuquerque Isotopes,342,6292.0,1,night,Wednesday,2,6,June,11,0,,0,529-6,2,6,1.0,0.4153846153846154,0.5230769230769231,Partly Cloudy,Cloudy,65.0,3,Calm,0,0,0,,0,,partial_assembled,0
20260611,2026-06-11,529,Tacoma Rainiers,Pacific Coast League,Cheney Stadium,Albuquerque Isotopes,342,6544.0,1,night,Thursday,3,6,June,11,0,,0,529-6,3,6,1.0,0.42424242424242425,0.5151515151515151,Clear,Clear,73.0,7,In From CF,0,0,0,,0,,partial_assembled,0
20260612,2026-06-12,529,Tacoma Rainiers,Pacific Coast League,Cheney Stadium,Albuquerque Isotopes,342,6504.0,1,night,Friday,4,6,June,12,1,,0,529-6,4,6,1.0,0.417910447761194,0.5223880597014925,Clear,Clear,72.0,8,In From CF,0,0,0,,0,,partial_assembled,0
20260613,2026-06-13,529,Tacoma Rainiers,Pacific Coast League,Cheney Stadium,Albuquerque Isotopes,342,6714.0,1,night,Saturday,5,6,June,12,1,,0,529-6,5,6,1.0,0.4264705882352941,0.5147058823529411,Clear,Clear,81.0,10,In From CF,0,0,0,,0,,partial_assembled,0
20260614,2026-06-14,529,Tacoma Rainiers,Pacific Coast League,Cheney Stadium,Albuquerque Isotopes,342,7090.0,1,day,Sunday,6,6,June,12,1,,0,529-6,6,6,1.0,0.43478260869565216,0.5072463768115942,Sunny,Clear,84.0,9,In From LF,0,0,0,,0,,partial_assembled,0
20260623,2026-06-23,529,Tacoma Rainiers,Pacific Coast League,Cheney Stadium,Round Rock Express,102,3894.0,1,night,Tuesday,1,6,June,13,0,,0,529-7,1,12,9.0,0.4342105263157895,0.42105263157894735,Partly Cloudy,Cloudy,88.0,4,In From CF,0,0,0,,0,,partial_assembled,0
20260624,2026-06-24,529,Tacoma Rainiers,Pacific Coast League,Cheney Stadium,Round Rock Express,102,4166.0,1,night,Wednesday,2,6,June,13,0,,0,529-7,2,12,1.0,0.44155844155844154,0.4155844155844156,Clear,Clear,84.0,10,R To L,0,0,0,,0,,partial_assembled,0
20260625,2026-06-25,529,Tacoma Rainiers,Pacific Coast League,Cheney Stadium,Round Rock Express,102,3970.0,1,night,Thursday,3,6,June,13,0,,0,529-7,3,12,1.0,0.4358974358974359,0.4230769230769231,Cloudy,Cloudy,63.0,7,Out To CF,0,0,0,,0,,partial_assembled,0
20260626,2026-06-26,529,Tacoma Rainiers,Pacific Coast League,Cheney Stadium,Round Rock Express,102,6933.0,1,night,Friday,4,6,June,14,1,,0,529-7,4,12,1.0,0.43037974683544306,0.43037974683544306,Partly Cloudy,Cloudy,63.0,12,L To R,0,0,0,,0,,partial_assembled,0
20260627,2026-06-27,529,Tacoma Rainiers,Pacific Coast League,Cheney Stadium,Round Rock Express,102,6567.0,1,night,Saturday,5,6,June,14,1,,0,529-7,5,12,1.0,0.4375,0.425,Partly Cloudy,Cloudy,64.0,5,In From LF,0,0,0,,0,,partial_assembled,0
20260628,2026-06-28,529,Tacoma Rainiers,Pacific Coast League,Cheney Stadium,Round Rock Express,102,6910.0,1,day,Sunday,6,6,June,14,1,,0,529-7,6,12,1.0,0.43209876543209874,0.43209876543209874,Cloudy,Cloudy,63.0,8,L To R,0,0,0,,0,,partial_assembled,0
20260630,2026-06-30,529,Tacoma Rainiers,Pacific Coast League,Cheney Stadium,Reno Aces,2310,3711.0,1,night,Tuesday,1,6,June,14,0,,0,529-7,7,12,2.0,0.4268292682926829,0.43902439024390244,Cloudy,Cloudy,63.0,9,Out To CF,0,0,0,,0,,partial_assembled,0
20260701,2026-07-01,529,Tacoma Rainiers,Pacific Coast League,Cheney Stadium,Reno Aces,2310,3263.0,1,night,Wednesday,2,7,July,14,0,,0,529-7,8,12,1.0,0.43373493975903615,0.43373493975903615,Cloudy,Cloudy,65.0,5,In From CF,0,0,0,,0,,partial_assembled,0
20260702,2026-07-02,529,Tacoma Rainiers,Pacific Coast League,Cheney Stadium,Reno Aces,2310,3764.0,1,night,Thursday,3,7,July,14,0,,0,529-7,9,12,1.0,0.42857142857142855,0.44047619047619047,Cloudy,Cloudy,67.0,6,Out To CF,0,0,0,,0,,partial_assembled,0
20260703,2026-07-03,529,Tacoma Rainiers,Pacific Coast League,Cheney Stadium,Reno Aces,2310,7260.0,1,night,Friday,4,7,July,15,1,,0,529-7,10,12,1.0,0.4235294117647059,0.4470588235294118,Partly Cloudy,Cloudy,71.0,6,R To L,0,0,0,,0,,partial_assembled,0
20260704,2026-07-04,529,Tacoma Rainiers,Pacific Coast League,Cheney Stadium,Reno Aces,2310,5968.0,1,night,Saturday,5,7,July,15,1,Independence Day,1,529-7,11,12,1.0,0.43023255813953487,0.4418604651162791,Clear,Clear,71.0,5,In From CF,0,0,0,,0,,partial_assembled,0
20260705,2026-07-05,529,Tacoma Rainiers,Pacific Coast League,Cheney Stadium,Reno Aces,2310,5898.0,1,day,Sunday,6,7,July,15,1,,0,529-7,12,12,1.0,0.42528735632183906,0.4482758620689655,Sunny,Clear,71.0,9,In From CF,0,0,0,,0,,partial_assembled,0
20260717,2026-07-17,529,Tacoma Rainiers,Pacific Coast League,Cheney Stadium,Oklahoma City Comets,238,7112.0,1,night,Friday,4,7,July,17,1,,0,529-8,1,3,12.0,0.43617021276595747,0.5543478260869565,Partly Cloudy,Cloudy,70.0,6,R To L,0,0,0,,0,,partial_assembled,0
20260718,2026-07-18,529,Tacoma Rainiers,Pacific Coast League,Cheney Stadium,Oklahoma City Comets,238,7052.0,1,night,Saturday,5,7,July,17,1,,0,529-8,2,3,1.0,0.4421052631578947,0.5483870967741935,Clear,Clear,73.0,4,In From CF,0,0,0,,0,,partial_assembled,0
20260719,2026-07-19,529,Tacoma Rainiers,Pacific Coast League,Cheney Stadium,Oklahoma City Comets,238,6447.0,1,day,Sunday,6,7,July,17,1,,0,529-8,3,3,1.0,0.4375,0.5531914893617021,Sunny,Clear,73.0,7,In From CF,0,0,0,,0,,partial_assembled,0
20260728,2026-07-28,529,Tacoma Rainiers,Pacific Coast League,Cheney Stadium,Sacramento River Cats,105,6219.0,1,day,Tuesday,1,7,July,18,0,,0,529-9,1,6,9.0,0.4368932038834951,0.56,Partly Cloudy,Cloudy,72.0,10,Out To CF,0,0,0,,0,,partial_assembled,0
20260729,2026-07-29,529,Tacoma Rainiers,Pacific Coast League,Cheney Stadium,Sacramento River Cats,105,6158.0,1,night,Wednesday,2,7,July,18,0,,0,529-9,2,6,1.0,0.4326923076923077,0.5643564356435643,Clear,Clear,75.0,7,In From CF,0,0,0,,0,,partial_assembled,0
20260730,2026-07-30,529,Tacoma Rainiers,Pacific Coast League,Cheney Stadium,Sacramento River Cats,105,5184.0,1,night,Thursday,3,7,July,18,0,,0,529-9,3,6,1.0,0.42857142857142855,0.5686274509803921,Clear,Clear,79.0,5,Out To CF,0,0,0,,0,,partial_assembled,0
20260731,2026-07-31,529,Tacoma Rainiers,Pacific Coast League,Cheney Stadium,Sacramento River Cats,105,6684.0,1,night,Friday,4,7,July,19,1,,0,529-9,4,6,1.0,0.42452830188679247,0.5728155339805825,Clear,Clear,83.0,5,Out To CF,0,0,0,,0,,partial_assembled,0
20260801,2026-08-01,529,Tacoma Rainiers,Pacific Coast League,Cheney Stadium,Sacramento River Cats,105,6900.0,1,night,Saturday,5,8,August,19,1,,0,529-9,5,6,1.0,0.4205607476635514,0.5769230769230769,Partly Cloudy,Cloudy,71.0,15,Out To CF,0,0,0,,0,,partial_assembled,0
20260802,2026-08-02,529,Tacoma Rainiers,Pacific Coast League,Cheney Stadium,Sacramento River Cats,105,6726.0,1,day,Sunday,6,8,August,19,1,,0,529-9,6,6,1.0,0.4166666666666667,0.580952380952381,Partly Cloudy,Cloudy,70.0,7,Out To CF,0,0,0,,0,,partial_assembled,0
20260811,2026-08-11,529,Tacoma Rainiers,Pacific Coast League,Cheney Stadium,Reno Aces,2310,6688.0,1,day,Tuesday,1,8,August,20,0,,0,529-10,1,6,9.0,0.43478260869565216,0.45217391304347826,Partly Cloudy,Cloudy,67.0,3,Out To RF,0,0,0,,0,,partial_assembled,0
20260812,2026-08-12,529,Tacoma Rainiers,Pacific Coast League,Cheney Stadium,Reno Aces,2310,5100.0,1,night,Wednesday,2,8,August,20,0,,0,529-10,2,6,1.0,0.43103448275862066,0.45689655172413796,Partly Cloudy,Cloudy,74.0,4,In From CF,0,0,0,,0,,partial_assembled,0
20260813,2026-08-13,529,Tacoma Rainiers,Pacific Coast League,Cheney Stadium,Reno Aces,2310,5853.0,1,night,Thursday,3,8,August,20,0,,0,529-10,3,6,1.0,0.4358974358974359,0.452991452991453,Partly Cloudy,Cloudy,75.0,3,In From CF,0,0,0,,0,,partial_assembled,0
20260814,2026-08-14,529,Tacoma Rainiers,Pacific Coast League,Cheney Stadium,Reno Aces,2310,6517.0,1,night,Friday,4,8,August,21,1,,0,529-10,4,6,1.0,0.4406779661016949,0.4491525423728814,Partly Cloudy,Cloudy,72.0,4,In From LF,0,0,0,,0,,partial_assembled,0
20260815,2026-08-15,529,Tacoma Rainiers,Pacific Coast League,Cheney Stadium,Reno Aces,2310,6279.0,1,night,Saturday,5,8,August,21,1,,0,529-10,5,6,1.0,0.44537815126050423,0.44537815126050423,Partly Cloudy,Cloudy,76.0,4,L To R,0,0,0,,0,,partial_assembled,0
20260816,2026-08-16,529,Tacoma Rainiers,Pacific Coast League,Cheney Stadium,Reno Aces,2310,6870.0,1,day,Sunday,6,8,August,21,1,,0,529-10,6,6,1.0,0.45,0.44166666666666665,Cloudy,Cloudy,68.0,5,L To R,0,0,0,,0,,partial_assembled,0
20260825,2026-08-25,529,Tacoma Rainiers,Pacific Coast League,Cheney Stadium,Salt Lake Bees,561,6522.0,1,night,Tuesday,1,8,August,22,0,,0,529-11,1,6,9.0,0.4566929133858268,0.456,Clear,Clear,73.0,10,Out To CF,0,0,0,,0,,partial_assembled,0
20260826,2026-08-26,529,Tacoma Rainiers,Pacific Coast League,Cheney Stadium,Salt Lake Bees,561,6304.0,1,night,Wednesday,2,8,August,22,0,,0,529-11,2,6,1.0,0.453125,0.4603174603174603,Clear,Clear,76.0,5,L To R,0,0,0,,0,,partial_assembled,0
20260827,2026-08-27,529,Tacoma Rainiers,Pacific Coast League,Cheney Stadium,Salt Lake Bees,561,6782.0,1,night,Thursday,3,8,August,22,0,,0,529-11,3,6,1.0,0.4573643410852713,0.4566929133858268,Partly Cloudy,Cloudy,72.0,9,Out To CF,0,0,0,,0,,partial_assembled,0
20260828,2026-08-28,529,Tacoma Rainiers,Pacific Coast League,Cheney Stadium,Salt Lake Bees,561,7099.0,1,night,Friday,4,8,August,23,1,,0,529-11,4,6,1.0,0.46153846153846156,0.453125,Partly Cloudy,Cloudy,68.0,6,Out To CF,0,0,0,,0,,partial_assembled,0
20260829,2026-08-29,529,Tacoma Rainiers,Pacific Coast League,Cheney Stadium,Salt Lake Bees,561,7149.0,1,night,Saturday,5,8,August,23,1,,0,529-11,5,6,1.0,0.46564885496183206,0.4496124031007752,Partly Cloudy,Cloudy,67.0,9,L To R,0,0,0,,0,,partial_assembled,0
20260830,2026-08-30,529,Tacoma Rainiers,Pacific Coast League,Cheney Stadium,Salt Lake Bees,561,7247.0,1,day,Sunday,6,8,August,23,1,,0,529-11,6,6,1.0,0.4696969696969697,0.4461538461538462,Partly Cloudy,Cloudy,67.0,4,Out To CF,0,0,0,,0,,partial_assembled,0
20260407,2026-04-07,512,Toledo Mud Hens,International League,Fifth Third Field,St. Paul Saints,1960,12112.0,1,day,Tuesday,1,4,April,2,0,,0,512-1,1,6,,0.4,0.3333333333333333,Sunny,Clear,37.0,3,Out To LF,0,1,1,Magnet Schedule Gate Giveaway,1,0.0,partial_assembled,0
20260408,2026-04-08,512,Toledo Mud Hens,International League,Fifth Third Field,St. Paul Saints,1960,2408.0,1,night,Wednesday,2,4,April,2,0,,0,512-1,2,6,1.0,0.36363636363636365,0.4,Partly Cloudy,Cloudy,60.0,9,In From RF,0,0,0,,1,1.0,partial_assembled,0
20260409,2026-04-09,512,Toledo Mud Hens,International League,Fifth Third Field,St. Paul Saints,1960,2445.0,1,night,Thursday,3,4,April,2,0,,0,512-1,3,6,1.0,0.4166666666666667,0.36363636363636365,Overcast,Cloudy,64.0,9,Out To RF,0,0,0,,1,2.0,partial_assembled,0
20260410,2026-04-10,512,Toledo Mud Hens,International League,Fifth Third Field,St. Paul Saints,1960,3060.0,1,night,Friday,4,4,April,3,1,,0,512-1,4,6,1.0,0.38461538461538464,0.4166666666666667,Cloudy,Cloudy,54.0,10,L To R,0,0,0,,1,3.0,partial_assembled,0
20260411,2026-04-11,512,Toledo Mud Hens,International League,Fifth Third Field,St. Paul Saints,1960,4603.0,1,night,Saturday,5,4,April,3,1,,0,512-1,5,6,1.0,0.42857142857142855,0.38461538461538464,Clear,Clear,54.0,7,Varies,0,0,0,,1,4.0,partial_assembled,0
20260412,2026-04-12,512,Toledo Mud Hens,International League,Fifth Third Field,St. Paul Saints,1960,3905.0,1,day,Sunday,6,4,April,3,1,,0,512-1,6,6,1.0,0.4666666666666667,0.35714285714285715,Overcast,Cloudy,74.0,15,L To R,0,0,0,,1,5.0,partial_assembled,0
20260421,2026-04-21,512,Toledo Mud Hens,International League,Fifth Third Field,Omaha Storm Chasers,541,2390.0,1,night,Tuesday,1,4,April,4,0,,0,512-2,1,6,9.0,0.4090909090909091,0.5714285714285714,Overcast,Cloudy,66.0,9,Out To RF,0,0,0,,0,,partial_assembled,0
20260422,2026-04-22,512,Toledo Mud Hens,International League,Fifth Third Field,Omaha Storm Chasers,541,2616.0,1,night,Wednesday,2,4,April,4,0,,0,512-2,2,6,1.0,0.43478260869565216,0.5454545454545454,Partly Cloudy,Cloudy,70.0,3,Out To RF,0,0,0,,0,,partial_assembled,0
20260423,2026-04-23,512,Toledo Mud Hens,International League,Fifth Third Field,Omaha Storm Chasers,541,3333.0,1,night,Thursday,3,4,April,4,0,,0,512-2,3,6,1.0,0.4583333333333333,0.5217391304347826,Partly Cloudy,Cloudy,72.0,7,Out To RF,0,0,0,,0,,partial_assembled,0
20260424,2026-04-24,512,Toledo Mud Hens,International League,Fifth Third Field,Omaha Storm Chasers,541,3501.0,1,night,Friday,4,4,April,5,1,,0,512-2,4,6,1.0,0.48,0.5,Cloudy,Cloudy,67.0,8,Calm,0,0,0,,0,,partial_assembled,0
20260425,2026-04-25,512,Toledo Mud Hens,International League,Fifth Third Field,Omaha Storm Chasers,541,5710.0,1,night,Saturday,5,4,April,5,1,,0,512-2,5,6,1.0,0.5,0.48,Overcast,Cloudy,54.0,10,L To R,0,0,0,,0,,partial_assembled,0
20260426,2026-04-26,512,Toledo Mud Hens,International League,Fifth Third Field,Omaha Storm Chasers,541,4100.0,1,day,Sunday,6,4,April,5,1,,0,512-2,6,6,1.0,0.5185185185185185,0.46153846153846156,Partly Cloudy,Cloudy,55.0,4,L To R,0,0,0,,0,,partial_assembled,0
20260506,2026-05-06,512,Toledo Mud Hens,International League,Fifth Third Field,Memphis Redbirds,235,8021.0,2,day,Wednesday,2,5,May,6,0,,0,512-3,1,5,10.0,0.5142857142857142,0.6571428571428571,Sunny,Clear,51.0,8,L To R,0,0,0,,0,,partial_assembled,0
20260507,2026-05-07,512,Toledo Mud Hens,International League,Fifth Third Field,Memphis Redbirds,235,3169.0,1,night,Thursday,3,5,May,6,0,,0,512-3,2,5,1.0,0.5,0.6666666666666666,Partly Cloudy,Cloudy,57.0,14,Out To RF,0,0,0,,0,,partial_assembled,0
20260508,2026-05-08,512,Toledo Mud Hens,International League,Fifth Third Field,Memphis Redbirds,235,5077.0,1,night,Friday,4,5,May,7,1,,0,512-3,3,5,1.0,0.5135135135135135,0.6486486486486487,Partly Cloudy,Cloudy,59.0,7,L To R,0,0,0,,0,,partial_assembled,0
20260509,2026-05-09,512,Toledo Mud Hens,International League,Fifth Third Field,Memphis Redbirds,235,6168.0,1,night,Saturday,5,5,May,7,1,,0,512-3,4,5,1.0,0.5263157894736842,0.631578947368421,Partly Cloudy,Cloudy,66.0,13,L To R,0,0,0,,0,,partial_assembled,0
20260510,2026-05-10,512,Toledo Mud Hens,International League,Fifth Third Field,Memphis Redbirds,235,6184.0,1,day,Sunday,6,5,May,7,1,Mother's Day,1,512-3,5,5,1.0,0.5128205128205128,0.6410256410256411,Sunny,Clear,62.0,8,R To L,0,0,0,,0,,partial_assembled,0
20260520,2026-05-20,512,Toledo Mud Hens,International League,Fifth Third Field,Indianapolis Indians,484,9124.0,2,day,Wednesday,2,5,May,8,0,,0,512-4,1,11,10.0,0.48936170212765956,0.40425531914893614,Overcast,Cloudy,59.0,7,In From RF,0,0,0,,1,-2.0,partial_assembled,0
20260521,2026-05-21,512,Toledo Mud Hens,International League,Fifth Third Field,Indianapolis Indians,484,3022.0,1,night,Thursday,3,5,May,8,0,,0,512-4,2,11,1.0,0.5,0.3958333333333333,Clear,Clear,61.0,13,In From RF,0,0,0,,1,-1.0,partial_assembled,0
20260522,2026-05-22,512,Toledo Mud Hens,International League,Fifth Third Field,Indianapolis Indians,484,5252.0,1,night,Friday,4,5,May,9,1,,0,512-4,3,11,1.0,0.4897959183673469,0.40816326530612246,Rain,Precipitation,60.0,14,In From CF,1,1,1,"Challenge Coin, with Military ID",1,0.0,partial_assembled,0
20260523,2026-05-23,512,Toledo Mud Hens,International League,Fifth Third Field,Indianapolis Indians,484,6016.0,1,night,Saturday,5,5,May,9,1,,0,512-4,4,11,1.0,0.48,0.42,Overcast,Cloudy,60.0,7,Out To RF,0,1,1,Can Koozie Gate Giveaway,1,0.0,partial_assembled,0
20260524,2026-05-24,512,Toledo Mud Hens,International League,Fifth Third Field,Indianapolis Indians,484,7210.0,1,night,Sunday,6,5,May,9,1,,0,512-4,5,11,1.0,0.49019607843137253,0.4117647058823529,Overcast,Cloudy,70.0,5,L To R,0,0,0,,1,1.0,partial_assembled,0
20260525,2026-05-25,512,Toledo Mud Hens,International League,Fifth Third Field,Columbus Clippers,445,5617.0,1,night,Monday,0,5,May,9,0,Memorial Day,1,512-4,6,11,1.0,0.5,0.5098039215686274,Clear,Clear,76.0,7,In From RF,0,0,0,,1,2.0,partial_assembled,0
20260527,2026-05-27,512,Toledo Mud Hens,International League,Fifth Third Field,Columbus Clippers,445,9355.0,1,day,Wednesday,2,5,May,9,0,,0,512-4,7,11,2.0,0.49056603773584906,0.5192307692307693,Clear,Clear,74.0,2,Calm,0,0,0,,1,-2.0,partial_assembled,0
20260528,2026-05-28,512,Toledo Mud Hens,International League,Fifth Third Field,Columbus Clippers,445,4572.0,1,night,Thursday,3,5,May,9,0,,0,512-4,8,11,1.0,0.48148148148148145,0.5283018867924528,Clear,Clear,69.0,11,In From CF,0,0,0,,1,-1.0,partial_assembled,0
20260529,2026-05-29,512,Toledo Mud Hens,International League,Fifth Third Field,Columbus Clippers,445,7039.0,1,night,Friday,4,5,May,10,1,,0,512-4,9,11,1.0,0.4727272727272727,0.5370370370370371,Clear,Clear,78.0,8,In From LF,0,1,1,Cowboy Hat Gate Giveaway,1,0.0,partial_assembled,0
20260530,2026-05-30,512,Toledo Mud Hens,International League,Fifth Third Field,Columbus Clippers,445,9549.0,1,night,Saturday,5,5,May,10,1,,0,512-4,10,11,1.0,0.4642857142857143,0.5454545454545454,Clear,Clear,65.0,11,In From RF,0,1,1,Cowboy Hat Gate Giveaway,1,0.0,partial_assembled,0
20260531,2026-05-31,512,Toledo Mud Hens,International League,Fifth Third Field,Columbus Clippers,445,7971.0,1,day,Sunday,6,5,May,10,1,,0,512-4,11,11,1.0,0.45614035087719296,0.5535714285714286,Sunny,Clear,72.0,6,Out To RF,0,0,0,,1,1.0,partial_assembled,0
20260609,2026-06-09,512,Toledo Mud Hens,International League,Fifth Third Field,St. Paul Saints,1960,4875.0,1,night,Tuesday,1,6,June,11,0,,0,512-5,1,6,9.0,0.49206349206349204,0.5396825396825397,Partly Cloudy,Cloudy,87.0,7,In From RF,0,0,0,,1,-3.0,partial_assembled,0
20260610,2026-06-10,512,Toledo Mud Hens,International League,Fifth Third Field,St. Paul Saints,1960,10500.0,1,night,Wednesday,2,6,June,11,0,,0,512-5,2,6,1.0,0.484375,0.546875,Partly Cloudy,Cloudy,84.0,11,L To R,0,0,0,,1,-2.0,partial_assembled,0
20260611,2026-06-11,512,Toledo Mud Hens,International League,Fifth Third Field,St. Paul Saints,1960,4504.0,1,night,Thursday,3,6,June,11,0,,0,512-5,3,6,1.0,0.47692307692307695,0.5538461538461539,Partly Cloudy,Cloudy,86.0,10,Calm,0,0,0,,1,-1.0,partial_assembled,0
20260612,2026-06-12,512,Toledo Mud Hens,International League,Fifth Third Field,St. Paul Saints,1960,8370.0,1,night,Friday,4,6,June,12,1,,0,512-5,4,6,1.0,0.4696969696969697,0.5606060606060606,Clear,Clear,78.0,12,R To L,0,1,1,Neon Trucker Hat Gate Giveaway,1,0.0,partial_assembled,0
20260613,2026-06-13,512,Toledo Mud Hens,International League,Fifth Third Field,St. Paul Saints,1960,10500.0,1,night,Saturday,5,6,June,12,1,,0,512-5,5,6,1.0,0.4626865671641791,0.5671641791044776,Partly Cloudy,Cloudy,85.0,14,L To R,0,0,0,,1,1.0,partial_assembled,0
20260614,2026-06-14,512,Toledo Mud Hens,International League,Fifth Third Field,St. Paul Saints,1960,9422.0,1,day,Sunday,6,6,June,12,1,,0,512-5,6,6,1.0,0.45588235294117646,0.5735294117647058,Rain,Precipitation,66.0,10,Out To RF,1,0,0,,1,2.0,partial_assembled,0
20260630,2026-06-30,512,Toledo Mud Hens,International League,Fifth Third Field,Iowa Cubs,451,5830.0,1,day,Tuesday,1,6,June,14,0,,0,512-6,1,6,16.0,0.48148148148148145,0.4177215189873418,Partly Cloudy,Cloudy,89.0,11,Varies,0,0,0,,1,-3.0,partial_assembled,0
20260701,2026-07-01,512,Toledo Mud Hens,International League,Fifth Third Field,Iowa Cubs,451,3525.0,1,night,Wednesday,2,7,July,14,0,,0,512-6,2,6,1.0,0.4878048780487805,0.4125,Clear,Clear,98.0,8,In From CF,0,0,0,,1,-2.0,partial_assembled,0
20260702,2026-07-02,512,Toledo Mud Hens,International League,Fifth Third Field,Iowa Cubs,451,4569.0,1,night,Thursday,3,7,July,14,0,,0,512-6,3,6,1.0,0.4819277108433735,0.41975308641975306,Partly Cloudy,Cloudy,97.0,12,Out To RF,0,0,0,,1,-1.0,partial_assembled,0
20260703,2026-07-03,512,Toledo Mud Hens,International League,Fifth Third Field,Iowa Cubs,451,8710.0,1,night,Friday,4,7,July,15,1,,0,512-6,4,6,1.0,0.47619047619047616,0.4268292682926829,Partly Cloudy,Cloudy,88.0,16,Out To RF,0,1,2,Fireworks Glasses Gate Giveaway | LED Light Up Bracelet Postgame Giveaway,1,0.0,partial_assembled,0
20260704,2026-07-04,512,Toledo Mud Hens,International League,Fifth Third Field,Iowa Cubs,451,8244.0,1,night,Saturday,5,7,July,15,1,Independence Day,1,512-6,5,6,1.0,0.4823529411764706,0.42168674698795183,Partly Cloudy,Cloudy,87.0,4,L To R,0,1,2,Fireworks Glasses Gate Giveaway | LED Light Up Bracelet Postgame Giveaway,1,0.0,partial_assembled,0
20260705,2026-07-05,512,Toledo Mud Hens,International League,Fifth Third Field,Iowa Cubs,451,5331.0,1,day,Sunday,6,7,July,15,1,,0,512-6,6,6,1.0,0.4883720930232558,0.4166666666666667,Cloudy,Cloudy,79.0,8,In From CF,0,1,1,Youth Racing Jersey Gate Giveaway,1,0.0,partial_assembled,0
20260718,2026-07-18,512,Toledo Mud Hens,International League,Fifth Third Field,Gwinnett Stripers,431,9730.0,2,night,Saturday,5,7,July,17,1,,0,512-7,1,8,13.0,0.46808510638297873,0.5161290322580645,Partly Cloudy,Cloudy,85.0,11,Out To RF,0,1,1,Margaritaville Cooling Towel Gate Giveaway,1,0.0,partial_assembled,0
20260719,2026-07-19,512,Toledo Mud Hens,International League,Fifth Third Field,Gwinnett Stripers,431,8499.0,1,day,Sunday,6,7,July,17,1,,0,512-7,2,8,1.0,0.47368421052631576,0.5106382978723404,Sunny,Clear,80.0,4,Calm,0,0,0,,1,1.0,partial_assembled,0
20260721,2026-07-21,512,Toledo Mud Hens,International League,Fifth Third Field,Louisville Bats,416,4111.0,1,night,Tuesday,1,7,July,17,0,,0,512-7,3,8,2.0,0.4791666666666667,0.49473684210526314,Partly Cloudy,Cloudy,81.0,18,Out To LF,0,0,0,,1,2.0,partial_assembled,0
20260722,2026-07-22,512,Toledo Mud Hens,International League,Fifth Third Field,Louisville Bats,416,4576.0,1,night,Wednesday,2,7,July,17,0,,0,512-7,4,8,1.0,0.4742268041237113,0.5,Partly Cloudy,Cloudy,74.0,7,In From RF,0,0,0,,1,3.0,partial_assembled,0
20260723,2026-07-23,512,Toledo Mud Hens,International League,Fifth Third Field,Louisville Bats,416,5330.0,1,night,Thursday,3,7,July,17,0,,0,512-7,5,8,1.0,0.47959183673469385,0.4948453608247423,Clear,Clear,76.0,5,Calm,0,0,0,,1,-2.0,partial_assembled,0
20260724,2026-07-24,512,Toledo Mud Hens,International League,Fifth Third Field,Louisville Bats,416,9115.0,1,night,Friday,4,7,July,18,1,,0,512-7,6,8,1.0,0.48484848484848486,0.4897959183673469,Partly Cloudy,Cloudy,76.0,4,In From RF,0,0,0,,1,-1.0,partial_assembled,0
20260725,2026-07-25,512,Toledo Mud Hens,International League,Fifth Third Field,Louisville Bats,416,9578.0,1,night,Saturday,5,7,July,18,1,,0,512-7,7,8,1.0,0.49,0.48484848484848486,Partly Cloudy,Cloudy,82.0,6,Out To LF,0,1,1,Christmas Stocking Gate Giveaway,1,0.0,partial_assembled,0
20260726,2026-07-26,512,Toledo Mud Hens,International League,Fifth Third Field,Louisville Bats,416,7652.0,1,day,Sunday,6,7,July,18,1,,0,512-7,8,8,1.0,0.49504950495049505,0.48,Partly Cloudy,Cloudy,85.0,7,L To R,0,1,1,Youth Soccer Ball Gate Giveaway,1,0.0,partial_assembled,0
20260804,2026-08-04,512,Toledo Mud Hens,International League,Fifth Third Field,Omaha Storm Chasers,541,5314.0,1,night,Tuesday,1,8,August,19,0,,0,512-8,1,5,9.0,0.48148148148148145,0.4722222222222222,Clear,Clear,81.0,6,Out To RF,0,0,0,,0,,partial_assembled,0
20260805,2026-08-05,512,Toledo Mud Hens,International League,Fifth Third Field,Omaha Storm Chasers,541,4134.0,1,night,Wednesday,2,8,August,19,0,,0,512-8,2,5,1.0,0.47706422018348627,0.47706422018348627,Clear,Clear,84.0,6,Out To CF,0,0,0,,0,,partial_assembled,0
20260807,2026-08-07,512,Toledo Mud Hens,International League,Fifth Third Field,Omaha Storm Chasers,541,7707.0,2,night,Friday,4,8,August,20,1,,0,512-8,3,5,2.0,0.46846846846846846,0.4864864864864865,Partly Cloudy,Cloudy,84.0,6,L To R,0,0,0,,0,,partial_assembled,0
20260808,2026-08-08,512,Toledo Mud Hens,International League,Fifth Third Field,Omaha Storm Chasers,541,8969.0,1,night,Saturday,5,8,August,20,1,,0,512-8,4,5,1.0,0.4642857142857143,0.49107142857142855,Partly Cloudy,Cloudy,85.0,12,Out To LF,0,0,0,,0,,partial_assembled,0
20260809,2026-08-09,512,Toledo Mud Hens,International League,Fifth Third Field,Omaha Storm Chasers,541,9955.0,1,day,Sunday,6,8,August,20,1,,0,512-8,5,5,1.0,0.4690265486725664,0.48672566371681414,Overcast,Cloudy,86.0,8,Out To RF,0,0,0,,0,,partial_assembled,0
20260818,2026-08-18,512,Toledo Mud Hens,International League,Fifth Third Field,Iowa Cubs,451,5648.0,1,night,Tuesday,1,8,August,21,0,,0,512-9,1,6,9.0,0.475,0.4067796610169492,Partly Cloudy,Cloudy,82.0,9,L To R,0,0,0,,1,-2.0,partial_assembled,0
20260819,2026-08-19,512,Toledo Mud Hens,International League,Fifth Third Field,Iowa Cubs,451,5238.0,1,night,Wednesday,2,8,August,21,0,,0,512-9,2,6,1.0,0.4793388429752066,0.40336134453781514,Partly Cloudy,Cloudy,78.0,2,Calm,0,0,0,,1,-1.0,partial_assembled,0
20260820,2026-08-20,512,Toledo Mud Hens,International League,Fifth Third Field,Iowa Cubs,451,6188.0,1,night,Thursday,3,8,August,21,0,,0,512-9,3,6,1.0,0.47540983606557374,0.4083333333333333,Clear,Clear,78.0,4,Out To LF,0,1,1,Stretchy Cube Gate Giveaway,1,0.0,partial_assembled,0
20260821,2026-08-21,512,Toledo Mud Hens,International League,Fifth Third Field,Iowa Cubs,451,7302.0,1,night,Friday,4,8,August,22,1,,0,512-9,4,6,1.0,0.4715447154471545,0.4132231404958678,Partly Cloudy,Cloudy,78.0,5,Out To RF,0,1,1,Stinger Bee Bobblehead Gate Giveaway,1,0.0,partial_assembled,0
20260822,2026-08-22,512,Toledo Mud Hens,International League,Fifth Third Field,Iowa Cubs,451,8820.0,1,night,Saturday,5,8,August,22,1,,0,512-9,5,6,1.0,0.46774193548387094,0.4180327868852459,Partly Cloudy,Cloudy,74.0,9,Out To RF,0,1,1,2006 Championship Pennant Gate Giveaway,1,0.0,partial_assembled,0
20260823,2026-08-23,512,Toledo Mud Hens,International League,Fifth Third Field,Iowa Cubs,451,9359.0,1,day,Sunday,6,8,August,22,1,,0,512-9,6,6,1.0,0.464,0.42276422764227645,Partly Cloudy,Cloudy,73.0,11,L To R,0,0,0,,1,1.0,partial_assembled,0
20260327,2026-03-27,533,Worcester Red Sox,International League,Polar Park,Syracuse Mets,552,8147.0,1,day,Friday,4,3,March,1,1,,0,533-1,1,3,,0.0,1.0,Sunny,Clear,42.0,10,L To R,0,0,0,,0,,partial_assembled,0
20260328,2026-03-28,533,Worcester Red Sox,International League,Polar Park,Syracuse Mets,552,4315.0,1,day,Saturday,5,3,March,1,1,,0,533-1,2,3,1.0,0.5,0.5,Cloudy,Cloudy,36.0,15,Out To RF,0,0,0,,0,,partial_assembled,0
20260329,2026-03-29,533,Worcester Red Sox,International League,Polar Park,Syracuse Mets,552,4863.0,1,day,Sunday,6,3,March,1,1,,0,533-1,3,3,1.0,0.3333333333333333,0.6666666666666666,Sunny,Clear,44.0,14,Out To CF,0,0,0,,0,,partial_assembled,0
20260407,2026-04-07,533,Worcester Red Sox,International League,Polar Park,Columbus Clippers,445,3483.0,1,night,Tuesday,1,4,April,2,0,,0,533-2,1,6,9.0,0.6666666666666666,0.7,Partly Cloudy,Cloudy,42.0,17,L To R,0,0,0,,0,,partial_assembled,0
20260408,2026-04-08,533,Worcester Red Sox,International League,Polar Park,Columbus Clippers,445,3546.0,1,day,Wednesday,2,4,April,2,0,,0,533-2,2,6,1.0,0.7,0.6363636363636364,Sunny,Clear,42.0,5,R To L,0,0,0,,0,,partial_assembled,0
20260409,2026-04-09,533,Worcester Red Sox,International League,Polar Park,Columbus Clippers,445,3516.0,1,night,Thursday,3,4,April,2,0,,0,533-2,3,6,1.0,0.7272727272727273,0.5833333333333334,Clear,Clear,53.0,15,Out To CF,0,0,0,,0,,partial_assembled,0
20260410,2026-04-10,533,Worcester Red Sox,International League,Polar Park,Columbus Clippers,445,6111.0,1,night,Friday,4,4,April,3,1,,0,533-2,4,6,1.0,0.75,0.5384615384615384,Partly Cloudy,Cloudy,66.0,15,Out To LF,0,0,0,,0,,partial_assembled,0
20260411,2026-04-11,533,Worcester Red Sox,International League,Polar Park,Columbus Clippers,445,6104.0,1,day,Saturday,5,4,April,3,1,,0,533-2,5,6,1.0,0.6923076923076923,0.5714285714285714,Sunny,Clear,57.0,10,Varies,0,0,0,,0,,partial_assembled,0
20260412,2026-04-12,533,Worcester Red Sox,International League,Polar Park,Columbus Clippers,445,6477.0,1,day,Sunday,6,4,April,3,1,,0,533-2,6,6,1.0,0.7142857142857143,0.5333333333333333,Sunny,Clear,54.0,3,Out To CF,0,0,0,,0,,partial_assembled,0
20260421,2026-04-21,533,Worcester Red Sox,International League,Polar Park,Syracuse Mets,552,5391.0,1,night,Tuesday,1,4,April,4,0,,0,533-3,1,6,9.0,0.5238095238095238,0.5714285714285714,Partly Cloudy,Cloudy,49.0,6,L To R,0,0,0,,0,,partial_assembled,0
20260422,2026-04-22,533,Worcester Red Sox,International League,Polar Park,Syracuse Mets,552,5162.0,1,day,Wednesday,2,4,April,4,0,,0,533-3,2,6,1.0,0.5454545454545454,0.5454545454545454,Cloudy,Cloudy,45.0,11,Out To LF,0,0,0,,0,,partial_assembled,0
20260423,2026-04-23,533,Worcester Red Sox,International League,Polar Park,Syracuse Mets,552,6396.0,1,day,Thursday,3,4,April,4,0,,0,533-3,3,6,1.0,0.5652173913043478,0.5217391304347826,Sunny,Clear,58.0,21,L To R,0,0,0,,0,,partial_assembled,0
20260424,2026-04-24,533,Worcester Red Sox,International League,Polar Park,Syracuse Mets,552,7836.0,1,night,Friday,4,4,April,5,1,,0,533-3,4,6,1.0,0.5416666666666666,0.5416666666666666,Clear,Clear,58.0,7,L To R,0,0,0,,0,,partial_assembled,0
20260425,2026-04-25,533,Worcester Red Sox,International League,Polar Park,Syracuse Mets,552,8079.0,1,day,Saturday,5,4,April,5,1,,0,533-3,5,6,1.0,0.56,0.52,Cloudy,Cloudy,55.0,3,Calm,0,0,0,,0,,partial_assembled,0
20260426,2026-04-26,533,Worcester Red Sox,International League,Polar Park,Syracuse Mets,552,6733.0,1,day,Sunday,6,4,April,5,1,,0,533-3,6,6,1.0,0.5769230769230769,0.5,Partly Cloudy,Cloudy,57.0,8,R To L,0,0,0,,0,,partial_assembled,0
20260505,2026-05-05,533,Worcester Red Sox,International League,Polar Park,Scranton/Wilkes-Barre RailRiders,531,4390.0,1,night,Tuesday,1,5,May,6,0,,0,533-4,1,6,9.0,0.5757575757575758,0.5454545454545454,Clear,Clear,75.0,20,Out To LF,0,0,0,,0,,partial_assembled,0
20260506,2026-05-06,533,Worcester Red Sox,International League,Polar Park,Scranton/Wilkes-Barre RailRiders,531,4997.0,1,day,Wednesday,2,5,May,6,0,,0,533-4,2,6,1.0,0.5588235294117647,0.5588235294117647,Cloudy,Cloudy,68.0,15,Out To LF,0,0,0,,0,,partial_assembled,0
20260507,2026-05-07,533,Worcester Red Sox,International League,Polar Park,Scranton/Wilkes-Barre RailRiders,531,4406.0,1,night,Thursday,3,5,May,6,0,,0,533-4,3,6,1.0,0.5714285714285714,0.5428571428571428,Partly Cloudy,Cloudy,59.0,12,L To R,0,0,0,,0,,partial_assembled,0
20260508,2026-05-08,533,Worcester Red Sox,International League,Polar Park,Scranton/Wilkes-Barre RailRiders,531,7958.0,1,night,Friday,4,5,May,7,1,,0,533-4,4,6,1.0,0.5833333333333334,0.5277777777777778,Partly Cloudy,Cloudy,56.0,12,Out To CF,0,0,0,,0,,partial_assembled,0
20260510,2026-05-10,533,Worcester Red Sox,International League,Polar Park,Scranton/Wilkes-Barre RailRiders,531,6877.0,1,day,Sunday,6,5,May,7,1,Mother's Day,1,533-4,6,6,2.0,0.5675675675675675,0.5405405405405406,Partly Cloudy,Cloudy,65.0,11,Out To LF,0,0,0,,0,,partial_assembled,0
20260519,2026-05-19,533,Worcester Red Sox,International League,Polar Park,Rochester Red Wings,534,3170.0,1,night,Tuesday,1,5,May,8,0,,0,533-5,1,5,9.0,0.5227272727272727,0.5652173913043478,Cloudy,Cloudy,82.0,13,L To R,0,0,0,,0,,partial_assembled,0
20260520,2026-05-20,533,Worcester Red Sox,International League,Polar Park,Rochester Red Wings,534,3196.0,1,night,Wednesday,2,5,May,8,0,,0,533-5,2,5,1.0,0.5111111111111111,0.574468085106383,Partly Cloudy,Cloudy,83.0,15,R To L,0,0,0,,0,,partial_assembled,0
20260521,2026-05-21,533,Worcester Red Sox,International League,Polar Park,Rochester Red Wings,534,5000.0,1,day,Thursday,3,5,May,8,0,,0,533-5,3,5,1.0,0.5,0.5833333333333334,Partly Cloudy,Cloudy,62.0,7,Calm,0,0,0,,0,,partial_assembled,0
20260522,2026-05-22,533,Worcester Red Sox,International League,Polar Park,Rochester Red Wings,534,6790.0,1,night,Friday,4,5,May,9,1,,0,533-5,4,5,1.0,0.48936170212765956,0.5918367346938775,Clear,Clear,63.0,3,Calm,0,0,0,,0,,partial_assembled,0
20260523,2026-05-23,533,Worcester Red Sox,International League,Polar Park,Rochester Red Wings,534,7164.0,1,day,Saturday,5,5,May,9,1,,0,533-5,5,5,1.0,0.4791666666666667,0.6,Cloudy,Cloudy,63.0,8,Calm,0,0,0,,0,,partial_assembled,0
20260602,2026-06-02,533,Worcester Red Sox,International League,Polar Park,Buffalo Bisons,422,3719.0,1,night,Tuesday,1,6,June,10,0,,0,533-6,1,6,10.0,0.509090909090909,0.46551724137931033,Cloudy,Cloudy,72.0,7,L To R,0,0,0,,1,-5.0,partial_assembled,0
20260603,2026-06-03,533,Worcester Red Sox,International League,Polar Park,Buffalo Bisons,422,7295.0,1,day,Wednesday,2,6,June,10,0,,0,533-6,2,6,1.0,0.5,0.4745762711864407,Sunny,Clear,76.0,10,L To R,0,0,0,,1,-4.0,partial_assembled,0
20260604,2026-06-04,533,Worcester Red Sox,International League,Polar Park,Buffalo Bisons,422,5678.0,1,night,Thursday,3,6,June,10,0,,0,533-6,3,6,1.0,0.5087719298245614,0.4666666666666667,Clear,Clear,84.0,10,Out To CF,0,0,0,,1,-3.0,partial_assembled,0
20260605,2026-06-05,533,Worcester Red Sox,International League,Polar Park,Buffalo Bisons,422,8517.0,1,night,Friday,4,6,June,11,1,,0,533-6,4,6,1.0,0.5172413793103449,0.45901639344262296,Clear,Clear,86.0,10,L To R,0,0,0,,1,-2.0,partial_assembled,0
20260606,2026-06-06,533,Worcester Red Sox,International League,Polar Park,Buffalo Bisons,422,7277.0,1,day,Saturday,5,6,June,11,1,,0,533-6,5,6,1.0,0.5254237288135594,0.45161290322580644,Sunny,Clear,83.0,10,R To L,0,0,0,,1,-1.0,partial_assembled,0
20260607,2026-06-07,533,Worcester Red Sox,International League,Polar Park,Buffalo Bisons,422,7629.0,1,day,Sunday,6,6,June,11,1,,0,533-6,6,6,1.0,0.5333333333333333,0.4444444444444444,Partly Cloudy,Cloudy,78.0,16,Out To RF,0,1,1,"Clara the Heart of the Commonwealth Bobblehead, first 5000 fans",1,0.0,partial_assembled,0
20260623,2026-06-23,533,Worcester Red Sox,International League,Polar Park,Toledo Mud Hens,512,3786.0,1,night,Tuesday,1,6,June,13,0,,0,533-8,1,6,16.0,0.5,0.4666666666666667,Cloudy,Cloudy,69.0,4,Calm,0,0,0,,1,-3.0,partial_assembled,0
20260624,2026-06-24,533,Worcester Red Sox,International League,Polar Park,Toledo Mud Hens,512,4495.0,1,night,Wednesday,2,6,June,13,0,,0,533-8,2,6,1.0,0.4931506849315068,0.47368421052631576,Clear,Clear,78.0,12,Out To RF,0,0,0,,1,-2.0,partial_assembled,0
20260625,2026-06-25,533,Worcester Red Sox,International League,Polar Park,Toledo Mud Hens,512,5060.0,1,night,Thursday,3,6,June,13,0,,0,533-8,3,6,1.0,0.4864864864864865,0.4805194805194805,Partly Cloudy,Cloudy,79.0,3,L To R,0,0,0,,1,-1.0,partial_assembled,0
20260626,2026-06-26,533,Worcester Red Sox,International League,Polar Park,Toledo Mud Hens,512,8115.0,1,night,Friday,4,6,June,14,1,,0,533-8,4,6,1.0,0.48,0.48717948717948717,Cloudy,Cloudy,77.0,7,R To L,0,1,1,"Tricorn hat presented by Harvard Pilgrim Health Care, first 5000 fans",1,0.0,partial_assembled,0
20260627,2026-06-27,533,Worcester Red Sox,International League,Polar Park,Toledo Mud Hens,512,8325.0,1,day,Saturday,5,6,June,14,1,,0,533-8,5,6,1.0,0.47368421052631576,0.4936708860759494,Partly Cloudy,Cloudy,82.0,6,Out To LF,0,0,0,,1,1.0,partial_assembled,0
20260628,2026-06-28,533,Worcester Red Sox,International League,Polar Park,Toledo Mud Hens,512,7610.0,1,day,Sunday,6,6,June,14,1,,0,533-8,6,6,1.0,0.4805194805194805,0.4875,Partly Cloudy,Cloudy,79.0,2,In From RF,0,0,0,,1,2.0,partial_assembled,0
20260708,2026-07-08,533,Worcester Red Sox,International League,Polar Park,Rochester Red Wings,534,3609.0,2,night,Wednesday,2,7,July,15,0,,0,533-9,1,5,10.0,0.5058823529411764,0.5862068965517241,Clear,Clear,81.0,7,Out To CF,0,0,0,,1,-4.0,partial_assembled,0
20260709,2026-07-09,533,Worcester Red Sox,International League,Polar Park,Rochester Red Wings,534,4171.0,1,night,Thursday,3,7,July,15,0,,0,533-9,2,5,1.0,0.5116279069767442,0.5795454545454546,Partly Cloudy,Cloudy,85.0,11,R To L,0,0,0,,1,-3.0,partial_assembled,0
20260710,2026-07-10,533,Worcester Red Sox,International League,Polar Park,Rochester Red Wings,534,7620.0,1,night,Friday,4,7,July,16,1,,0,533-9,3,5,1.0,0.5057471264367817,0.5842696629213483,Cloudy,Cloudy,82.0,6,L To R,0,0,0,,1,-2.0,partial_assembled,0
20260711,2026-07-11,533,Worcester Red Sox,International League,Polar Park,Rochester Red Wings,534,7166.0,1,day,Saturday,5,7,July,16,1,,0,533-9,4,5,1.0,0.5,0.5888888888888889,Partly Cloudy,Cloudy,84.0,5,Calm,0,0,0,,1,-1.0,partial_assembled,0
20260712,2026-07-12,533,Worcester Red Sox,International League,Polar Park,Rochester Red Wings,534,7461.0,1,day,Sunday,6,7,July,16,1,,0,533-9,5,5,1.0,0.5056179775280899,0.5824175824175825,Partly Cloudy,Cloudy,80.0,5,R To L,0,1,1,"Wilyer Abreu Rawlings Gold Glove bobblehead, first 5000 fans",1,0.0,partial_assembled,0
20260722,2026-07-22,533,Worcester Red Sox,International League,Polar Park,Jacksonville Jumbo Shrimp,564,4324.0,2,night,Wednesday,2,7,July,17,0,,0,533-10,1,5,10.0,0.5053763440860215,0.5208333333333334,Partly Cloudy,Cloudy,77.0,9,L To R,0,0,0,,0,,partial_assembled,0
20260723,2026-07-23,533,Worcester Red Sox,International League,Polar Park,Jacksonville Jumbo Shrimp,564,6945.0,1,day,Thursday,3,7,July,17,0,,0,533-10,2,5,1.0,0.5106382978723404,0.5154639175257731,Sunny,Clear,73.0,11,L To R,0,0,0,,0,,partial_assembled,0
20260724,2026-07-24,533,Worcester Red Sox,International League,Polar Park,Jacksonville Jumbo Shrimp,564,8456.0,1,night,Friday,4,7,July,18,1,,0,533-10,3,5,1.0,0.5157894736842106,0.5102040816326531,Partly Cloudy,Cloudy,80.0,6,Out To CF,0,0,0,,0,,partial_assembled,0
20260725,2026-07-25,533,Worcester Red Sox,International League,Polar Park,Jacksonville Jumbo Shrimp,564,8025.0,1,day,Saturday,5,7,July,18,1,,0,533-10,4,5,1.0,0.5208333333333334,0.5050505050505051,Sunny,Clear,81.0,8,Out To CF,0,0,0,,0,,partial_assembled,0
20260726,2026-07-26,533,Worcester Red Sox,International League,Polar Park,Jacksonville Jumbo Shrimp,564,7063.0,1,day,Sunday,6,7,July,18,1,,0,533-10,5,5,1.0,0.5257731958762887,0.5,Sunny,Clear,75.0,6,R To L,0,0,0,,0,,partial_assembled,0
20260804,2026-08-04,533,Worcester Red Sox,International League,Polar Park,Lehigh Valley IronPigs,1410,4483.0,1,night,Tuesday,1,8,August,19,0,,0,533-11,1,12,9.0,0.5384615384615384,0.47706422018348627,Clear,Clear,82.0,5,Calm,0,0,0,,1,-5.0,partial_assembled,0
20260805,2026-08-05,533,Worcester Red Sox,International League,Polar Park,Lehigh Valley IronPigs,1410,5227.0,1,night,Wednesday,2,8,August,19,0,,0,533-11,2,12,1.0,0.5428571428571428,0.4727272727272727,Partly Cloudy,Cloudy,83.0,7,Out To CF,0,0,0,,1,-4.0,partial_assembled,0
20260806,2026-08-06,533,Worcester Red Sox,International League,Polar Park,Lehigh Valley IronPigs,1410,6970.0,1,day,Thursday,3,8,August,19,0,,0,533-11,3,12,1.0,0.5471698113207547,0.46846846846846846,Cloudy,Cloudy,82.0,5,L To R,0,0,0,,1,-3.0,partial_assembled,0
20260807,2026-08-07,533,Worcester Red Sox,International League,Polar Park,Lehigh Valley IronPigs,1410,8797.0,1,night,Friday,4,8,August,20,1,,0,533-11,4,12,1.0,0.5514018691588785,0.4642857142857143,Clear,Clear,89.0,4,Calm,0,0,0,,1,-2.0,partial_assembled,0
20260808,2026-08-08,533,Worcester Red Sox,International League,Polar Park,Lehigh Valley IronPigs,1410,9130.0,1,day,Saturday,5,8,August,20,1,,0,533-11,5,12,1.0,0.5555555555555556,0.46017699115044247,Partly Cloudy,Cloudy,87.0,10,L To R,0,0,0,,1,-1.0,partial_assembled,0
20260809,2026-08-09,533,Worcester Red Sox,International League,Polar Park,Lehigh Valley IronPigs,1410,8411.0,1,day,Sunday,6,8,August,20,1,,0,533-11,6,12,1.0,0.5504587155963303,0.4649122807017544,Partly Cloudy,Cloudy,84.0,10,L To R,0,1,1,"Ceddanne Rafaela Rawlings Gold Glove bobblehead, first 5000 fans",1,0.0,partial_assembled,0
20260811,2026-08-11,533,Worcester Red Sox,International League,Polar Park,Buffalo Bisons,422,5791.0,1,night,Tuesday,1,8,August,20,0,,0,533-11,7,12,2.0,0.5454545454545454,0.4956521739130435,Clear,Clear,81.0,6,Out To RF,0,0,0,,1,1.0,partial_assembled,0
20260812,2026-08-12,533,Worcester Red Sox,International League,Polar Park,Buffalo Bisons,422,7008.0,1,day,Wednesday,2,8,August,20,0,,0,533-11,8,12,1.0,0.5495495495495496,0.49137931034482757,Sunny,Clear,80.0,6,L To R,0,0,0,,1,2.0,partial_assembled,0
20260813,2026-08-13,533,Worcester Red Sox,International League,Polar Park,Buffalo Bisons,422,6528.0,1,night,Thursday,3,8,August,20,0,,0,533-11,9,12,1.0,0.5535714285714286,0.48717948717948717,Partly Cloudy,Cloudy,80.0,9,Out To CF,0,0,0,,1,3.0,partial_assembled,0
20260814,2026-08-14,533,Worcester Red Sox,International League,Polar Park,Buffalo Bisons,422,9240.0,1,night,Friday,4,8,August,21,1,,0,533-11,10,12,1.0,0.5486725663716814,0.4915254237288136,Partly Cloudy,Cloudy,76.0,6,Out To RF,0,0,0,,1,4.0,partial_assembled,0
20260815,2026-08-15,533,Worcester Red Sox,International League,Polar Park,Buffalo Bisons,422,9508.0,1,day,Saturday,5,8,August,21,1,,0,533-11,11,12,1.0,0.543859649122807,0.4957983193277311,Partly Cloudy,Cloudy,80.0,8,L To R,0,0,0,,1,5.0,partial_assembled,0
20260816,2026-08-16,533,Worcester Red Sox,International League,Polar Park,Buffalo Bisons,422,8515.0,1,day,Sunday,6,8,August,21,1,,0,533-11,12,12,1.0,0.5391304347826087,0.5,Partly Cloudy,Cloudy,77.0,7,Out To RF,0,0,0,,1,6.0,partial_assembled,0
20260825,2026-08-25,533,Worcester Red Sox,International League,Polar Park,Scranton/Wilkes-Barre RailRiders,531,7282.0,1,night,Tuesday,1,8,August,22,0,,0,533-12,1,6,9.0,0.5245901639344263,0.5284552845528455,Partly Cloudy,Cloudy,75.0,9,L To R,0,0,0,,0,,partial_assembled,0
20260826,2026-08-26,533,Worcester Red Sox,International League,Polar Park,Scranton/Wilkes-Barre RailRiders,531,6859.0,1,night,Wednesday,2,8,August,22,0,,0,533-12,2,6,1.0,0.5203252032520326,0.532258064516129,Partly Cloudy,Cloudy,79.0,4,L To R,0,0,0,,0,,partial_assembled,0
20260827,2026-08-27,533,Worcester Red Sox,International League,Polar Park,Scranton/Wilkes-Barre RailRiders,531,7184.0,1,night,Thursday,3,8,August,22,0,,0,533-12,3,6,1.0,0.5241935483870968,0.528,Partly Cloudy,Cloudy,75.0,12,R To L,0,0,0,,0,,partial_assembled,0
20260828,2026-08-28,533,Worcester Red Sox,International League,Polar Park,Scranton/Wilkes-Barre RailRiders,531,9037.0,1,night,Friday,4,8,August,23,1,,0,533-12,4,6,1.0,0.52,0.5317460317460317,Partly Cloudy,Cloudy,81.0,10,L To R,0,0,0,,0,,partial_assembled,0
20260829,2026-08-29,533,Worcester Red Sox,International League,Polar Park,Scranton/Wilkes-Barre RailRiders,531,9310.0,1,day,Saturday,5,8,August,23,1,,0,533-12,5,6,1.0,0.5158730158730159,0.5354330708661418,Sunny,Clear,77.0,6,Out To CF,0,0,0,,0,,partial_assembled,0
20260830,2026-08-30,533,Worcester Red Sox,International League,Polar Park,Scranton/Wilkes-Barre RailRiders,531,9182.0,1,day,Sunday,6,8,August,23,1,,0,533-12,6,6,1.0,0.5196850393700787,0.53125,Sunny,Clear,80.0,9,Out To RF,0,0,0,,0,,partial_assembled,0
