date_key,date,team_id,home_team,league_name,venue_name,away_team,away_team_id,attendance,games_that_date,day_night,day_of_week,day_of_week_num,month_num,month_name,week_of_season,is_weekend,holiday,is_holiday,homestand_id,homestand_game_index,homestand_length,days_since_last_home_date,home_win_pct,away_win_pct,weather_condition,weather_group,temp_f,wind_mph,wind_direction,is_wet,has_giveaway,giveaway_count,giveaway_item,homestand_has_giveaway,games_from_giveaway,club_coverage,analysis_eligible,log_attendance,temp_f_sq,offset,predicted_log,residual,predicted_attendance
20260331,2026-03-31,342,Albuquerque Isotopes,Pacific Coast League,Isotopes Park,Reno Aces,2310,5735.0,1,night,Tuesday,1,3,March,1,0,,0,342-1,1,6,1.0,0.25,0.5,Overcast,Cloudy,73.0,11,Out To RF,0,1,1,"Isotopes Scarves, first 2000 fans",1,0.0,full_season_release,1,8.65434302956347,5329.0,0.0,8.886603955905956,-0.23226092634248552,7234.409046475896
20260401,2026-04-01,342,Albuquerque Isotopes,Pacific Coast League,Isotopes Park,Reno Aces,2310,6203.0,1,night,Wednesday,2,4,April,1,0,,0,342-1,2,6,1.0,0.2,0.6,Partly Cloudy,Cloudy,61.0,18,Out To RF,0,0,0,,1,1.0,full_season_release,1,8.732788324973118,3721.0,1.0,8.617058362543496,0.11572996242962219,5525.109595857398
20260402,2026-04-02,342,Albuquerque Isotopes,Pacific Coast League,Isotopes Park,Reno Aces,2310,3378.0,1,day,Thursday,3,4,April,1,0,,0,342-1,3,6,1.0,0.3333333333333333,0.5,Sunny,Clear,65.0,8,Out To CF,0,0,0,,1,-1.0,full_season_release,1,8.125039097367745,4225.0,-1.0,8.87318607423457,-0.7481469768668241,7137.98693878865
20260403,2026-04-03,342,Albuquerque Isotopes,Pacific Coast League,Isotopes Park,Reno Aces,2310,3653.0,1,night,Friday,4,4,April,2,1,,0,342-1,4,6,1.0,0.2857142857142857,0.5714285714285714,Clear,Clear,60.0,8,L To R,0,1,1,"Magnet Schedules, first 3000 fans",1,0.0,full_season_release,1,8.203304026795282,3600.0,0.0,9.02457434285341,-0.8212703160581292,8304.678775506352
20260404,2026-04-04,342,Albuquerque Isotopes,Pacific Coast League,Isotopes Park,Reno Aces,2310,6455.0,1,night,Saturday,5,4,April,2,1,,0,342-1,5,6,1.0,0.375,0.5,Clear,Clear,67.0,2,Out To RF,0,1,1,"Adult Mariachis Jersey Hoodie, first 3000 fans 16 and older",1,0.0,full_season_release,1,8.772610303280743,4489.0,0.0,9.036268780093625,-0.263658476812882,8402.367413749971
20260405,2026-04-05,342,Albuquerque Isotopes,Pacific Coast League,Isotopes Park,Reno Aces,2310,4058.0,1,day,Sunday,6,4,April,2,1,,0,342-1,6,6,1.0,0.3333333333333333,0.5555555555555556,Sunny,Clear,69.0,8,R To L,0,0,0,,1,1.0,full_season_release,1,8.30844552038576,4761.0,1.0,8.854369660145874,-0.545924139760114,7004.931360966526
20260414,2026-04-14,342,Albuquerque Isotopes,Pacific Coast League,Isotopes Park,Oklahoma City Comets,238,6224.0,1,night,Tuesday,1,4,April,3,0,,0,342-2,1,6,9.0,0.5,0.5625,Partly Cloudy,Cloudy,67.0,18,L To R,0,0,0,,1,-3.0,full_season_release,1,8.736168065858228,4489.0,-3.0,8.646692581470187,0.08947548438804098,5691.292085931738
20260415,2026-04-15,342,Albuquerque Isotopes,Pacific Coast League,Isotopes Park,Oklahoma City Comets,238,7663.0,1,night,Wednesday,2,4,April,3,0,,0,342-2,2,6,1.0,0.5294117647058824,0.5294117647058824,Clear,Clear,69.0,11,Out To RF,0,0,0,,1,-2.0,full_season_release,1,8.944158830970403,4761.0,-2.0,8.648148756270077,0.2960100747003267,5699.585639012078
20260416,2026-04-16,342,Albuquerque Isotopes,Pacific Coast League,Isotopes Park,Oklahoma City Comets,238,3343.0,1,day,Thursday,3,4,April,3,0,,0,342-2,3,6,1.0,0.5555555555555556,0.5,Sunny,Clear,69.0,11,Out To CF,0,0,0,,1,-1.0,full_season_release,1,8.114623886420098,4761.0,-1.0,8.862566895064479,-0.7479430086443806,7062.58842029758
20260417,2026-04-17,342,Albuquerque Isotopes,Pacific Coast League,Isotopes Park,Oklahoma City Comets,238,4850.0,1,night,Friday,4,4,April,4,1,,0,342-2,4,6,1.0,0.5263157894736842,0.5263157894736842,Clear,Clear,62.0,18,Out To RF,0,1,1,"Orbit Socks, first 2000 fans",1,0.0,full_season_release,1,8.48673398393153,3844.0,0.0,9.023250325900884,-0.5365163419693548,8293.69051594848
20260418,2026-04-18,342,Albuquerque Isotopes,Pacific Coast League,Isotopes Park,Oklahoma City Comets,238,5545.0,1,night,Saturday,5,4,April,4,1,,0,342-2,5,6,1.0,0.55,0.5,Partly Cloudy,Cloudy,68.0,3,Calm,0,0,0,,1,1.0,full_season_release,1,8.620651899784468,4624.0,1.0,9.015079590119688,-0.3944276903352204,8226.201056832015
20260419,2026-04-19,342,Albuquerque Isotopes,Pacific Coast League,Isotopes Park,Oklahoma City Comets,238,8033.0,1,day,Sunday,6,4,April,4,1,,0,342-2,6,6,1.0,0.5714285714285714,0.4761904761904761,Sunny,Clear,70.0,7,Varies,0,0,0,,1,2.0,full_season_release,1,8.991313336173812,4900.0,2.0,8.847218028459734,0.1440953077140783,6955.01338214361
20260428,2026-04-28,342,Albuquerque Isotopes,Pacific Coast League,Isotopes Park,El Paso Chihuahuas,4904,8611.0,1,night,Tuesday,1,4,April,5,0,,0,342-3,1,6,9.0,0.5357142857142857,0.4642857142857143,Partly Cloudy,Cloudy,78.0,16,Out To RF,0,0,0,,1,-5.0,full_season_release,1,9.060795734696166,6084.0,-5.0,8.688950333467547,0.37184540122861875,5936.947156167003
20260429,2026-04-29,342,Albuquerque Isotopes,Pacific Coast League,Isotopes Park,El Paso Chihuahuas,4904,6409.0,1,night,Wednesday,2,4,April,5,0,,0,342-3,2,6,1.0,0.5172413793103449,0.4827586206896552,Clear,Clear,78.0,8,Out To RF,0,0,0,,1,-4.0,full_season_release,1,8.765458531504226,6084.0,-4.0,8.671309980115318,0.09414855138890843,5833.135638435699
20260430,2026-04-30,342,Albuquerque Isotopes,Pacific Coast League,Isotopes Park,El Paso Chihuahuas,4904,6509.0,1,day,Thursday,3,4,April,5,0,,0,342-3,3,6,1.0,0.5,0.5,Partly Cloudy,Cloudy,68.0,4,Out To LF,0,0,0,,1,-3.0,full_season_release,1,8.780941113572387,4624.0,-3.0,8.866389689148518,-0.08544857557613028,7089.638912817653
20260501,2026-05-01,342,Albuquerque Isotopes,Pacific Coast League,Isotopes Park,El Paso Chihuahuas,4904,8298.0,1,night,Friday,4,5,May,6,1,,0,342-3,4,6,1.0,0.5161290322580645,0.4838709677419355,Cloudy,Cloudy,56.0,12,Varies,0,0,0,,1,-2.0,full_season_release,1,9.023769800892813,3136.0,-2.0,9.247898530562573,-0.2241287296697596,10382.723797798177
20260502,2026-05-02,342,Albuquerque Isotopes,Pacific Coast League,Isotopes Park,El Paso Chihuahuas,4904,8667.0,1,night,Saturday,5,5,May,6,1,,0,342-3,5,6,1.0,0.53125,0.46875,Cloudy,Cloudy,68.0,4,Calm,0,0,0,,1,-1.0,full_season_release,1,9.067277989134345,4624.0,-1.0,9.309561512670058,-0.24228352353571303,11043.104805446317
20260503,2026-05-03,342,Albuquerque Isotopes,Pacific Coast League,Isotopes Park,El Paso Chihuahuas,4904,6132.0,1,day,Sunday,6,5,May,6,1,,0,342-3,6,6,1.0,0.5454545454545454,0.4545454545454545,Partly Cloudy,Cloudy,69.0,7,Out To RF,0,1,1,"Adult Mariachis Jersey, first 3000 fans 16 and older",1,0.0,full_season_release,1,8.721276239991704,4761.0,0.0,9.135911933879987,-0.4146356938882825,9282.739007297334
20260512,2026-05-12,342,Albuquerque Isotopes,Pacific Coast League,Isotopes Park,Oklahoma City Comets,238,7976.0,1,night,Tuesday,1,5,May,7,0,,0,342-4,1,6,9.0,0.6,0.5128205128205128,Clear,Clear,92.0,9,Out To LF,0,0,0,,0,,full_season_release,1,8.984192311641674,8464.0,,8.830268020564079,0.15392429107759575,6838.119326635865
20260513,2026-05-13,342,Albuquerque Isotopes,Pacific Coast League,Isotopes Park,Oklahoma City Comets,238,8196.0,1,night,Wednesday,2,5,May,7,0,,0,342-4,2,6,1.0,0.6097560975609756,0.5,Overcast,Cloudy,85.0,19,L To R,0,0,0,,0,,full_season_release,1,9.011401509358791,7225.0,,8.894963549125317,0.11643796023347441,7295.139249517705
20260514,2026-05-14,342,Albuquerque Isotopes,Pacific Coast League,Isotopes Park,Oklahoma City Comets,238,6896.0,1,day,Thursday,3,5,May,7,0,,0,342-4,3,6,1.0,0.5952380952380952,0.5121951219512195,Sunny,Clear,80.0,4,Calm,0,0,0,,0,,full_season_release,1,8.83869681234353,6400.0,,9.133781052127162,-0.2950842397836322,9262.979648036204
20260515,2026-05-15,342,Albuquerque Isotopes,Pacific Coast League,Isotopes Park,Oklahoma City Comets,238,7911.0,1,night,Friday,4,5,May,8,1,,0,342-4,4,6,1.0,0.5813953488372093,0.5238095238095238,Partly Cloudy,Cloudy,88.0,4,Varies,0,0,0,,0,,full_season_release,1,8.976009475021396,7744.0,,9.285838662967384,-0.30982918794598824,10784.213846848415
20260516,2026-05-16,342,Albuquerque Isotopes,Pacific Coast League,Isotopes Park,Oklahoma City Comets,238,12053.0,1,night,Saturday,5,5,May,8,1,,0,342-4,5,6,1.0,0.5681818181818182,0.5348837209302325,Clear,Clear,87.0,15,R To L,0,0,0,,0,,full_season_release,1,9.397068870588344,7569.0,,9.237535858914036,0.15953301167430745,10275.686593810837
20260517,2026-05-17,342,Albuquerque Isotopes,Pacific Coast League,Isotopes Park,Oklahoma City Comets,238,8783.0,1,day,Sunday,6,5,May,8,1,,0,342-4,6,6,1.0,0.5555555555555556,0.5454545454545454,Sunny,Clear,80.0,14,Out To CF,0,0,0,,0,,full_season_release,1,9.080573313917117,6400.0,,9.104927621721755,-0.024354307804637543,8999.529900908412
20260526,2026-05-26,342,Albuquerque Isotopes,Pacific Coast League,Isotopes Park,El Paso Chihuahuas,4904,6704.0,1,night,Tuesday,1,5,May,9,0,,0,342-5,1,6,9.0,0.5576923076923077,0.4423076923076923,Overcast,Cloudy,60.0,8,In From CF,0,0,0,,1,-4.0,full_season_release,1,8.810459642161918,3600.0,-4.0,8.898209634969525,-0.08774999280760731,7318.858374096855
20260527,2026-05-27,342,Albuquerque Isotopes,Pacific Coast League,Isotopes Park,El Paso Chihuahuas,4904,7762.0,1,night,Wednesday,2,5,May,9,0,,0,342-5,2,6,1.0,0.5471698113207547,0.4528301886792453,Clear,Clear,83.0,4,Calm,0,0,0,,1,-3.0,full_season_release,1,8.956995311928852,6889.0,-3.0,8.934341645933925,0.022653665994926797,7588.138974574652
20260528,2026-05-28,342,Albuquerque Isotopes,Pacific Coast League,Isotopes Park,El Paso Chihuahuas,4904,3614.0,1,day,Thursday,3,5,May,9,0,,0,342-5,3,6,1.0,0.5555555555555556,0.4444444444444444,Partly Cloudy,Cloudy,79.0,4,Varies,0,0,0,,1,-2.0,full_season_release,1,8.192570471152173,6241.0,-2.0,9.165252841957573,-0.9726823708053995,9559.138070178064
20260529,2026-05-29,342,Albuquerque Isotopes,Pacific Coast League,Isotopes Park,El Paso Chihuahuas,4904,8301.0,1,night,Friday,4,5,May,10,1,,0,342-5,4,6,1.0,0.5636363636363636,0.4363636363636363,Partly Cloudy,Cloudy,85.0,16,Out To LF,0,0,0,,1,-1.0,full_season_release,1,9.024131268455035,7225.0,-1.0,9.344477721698569,-0.32034645324353406,11435.498751165193
20260530,2026-05-30,342,Albuquerque Isotopes,Pacific Coast League,Isotopes Park,El Paso Chihuahuas,4904,7747.0,1,night,Saturday,5,5,May,10,1,,0,342-5,5,6,1.0,0.5535714285714286,0.4464285714285714,Clear,Clear,83.0,8,Out To RF,0,1,1,"Trucker Hats, first 2000 fans",1,0.0,full_season_release,1,8.955060950631902,6889.0,0.0,9.300744036696235,-0.3456830860643336,10946.160524183542
20260531,2026-05-31,342,Albuquerque Isotopes,Pacific Coast League,Isotopes Park,El Paso Chihuahuas,4904,4701.0,1,day,Sunday,6,5,May,10,1,,0,342-5,6,6,1.0,0.5614035087719298,0.4385964912280701,Sunny,Clear,84.0,4,Calm,0,1,1,"Pride Flags, first 1000 fans",1,0.0,full_season_release,1,8.45553053102413,7056.0,0.0,9.114360754714856,-0.6588302236907246,9084.82533242054
20260616,2026-06-16,342,Albuquerque Isotopes,Pacific Coast League,Isotopes Park,Sugar Land Space Cowboys,5434,7721.0,1,night,Tuesday,1,6,June,12,0,,0,342-6,1,12,14.0,0.5142857142857142,0.4347826086956521,Clear,Clear,94.0,15,In From RF,0,0,0,,1,-4.0,full_season_release,1,8.951699168308815,8836.0,-4.0,8.826946566788692,0.12475260152012346,6815.444506910475
20260617,2026-06-17,342,Albuquerque Isotopes,Pacific Coast League,Isotopes Park,Sugar Land Space Cowboys,5434,7451.0,1,night,Wednesday,2,6,June,12,0,,0,342-6,2,12,1.0,0.5070422535211268,0.4428571428571428,Clear,Clear,100.0,18,L To R,0,0,0,,1,-3.0,full_season_release,1,8.916103530553727,10000.0,-3.0,8.788101806703343,0.12800172385038344,6555.776226819634
20260618,2026-06-18,342,Albuquerque Isotopes,Pacific Coast League,Isotopes Park,Sugar Land Space Cowboys,5434,4099.0,1,day,Thursday,3,6,June,12,0,,0,342-6,3,12,1.0,0.5138888888888888,0.4366197183098591,Sunny,Clear,92.0,5,Out To RF,0,0,0,,1,-2.0,full_season_release,1,8.318498320504338,8464.0,-2.0,9.132471398073609,-0.8139730775692708,9250.856289627736
20260619,2026-06-19,342,Albuquerque Isotopes,Pacific Coast League,Isotopes Park,Sugar Land Space Cowboys,5434,5268.0,1,night,Friday,4,6,June,13,1,,0,342-6,4,12,1.0,0.5205479452054794,0.4305555555555556,Partly Cloudy,Cloudy,97.0,6,Varies,0,0,0,,1,-1.0,full_season_release,1,8.569406062863171,9409.0,-1.0,9.268501033427254,-0.699094970564083,10598.85264736689
20260620,2026-06-20,342,Albuquerque Isotopes,Pacific Coast League,Isotopes Park,Sugar Land Space Cowboys,5434,9227.0,1,night,Saturday,5,6,June,13,1,,0,342-6,5,12,1.0,0.527027027027027,0.4246575342465753,Partly Cloudy,Cloudy,99.0,4,Out To RF,0,1,1,"Adult Mariachis Futbol Jersey, first 3000 fans 16 and older",1,0.0,full_season_release,1,9.129889247578555,9801.0,0.0,9.17570573230565,-0.04581648472709432,9659.582746268852
20260621,2026-06-21,342,Albuquerque Isotopes,Pacific Coast League,Isotopes Park,Sugar Land Space Cowboys,5434,7154.0,1,night,Sunday,6,6,June,13,1,Father's Day,1,342-6,6,12,1.0,0.52,0.4324324324324324,Clear,Clear,98.0,6,Varies,0,0,0,,1,1.0,full_season_release,1,8.875426919818963,9604.0,1.0,8.968855956450884,-0.09342903663192104,7854.610446913808
20260623,2026-06-23,342,Albuquerque Isotopes,Pacific Coast League,Isotopes Park,Salt Lake Bees,561,7332.0,1,night,Tuesday,1,6,June,13,0,,0,342-6,7,12,2.0,0.5263157894736842,0.52,Partly Cloudy,Cloudy,99.0,7,Varies,0,0,0,,1,2.0,full_season_release,1,8.900003608959596,9801.0,2.0,8.869845176683128,0.030158432276467195,7114.1794470422055
20260624,2026-06-24,342,Albuquerque Isotopes,Pacific Coast League,Isotopes Park,Salt Lake Bees,561,7136.0,1,night,Wednesday,2,6,June,13,0,,0,342-6,8,12,1.0,0.5194805194805194,0.5263157894736842,Partly Cloudy,Cloudy,91.0,15,Out To RF,0,0,0,,1,-2.0,full_season_release,1,8.872907674259846,8281.0,-2.0,8.866721807611361,0.006185866648484861,7091.993903841845
20260625,2026-06-25,342,Albuquerque Isotopes,Pacific Coast League,Isotopes Park,Salt Lake Bees,561,3479.0,1,day,Thursday,3,6,June,13,0,,0,342-6,9,12,1.0,0.5256410256410257,0.5194805194805194,Partly Cloudy,Cloudy,89.0,7,Varies,0,0,0,,1,-1.0,full_season_release,1,8.154500175151941,7921.0,-1.0,9.101262007902175,-0.9467618327502336,8966.601488027403
20260626,2026-06-26,342,Albuquerque Isotopes,Pacific Coast League,Isotopes Park,Salt Lake Bees,561,7498.0,1,night,Friday,4,6,June,14,1,,0,342-6,10,12,1.0,0.5189873417721519,0.5256410256410257,Overcast,Cloudy,77.0,4,Varies,0,1,1,"Orbit Hats, first 2000 fans",1,0.0,full_season_release,1,8.922391597295857,5929.0,0.0,9.393664979678825,-0.471273382382968,12012.042649589866
20260627,2026-06-27,342,Albuquerque Isotopes,Pacific Coast League,Isotopes Park,Salt Lake Bees,561,8158.0,1,night,Saturday,5,6,June,14,1,,0,342-6,11,12,1.0,0.5125,0.5316455696202531,Partly Cloudy,Cloudy,96.0,18,Out To RF,0,0,0,,1,1.0,full_season_release,1,9.006754319877503,9216.0,1.0,9.157185710647436,-0.15043139076993306,9482.333461115111
20260628,2026-06-28,342,Albuquerque Isotopes,Pacific Coast League,Isotopes Park,Salt Lake Bees,561,6292.0,1,day,Sunday,6,6,June,14,1,,0,342-6,12,12,1.0,0.5185185185185185,0.525,Sunny,Clear,93.0,14,Out To CF,0,1,1,"Snoopy Bobbleheads, first 2000 fans",1,0.0,full_season_release,1,8.747034264178168,8649.0,0.0,9.02465036888125,-0.27761610470308185,8305.310171247087
20260717,2026-07-17,342,Albuquerque Isotopes,Pacific Coast League,Isotopes Park,Sacramento River Cats,105,5719.0,1,night,Friday,4,7,July,17,1,,0,342-7,1,8,14.0,0.4893617021276595,0.5494505494505495,Cloudy,Cloudy,82.0,10,Varies,0,1,1,"Color-Your-Own Hats, first 2000 fans",1,0.0,full_season_release,1,8.651549243915316,6724.0,0.0,9.207943567086005,-0.5563943231706894,9976.06065153227
20260718,2026-07-18,342,Albuquerque Isotopes,Pacific Coast League,Isotopes Park,Sacramento River Cats,105,7434.0,1,night,Saturday,5,7,July,17,1,,0,342-7,2,8,1.0,0.4947368421052631,0.5434782608695652,Overcast,Cloudy,80.0,6,Varies,0,0,0,,1,1.0,full_season_release,1,8.913819350857198,6400.0,1.0,9.377180125742866,-0.4633607748856683,11815.649088108778
20260719,2026-07-19,342,Albuquerque Isotopes,Pacific Coast League,Isotopes Park,Sacramento River Cats,105,7137.0,1,night,Sunday,6,7,July,17,1,,0,342-7,3,8,1.0,0.4895833333333333,0.5483870967741935,Clear,Clear,94.0,6,Varies,0,1,1,"Looney Tunes Jerseys, first 2000 fans",1,0.0,full_season_release,1,8.873047798971067,8836.0,0.0,8.936828300966608,-0.06378050199554153,7607.031538453898
20260721,2026-07-21,342,Albuquerque Isotopes,Pacific Coast League,Isotopes Park,Round Rock Express,102,9988.0,1,night,Tuesday,1,7,July,17,0,,0,342-7,4,8,2.0,0.4948453608247423,0.4329896907216495,Cloudy,Cloudy,80.0,12,Out To LF,0,0,0,,1,1.0,full_season_release,1,9.209139651399664,6400.0,1.0,9.136498183323603,0.07264146807606053,9288.182603372272
20260722,2026-07-22,342,Albuquerque Isotopes,Pacific Coast League,Isotopes Park,Round Rock Express,102,8133.0,1,night,Wednesday,2,7,July,17,0,,0,342-7,5,8,1.0,0.5,0.4285714285714285,Partly Cloudy,Cloudy,93.0,13,Out To CF,0,0,0,,1,2.0,full_season_release,1,9.003685138166775,8649.0,2.0,8.884625989179613,0.11905914898716219,7220.113768549928
20260723,2026-07-23,342,Albuquerque Isotopes,Pacific Coast League,Isotopes Park,Round Rock Express,102,4041.0,1,day,Thursday,3,7,July,17,0,,0,342-7,6,8,1.0,0.494949494949495,0.4343434343434343,Partly Cloudy,Cloudy,86.0,3,Varies,0,0,0,,1,-2.0,full_season_release,1,8.304247465078474,7396.0,-2.0,9.174766856914225,-0.8705193918357512,9650.517857803185
20260725,2026-07-25,342,Albuquerque Isotopes,Pacific Coast League,Isotopes Park,Round Rock Express,102,6836.0,2,night,Saturday,5,7,July,18,1,,0,342-7,7,8,2.0,0.4851485148514851,0.4455445544554455,Partly Cloudy,Cloudy,90.0,6,Varies,0,0,0,,1,-1.0,full_season_release,1,8.829958044235482,8100.0,-1.0,9.276967366270059,-0.44700932203457633,10688.966992377414
20260726,2026-07-26,342,Albuquerque Isotopes,Pacific Coast League,Isotopes Park,Round Rock Express,102,7937.0,1,day,Sunday,6,7,July,18,1,,0,342-7,8,8,1.0,0.4803921568627451,0.4509803921568627,Sunny,Clear,95.0,6,Varies,0,1,1,"Lunch Bags, first 2000 fans",1,0.0,full_season_release,1,8.979290649090876,9025.0,0.0,9.0415248401405,-0.06223419104962424,8446.647027627623
20260804,2026-08-04,342,Albuquerque Isotopes,Pacific Coast League,Isotopes Park,Sugar Land Space Cowboys,5434,7759.0,1,night,Tuesday,1,8,August,19,0,,0,342-8,1,6,9.0,0.5045871559633027,0.5370370370370371,Partly Cloudy,Cloudy,99.0,1,In From LF,0,0,0,,1,-1.0,full_season_release,1,8.95660873889395,9801.0,-1.0,8.761854965276564,0.19475377361738566,6385.946306749456
20260805,2026-08-05,342,Albuquerque Isotopes,Pacific Coast League,Isotopes Park,Sugar Land Space Cowboys,5434,8017.0,1,night,Wednesday,2,8,August,19,0,,0,342-8,2,6,1.0,0.509090909090909,0.5321100917431193,Partly Cloudy,Cloudy,98.0,9,Out To CF,0,1,1,Magazines,1,0.0,full_season_release,1,8.989319566042951,9604.0,0.0,8.766891366581799,0.22242819946115233,6418.189622046364
20260806,2026-08-06,342,Albuquerque Isotopes,Pacific Coast League,Isotopes Park,Sugar Land Space Cowboys,5434,3136.0,1,day,Thursday,3,8,August,19,0,,0,342-8,3,6,1.0,0.5135135135135135,0.5272727272727272,Sunny,Clear,92.0,4,Out To CF,0,0,0,,1,1.0,full_season_release,1,8.0507033814703,8464.0,1.0,9.072919908043863,-1.0222165265735637,8716.03671168935
20260807,2026-08-07,342,Albuquerque Isotopes,Pacific Coast League,Isotopes Park,Sugar Land Space Cowboys,5434,5877.0,1,night,Friday,4,8,August,20,1,,0,342-8,4,6,1.0,0.5089285714285714,0.5315315315315315,Partly Cloudy,Cloudy,88.0,19,Varies,0,0,0,,1,2.0,full_season_release,1,8.678801706612651,7744.0,2.0,9.334023490056406,-0.6552217834437553,11316.57212465959
20260808,2026-08-08,342,Albuquerque Isotopes,Pacific Coast League,Isotopes Park,Sugar Land Space Cowboys,5434,9676.0,1,night,Saturday,5,8,August,20,1,,0,342-8,5,6,1.0,0.5132743362831859,0.5267857142857143,Partly Cloudy,Cloudy,98.0,3,Varies,0,0,0,,1,3.0,full_season_release,1,9.177403871729918,9604.0,3.0,9.13328895603666,0.04411491569325854,9258.422493335973
20260809,2026-08-09,342,Albuquerque Isotopes,Pacific Coast League,Isotopes Park,Sugar Land Space Cowboys,5434,3918.0,1,day,Sunday,6,8,August,20,1,,0,342-8,6,6,1.0,0.5175438596491229,0.5221238938053098,Partly Cloudy,Cloudy,97.0,5,Varies,0,0,0,,1,4.0,full_season_release,1,8.273336598504486,9409.0,4.0,8.9714688279916,-0.6981322294871148,7875.160370477823
20260818,2026-08-18,342,Albuquerque Isotopes,Pacific Coast League,Isotopes Park,Las Vegas Aviators,400,7935.0,1,night,Tuesday,1,8,August,21,0,,0,342-9,1,6,9.0,0.5041322314049587,0.5630252100840336,Partly Cloudy,Cloudy,96.0,3,Varies,0,0,0,,1,-4.0,full_season_release,1,8.97903863296051,9216.0,-4.0,8.807572565732293,0.17146606722821645,6684.672952372202
20260819,2026-08-19,342,Albuquerque Isotopes,Pacific Coast League,Isotopes Park,Las Vegas Aviators,400,7170.0,1,night,Wednesday,2,8,August,21,0,,0,342-9,2,6,1.0,0.5,0.5666666666666667,Cloudy,Cloudy,92.0,5,R To L,0,0,0,,1,-3.0,full_season_release,1,8.877660933593667,8464.0,-3.0,8.853416074255692,0.02424485933797449,6998.2547411301875
20260820,2026-08-20,342,Albuquerque Isotopes,Pacific Coast League,Isotopes Park,Las Vegas Aviators,400,3092.0,1,day,Thursday,3,8,August,21,0,,0,342-9,3,6,1.0,0.4959349593495935,0.5702479338842975,Sunny,Clear,89.0,3,Varies,0,0,0,,1,-2.0,full_season_release,1,8.036573409707312,7921.0,-2.0,9.099497401315267,-1.0629239916079545,8950.79291603669
20260821,2026-08-21,342,Albuquerque Isotopes,Pacific Coast League,Isotopes Park,Las Vegas Aviators,400,6844.0,1,night,Friday,4,8,August,22,1,,0,342-9,4,6,1.0,0.4919354838709677,0.5737704918032787,Partly Cloudy,Cloudy,94.0,8,Out To RF,0,0,0,,1,-1.0,full_season_release,1,8.831127635012084,8836.0,-1.0,9.245784651628846,-0.41465701661676135,10360.7991578687
20260822,2026-08-22,342,Albuquerque Isotopes,Pacific Coast League,Isotopes Park,Las Vegas Aviators,400,8865.0,1,night,Saturday,5,8,August,22,1,,0,342-9,5,6,1.0,0.496,0.5691056910569106,Partly Cloudy,Cloudy,90.0,6,Varies,0,1,1,"Lowrider Bobblehead, first 3000 fans",1,0.0,full_season_release,1,9.089866218508309,8100.0,0.0,9.244400203361987,-0.15453398485367842,10346.465092107079
20260823,2026-08-23,342,Albuquerque Isotopes,Pacific Coast League,Isotopes Park,Las Vegas Aviators,400,4871.0,1,day,Sunday,6,8,August,22,1,,0,342-9,6,6,1.0,0.492063492063492,0.5725806451612904,Partly Cloudy,Cloudy,93.0,8,Out To RF,0,0,0,,1,1.0,full_season_release,1,8.491054533806542,8649.0,1.0,9.023402942679775,-0.5323484088732329,8294.956368872883
20260327,2026-03-27,422,Buffalo Bisons,International League,Sahlen Field,Scranton/Wilkes-Barre RailRiders,531,7847.0,1,day,Friday,4,3,March,1,1,,0,422-1,1,2,1.0,0.0,1.0,Sunny,Clear,31.0,11,L To R,0,1,1,Magnetic Schedule presented by Sahlen's,1,0.0,full_season_release,1,8.967886572127473,961.0,0.0,7.937434904119881,1.0304516680075917,2800.1685873535384
20260329,2026-03-29,422,Buffalo Bisons,International League,Sahlen Field,Scranton/Wilkes-Barre RailRiders,531,3191.0,2,day,Sunday,6,3,March,1,1,,0,422-1,2,2,2.0,0.3333333333333333,0.6666666666666666,Partly Cloudy,Cloudy,43.0,14,Out To LF,0,0,0,,1,1.0,full_season_release,1,8.068089626278244,1849.0,1.0,7.97302651379556,0.09506311248268418,2901.625899294824
20260408,2026-04-08,422,Buffalo Bisons,International League,Sahlen Field,Syracuse Mets,552,3353.0,2,day,Wednesday,2,4,April,2,0,,0,422-2,1,5,10.0,0.4545454545454545,0.4545454545454545,Sunny,Clear,45.0,6,R To L,0,0,0,,0,,full_season_release,1,8.117610746466228,2025.0,,7.8247435411321495,0.29286720533407884,2501.744434016685
20260409,2026-04-09,422,Buffalo Bisons,International League,Sahlen Field,Syracuse Mets,552,3926.0,1,day,Thursday,3,4,April,2,0,,0,422-2,2,5,1.0,0.4166666666666667,0.5,Sunny,Clear,66.0,20,Out To LF,0,0,0,,0,,full_season_release,1,8.275376374836407,4356.0,,8.361517318885905,-0.08614094404949846,4279.182727766665
20260410,2026-04-10,422,Buffalo Bisons,International League,Sahlen Field,Syracuse Mets,552,3195.0,1,day,Friday,4,4,April,3,1,,0,422-2,3,5,1.0,0.4615384615384615,0.4615384615384615,Overcast,Cloudy,61.0,10,Out To LF,0,0,0,,0,,full_season_release,1,8.069342366811636,3721.0,,8.65953521656206,-0.5901928497504247,5764.8546307793995
20260411,2026-04-11,422,Buffalo Bisons,International League,Sahlen Field,Syracuse Mets,552,3750.0,1,day,Saturday,5,4,April,3,1,,0,422-2,4,5,1.0,0.5,0.4285714285714285,Sunny,Clear,48.0,6,In From CF,0,0,0,,0,,full_season_release,1,8.229511118964457,2304.0,,8.405441975814268,-0.1759308568498117,4471.3335471645505
20260412,2026-04-12,422,Buffalo Bisons,International League,Sahlen Field,Syracuse Mets,552,3615.0,1,day,Sunday,6,4,April,3,1,,0,422-2,5,5,1.0,0.4666666666666667,0.4666666666666667,Overcast,Cloudy,58.0,6,R To L,0,0,0,,0,,full_season_release,1,8.192847134592865,3364.0,,8.26274282468876,-0.06989569009589403,3876.7126746155295
20260421,2026-04-21,422,Buffalo Bisons,International League,Sahlen Field,Columbus Clippers,445,3212.0,1,night,Tuesday,1,4,April,4,0,,0,422-3,1,5,9.0,0.4545454545454545,0.5454545454545454,Cloudy,Cloudy,57.0,8,L To R,0,0,0,,0,,full_season_release,1,8.074649075066652,3249.0,,8.04948296434083,0.025166110725821866,3132.175106339598
20260422,2026-04-22,422,Buffalo Bisons,International League,Sahlen Field,Columbus Clippers,445,3321.0,1,night,Wednesday,2,4,April,4,0,,0,422-3,2,5,1.0,0.4782608695652174,0.5217391304347826,Clear,Clear,58.0,8,R To L,0,0,0,,0,,full_season_release,1,8.108021221376747,3364.0,,8.052000700988362,0.05602052038838501,3140.071034153705
20260423,2026-04-23,422,Buffalo Bisons,International League,Sahlen Field,Columbus Clippers,445,3237.0,1,night,Thursday,3,4,April,4,0,,0,422-3,3,5,1.0,0.5,0.5,Clear,Clear,65.0,5,Out To LF,0,0,0,,0,,full_season_release,1,8.082402253926244,4225.0,,8.213203318977152,-0.1308010650509086,3689.341696096516
20260424,2026-04-24,422,Buffalo Bisons,International League,Sahlen Field,Columbus Clippers,445,4788.0,1,night,Friday,4,4,April,5,1,,0,422-3,4,5,1.0,0.48,0.52,Overcast,Cloudy,55.0,11,In From LF,0,0,0,,0,,full_season_release,1,8.473868066677865,3025.0,,8.432724364699256,0.041143701978608505,4595.001515934258
20260426,2026-04-26,422,Buffalo Bisons,International League,Sahlen Field,Columbus Clippers,445,3714.0,2,day,Sunday,6,4,April,5,1,,0,422-3,5,5,2.0,0.4814814814814814,0.5185185185185185,Partly Cloudy,Cloudy,54.0,7,Out To CF,0,0,0,,0,,full_season_release,1,8.219864741912652,2916.0,,8.170110320518909,0.04975442139374309,3533.7337854645793
20260512,2026-05-12,422,Buffalo Bisons,International League,Sahlen Field,Worcester Red Sox,533,3710.0,1,night,Tuesday,1,5,May,7,0,,0,422-4,1,6,14.0,0.5,0.5526315789473685,Cloudy,Cloudy,56.0,6,Calm,0,0,0,,0,,full_season_release,1,8.21878715560148,3136.0,,8.225405353772274,-0.0066181981707931214,3734.6349447682383
20260513,2026-05-13,422,Buffalo Bisons,International League,Sahlen Field,Worcester Red Sox,533,3193.0,1,night,Wednesday,2,5,May,7,0,,0,422-4,2,6,1.0,0.4878048780487805,0.5641025641025641,Overcast,Cloudy,52.0,15,R To L,0,0,0,,0,,full_season_release,1,8.068716192714781,2704.0,,8.228056816699088,-0.15934062398430626,3744.550330198937
20260514,2026-05-14,422,Buffalo Bisons,International League,Sahlen Field,Worcester Red Sox,533,3207.0,1,night,Thursday,3,5,May,7,0,,0,422-4,3,6,1.0,0.5,0.55,Overcast,Cloudy,47.0,7,Calm,0,0,0,,0,,full_season_release,1,8.073091199693154,2209.0,,8.220757296242196,-0.14766609654904173,3717.316426605222
20260515,2026-05-15,422,Buffalo Bisons,International League,Sahlen Field,Worcester Red Sox,533,6589.0,1,night,Friday,4,5,May,8,1,,0,422-4,4,6,1.0,0.5116279069767442,0.5365853658536586,Cloudy,Cloudy,57.0,10,R To L,0,0,0,,0,,full_season_release,1,8.793156870913819,3249.0,,8.733076940759982,0.060079930153836614,6204.790542102853
20260516,2026-05-16,422,Buffalo Bisons,International League,Sahlen Field,Worcester Red Sox,533,4147.0,1,day,Saturday,5,5,May,8,1,,0,422-4,5,6,1.0,0.5227272727272727,0.5238095238095238,Partly Cloudy,Cloudy,73.0,12,In From LF,0,0,0,,0,,full_season_release,1,8.330140460246382,5329.0,,8.917865656546576,-0.5877251963001946,7464.141175575869
20260517,2026-05-17,422,Buffalo Bisons,International League,Sahlen Field,Worcester Red Sox,533,4776.0,1,day,Sunday,6,5,May,8,1,,0,422-4,6,6,1.0,0.5111111111111111,0.5348837209302325,Partly Cloudy,Cloudy,65.0,14,Out To LF,0,0,0,,0,,full_season_release,1,8.471358655072438,4225.0,,8.579759805347878,-0.10840115027544073,5322.826857204163
20260526,2026-05-26,422,Buffalo Bisons,International League,Sahlen Field,Lehigh Valley IronPigs,1410,4417.0,1,night,Tuesday,1,5,May,9,0,,0,422-5,1,6,9.0,0.5,0.4423076923076923,Partly Cloudy,Cloudy,68.0,9,Calm,0,0,0,,1,-5.0,full_season_release,1,8.393216011596527,4624.0,-5.0,8.459198282952032,-0.06598227135550516,4718.273760382575
20260527,2026-05-27,422,Buffalo Bisons,International League,Sahlen Field,Lehigh Valley IronPigs,1410,3837.0,1,day,Wednesday,2,5,May,9,0,,0,422-5,2,6,1.0,0.490566037735849,0.4528301886792453,Sunny,Clear,70.0,9,Out To LF,0,0,0,,1,-4.0,full_season_release,1,8.252446090246952,4900.0,-4.0,8.573084479568559,-0.3206383893216067,5287.413582937852
20260528,2026-05-28,422,Buffalo Bisons,International League,Sahlen Field,Lehigh Valley IronPigs,1410,13590.0,1,day,Thursday,3,5,May,9,0,,0,422-5,3,6,1.0,0.4814814814814814,0.4629629629629629,Partly Cloudy,Cloudy,60.0,8,In From CF,0,0,0,,1,-3.0,full_season_release,1,9.51708950714519,3600.0,-3.0,8.584964680475165,0.9321248266700248,5350.603731192406
20260529,2026-05-29,422,Buffalo Bisons,International League,Sahlen Field,Lehigh Valley IronPigs,1410,8115.0,1,night,Friday,4,5,May,10,1,,0,422-5,4,6,1.0,0.4727272727272727,0.4727272727272727,Clear,Clear,63.0,18,R To L,0,0,0,,1,-2.0,full_season_release,1,9.00146947994869,3969.0,-2.0,8.826659001343685,0.17481047860500531,6813.484902348711
20260530,2026-05-30,422,Buffalo Bisons,International League,Sahlen Field,Lehigh Valley IronPigs,1410,4582.0,1,day,Saturday,5,5,May,10,1,,0,422-5,5,6,1.0,0.4821428571428571,0.4642857142857143,Partly Cloudy,Cloudy,62.0,8,In From LF,0,0,0,,1,-1.0,full_season_release,1,8.42989086301344,3844.0,-1.0,8.883565995558854,-0.45367513254541336,7212.4645487924
20260531,2026-05-31,422,Buffalo Bisons,International League,Sahlen Field,Lehigh Valley IronPigs,1410,9259.0,1,day,Sunday,6,5,May,10,1,,0,422-5,6,6,1.0,0.4736842105263157,0.4736842105263157,Sunny,Clear,64.0,13,R To L,0,1,1,Stadium Sling Bag presented by Rich Entertainment Group,1,0.0,full_season_release,1,9.133351330448047,4096.0,0.0,8.597130482143035,0.5362208483050122,5416.09568830109
20260609,2026-06-09,422,Buffalo Bisons,International League,Sahlen Field,Syracuse Mets,552,4064.0,1,night,Tuesday,1,6,June,11,0,,0,422-6,1,12,9.0,0.453125,0.515625,Overcast,Cloudy,80.0,3,Calm,0,0,0,,1,-11.0,full_season_release,1,8.309922989258318,6400.0,-11.0,8.517540947970671,-0.207617958712353,5001.739085143771
20260610,2026-06-10,422,Buffalo Bisons,International League,Sahlen Field,Syracuse Mets,552,4197.0,1,night,Wednesday,2,6,June,11,0,,0,422-6,2,12,1.0,0.4461538461538462,0.5230769230769231,Partly Cloudy,Cloudy,74.0,8,R To L,0,0,0,,1,-10.0,full_season_release,1,8.34212526333359,5476.0,-10.0,8.513661277411275,-0.17153601407768448,4982.371579333459
20260611,2026-06-11,422,Buffalo Bisons,International League,Sahlen Field,Syracuse Mets,552,5683.0,1,night,Thursday,3,6,June,11,0,,0,422-6,3,12,1.0,0.4545454545454545,0.5151515151515151,Overcast,Cloudy,72.0,9,R To L,0,0,0,,1,-9.0,full_season_release,1,8.645234541297121,5184.0,-9.0,8.599811349835736,0.04542319146138496,5430.6350045361205
20260612,2026-06-12,422,Buffalo Bisons,International League,Sahlen Field,Syracuse Mets,552,8925.0,1,night,Friday,4,6,June,12,1,,0,422-6,4,12,1.0,0.4626865671641791,0.5074626865671642,Partly Cloudy,Cloudy,70.0,21,Out To LF,0,0,0,,1,-8.0,full_season_release,1,9.09661160664784,4900.0,-8.0,8.930856251397573,0.1657553552502673,7561.737353212197
20260613,2026-06-13,422,Buffalo Bisons,International League,Sahlen Field,Syracuse Mets,552,13495.0,1,night,Saturday,5,6,June,12,1,,0,422-6,5,12,1.0,0.4705882352941176,0.5,Clear,Clear,76.0,12,R To L,0,0,0,,1,-7.0,full_season_release,1,9.510074525452104,5776.0,-7.0,8.881725653801391,0.6283488716507133,7199.203355415813
20260614,2026-06-14,422,Buffalo Bisons,International League,Sahlen Field,Syracuse Mets,552,5149.0,1,day,Sunday,6,6,June,12,1,,0,422-6,6,12,1.0,0.4782608695652174,0.4927536231884058,Cloudy,Cloudy,72.0,9,In From RF,0,0,0,,1,-6.0,full_season_release,1,8.546557800046141,5184.0,-6.0,8.700907570761483,-0.15434977071534206,6008.36275787468
20260616,2026-06-16,422,Buffalo Bisons,International League,Sahlen Field,Charlotte Knights,494,6183.0,1,night,Tuesday,1,6,June,12,0,,0,422-6,7,12,2.0,0.4857142857142857,0.5428571428571428,Partly Cloudy,Cloudy,72.0,9,Out To LF,0,0,0,,1,-5.0,full_season_release,1,8.729558869558568,5184.0,-5.0,8.588774596224264,0.14078427333430454,5371.0279632110905
20260617,2026-06-17,422,Buffalo Bisons,International League,Sahlen Field,Charlotte Knights,494,4743.0,1,day,Wednesday,2,6,June,12,0,,0,422-6,8,12,1.0,0.4788732394366197,0.5492957746478874,Partly Cloudy,Cloudy,68.0,13,R To L,0,0,0,,1,-4.0,full_season_release,1,8.464425125877582,4624.0,-4.0,8.565597382834332,-0.10117225695674925,5247.974034064451
20260618,2026-06-18,422,Buffalo Bisons,International League,Sahlen Field,Charlotte Knights,494,4894.0,1,night,Thursday,3,6,June,12,0,,0,422-6,9,12,1.0,0.4722222222222222,0.5555555555555556,Partly Cloudy,Cloudy,67.0,24,Out To LF,0,0,0,,1,-3.0,full_season_release,1,8.495765244002618,4489.0,-3.0,8.524439836367105,-0.028674592364486884,5036.364827111735
20260619,2026-06-19,422,Buffalo Bisons,International League,Sahlen Field,Charlotte Knights,494,9890.0,1,night,Friday,4,6,June,13,1,,0,422-6,10,12,1.0,0.4657534246575342,0.5616438356164384,Partly Cloudy,Cloudy,68.0,15,R To L,0,0,0,,1,-2.0,full_season_release,1,9.199279424616758,4624.0,-2.0,8.864068799893662,0.3352106247230964,7073.203725546239
20260620,2026-06-20,422,Buffalo Bisons,International League,Sahlen Field,Charlotte Knights,494,7026.0,1,night,Saturday,5,6,June,13,1,,0,422-6,11,12,1.0,0.4729729729729729,0.5540540540540541,Partly Cloudy,Cloudy,68.0,9,R To L,0,0,0,,1,-1.0,full_season_release,1,8.857372832825773,4624.0,-1.0,8.808405516667127,0.04896731615864525,6690.24327653824
20260621,2026-06-21,422,Buffalo Bisons,International League,Sahlen Field,Charlotte Knights,494,12456.0,1,day,Sunday,6,6,June,13,1,Father's Day,1,422-6,12,12,1.0,0.4666666666666667,0.56,Sunny,Clear,69.0,8,Calm,0,1,1,Logo Baseball (Father's Day) presented by ECMC,1,0.0,full_season_release,1,9.429957713513835,4761.0,0.0,8.709822481248766,0.7201352322650685,6062.1662443307305
20260707,2026-07-07,422,Buffalo Bisons,International League,Sahlen Field,Scranton/Wilkes-Barre RailRiders,531,6892.0,1,night,Tuesday,1,7,July,15,0,,0,422-7,1,5,14.0,0.4772727272727273,0.5232558139534884,Partly Cloudy,Cloudy,80.0,8,Out To RF,0,0,0,,1,-2.0,full_season_release,1,8.83811659764782,6400.0,-2.0,8.419757137189398,0.4183594604584222,4535.801743855034
20260708,2026-07-08,422,Buffalo Bisons,International League,Sahlen Field,Scranton/Wilkes-Barre RailRiders,531,6091.0,1,night,Wednesday,2,7,July,15,0,,0,422-7,2,5,1.0,0.4719101123595505,0.5287356321839081,Clear,Clear,80.0,8,R To L,0,0,0,,1,-1.0,full_season_release,1,8.714567550836485,6400.0,-1.0,8.486901169521387,0.22766638131509787,4850.810917895815
20260710,2026-07-10,422,Buffalo Bisons,International League,Sahlen Field,Scranton/Wilkes-Barre RailRiders,531,10273.0,1,night,Friday,4,7,July,16,1,,0,422-7,3,5,2.0,0.4666666666666667,0.5340909090909091,Clear,Clear,81.0,6,R To L,0,1,1,Cookie Cutter (Christmas in July),1,0.0,full_season_release,1,9.237274373216264,6561.0,0.0,8.893838555685834,0.3434358175304304,7286.936880392696
20260711,2026-07-11,422,Buffalo Bisons,International League,Sahlen Field,Scranton/Wilkes-Barre RailRiders,531,5547.0,2,night,Saturday,5,7,July,16,1,,0,422-7,4,5,1.0,0.4782608695652174,0.5222222222222223,Clear,Clear,79.0,12,Out To LF,0,0,0,,1,1.0,full_season_release,1,8.621012520055235,6241.0,1.0,8.864074789826892,-0.24306226977165757,7073.246093691171
20260712,2026-07-12,422,Buffalo Bisons,International League,Sahlen Field,Scranton/Wilkes-Barre RailRiders,531,7727.0,1,day,Sunday,6,7,July,16,1,,0,422-7,5,5,1.0,0.4731182795698925,0.5274725274725275,Sunny,Clear,80.0,4,In From LF,0,1,1,Ernie Clement Bobble-Card presented by Equitable Advisors,1,0.0,full_season_release,1,8.952475967933584,6400.0,0.0,8.6786265894144,0.27384937851918423,5875.970926332758
20260721,2026-07-21,422,Buffalo Bisons,International League,Sahlen Field,Rochester Red Wings,534,6081.0,1,night,Tuesday,1,7,July,17,0,,0,422-8,1,6,9.0,0.4742268041237113,0.6,Cloudy,Cloudy,72.0,12,Out To LF,0,0,0,,1,-3.0,full_season_release,1,8.71292443512011,5184.0,-3.0,8.488311096095753,0.22461333902435676,4857.655028829345
20260722,2026-07-22,422,Buffalo Bisons,International League,Sahlen Field,Rochester Red Wings,534,7218.0,1,day,Wednesday,2,7,July,17,0,,0,422-8,2,6,1.0,0.4795918367346938,0.59375,Overcast,Cloudy,66.0,11,R To L,0,0,0,,1,-2.0,full_season_release,1,8.884333185202735,4356.0,-2.0,8.571450992128764,0.31288219307397114,5278.783709574904
20260723,2026-07-23,422,Buffalo Bisons,International League,Sahlen Field,Rochester Red Wings,534,5829.0,1,night,Thursday,3,7,July,17,0,,0,422-8,3,6,1.0,0.4747474747474747,0.5979381443298969,Clear,Clear,73.0,9,Calm,0,0,0,,1,-1.0,full_season_release,1,8.67060073804555,5329.0,-1.0,8.562938412422954,0.10766232562259681,5234.038361868785
20260724,2026-07-24,422,Buffalo Bisons,International League,Sahlen Field,Rochester Red Wings,534,10083.0,1,night,Friday,4,7,July,18,1,,0,422-8,4,6,1.0,0.48,0.5918367346938775,Clear,Clear,80.0,5,R To L,0,1,1,Slippers (Pajama Night),1,0.0,full_season_release,1,9.218606116393214,6400.0,0.0,8.88797078101427,0.33063533537894507,7244.303979185178
20260725,2026-07-25,422,Buffalo Bisons,International League,Sahlen Field,Rochester Red Wings,534,9631.0,1,night,Saturday,5,7,July,18,1,,0,422-8,5,6,1.0,0.4851485148514851,0.5858585858585859,Partly Cloudy,Cloudy,78.0,8,Out To LF,0,0,0,,1,1.0,full_season_release,1,9.172742341560864,6084.0,1.0,8.839229247744134,0.33351309381673033,6899.6726521608225
20260726,2026-07-26,422,Buffalo Bisons,International League,Sahlen Field,Rochester Red Wings,534,7154.0,1,day,Sunday,6,7,July,18,1,,0,422-8,6,6,1.0,0.4803921568627451,0.59,Overcast,Cloudy,76.0,7,Out To LF,0,0,0,,1,2.0,full_season_release,1,8.875426919818963,5776.0,2.0,8.662026531613968,0.2134003882049953,5779.234604978579
20260804,2026-08-04,422,Buffalo Bisons,International League,Sahlen Field,Norfolk Tides,568,6976.0,1,night,Tuesday,1,8,August,19,0,,0,422-9,1,6,9.0,0.4770642201834862,0.3551401869158878,Clear,Clear,81.0,6,Calm,0,0,0,,1,-5.0,full_season_release,1,8.850230965588816,6561.0,-5.0,8.52924598783539,0.32098497775342594,5060.628620347173
20260805,2026-08-05,422,Buffalo Bisons,International League,Sahlen Field,Norfolk Tides,568,6015.0,1,day,Wednesday,2,8,August,19,0,,0,422-9,2,6,1.0,0.4818181818181818,0.3518518518518518,Cloudy,Cloudy,86.0,10,Out To LF,0,0,0,,1,-4.0,full_season_release,1,8.70201162840878,7396.0,-4.0,8.601587581314911,0.10042404709386865,5440.289641279575
20260806,2026-08-06,422,Buffalo Bisons,International League,Sahlen Field,Norfolk Tides,568,4673.0,1,night,Thursday,3,8,August,19,0,,0,422-9,3,6,1.0,0.4864864864864865,0.3486238532110092,Partly Cloudy,Cloudy,83.0,9,R To L,0,0,0,,1,-3.0,full_season_release,1,8.449556542700426,6889.0,-3.0,8.590641744299193,-0.14108520159876647,5381.065835914133
20260807,2026-08-07,422,Buffalo Bisons,International League,Sahlen Field,Norfolk Tides,568,11707.0,1,night,Friday,4,8,August,20,1,,0,422-9,4,6,1.0,0.4821428571428571,0.3545454545454545,Cloudy,Cloudy,78.0,5,R To L,0,0,0,,1,-2.0,full_season_release,1,9.367942232479672,6084.0,-2.0,8.94824143782314,0.41970079465653143,7694.3489655203875
20260808,2026-08-08,422,Buffalo Bisons,International League,Sahlen Field,Norfolk Tides,568,7151.0,1,night,Saturday,5,8,August,20,1,,0,422-9,5,6,1.0,0.4867256637168141,0.3513513513513513,Partly Cloudy,Cloudy,78.0,14,Out To LF,0,0,0,,1,-1.0,full_season_release,1,8.875007486048396,6084.0,-1.0,8.891584109371601,-0.016576623323205197,7270.527376523555
20260809,2026-08-09,422,Buffalo Bisons,International League,Sahlen Field,Norfolk Tides,568,6027.0,1,day,Sunday,6,8,August,20,1,,0,422-9,6,6,1.0,0.4912280701754385,0.3482142857142857,Sunny,Clear,79.0,7,Calm,0,1,1,Sliding Mitt presented by SUNY Erie,1,0.0,full_season_release,1,8.704004653483045,6241.0,0.0,8.708110408793898,-0.004105755310852999,6051.796256105614
20260818,2026-08-18,422,Buffalo Bisons,International League,Sahlen Field,Lehigh Valley IronPigs,1410,6344.0,1,night,Tuesday,1,8,August,21,0,,0,422-10,1,6,9.0,0.4958677685950413,0.4833333333333333,Partly Cloudy,Cloudy,74.0,12,Out To LF,0,0,0,,1,-5.0,full_season_release,1,8.755264763314685,5476.0,-5.0,8.502456784343417,0.2528079789712674,4926.8582118461245
20260819,2026-08-19,422,Buffalo Bisons,International League,Sahlen Field,Lehigh Valley IronPigs,1410,4491.0,1,day,Wednesday,2,8,August,21,0,,0,422-10,2,6,1.0,0.4918032786885246,0.4876033057851239,Cloudy,Cloudy,75.0,10,In From RF,0,0,0,,1,-4.0,full_season_release,1,8.409830673087738,5625.0,-4.0,8.609000904112317,-0.19917023102457954,5480.770126562435
20260820,2026-08-20,422,Buffalo Bisons,International League,Sahlen Field,Lehigh Valley IronPigs,1410,5939.0,1,night,Thursday,3,8,August,21,0,,0,422-10,3,6,1.0,0.4878048780487805,0.4918032786885246,Clear,Clear,76.0,9,Calm,0,0,0,,1,-3.0,full_season_release,1,8.68929604801586,5776.0,-3.0,8.57265544174332,0.11664060627254003,5285.145569079748
20260821,2026-08-21,422,Buffalo Bisons,International League,Sahlen Field,Lehigh Valley IronPigs,1410,10042.0,1,night,Friday,4,8,August,22,1,,0,422-10,4,6,1.0,0.4919354838709677,0.4878048780487805,Partly Cloudy,Cloudy,80.0,4,Out To LF,0,0,0,,1,-2.0,full_season_release,1,9.21453157659465,6400.0,-2.0,8.897356713205403,0.3171748633892477,7312.618621889557
20260823,2026-08-23,422,Buffalo Bisons,International League,Sahlen Field,Lehigh Valley IronPigs,1410,7043.0,1,day,Sunday,6,8,August,22,1,,0,422-10,6,6,2.0,0.496,0.4838709677419355,Overcast,Cloudy,66.0,13,Out To CF,0,1,1,Vlad Guerrero Jr. Jersey Lunch Bag,1,0.0,full_season_release,1,8.85978949474541,4356.0,0.0,8.628288160782636,0.23150133396277361,5587.505150899662
20260407,2026-04-07,4904,El Paso Chihuahuas,Pacific Coast League,Southwest University Park,Albuquerque Isotopes,342,7237.0,1,night,Tuesday,1,4,April,2,0,,0,4904-1,1,6,1.0,0.5,0.4,Clear,Clear,71.0,5,Out To RF,0,1,2,Rally Towel Giveaway | Magnet Schedule exit giveaway presented by Southwest University,1,0.0,full_season_release,1,8.886962034866128,5041.0,0.0,8.465641156950806,0.42132087791532236,4748.771143614119
20260408,2026-04-08,4904,El Paso Chihuahuas,Pacific Coast League,Southwest University Park,Albuquerque Isotopes,342,6984.0,1,day,Wednesday,2,4,April,2,0,,0,4904-1,2,6,1.0,0.4545454545454545,0.4545454545454545,Sunny,Clear,74.0,3,Calm,0,0,0,,1,1.0,full_season_release,1,8.851377097519439,5476.0,1.0,8.434837803549746,0.41653929396969325,4604.7230399608425
20260409,2026-04-09,4904,El Paso Chihuahuas,Pacific Coast League,Southwest University Park,Albuquerque Isotopes,342,5359.0,1,night,Thursday,3,4,April,2,0,,0,4904-1,3,6,1.0,0.4166666666666667,0.5,Clear,Clear,84.0,6,Calm,0,0,0,,1,2.0,full_season_release,1,8.58653266949485,7056.0,2.0,8.355792159473248,0.23074051002160267,4254.753721199432
20260410,2026-04-10,4904,El Paso Chihuahuas,Pacific Coast League,Southwest University Park,Albuquerque Isotopes,342,7314.0,1,night,Friday,4,4,April,3,1,,0,4904-1,4,6,1.0,0.4615384615384615,0.4615384615384615,Rain,Precipitation,83.0,15,Out To RF,1,0,0,,1,3.0,full_season_release,1,8.897545598709327,6889.0,3.0,8.624687617604168,0.27285798110515813,5567.423271875172
20260411,2026-04-11,4904,El Paso Chihuahuas,Pacific Coast League,Southwest University Park,Albuquerque Isotopes,342,8672.0,1,night,Saturday,5,4,April,3,1,,0,4904-1,5,6,1.0,0.4285714285714285,0.5,Partly Cloudy,Cloudy,71.0,10,Out To LF,0,0,0,,1,4.0,full_season_release,1,9.067854723679428,5041.0,4.0,8.663277538017613,0.40457718566181455,5786.468988664241
20260412,2026-04-12,4904,El Paso Chihuahuas,Pacific Coast League,Southwest University Park,Albuquerque Isotopes,342,5583.0,1,day,Sunday,6,4,April,3,1,,0,4904-1,6,6,1.0,0.4,0.5333333333333333,Partly Cloudy,Cloudy,75.0,12,Out To RF,0,0,0,,1,5.0,full_season_release,1,8.62748154531036,5625.0,5.0,8.480878324651135,0.14660322065922493,4821.683040635742
20260421,2026-04-21,4904,El Paso Chihuahuas,Pacific Coast League,Southwest University Park,Reno Aces,2310,4811.0,1,night,Tuesday,1,4,April,4,0,,0,4904-2,1,6,9.0,0.4090909090909091,0.5,Partly Cloudy,Cloudy,83.0,7,Out To RF,0,0,0,,1,-3.0,full_season_release,1,8.478660241699453,6889.0,-3.0,8.29145608094208,0.18720416075737312,3989.6392048355096
20260422,2026-04-22,4904,El Paso Chihuahuas,Pacific Coast League,Southwest University Park,Reno Aces,2310,6034.0,1,day,Wednesday,2,4,April,4,0,,0,4904-2,2,6,1.0,0.4347826086956521,0.4782608695652174,Sunny,Clear,79.0,13,In From LF,0,0,0,,1,-2.0,full_season_release,1,8.705165419719007,6241.0,-2.0,8.422253130871043,0.2829122888479638,4547.137217098704
20260423,2026-04-23,4904,El Paso Chihuahuas,Pacific Coast League,Southwest University Park,Reno Aces,2310,4954.0,1,night,Thursday,3,4,April,4,0,,0,4904-2,3,6,1.0,0.4583333333333333,0.4583333333333333,Cloudy,Cloudy,81.0,14,In From LF,0,0,0,,1,-1.0,full_season_release,1,8.507950610049305,6561.0,-1.0,8.381535565284542,0.12641504476476229,4365.7076108015635
20260424,2026-04-24,4904,El Paso Chihuahuas,Pacific Coast League,Southwest University Park,Reno Aces,2310,8020.0,1,night,Friday,4,4,April,5,1,,0,4904-2,4,6,1.0,0.44,0.48,Clear,Clear,83.0,12,Out To RF,0,1,1,Reversible Jersey presented by GECU,1,0.0,full_season_release,1,8.98969370086056,6889.0,0.0,8.700838523178835,0.2888551776817252,6007.9479092728825
20260425,2026-04-25,4904,El Paso Chihuahuas,Pacific Coast League,Southwest University Park,Reno Aces,2310,7664.0,1,night,Saturday,5,4,April,5,1,,0,4904-2,5,6,1.0,0.4230769230769231,0.5,Cloudy,Cloudy,83.0,15,Out To RF,0,0,0,,1,1.0,full_season_release,1,8.944289319650697,6889.0,1.0,8.640089504437453,0.30419981521324324,5653.835845186902
20260426,2026-04-26,4904,El Paso Chihuahuas,Pacific Coast League,Southwest University Park,Reno Aces,2310,7805.0,1,day,Sunday,6,4,April,5,1,,0,4904-2,6,6,1.0,0.4444444444444444,0.4814814814814814,Sunny,Clear,82.0,17,Out To CF,0,0,0,,1,2.0,full_season_release,1,8.962519832949532,6724.0,2.0,8.468388245990068,0.4941315869594636,4761.83437548812
20260505,2026-05-05,4904,El Paso Chihuahuas,Pacific Coast League,Southwest University Park,Tacoma Rainiers,529,5881.0,1,night,Tuesday,1,5,May,6,0,,0,4904-3,1,6,9.0,0.4705882352941176,0.4705882352941176,Cloudy,Cloudy,74.0,18,In From RF,0,0,0,,0,,full_season_release,1,8.679482094459956,5476.0,,8.60169328107526,0.07778881338469645,5440.86470898261
20260506,2026-05-06,4904,El Paso Chihuahuas,Pacific Coast League,Southwest University Park,Tacoma Rainiers,529,6962.0,1,day,Wednesday,2,5,May,6,0,,0,4904-3,2,6,1.0,0.4857142857142857,0.4571428571428571,Sunny,Clear,68.0,12,Out To RF,0,0,0,,0,,full_season_release,1,8.848222068371385,4624.0,,8.694977201522507,0.15324486684887795,5972.836394544555
20260507,2026-05-07,4904,El Paso Chihuahuas,Pacific Coast League,Southwest University Park,Tacoma Rainiers,529,6562.0,1,night,Thursday,3,5,May,6,0,,0,4904-3,3,6,1.0,0.5,0.4444444444444444,Clear,Clear,79.0,5,In From CF,0,0,0,,0,,full_season_release,1,8.789050713521046,6241.0,,8.670007158906436,0.1190435546146098,5825.541053878798
20260508,2026-05-08,4904,El Paso Chihuahuas,Pacific Coast League,Southwest University Park,Tacoma Rainiers,529,7937.0,1,night,Friday,4,5,May,7,1,,0,4904-3,4,6,1.0,0.4864864864864865,0.4594594594594595,Clear,Clear,88.0,6,Out To RF,0,0,0,,0,,full_season_release,1,8.979290649090876,7744.0,,8.938909707812833,0.040380941278042926,7622.881355213922
20260509,2026-05-09,4904,El Paso Chihuahuas,Pacific Coast League,Southwest University Park,Tacoma Rainiers,529,7908.0,1,night,Saturday,5,5,May,7,1,,0,4904-3,5,6,1.0,0.4736842105263157,0.4736842105263157,Clear,Clear,90.0,6,Out To LF,0,0,0,,0,,full_season_release,1,8.975630184290507,8100.0,,8.856675203588084,0.11895498070242283,7021.100166308349
20260510,2026-05-10,4904,El Paso Chihuahuas,Pacific Coast League,Southwest University Park,Tacoma Rainiers,529,4159.0,1,day,Sunday,6,5,May,7,1,Mother's Day,1,4904-3,6,6,1.0,0.4871794871794871,0.4615384615384615,Sunny,Clear,89.0,6,Out To RF,0,0,0,,0,,full_season_release,1,8.33302993974291,7921.0,,8.767942393607385,-0.43491245386447375,6424.938858988383
20260519,2026-05-19,4904,El Paso Chihuahuas,Pacific Coast League,Southwest University Park,Round Rock Express,102,4863.0,1,night,Tuesday,1,5,May,8,0,,0,4904-4,1,6,9.0,0.4782608695652174,0.3478260869565217,Clear,Clear,91.0,10,Out To CF,0,0,0,,0,,full_season_release,1,8.489410810403786,8281.0,,8.532638473702285,-0.0432276632984987,5077.825885665526
20260520,2026-05-20,4904,El Paso Chihuahuas,Pacific Coast League,Southwest University Park,Round Rock Express,102,8482.0,1,day,Wednesday,2,5,May,8,0,,0,4904-4,2,6,1.0,0.4680851063829787,0.3617021276595745,Partly Cloudy,Cloudy,81.0,7,Out To LF,0,0,0,,0,,full_season_release,1,9.045701550034536,6561.0,,8.727217408123357,0.31848414191117946,6168.539679693742
20260521,2026-05-21,4904,El Paso Chihuahuas,Pacific Coast League,Southwest University Park,Round Rock Express,102,4907.0,1,night,Thursday,3,5,May,8,0,,0,4904-4,3,6,1.0,0.4583333333333333,0.375,Partly Cloudy,Cloudy,79.0,12,Out To CF,0,0,0,,0,,full_season_release,1,8.498418036089904,6241.0,,8.698369177555062,-0.19995114146515824,5993.130511562657
20260522,2026-05-22,4904,El Paso Chihuahuas,Pacific Coast League,Southwest University Park,Round Rock Express,102,7854.0,1,night,Friday,4,5,May,9,1,,0,4904-4,4,6,1.0,0.4693877551020408,0.3673469387755102,Clear,Clear,84.0,9,Calm,0,0,0,,0,,full_season_release,1,8.968778235137956,7056.0,,9.006770918436121,-0.03799268329816563,8158.135412165022
20260523,2026-05-23,4904,El Paso Chihuahuas,Pacific Coast League,Southwest University Park,Round Rock Express,102,7620.0,1,night,Saturday,5,5,May,9,1,,0,4904-4,5,6,1.0,0.46,0.38,Clear,Clear,85.0,8,Out To CF,0,0,0,,0,,full_season_release,1,8.938531648680692,7225.0,,8.939366235600703,-0.0008345869200105938,7626.362206868511
20260524,2026-05-24,4904,El Paso Chihuahuas,Pacific Coast League,Southwest University Park,Round Rock Express,102,7915.0,1,night,Sunday,6,5,May,9,1,,0,4904-4,6,6,1.0,0.4509803921568627,0.392156862745098,Clear,Clear,90.0,7,Out To CF,0,0,0,,0,,full_season_release,1,8.976514972315112,8100.0,,8.583452496136875,0.39306247617823686,5342.518746563926
20260602,2026-06-02,4904,El Paso Chihuahuas,Pacific Coast League,Southwest University Park,Sugar Land Space Cowboys,5434,4094.0,1,night,Tuesday,1,6,June,10,0,,0,4904-5,1,6,9.0,0.4310344827586206,0.4137931034482758,Overcast,Cloudy,87.0,16,Out To LF,0,0,0,,1,-3.0,full_season_release,1,8.317277766221235,7569.0,-3.0,8.634740796461688,-0.31746303024045375,5623.67585869132
20260603,2026-06-03,4904,El Paso Chihuahuas,Pacific Coast League,Southwest University Park,Sugar Land Space Cowboys,5434,3957.0,1,night,Wednesday,2,6,June,10,0,,0,4904-5,2,6,1.0,0.423728813559322,0.423728813559322,Overcast,Cloudy,86.0,10,Out To LF,0,0,0,,1,-2.0,full_season_release,1,8.283241441385425,7396.0,-2.0,8.627511786184451,-0.3442703447990265,5583.16883735293
20260604,2026-06-04,4904,El Paso Chihuahuas,Pacific Coast League,Southwest University Park,Sugar Land Space Cowboys,5434,4566.0,1,night,Thursday,3,6,June,10,0,,0,4904-5,3,6,1.0,0.4166666666666667,0.4333333333333333,Partly Cloudy,Cloudy,84.0,3,In From CF,0,0,0,,1,-1.0,full_season_release,1,8.42639282708974,7056.0,-1.0,8.729135814244486,-0.3027429871547458,6180.384802218693
20260605,2026-06-05,4904,El Paso Chihuahuas,Pacific Coast League,Southwest University Park,Sugar Land Space Cowboys,5434,5752.0,1,night,Friday,4,6,June,11,1,,0,4904-5,4,6,1.0,0.4098360655737705,0.4426229508196721,Cloudy,Cloudy,81.0,6,Out To RF,0,1,1,Retro Hat presented by Fred Loya,1,0.0,full_season_release,1,8.657302899400882,6561.0,0.0,9.081262300570781,-0.42395940116989905,8789.053454914487
20260606,2026-06-06,4904,El Paso Chihuahuas,Pacific Coast League,Southwest University Park,Sugar Land Space Cowboys,5434,8002.0,1,night,Saturday,5,6,June,11,1,,0,4904-5,5,6,1.0,0.4193548387096774,0.4354838709677419,Clear,Clear,93.0,3,Out To CF,0,0,0,,1,1.0,full_season_release,1,8.98744678941718,8649.0,1.0,8.90764408590243,0.07980270351475127,7388.234532703964
20260607,2026-06-07,4904,El Paso Chihuahuas,Pacific Coast League,Southwest University Park,Sugar Land Space Cowboys,5434,7031.0,1,night,Sunday,6,6,June,11,1,,0,4904-5,6,6,1.0,0.4285714285714285,0.4285714285714285,Clear,Clear,95.0,11,Out To LF,0,0,0,,1,2.0,full_season_release,1,8.858084222199162,9025.0,2.0,8.575421087971078,0.2826631342280841,5299.782643140687
20260616,2026-06-16,4904,El Paso Chihuahuas,Pacific Coast League,Southwest University Park,Reno Aces,2310,5109.0,1,night,Tuesday,1,6,June,12,0,,0,4904-6,1,6,9.0,0.4571428571428571,0.4285714285714285,Clear,Clear,96.0,5,Out To RF,0,0,0,,0,,full_season_release,1,8.538758969330798,9216.0,,8.506452985245522,0.03230598408527641,4946.58631956358
20260617,2026-06-17,4904,El Paso Chihuahuas,Pacific Coast League,Southwest University Park,Reno Aces,2310,4973.0,1,night,Wednesday,2,6,June,12,0,,0,4904-6,2,6,1.0,0.4647887323943662,0.4225352112676056,Cloudy,Cloudy,92.0,19,Out To RF,0,0,0,,0,,full_season_release,1,8.511778558714738,8464.0,,8.553577651044616,-0.04179909232987811,5185.272377179401
20260618,2026-06-18,4904,El Paso Chihuahuas,Pacific Coast League,Southwest University Park,Reno Aces,2310,4954.0,1,night,Thursday,3,6,June,12,0,,0,4904-6,3,6,1.0,0.4583333333333333,0.4305555555555556,Partly Cloudy,Cloudy,94.0,7,L To R,0,0,0,,0,,full_season_release,1,8.507950610049305,8836.0,,8.610228562177603,-0.10227795212829882,5487.502770058743
20260619,2026-06-19,4904,El Paso Chihuahuas,Pacific Coast League,Southwest University Park,Reno Aces,2310,6133.0,1,night,Friday,4,6,June,13,1,,0,4904-6,4,6,1.0,0.4657534246575342,0.4246575342465753,Partly Cloudy,Cloudy,90.0,13,Out To RF,0,0,0,,0,,full_season_release,1,8.721439305625983,8100.0,,9.000882585710421,-0.279443280084438,8110.238750568032
20260620,2026-06-20,4904,El Paso Chihuahuas,Pacific Coast League,Southwest University Park,Reno Aces,2310,7642.0,1,night,Saturday,5,6,June,13,1,,0,4904-6,5,6,1.0,0.4594594594594595,0.4324324324324324,Clear,Clear,98.0,6,In From CF,0,0,0,,0,,full_season_release,1,8.941414628006845,9604.0,,8.820483736002998,0.12093089200384632,6771.539470562661
20260621,2026-06-21,4904,El Paso Chihuahuas,Pacific Coast League,Southwest University Park,Reno Aces,2310,6587.0,1,night,Sunday,6,6,June,13,1,Father's Day,1,4904-6,6,6,1.0,0.4666666666666667,0.4266666666666667,Clear,Clear,97.0,14,Out To RF,0,0,0,,0,,full_season_release,1,8.792853288640693,9409.0,,8.614988930170155,0.17786435847053816,5513.687577816703
20260630,2026-06-30,4904,El Paso Chihuahuas,Pacific Coast League,Southwest University Park,Sacramento River Cats,105,3877.0,1,night,Tuesday,1,6,June,14,0,,0,4904-7,1,6,9.0,0.4390243902439024,0.5569620253164557,Partly Cloudy,Cloudy,88.0,11,In From LF,0,0,0,,0,,full_season_release,1,8.262816937670928,7744.0,,8.57792654478096,-0.3151096071100312,5313.077667755062
20260701,2026-07-01,4904,El Paso Chihuahuas,Pacific Coast League,Southwest University Park,Sacramento River Cats,105,3932.0,1,night,Wednesday,2,7,July,14,0,,0,4904-7,2,6,1.0,0.4457831325301205,0.55,Partly Cloudy,Cloudy,90.0,7,Out To LF,0,0,0,,0,,full_season_release,1,8.276903481267057,8100.0,,8.532790310759488,-0.2558868294924306,5078.596946341304
20260702,2026-07-02,4904,El Paso Chihuahuas,Pacific Coast League,Southwest University Park,Sacramento River Cats,105,4905.0,1,night,Thursday,3,7,July,14,0,,0,4904-7,3,6,1.0,0.4404761904761904,0.5555555555555556,Partly Cloudy,Cloudy,95.0,4,Out To RF,0,0,0,,0,,full_season_release,1,8.498010371999463,9025.0,,8.548613759671298,-0.05060338767183481,5159.5970259058595
20260703,2026-07-03,4904,El Paso Chihuahuas,Pacific Coast League,Southwest University Park,Sacramento River Cats,105,8715.0,1,night,Friday,4,7,July,15,1,,0,4904-7,4,6,1.0,0.4470588235294118,0.5487804878048781,Cloudy,Cloudy,96.0,6,Out To LF,0,0,0,,0,,full_season_release,1,9.07280095795412,9216.0,,8.86853849897667,0.20426245897744977,7104.889578113128
20260704,2026-07-04,4904,El Paso Chihuahuas,Pacific Coast League,Southwest University Park,Sacramento River Cats,105,9213.0,1,night,Saturday,5,7,July,15,1,Independence Day,1,4904-7,5,6,1.0,0.4534883720930232,0.5421686746987951,Partly Cloudy,Cloudy,97.0,9,Out To CF,0,0,0,,0,,full_season_release,1,9.128370809108931,9409.0,,8.873842823818586,0.2545279852903448,7142.676348456792
20260705,2026-07-05,4904,El Paso Chihuahuas,Pacific Coast League,Southwest University Park,Sacramento River Cats,105,4161.0,1,night,Sunday,6,7,July,15,1,,0,4904-7,6,6,1.0,0.4597701149425287,0.5357142857142857,Drizzle,Precipitation,95.0,9,Out To LF,1,0,0,,0,,full_season_release,1,8.333510708982942,9025.0,,8.448911954799867,-0.11540124581692446,4669.988811332836
20260717,2026-07-17,4904,El Paso Chihuahuas,Pacific Coast League,Southwest University Park,Sugar Land Space Cowboys,5434,6881.0,1,night,Friday,4,7,July,17,1,,0,4904-8,1,3,12.0,0.4408602150537634,0.4946236559139785,Cloudy,Cloudy,84.0,7,In From LF,0,0,0,,1,-1.0,full_season_release,1,8.83651926920248,7056.0,-1.0,8.870657105772747,-0.0341378365702667,7119.958001854949
20260718,2026-07-18,4904,El Paso Chihuahuas,Pacific Coast League,Southwest University Park,Sugar Land Space Cowboys,5434,6570.0,1,night,Saturday,5,7,July,17,1,,0,4904-8,2,3,1.0,0.4361702127659574,0.5,Cloudy,Cloudy,87.0,5,Out To CF,0,1,1,Chico Nutcracker (Christmas in July),1,0.0,full_season_release,1,8.790269111478656,7569.0,0.0,8.9686658722365,-0.1783967607578436,7853.117551350144
20260719,2026-07-19,4904,El Paso Chihuahuas,Pacific Coast League,Southwest University Park,Sugar Land Space Cowboys,5434,6153.0,1,night,Sunday,6,7,July,17,1,,0,4904-8,3,3,1.0,0.4421052631578947,0.4947368421052631,Drizzle,Precipitation,81.0,10,Out To RF,1,0,0,,1,1.0,full_season_release,1,8.724695046740491,6561.0,1.0,8.632875727033726,0.09181931970676516,5613.197087629798
20260728,2026-07-28,4904,El Paso Chihuahuas,Pacific Coast League,Southwest University Park,Albuquerque Isotopes,342,3923.0,1,night,Tuesday,1,7,July,18,0,,0,4904-9,1,6,9.0,0.4313725490196078,0.4854368932038835,Clear,Clear,100.0,8,Out To LF,0,0,0,,0,,full_season_release,1,8.274611946209552,10000.0,,8.409870064321876,-0.1352581181123238,4491.176909516831
20260729,2026-07-29,4904,El Paso Chihuahuas,Pacific Coast League,Southwest University Park,Albuquerque Isotopes,342,4708.0,1,night,Wednesday,2,7,July,18,0,,0,4904-9,2,6,1.0,0.4271844660194174,0.4903846153846153,Clear,Clear,100.0,7,R To L,0,0,0,,0,,full_season_release,1,8.457018468380168,10000.0,,8.39435075088841,0.06266771749175781,4422.014988266246
20260730,2026-07-30,4904,El Paso Chihuahuas,Pacific Coast League,Southwest University Park,Albuquerque Isotopes,342,4925.0,1,night,Thursday,3,7,July,18,0,,0,4904-9,3,6,1.0,0.4230769230769231,0.4952380952380952,Clear,Clear,101.0,11,Out To LF,0,0,0,,0,,full_season_release,1,8.502079553606189,10201.0,,8.460270287498508,0.04180926610768054,4723.334483379608
20260731,2026-07-31,4904,El Paso Chihuahuas,Pacific Coast League,Southwest University Park,Albuquerque Isotopes,342,7975.0,1,night,Friday,4,7,July,19,1,,0,4904-9,4,6,1.0,0.419047619047619,0.5,Partly Cloudy,Cloudy,102.0,9,R To L,0,0,0,,0,,full_season_release,1,8.984066927653044,10404.0,,8.773474825208838,0.21059210244420612,6460.582901968723
20260801,2026-08-01,4904,El Paso Chihuahuas,Pacific Coast League,Southwest University Park,Albuquerque Isotopes,342,8630.0,1,night,Saturday,5,8,August,19,1,,0,4904-9,5,6,1.0,0.4150943396226415,0.5046728971962616,Partly Cloudy,Cloudy,93.0,9,R To L,0,0,0,,0,,full_season_release,1,9.062999784077473,8649.0,,8.855492580582368,0.20750720349510487,7012.801759636731
20260802,2026-08-02,4904,El Paso Chihuahuas,Pacific Coast League,Southwest University Park,Albuquerque Isotopes,342,4265.0,1,day,Sunday,6,8,August,19,1,,0,4904-9,6,6,1.0,0.411214953271028,0.5092592592592593,Sunny,Clear,87.0,6,Out To LF,0,0,0,,0,,full_season_release,1,8.35819745992578,7569.0,,8.746759010120298,-0.38856155019451855,6290.268339802063
20260811,2026-08-11,4904,El Paso Chihuahuas,Pacific Coast League,Southwest University Park,Salt Lake Bees,561,3934.0,1,night,Tuesday,1,8,August,20,0,,0,4904-10,1,12,9.0,0.4122807017543859,0.4473684210526316,Cloudy,Cloudy,92.0,10,Out To CF,0,0,0,,0,,full_season_release,1,8.277411998949004,8464.0,,8.53741390574168,-0.26000190679267554,5102.132689643113
20260812,2026-08-12,4904,El Paso Chihuahuas,Pacific Coast League,Southwest University Park,Salt Lake Bees,561,4959.0,1,day,Wednesday,2,8,August,20,0,,0,4904-10,2,12,1.0,0.417391304347826,0.4434782608695652,Partly Cloudy,Cloudy,87.0,9,Out To CF,0,0,0,,0,,full_season_release,1,8.508959386489133,7569.0,,8.703884477864294,-0.19492509137516123,6026.275745065559
20260813,2026-08-13,4904,El Paso Chihuahuas,Pacific Coast League,Southwest University Park,Salt Lake Bees,561,5254.0,1,night,Thursday,3,8,August,20,0,,0,4904-10,3,12,1.0,0.4224137931034483,0.4396551724137931,Cloudy,Cloudy,89.0,12,Out To RF,0,0,0,,0,,full_season_release,1,8.566744970245486,7921.0,,8.648413527089836,-0.0816685568443507,5701.094922772341
20260814,2026-08-14,4904,El Paso Chihuahuas,Pacific Coast League,Southwest University Park,Salt Lake Bees,561,6477.0,1,night,Friday,4,8,August,21,1,,0,4904-10,4,12,1.0,0.4188034188034188,0.4444444444444444,Partly Cloudy,Cloudy,91.0,7,Out To CF,0,0,0,,0,,full_season_release,1,8.776012719182917,8281.0,,8.958375849320026,-0.1823631301371087,7772.723131369113
20260815,2026-08-15,4904,El Paso Chihuahuas,Pacific Coast League,Southwest University Park,Salt Lake Bees,561,6985.0,1,night,Saturday,5,8,August,21,1,,0,4904-10,5,12,1.0,0.4152542372881356,0.4491525423728814,Cloudy,Cloudy,87.0,9,Out To LF,0,0,0,,0,,full_season_release,1,8.851520271691061,7569.0,,8.945830319873707,-0.09431004818264555,7675.819330165435
20260816,2026-08-16,4904,El Paso Chihuahuas,Pacific Coast League,Southwest University Park,Salt Lake Bees,561,5956.0,1,day,Sunday,6,8,August,21,1,,0,4904-10,6,12,1.0,0.4117647058823529,0.453781512605042,Sunny,Clear,91.0,4,R To L,0,0,0,,0,,full_season_release,1,8.6921543938039,8281.0,,8.718893137349506,-0.02673874354560546,6117.404213134829
20260818,2026-08-18,4904,El Paso Chihuahuas,Pacific Coast League,Southwest University Park,Round Rock Express,102,4498.0,1,night,Tuesday,1,8,August,21,0,,0,4904-10,7,12,2.0,0.4083333333333333,0.4710743801652892,Clear,Clear,93.0,3,Out To LF,0,0,0,,0,,full_season_release,1,8.411388132519262,8649.0,,8.591459619789665,-0.18007148727040345,5385.4686780168395
20260819,2026-08-19,4904,El Paso Chihuahuas,Pacific Coast League,Southwest University Park,Round Rock Express,102,4668.0,1,day,Wednesday,2,8,August,21,0,,0,4904-10,8,12,1.0,0.4049586776859504,0.4754098360655737,Sunny,Clear,93.0,4,L To R,0,0,0,,0,,full_season_release,1,8.448485993406447,8649.0,,8.58221816683183,-0.13373217342538268,5335.928387285819
20260820,2026-08-20,4904,El Paso Chihuahuas,Pacific Coast League,Southwest University Park,Round Rock Express,102,6560.0,1,night,Thursday,3,8,August,21,0,,0,4904-10,9,12,1.0,0.4098360655737705,0.4715447154471545,Cloudy,Cloudy,97.0,4,In From CF,0,0,0,,0,,full_season_release,1,8.788745881938135,9409.0,,8.483845498339742,0.3049003835983939,4836.011058034705
20260821,2026-08-21,4904,El Paso Chihuahuas,Pacific Coast League,Southwest University Park,Round Rock Express,102,7253.0,1,night,Friday,4,8,August,22,1,,0,4904-10,10,12,1.0,0.4065040650406504,0.4758064516129032,Partly Cloudy,Cloudy,97.0,11,Out To LF,0,0,0,,0,,full_season_release,1,8.889170455363413,9409.0,,8.818182008295437,0.07098844706797536,6755.971154426077
20260822,2026-08-22,4904,El Paso Chihuahuas,Pacific Coast League,Southwest University Park,Round Rock Express,102,6771.0,1,night,Saturday,5,8,August,22,1,,0,4904-10,11,12,1.0,0.4032258064516129,0.48,Clear,Clear,98.0,11,R To L,0,0,0,,0,,full_season_release,1,8.820404065485645,9604.0,,8.742410472135184,0.07799359335046141,6262.974256678904
20260823,2026-08-23,4904,El Paso Chihuahuas,Pacific Coast League,Southwest University Park,Round Rock Express,102,4999.0,1,day,Sunday,6,8,August,22,1,,0,4904-10,12,12,1.0,0.4,0.4841269841269841,Sunny,Clear,93.0,7,R To L,0,0,0,,0,,full_season_release,1,8.51699317141357,8649.0,,8.64301212668812,-0.12601895527454943,5670.384041914474
20260327,2026-03-27,431,Gwinnett Stripers,International League,Gwinnett Field,Memphis Redbirds,235,3303.0,1,night,Friday,4,3,March,1,1,,0,431-1,1,3,1.0,0.0,1.0,Partly Cloudy,Cloudy,80.0,11,Out To CF,0,1,1,2026 Magnet Schedule,1,0.0,full_season_release,1,8.10258642539079,6400.0,0.0,7.620459079736061,0.48212734565472903,2039.4982072363318
20260328,2026-03-28,431,Gwinnett Stripers,International League,Gwinnett Field,Memphis Redbirds,235,2100.0,1,night,Saturday,5,3,March,1,1,,0,431-1,2,3,1.0,0.0,1.0,Clear,Clear,66.0,10,In From LF,0,1,1,2026 Schedule T-Shirt,1,0.0,full_season_release,1,7.649692623711514,4356.0,0.0,7.547905750411211,0.10178687330030378,1896.766266963877
20260329,2026-03-29,431,Gwinnett Stripers,International League,Gwinnett Field,Memphis Redbirds,235,2617.0,1,day,Sunday,6,3,March,1,1,,0,431-1,3,3,1.0,0.0,1.0,Partly Cloudy,Cloudy,59.0,10,L To R,0,0,0,,1,1.0,full_season_release,1,7.869783902530146,3481.0,1.0,7.3022692608647155,0.5675146416654302,1483.6629285983881
20260407,2026-04-07,431,Gwinnett Stripers,International League,Gwinnett Field,Nashville Sounds,556,1760.0,1,night,Tuesday,1,4,April,2,0,,0,431-2,1,6,9.0,0.6,0.5555555555555556,Clear,Clear,75.0,5,In From LF,0,0,0,,0,,full_season_release,1,7.473069088032197,5625.0,,7.225038284897039,0.24803080313515835,1373.3911947631761
20260408,2026-04-08,431,Gwinnett Stripers,International League,Gwinnett Field,Nashville Sounds,556,1260.0,1,night,Wednesday,2,4,April,2,0,,0,431-2,2,6,1.0,0.6363636363636364,0.5,Clear,Clear,64.0,5,L To R,0,0,0,,0,,full_season_release,1,7.138866999945524,4096.0,,7.1803351539831795,-0.04146815403765558,1313.3483584245062
20260409,2026-04-09,431,Gwinnett Stripers,International League,Gwinnett Field,Nashville Sounds,556,1614.0,1,night,Thursday,3,4,April,2,0,,0,431-2,3,6,1.0,0.5833333333333334,0.5454545454545454,Clear,Clear,69.0,10,L To R,0,0,0,,0,,full_season_release,1,7.3864708488298945,4761.0,,7.291976382271574,0.09449446655832006,1468.4700893575296
20260410,2026-04-10,431,Gwinnett Stripers,International League,Gwinnett Field,Nashville Sounds,556,3514.0,1,night,Friday,4,4,April,3,1,,0,431-2,4,6,1.0,0.6153846153846154,0.5,Clear,Clear,76.0,3,R To L,0,0,0,,0,,full_season_release,1,8.164510268747042,5776.0,,7.647225750932229,0.5172845178148133,2094.8259516468934
20260411,2026-04-11,431,Gwinnett Stripers,International League,Gwinnett Field,Nashville Sounds,556,2298.0,1,night,Saturday,5,4,April,3,1,,0,431-2,5,6,1.0,0.6428571428571429,0.4615384615384615,Clear,Clear,84.0,7,R To L,0,0,0,,0,,full_season_release,1,7.739794458408701,7056.0,,7.563577213704301,0.17621724470440014,1926.7255093254128
20260412,2026-04-12,431,Gwinnett Stripers,International League,Gwinnett Field,Nashville Sounds,556,1277.0,1,day,Sunday,6,4,April,3,1,,0,431-2,6,6,1.0,0.6666666666666666,0.4285714285714285,Sunny,Clear,84.0,10,R To L,0,0,0,,0,,full_season_release,1,7.152268856032539,7056.0,,7.389804447581905,-0.23753559154936532,1619.3894064540748
20260421,2026-04-21,431,Gwinnett Stripers,International League,Gwinnett Field,Jacksonville Jumbo Shrimp,564,2146.0,1,night,Tuesday,1,4,April,4,0,,0,431-3,1,6,9.0,0.6363636363636364,0.5,Clear,Clear,78.0,6,Out To CF,0,0,0,,1,-4.0,full_season_release,1,7.671360923190644,6084.0,-4.0,7.232302403826288,0.43905851936435614,1383.4039947943397
20260422,2026-04-22,431,Gwinnett Stripers,International League,Gwinnett Field,Jacksonville Jumbo Shrimp,564,3549.0,1,day,Wednesday,2,4,April,4,0,,0,431-3,2,6,1.0,0.6521739130434783,0.4782608695652174,Sunny,Clear,72.0,9,R To L,0,0,0,,1,-3.0,full_season_release,1,8.174421152646497,5184.0,-3.0,7.346801694443988,0.8276194582025092,1551.227286647707
20260423,2026-04-23,431,Gwinnett Stripers,International League,Gwinnett Field,Jacksonville Jumbo Shrimp,564,1846.0,1,night,Thursday,3,4,April,4,0,,0,431-3,3,6,1.0,0.6666666666666666,0.4583333333333333,Partly Cloudy,Cloudy,82.0,7,R To L,0,0,0,,1,-2.0,full_season_release,1,7.520776415062797,6724.0,-2.0,7.296116998047156,0.22465941701564152,1474.563065406683
20260424,2026-04-24,431,Gwinnett Stripers,International League,Gwinnett Field,Jacksonville Jumbo Shrimp,564,3009.0,1,night,Friday,4,4,April,5,1,,0,431-3,4,6,1.0,0.64,0.48,Partly Cloudy,Cloudy,80.0,6,R To L,0,0,0,,1,-1.0,full_season_release,1,8.009363076630045,6400.0,-1.0,7.638709453907097,0.3706536227229478,2077.061542486104
20260425,2026-04-25,431,Gwinnett Stripers,International League,Gwinnett Field,Jacksonville Jumbo Shrimp,564,3037.0,1,night,Saturday,5,4,April,5,1,,0,431-3,5,6,1.0,0.6538461538461539,0.4615384615384615,Overcast,Cloudy,67.0,8,R To L,0,1,1,Georgia Peaches Replica Jersey,1,0.0,full_season_release,1,8.01862546504575,4489.0,0.0,7.576084042077831,0.44254142296791876,1950.9740547106755
20260426,2026-04-26,431,Gwinnett Stripers,International League,Gwinnett Field,Jacksonville Jumbo Shrimp,564,2501.0,1,day,Sunday,6,4,April,5,1,,0,431-3,6,6,1.0,0.6296296296296297,0.4814814814814814,Sunny,Clear,76.0,2,Out To RF,0,0,0,,1,1.0,full_season_release,1,7.824445930877619,5776.0,1.0,7.413347406690413,0.4110985241872065,1657.9669580392438
20260512,2026-05-12,431,Gwinnett Stripers,International League,Gwinnett Field,Durham Bulls,234,1060.0,1,night,Tuesday,1,5,May,7,0,,0,431-4,1,12,14.0,0.625,0.375,Clear,Clear,72.0,9,L To R,0,0,0,,1,-4.0,full_season_release,1,6.966024187106113,5184.0,-4.0,7.475419542436396,-0.509395355330283,1764.141665242278
20260513,2026-05-13,431,Gwinnett Stripers,International League,Gwinnett Field,Durham Bulls,234,7267.0,1,day,Wednesday,2,5,May,7,0,,0,431-4,2,12,1.0,0.6097560975609756,0.3902439024390244,Sunny,Clear,68.0,2,Calm,0,0,0,,1,-3.0,full_season_release,1,8.891098830616636,4624.0,-3.0,7.649094180236626,1.24200465038001,2098.7436446690554
20260514,2026-05-14,431,Gwinnett Stripers,International League,Gwinnett Field,Durham Bulls,234,1372.0,1,night,Thursday,3,5,May,7,0,,0,431-4,3,12,1.0,0.5952380952380952,0.4047619047619047,Clear,Clear,73.0,12,Out To CF,0,0,0,,1,-2.0,full_season_release,1,7.22402480828583,5329.0,-2.0,7.62720429562221,-0.40317948733637987,2053.3015639186283
20260515,2026-05-15,431,Gwinnett Stripers,International League,Gwinnett Field,Durham Bulls,234,4861.0,1,night,Friday,4,5,May,8,1,,0,431-4,4,12,1.0,0.6046511627906976,0.3953488372093023,Clear,Clear,77.0,4,R To L,0,0,0,,1,-1.0,full_season_release,1,8.488999457045455,5929.0,-1.0,7.9621649798310905,0.5268344772143649,2870.2803296820343
20260516,2026-05-16,431,Gwinnett Stripers,International League,Gwinnett Field,Durham Bulls,234,4879.0,1,night,Saturday,5,5,May,8,1,,0,431-4,5,12,1.0,0.5909090909090909,0.4090909090909091,Partly Cloudy,Cloudy,84.0,5,In From RF,0,1,1,Salute to Armed Forces Replica Jersey,1,0.0,full_season_release,1,8.492695559815838,7056.0,0.0,7.869827581634858,0.6228679781809792,2617.1143107135094
20260517,2026-05-17,431,Gwinnett Stripers,International League,Gwinnett Field,Durham Bulls,234,2894.0,1,day,Sunday,6,5,May,8,1,,0,431-4,6,12,1.0,0.5777777777777777,0.4222222222222222,Partly Cloudy,Cloudy,90.0,9,R To L,0,0,0,,1,1.0,full_season_release,1,7.970394907191429,8100.0,1.0,7.628309820145072,0.34208508704635765,2055.5727943695288
20260519,2026-05-19,431,Gwinnett Stripers,International League,Gwinnett Field,Charlotte Knights,494,1346.0,1,night,Tuesday,1,5,May,8,0,,0,431-4,7,12,2.0,0.5652173913043478,0.5,Partly Cloudy,Cloudy,87.0,5,Calm,0,0,0,,1,2.0,full_season_release,1,7.204892510204673,7569.0,2.0,7.543306752897008,-0.3384142426923349,1888.0630719431601
20260520,2026-05-20,431,Gwinnett Stripers,International League,Gwinnett Field,Charlotte Knights,494,1487.0,1,night,Wednesday,2,5,May,8,0,,0,431-4,8,12,1.0,0.5531914893617021,0.5106382978723404,Partly Cloudy,Cloudy,81.0,3,Calm,0,0,0,,1,3.0,full_season_release,1,7.304515946460155,6561.0,3.0,7.4561727820992765,-0.15165683563912147,1730.5123195146714
20260521,2026-05-21,431,Gwinnett Stripers,International League,Gwinnett Field,Charlotte Knights,494,1255.0,1,night,Thursday,3,5,May,8,0,,0,431-4,9,12,1.0,0.5625,0.5,Partly Cloudy,Cloudy,80.0,1,In From RF,0,0,0,,1,4.0,full_season_release,1,7.134890851565884,6400.0,4.0,7.5499970413382185,-0.4151061897723345,1900.7371076930228
20260522,2026-05-22,431,Gwinnett Stripers,International League,Gwinnett Field,Charlotte Knights,494,1515.0,1,night,Friday,4,5,May,9,1,,0,431-4,10,12,1.0,0.5510204081632653,0.5102040816326531,Partly Cloudy,Cloudy,70.0,9,In From CF,0,0,0,,1,5.0,full_season_release,1,7.323170717943469,4900.0,5.0,7.888131572389781,-0.564960854446312,2665.459047911019
20260523,2026-05-23,431,Gwinnett Stripers,International League,Gwinnett Field,Charlotte Knights,494,2573.0,1,night,Saturday,5,5,May,9,1,,0,431-4,11,12,1.0,0.56,0.5,Cloudy,Cloudy,72.0,8,L To R,0,0,0,,1,6.0,full_season_release,1,7.8528278122817445,5184.0,6.0,7.838370553503103,0.014457258778641346,2536.069076371767
20260524,2026-05-24,431,Gwinnett Stripers,International League,Gwinnett Field,Charlotte Knights,494,1566.0,1,day,Sunday,6,5,May,9,1,,0,431-4,12,12,1.0,0.5490196078431373,0.5098039215686274,Overcast,Cloudy,70.0,7,In From LF,0,0,0,,1,7.0,full_season_release,1,7.356279876550748,4900.0,7.0,7.650972829603269,-0.29469295305252086,2102.690153980759
20260602,2026-06-02,431,Gwinnett Stripers,International League,Gwinnett Field,Norfolk Tides,568,1385.0,1,night,Tuesday,1,6,June,10,0,,0,431-5,1,6,9.0,0.5172413793103449,0.3793103448275862,Partly Cloudy,Cloudy,73.0,11,In From LF,0,0,0,,1,-4.0,full_season_release,1,7.233455418621439,5329.0,-4.0,7.645051290507396,-0.41159587188595737,2090.275784390309
20260603,2026-06-03,431,Gwinnett Stripers,International League,Gwinnett Field,Norfolk Tides,568,3426.0,1,day,Wednesday,2,6,June,10,0,,0,431-5,2,6,1.0,0.5084745762711864,0.3898305084745763,Sunny,Clear,70.0,8,Out To CF,0,0,0,,1,-3.0,full_season_release,1,8.139148678884066,4900.0,-3.0,7.743539691189963,0.3956089876941027,2306.6226818276346
20260604,2026-06-04,431,Gwinnett Stripers,International League,Gwinnett Field,Norfolk Tides,568,1593.0,1,night,Thursday,3,6,June,10,0,,0,431-5,3,6,1.0,0.5,0.4,Clear,Clear,82.0,5,In From LF,0,0,0,,1,-2.0,full_season_release,1,7.373374309910049,6724.0,-2.0,7.692135462599308,-0.31876115268925886,2191.0484720375875
20260605,2026-06-05,431,Gwinnett Stripers,International League,Gwinnett Field,Norfolk Tides,568,2603.0,1,night,Friday,4,6,June,11,1,,0,431-5,4,6,1.0,0.5081967213114754,0.3934426229508196,Partly Cloudy,Cloudy,83.0,3,Calm,0,0,0,,1,-1.0,full_season_release,1,7.864419904994565,6889.0,-1.0,8.021868597007106,-0.15744869201254108,3046.865380485098
20260606,2026-06-06,431,Gwinnett Stripers,International League,Gwinnett Field,Norfolk Tides,568,3723.0,1,night,Saturday,5,6,June,11,1,,0,431-5,5,6,1.0,0.5161290322580645,0.3870967741935484,Partly Cloudy,Cloudy,86.0,6,R To L,0,1,1,Drake Baldwin Bobblehead,1,0.0,full_season_release,1,8.222285073872717,7396.0,0.0,7.942176710866564,0.2801083630061534,2813.477975989155
20260607,2026-06-07,431,Gwinnett Stripers,International League,Gwinnett Field,Norfolk Tides,568,2056.0,1,day,Sunday,6,6,June,11,1,,0,431-5,6,6,1.0,0.5079365079365079,0.3968253968253968,Overcast,Cloudy,82.0,6,R To L,0,0,0,,1,1.0,full_season_release,1,7.628517626575055,6724.0,1.0,7.7895297994778225,-0.16101217290276715,2415.1816954743235
20260616,2026-06-16,431,Gwinnett Stripers,International League,Gwinnett Field,Louisville Bats,416,1162.0,1,night,Tuesday,1,6,June,12,0,,0,431-6,1,5,9.0,0.5072463768115942,0.5441176470588235,Drizzle,Precipitation,68.0,2,Varies,1,0,0,,1,-3.0,full_season_release,1,7.057897937411856,4624.0,-3.0,7.500248583062117,-0.4423506456502606,1808.4919190431845
20260617,2026-06-17,431,Gwinnett Stripers,International League,Gwinnett Field,Louisville Bats,416,1301.0,1,night,Wednesday,2,6,June,12,0,,0,431-6,2,5,1.0,0.5142857142857142,0.5362318840579711,Partly Cloudy,Cloudy,84.0,8,R To L,0,0,0,,1,-2.0,full_season_release,1,7.170888478512505,7056.0,-2.0,7.546259851275967,-0.3753713727634622,1893.6469487510785
20260619,2026-06-19,431,Gwinnett Stripers,International League,Gwinnett Field,Louisville Bats,416,3004.0,2,night,Friday,4,6,June,13,1,,0,431-6,3,5,2.0,0.5138888888888888,0.5352112676056338,Partly Cloudy,Cloudy,80.0,6,R To L,0,0,0,,1,-1.0,full_season_release,1,8.007700012884026,6400.0,-1.0,7.982791950168036,0.024908062715989665,2930.100348818157
20260620,2026-06-20,431,Gwinnett Stripers,International League,Gwinnett Field,Louisville Bats,416,2953.0,1,night,Saturday,5,6,June,13,1,,0,431-6,4,5,1.0,0.5068493150684932,0.5416666666666666,Overcast,Cloudy,83.0,6,Out To LF,0,1,1,Atlanta Black Crackers Hat,1,0.0,full_season_release,1,7.990576881743923,6889.0,0.0,7.924851820266876,0.06572506147704704,2765.154585269475
20260621,2026-06-21,431,Gwinnett Stripers,International League,Gwinnett Field,Louisville Bats,416,2738.0,1,day,Sunday,6,6,June,13,1,Father's Day,1,431-6,5,5,1.0,0.5135135135135135,0.5342465753424658,Partly Cloudy,Cloudy,84.0,6,R To L,0,0,0,,1,1.0,full_season_release,1,7.914983005848394,7056.0,1.0,7.816859000939149,0.09812400490924489,2482.096887194341
20260707,2026-07-07,431,Gwinnett Stripers,International League,Gwinnett Field,Memphis Redbirds,235,1344.0,1,night,Tuesday,1,7,July,15,0,,0,431-7,1,6,14.0,0.4883720930232558,0.6022727272727273,Clear,Clear,90.0,8,Out To LF,0,0,0,,1,-3.0,full_season_release,1,7.203405521083095,8100.0,-3.0,7.393403925641486,-0.18999840455839134,1625.2288662915207
20260708,2026-07-08,431,Gwinnett Stripers,International League,Gwinnett Field,Memphis Redbirds,235,1327.0,1,night,Wednesday,2,7,July,15,0,,0,431-7,2,6,1.0,0.4827586206896552,0.6067415730337079,Partly Cloudy,Cloudy,90.0,9,Out To LF,0,0,0,,1,-2.0,full_season_release,1,7.190676034332207,8100.0,-2.0,7.460906813231975,-0.27023077889976754,1738.7240406464146
20260709,2026-07-09,431,Gwinnett Stripers,International League,Gwinnett Field,Memphis Redbirds,235,1822.0,1,night,Thursday,3,7,July,15,0,,0,431-7,3,6,1.0,0.4886363636363636,0.6,Cloudy,Cloudy,73.0,5,R To L,0,0,0,,1,-1.0,full_season_release,1,7.507690077819904,5329.0,-1.0,7.642888870114916,-0.13519879229501264,2085.760613016998
20260710,2026-07-10,431,Gwinnett Stripers,International League,Gwinnett Field,Memphis Redbirds,235,3734.0,1,night,Friday,4,7,July,16,1,,0,431-7,4,6,1.0,0.4943820224719101,0.5934065934065934,Partly Cloudy,Cloudy,80.0,7,R To L,0,1,1,Stripers Toy Car,1,0.0,full_season_release,1,8.225235324101668,6400.0,0.0,7.968002419522948,0.2572329045787196,2887.084416710018
20260711,2026-07-11,431,Gwinnett Stripers,International League,Gwinnett Field,Memphis Redbirds,235,5635.0,1,night,Saturday,5,7,July,16,1,,0,431-7,5,6,1.0,0.5,0.5869565217391305,Partly Cloudy,Cloudy,77.0,2,Varies,0,0,0,,1,1.0,full_season_release,1,8.636752426473876,5929.0,1.0,7.9217305202078006,0.7150219062660756,2756.537163874353
20260712,2026-07-12,431,Gwinnett Stripers,International League,Gwinnett Field,Memphis Redbirds,235,1591.0,1,day,Sunday,6,7,July,16,1,,0,431-7,6,6,1.0,0.5054945054945055,0.5806451612903226,Cloudy,Cloudy,88.0,8,Out To LF,0,0,0,,1,2.0,full_season_release,1,7.372118028337787,7744.0,2.0,7.673152967629115,-0.30103493929132785,2149.8491752814252
20260721,2026-07-21,431,Gwinnett Stripers,International League,Gwinnett Field,Iowa Cubs,451,2200.0,1,night,Tuesday,1,7,July,17,0,,0,431-8,1,5,9.0,0.5052631578947369,0.4468085106382978,Partly Cloudy,Cloudy,91.0,8,R To L,0,0,0,,0,,full_season_release,1,7.696212639346407,8281.0,,7.510301293010821,0.18591134633558593,1826.7638510911822
20260722,2026-07-22,431,Gwinnett Stripers,International League,Gwinnett Field,Iowa Cubs,451,2023.0,1,night,Wednesday,2,7,July,17,0,,0,431-8,2,5,1.0,0.5104166666666666,0.4421052631578947,Cloudy,Cloudy,90.0,8,Out To RF,0,0,0,,0,,full_season_release,1,7.612336837167746,8100.0,,7.508938687324624,0.10339814984312135,1824.2763873813162
20260723,2026-07-23,431,Gwinnett Stripers,International League,Gwinnett Field,Iowa Cubs,451,2041.0,1,night,Thursday,3,7,July,17,0,,0,431-8,3,5,1.0,0.5154639175257731,0.4375,Cloudy,Cloudy,82.0,5,R To L,0,0,0,,0,,full_season_release,1,7.621195162809845,6724.0,,7.66884809336804,-0.047652930558195195,2140.6142367878506
20260725,2026-07-25,431,Gwinnett Stripers,International League,Gwinnett Field,Iowa Cubs,451,4319.0,2,day,Saturday,5,7,July,18,1,,0,431-8,4,5,2.0,0.5252525252525253,0.4285714285714285,Cloudy,Cloudy,86.0,7,Out To LF,0,0,0,,0,,full_season_release,1,8.3707791729607,7396.0,,8.030762646137736,0.34001652682296424,3074.085218729699
20260726,2026-07-26,431,Gwinnett Stripers,International League,Gwinnett Field,Iowa Cubs,451,1943.0,1,day,Sunday,6,7,July,18,1,,0,431-8,5,5,1.0,0.52,0.4343434343434343,Partly Cloudy,Cloudy,86.0,9,Out To LF,0,0,0,,0,,full_season_release,1,7.57198844937744,7396.0,,7.74372252497042,-0.1717340755929797,2307.044448928102
20260804,2026-08-04,431,Gwinnett Stripers,International League,Gwinnett Field,Jacksonville Jumbo Shrimp,564,899.0,1,night,Tuesday,1,8,August,19,0,,0,431-9,1,5,9.0,0.5185185185185185,0.5046728971962616,Partly Cloudy,Cloudy,77.0,4,L To R,0,0,0,,1,-3.0,full_season_release,1,6.80128303447162,5929.0,-3.0,7.572458370729827,-0.7711753362582074,1943.9132717538312
20260805,2026-08-05,431,Gwinnett Stripers,International League,Gwinnett Field,Jacksonville Jumbo Shrimp,564,632.0,1,night,Wednesday,2,8,August,19,0,,0,431-9,2,5,1.0,0.5137614678899083,0.5092592592592593,Cloudy,Cloudy,74.0,4,In From CF,0,0,0,,1,-2.0,full_season_release,1,6.448889394146858,5476.0,-2.0,7.559641818643365,-1.110752424496507,1919.1579836405663
20260806,2026-08-06,431,Gwinnett Stripers,International League,Gwinnett Field,Jacksonville Jumbo Shrimp,564,1135.0,1,night,Thursday,3,8,August,19,0,,0,431-9,3,5,1.0,0.5181818181818182,0.5045871559633027,Partly Cloudy,Cloudy,86.0,4,Varies,0,0,0,,1,-1.0,full_season_release,1,7.034387929915503,7396.0,-1.0,7.59553385608049,-0.5611459261649863,1989.2915634713038
20260808,2026-08-08,431,Gwinnett Stripers,International League,Gwinnett Field,Jacksonville Jumbo Shrimp,564,5250.0,2,day,Saturday,5,8,August,20,1,,0,431-9,4,5,2.0,0.5178571428571429,0.5045045045045045,Partly Cloudy,Cloudy,90.0,3,Calm,0,1,1,Chris Sale Bobblehead,1,0.0,full_season_release,1,8.565983355585669,8100.0,0.0,7.943719572590711,0.622263782994958,2817.8221338257194
20260809,2026-08-09,431,Gwinnett Stripers,International League,Gwinnett Field,Jacksonville Jumbo Shrimp,564,1565.0,1,day,Sunday,6,8,August,20,1,,0,431-9,5,5,1.0,0.5132743362831859,0.5089285714285714,Partly Cloudy,Cloudy,82.0,3,R To L,0,0,0,,1,1.0,full_season_release,1,7.355641102974253,6724.0,1.0,7.729084477690155,-0.37344337471590183,2273.5197895965707
20260819,2026-08-19,431,Gwinnett Stripers,International League,Gwinnett Field,Durham Bulls,234,1091.0,2,night,Wednesday,2,8,August,21,0,,0,431-10,1,5,10.0,0.5041322314049587,0.4545454545454545,Clear,Clear,91.0,5,L To R,0,0,0,,1,-3.0,full_season_release,1,6.994849985833071,8281.0,-3.0,7.329628716881394,-0.33477873104832323,1524.8155286139959
20260820,2026-08-20,431,Gwinnett Stripers,International League,Gwinnett Field,Durham Bulls,234,1205.0,1,night,Thursday,3,8,August,21,0,,0,431-10,2,5,1.0,0.5,0.4590163934426229,Clear,Clear,94.0,4,Out To RF,0,0,0,,1,-2.0,full_season_release,1,7.094234845924755,8836.0,-2.0,7.522536987444884,-0.42830214152012847,1849.252879241786
20260821,2026-08-21,431,Gwinnett Stripers,International League,Gwinnett Field,Durham Bulls,234,2314.0,1,night,Friday,4,8,August,22,1,,0,431-10,3,5,1.0,0.4959349593495935,0.4634146341463415,Partly Cloudy,Cloudy,86.0,1,Out To LF,0,0,0,,1,-1.0,full_season_release,1,7.746732907753622,7396.0,-1.0,7.953937974899141,-0.20720506714551856,2846.763388890073
20260822,2026-08-22,431,Gwinnett Stripers,International League,Gwinnett Field,Durham Bulls,234,4475.0,1,night,Saturday,5,8,August,22,1,,0,431-10,4,5,1.0,0.4919354838709677,0.4677419354838709,Partly Cloudy,Cloudy,91.0,8,Out To CF,0,1,1,Chopper the Groundhog Building Blocks,1,0.0,full_season_release,1,8.406261630708956,8281.0,0.0,7.841415344017207,0.5648462866917487,2543.802643009123
20260823,2026-08-23,431,Gwinnett Stripers,International League,Gwinnett Field,Durham Bulls,234,1754.0,1,day,Sunday,6,8,August,22,1,,0,431-10,5,5,1.0,0.496,0.464,Sunny,Clear,89.0,8,Out To LF,0,0,0,,1,1.0,full_season_release,1,7.469654172932128,7921.0,1.0,7.685619068075676,-0.21596489514354733,2176.817154572126
20260327,2026-03-27,484,Indianapolis Indians,International League,Victory Field,St. Paul Saints,1960,8996.0,1,night,Friday,4,3,March,1,1,,0,484-1,1,3,1.0,0.0,1.0,Partly Cloudy,Cloudy,45.0,12,In From CF,0,0,0,,0,,full_season_release,1,9.104535313079205,2025.0,,8.555081618935242,0.5494536941439634,5193.076727613991
20260328,2026-03-28,484,Indianapolis Indians,International League,Victory Field,St. Paul Saints,1960,3431.0,1,day,Saturday,5,3,March,1,1,,0,484-1,2,3,1.0,0.0,1.0,Sunny,Clear,48.0,2,R To L,0,0,0,,0,,full_season_release,1,8.14060704285845,2304.0,,8.685271781874988,-0.5446647390165378,5915.147909159954
20260329,2026-03-29,484,Indianapolis Indians,International League,Victory Field,St. Paul Saints,1960,4333.0,1,day,Sunday,6,3,March,1,1,,0,484-1,3,3,1.0,0.0,1.0,Sunny,Clear,54.0,2,Out To LF,0,0,0,,0,,full_season_release,1,8.374015421739909,2916.0,,8.492194819497822,-0.11817939775791331,4876.557499568662
20260407,2026-04-07,484,Indianapolis Indians,International League,Victory Field,Louisville Bats,416,3001.0,1,night,Tuesday,1,4,April,2,0,,0,484-2,1,6,9.0,0.2,0.5,Clear,Clear,49.0,9,R To L,0,0,0,,1,-4.0,full_season_release,1,8.006700845440367,2401.0,-4.0,8.311527800884665,-0.30482695544429816,4070.527190504225
20260408,2026-04-08,484,Indianapolis Indians,International League,Victory Field,Louisville Bats,416,5971.0,1,day,Wednesday,2,4,April,2,0,,0,484-2,2,6,1.0,0.2727272727272727,0.4545454545454545,Sunny,Clear,48.0,9,R To L,0,0,0,,1,-3.0,full_season_release,1,8.694669696546992,2304.0,-3.0,8.40204734094985,0.29262235559714256,4456.180736096446
20260409,2026-04-09,484,Indianapolis Indians,International League,Victory Field,Louisville Bats,416,4415.0,1,night,Thursday,3,4,April,2,0,,0,484-2,3,6,1.0,0.25,0.5,Clear,Clear,75.0,8,L To R,0,0,0,,1,-2.0,full_season_release,1,8.392763113038061,5625.0,-2.0,8.628112943296658,-0.23534983025859724,5586.526208060688
20260410,2026-04-10,484,Indianapolis Indians,International League,Victory Field,Louisville Bats,416,4066.0,1,night,Friday,4,4,April,3,1,,0,484-2,4,6,1.0,0.2307692307692307,0.5384615384615384,Cloudy,Cloudy,62.0,5,L To R,0,0,0,,1,-1.0,full_season_release,1,8.310414994188292,3844.0,-1.0,8.8939962366129,-0.5835812424246072,7288.085981948783
20260411,2026-04-11,484,Indianapolis Indians,International League,Victory Field,Louisville Bats,416,5866.0,1,night,Saturday,5,4,April,3,1,,0,484-2,5,6,1.0,0.2142857142857142,0.5714285714285714,Partly Cloudy,Cloudy,64.0,5,Out To LF,0,1,1,Bubba Chandler Bobblehead presented by Hoosier Lottery,1,0.0,full_season_release,1,8.676928249537397,4096.0,0.0,8.846865314963368,-0.1699370654259713,6952.560687630982
20260412,2026-04-12,484,Indianapolis Indians,International League,Victory Field,Louisville Bats,416,5064.0,1,day,Sunday,6,4,April,3,1,,0,484-2,6,6,1.0,0.2666666666666666,0.5333333333333333,Sunny,Clear,78.0,13,Out To LF,0,0,0,,1,1.0,full_season_release,1,8.529911963824013,6084.0,1.0,8.707760664426957,-0.17784870060294367,6049.680044543272
20260421,2026-04-21,484,Indianapolis Indians,International League,Victory Field,St. Paul Saints,1960,5300.0,1,night,Tuesday,1,4,April,4,0,,0,484-3,1,6,9.0,0.3181818181818182,0.4285714285714285,Clear,Clear,75.0,11,Out To LF,0,0,0,,1,-4.0,full_season_release,1,8.575462099540212,5625.0,-4.0,8.567866986913515,0.007595112626697542,5259.898383997608
20260422,2026-04-22,484,Indianapolis Indians,International League,Victory Field,St. Paul Saints,1960,3976.0,1,night,Wednesday,2,4,April,4,0,,0,484-3,2,6,1.0,0.3478260869565217,0.4090909090909091,Clear,Clear,79.0,12,Out To CF,0,0,0,,1,-3.0,full_season_release,1,8.288031567776464,6241.0,-3.0,8.546950801500362,-0.2589192337238977,5151.02396217177
20260423,2026-04-23,484,Indianapolis Indians,International League,Victory Field,St. Paul Saints,1960,9202.0,1,day,Thursday,3,4,April,4,0,,0,484-3,3,6,1.0,0.375,0.391304347826087,Sunny,Clear,70.0,6,Out To CF,0,0,0,,1,-2.0,full_season_release,1,9.127176130715414,4900.0,-2.0,8.758021220393298,0.36915491032211634,6361.511086898928
20260424,2026-04-24,484,Indianapolis Indians,International League,Victory Field,St. Paul Saints,1960,5181.0,1,night,Friday,4,4,April,5,1,,0,484-3,4,6,1.0,0.4,0.375,Overcast,Cloudy,63.0,3,L To R,0,0,0,,1,-1.0,full_season_release,1,8.552753366814787,3969.0,-1.0,8.929437546336027,-0.37668417952123967,7551.017084403002
20260425,2026-04-25,484,Indianapolis Indians,International League,Victory Field,St. Paul Saints,1960,7271.0,1,day,Saturday,5,4,April,5,1,,0,484-3,5,6,1.0,0.3846153846153846,0.4,Partly Cloudy,Cloudy,70.0,7,L To R,0,1,1,Indians x IMS Flag presented by Indianapolis Motor Speedway,1,0.0,full_season_release,1,8.891649112650057,4900.0,0.0,9.032009611340206,-0.1403604986901481,8366.656416572892
20260426,2026-04-26,484,Indianapolis Indians,International League,Victory Field,St. Paul Saints,1960,6340.0,1,day,Sunday,6,4,April,5,1,,0,484-3,6,6,1.0,0.3703703703703703,0.4230769230769231,Sunny,Clear,61.0,4,In From RF,0,0,0,,1,1.0,full_season_release,1,8.754634047431272,3721.0,1.0,8.661739638877739,0.09289440855353348,5777.576822363713
20260506,2026-05-06,484,Indianapolis Indians,International League,Victory Field,Omaha Storm Chasers,541,4840.0,2,day,Wednesday,2,5,May,6,0,,0,484-4,1,4,10.0,0.3714285714285714,0.4411764705882353,Cloudy,Cloudy,57.0,6,L To R,0,0,0,,0,,full_season_release,1,8.484669999710677,3249.0,,8.684695561114342,-0.200025561403665,5911.740459948174
20260507,2026-05-07,484,Indianapolis Indians,International League,Victory Field,Omaha Storm Chasers,541,13675.0,1,day,Thursday,3,5,May,6,0,,0,484-4,2,4,1.0,0.3888888888888889,0.4285714285714285,Sunny,Clear,50.0,6,L To R,0,0,0,,0,,full_season_release,1,9.523324627290181,2500.0,,8.807877604434422,0.7154470228557592,6686.712347365135
20260509,2026-05-09,484,Indianapolis Indians,International League,Victory Field,Omaha Storm Chasers,541,9391.0,2,night,Saturday,5,5,May,7,1,,0,484-4,3,4,2.0,0.3947368421052631,0.4324324324324324,Partly Cloudy,Cloudy,74.0,13,L To R,0,0,0,,0,,full_season_release,1,9.147507062804614,5476.0,,9.18457290142684,-0.03706583862222601,9745.616775550565
20260510,2026-05-10,484,Indianapolis Indians,International League,Victory Field,Omaha Storm Chasers,541,5711.0,1,day,Sunday,6,5,May,7,1,Mother's Day,1,484-4,4,4,1.0,0.3846153846153846,0.4473684210526316,Sunny,Clear,66.0,6,L To R,0,0,0,,0,,full_season_release,1,8.650149418664864,4356.0,,9.06804101535897,-0.4178915966941066,8673.615671933441
20260525,2026-05-25,484,Indianapolis Indians,International League,Victory Field,Iowa Cubs,451,7156.0,1,night,Monday,0,5,May,9,0,Memorial Day,1,484-5,1,6,14.0,0.4038461538461538,0.4313725490196078,Partly Cloudy,Cloudy,80.0,2,Calm,0,0,0,,1,-4.0,full_season_release,1,8.87570644462861,6400.0,-4.0,8.875706444618341,1.0269118888572848e-11,7155.999999926519
20260527,2026-05-27,484,Indianapolis Indians,International League,Victory Field,Iowa Cubs,451,6788.0,1,night,Wednesday,2,5,May,9,0,,0,484-5,2,6,2.0,0.3962264150943396,0.4423076923076923,Partly Cloudy,Cloudy,75.0,7,Out To LF,0,0,0,,1,-3.0,full_season_release,1,8.822911626354117,5625.0,-3.0,8.802255493938633,0.020656132415483697,6649.22439115435
20260528,2026-05-28,484,Indianapolis Indians,International League,Victory Field,Iowa Cubs,451,6742.0,1,night,Thursday,3,5,May,9,0,,0,484-5,3,6,1.0,0.4074074074074074,0.4339622641509434,Partly Cloudy,Cloudy,82.0,9,Out To CF,0,0,0,,1,-2.0,full_season_release,1,8.816111895794005,6724.0,-2.0,8.884682128032232,-0.06857023223822623,7220.519108830235
20260529,2026-05-29,484,Indianapolis Indians,International League,Victory Field,Iowa Cubs,451,9621.0,1,night,Friday,4,5,May,10,1,,0,484-5,4,6,1.0,0.4,0.4444444444444444,Clear,Clear,81.0,2,R To L,0,0,0,,1,-1.0,full_season_release,1,9.171703488361265,6561.0,-1.0,9.223170098591583,-0.0514666102303174,10129.123806559208
20260530,2026-05-30,484,Indianapolis Indians,International League,Victory Field,Iowa Cubs,451,8992.0,1,night,Saturday,5,5,May,10,1,,0,484-5,5,6,1.0,0.4107142857142857,0.4363636363636363,Partly Cloudy,Cloudy,82.0,10,Out To LF,0,1,1,Rowdie Bobblehead,1,0.0,full_season_release,1,9.104090572133472,6724.0,0.0,9.161625817362129,-0.057535245228656606,9524.529642036692
20260531,2026-05-31,484,Indianapolis Indians,International League,Victory Field,Iowa Cubs,451,9059.0,1,day,Sunday,6,5,May,10,1,,0,484-5,6,6,1.0,0.4210526315789473,0.4285714285714285,Partly Cloudy,Cloudy,74.0,2,Varies,0,0,0,,1,1.0,full_season_release,1,9.111514017669288,5476.0,1.0,9.00415684963104,0.10735716803824857,8136.837334325002
20260609,2026-06-09,484,Indianapolis Indians,International League,Victory Field,Columbus Clippers,445,7149.0,1,night,Tuesday,1,6,June,11,0,,0,484-6,1,6,9.0,0.390625,0.5714285714285714,Partly Cloudy,Cloudy,88.0,10,Out To CF,0,0,0,,1,-4.0,full_season_release,1,8.874727765766853,7744.0,-4.0,8.792154326451849,0.08257343931500394,6582.397544720568
20260610,2026-06-10,484,Indianapolis Indians,International League,Victory Field,Columbus Clippers,445,9712.0,1,day,Wednesday,2,6,June,11,0,,0,484-6,2,6,1.0,0.4,0.5625,Cloudy,Cloudy,84.0,10,Out To CF,0,0,0,,1,-3.0,full_season_release,1,9.181117513299279,7056.0,-3.0,8.93693905315329,0.24417846014598865,7607.874080486767
20260611,2026-06-11,484,Indianapolis Indians,International League,Victory Field,Columbus Clippers,445,6200.0,1,night,Thursday,3,6,June,11,0,,0,484-6,3,6,1.0,0.4090909090909091,0.5538461538461539,Partly Cloudy,Cloudy,92.0,9,Out To LF,0,0,0,,1,-2.0,full_season_release,1,8.732304571033183,8464.0,-2.0,8.818979367334867,-0.08667479630168451,6761.360237327644
20260612,2026-06-12,484,Indianapolis Indians,International League,Victory Field,Columbus Clippers,445,9739.0,1,night,Friday,4,6,June,12,1,,0,484-6,4,6,1.0,0.417910447761194,0.5454545454545454,Clear,Clear,81.0,9,L To R,0,0,0,,1,-1.0,full_season_release,1,9.1838937219612,6561.0,-1.0,9.258875824145708,-0.07498210218450829,10497.325864582626
20260613,2026-06-13,484,Indianapolis Indians,International League,Victory Field,Columbus Clippers,445,8740.0,1,night,Saturday,5,6,June,12,1,,0,484-6,5,6,1.0,0.4117647058823529,0.5522388059701493,Partly Cloudy,Cloudy,78.0,7,Out To LF,0,1,1,TBA Prospect Bobblehead presented by Hoosier Lottery,1,0.0,full_season_release,1,9.07566546864958,6084.0,0.0,9.212528174571503,-0.1368627059219225,10021.901975816854
20260614,2026-06-14,484,Indianapolis Indians,International League,Victory Field,Columbus Clippers,445,7706.0,1,day,Sunday,6,6,June,12,1,,0,484-6,6,6,1.0,0.4057971014492754,0.5588235294117647,Overcast,Cloudy,73.0,6,L To R,0,0,0,,1,1.0,full_season_release,1,8.949754525186103,5329.0,1.0,9.034899965529313,-0.0851454403432097,8390.873998830752
20260623,2026-06-23,484,Indianapolis Indians,International League,Victory Field,Scranton/Wilkes-Barre RailRiders,531,9706.0,1,night,Tuesday,1,6,June,13,0,,0,484-7,1,6,9.0,0.4078947368421052,0.5066666666666667,Clear,Clear,78.0,11,L To R,0,0,0,,1,-4.0,full_season_release,1,9.18049952996516,6084.0,-4.0,8.876816481281613,0.30368304868354734,7163.947832665583
20260624,2026-06-24,484,Indianapolis Indians,International League,Victory Field,Scranton/Wilkes-Barre RailRiders,531,9137.0,1,day,Wednesday,2,6,June,13,0,,0,484-7,2,6,1.0,0.4155844155844156,0.5,Partly Cloudy,Cloudy,76.0,4,R To L,0,0,0,,1,-3.0,full_season_release,1,9.120087382998621,5776.0,-3.0,8.989103834828304,0.13098354817031677,8015.2706693941755
20260625,2026-06-25,484,Indianapolis Indians,International League,Victory Field,Scranton/Wilkes-Barre RailRiders,531,7523.0,1,night,Thursday,3,6,June,13,0,,0,484-7,3,6,1.0,0.4102564102564102,0.5064935064935064,Partly Cloudy,Cloudy,82.0,9,L To R,0,0,0,,1,-2.0,full_season_release,1,8.925720273560222,6724.0,-2.0,8.931711237336867,-0.005990963776644875,7568.205296932285
20260626,2026-06-26,484,Indianapolis Indians,International League,Victory Field,Scranton/Wilkes-Barre RailRiders,531,8437.0,1,night,Friday,4,6,June,14,1,,0,484-7,4,6,1.0,0.4050632911392405,0.5128205128205128,Overcast,Cloudy,71.0,4,Out To LF,0,0,0,,1,-1.0,full_season_release,1,9.040382074165628,5041.0,-1.0,9.283413392930806,-0.24303131876517803,10758.090906534255
20260627,2026-06-27,484,Indianapolis Indians,International League,Victory Field,Scranton/Wilkes-Barre RailRiders,531,10324.0,1,night,Saturday,5,6,June,14,1,,0,484-7,5,6,1.0,0.4125,0.5063291139240507,Cloudy,Cloudy,77.0,2,R To L,0,1,1,Hogwarts Hat,1,0.0,full_season_release,1,9.242226560838505,5929.0,0.0,9.229373274789337,0.012853286049168133,10192.151831124493
20260628,2026-06-28,484,Indianapolis Indians,International League,Victory Field,Scranton/Wilkes-Barre RailRiders,531,6548.0,1,day,Sunday,6,6,June,14,1,,0,484-7,6,6,1.0,0.419753086419753,0.5,Partly Cloudy,Cloudy,82.0,2,Out To CF,0,0,0,,1,1.0,full_season_release,1,8.786914938491025,6724.0,1.0,9.029921540159283,-0.24300660166825772,8349.204469223852
20260707,2026-07-07,484,Indianapolis Indians,International League,Victory Field,Toledo Mud Hens,512,8200.0,1,night,Tuesday,1,7,July,15,0,,0,484-8,1,6,9.0,0.4431818181818182,0.4827586206896552,Partly Cloudy,Cloudy,85.0,2,Calm,0,0,0,,1,-4.0,full_season_release,1,9.011889433252344,7225.0,-4.0,8.831459168309593,0.1804302649427516,6846.269390056546
20260708,2026-07-08,484,Indianapolis Indians,International League,Victory Field,Toledo Mud Hens,512,7453.0,1,night,Wednesday,2,7,July,15,0,,0,484-8,2,6,1.0,0.4382022471910112,0.4886363636363636,Partly Cloudy,Cloudy,85.0,4,L To R,0,0,0,,1,-3.0,full_season_release,1,8.916371914881694,7225.0,-3.0,8.815765027752978,0.10060688712871624,6739.661821210578
20260709,2026-07-09,484,Indianapolis Indians,International League,Victory Field,Toledo Mud Hens,512,8124.0,1,night,Thursday,3,7,July,15,0,,0,484-8,3,6,1.0,0.4444444444444444,0.4831460674157303,Partly Cloudy,Cloudy,86.0,9,L To R,0,0,0,,1,-2.0,full_season_release,1,9.002577922700276,7396.0,-2.0,8.895074032200718,0.107503890499558,7295.9452834632075
20260710,2026-07-10,484,Indianapolis Indians,International League,Victory Field,Toledo Mud Hens,512,8472.0,1,night,Friday,4,7,July,16,1,,0,484-8,4,6,1.0,0.4505494505494505,0.4777777777777778,Cloudy,Cloudy,85.0,7,Out To CF,0,0,0,,1,-1.0,full_season_release,1,9.044521887281242,7225.0,-1.0,9.23965277948548,-0.1951308922042383,10297.462446890553
20260711,2026-07-11,484,Indianapolis Indians,International League,Victory Field,Toledo Mud Hens,512,12719.0,1,night,Saturday,5,7,July,16,1,,0,484-8,5,6,1.0,0.4456521739130434,0.4835164835164835,Overcast,Cloudy,78.0,6,L To R,0,1,1,Victory Field Replica,1,0.0,full_season_release,1,9.450852217451484,6084.0,0.0,9.220142752194443,0.23070946525704095,10098.505809123399
20260712,2026-07-12,484,Indianapolis Indians,International League,Victory Field,Toledo Mud Hens,512,7194.0,1,day,Sunday,6,7,July,16,1,,0,484-8,6,6,1.0,0.4516129032258064,0.4782608695652174,Partly Cloudy,Cloudy,84.0,10,Calm,0,0,0,,1,1.0,full_season_release,1,8.881002624255569,7056.0,1.0,9.009590203291143,-0.1285875790355746,8181.167972195656
20260721,2026-07-21,484,Indianapolis Indians,International League,Victory Field,Lehigh Valley IronPigs,1410,7777.0,1,night,Tuesday,1,7,July,17,0,,0,484-9,1,6,9.0,0.4742268041237113,0.4639175257731959,Partly Cloudy,Cloudy,88.0,13,L To R,0,0,0,,1,-4.0,full_season_release,1,8.958925938694943,7744.0,-4.0,8.80452302702743,0.1544029116675123,6664.318834583501
20260722,2026-07-22,484,Indianapolis Indians,International League,Victory Field,Lehigh Valley IronPigs,1410,7612.0,1,day,Wednesday,2,7,July,17,0,,0,484-9,2,6,1.0,0.4795918367346938,0.4591836734693877,Partly Cloudy,Cloudy,73.0,10,L To R,0,0,0,,1,-3.0,full_season_release,1,8.93748122841604,5329.0,-3.0,8.983454890593473,-0.04597366217743293,7970.1204978203095
20260723,2026-07-23,484,Indianapolis Indians,International League,Victory Field,Lehigh Valley IronPigs,1410,8457.0,1,night,Thursday,3,7,July,17,0,,0,484-9,3,6,1.0,0.4747474747474747,0.4646464646464646,Partly Cloudy,Cloudy,78.0,7,Out To LF,0,0,0,,1,-2.0,full_season_release,1,9.042749779782222,6084.0,-2.0,8.943501716267754,0.09924806351446769,7657.966184111939
20260724,2026-07-24,484,Indianapolis Indians,International League,Victory Field,Lehigh Valley IronPigs,1410,11279.0,1,night,Friday,4,7,July,18,1,,0,484-9,4,6,1.0,0.47,0.47,Cloudy,Cloudy,78.0,2,In From CF,0,0,0,,1,-1.0,full_season_release,1,9.330697868639916,6084.0,-1.0,9.277706863430504,0.05299100520941202,10696.874376500076
20260725,2026-07-25,484,Indianapolis Indians,International League,Victory Field,Lehigh Valley IronPigs,1410,9727.0,1,night,Saturday,5,7,July,18,1,,0,484-9,5,6,1.0,0.4752475247524752,0.4653465346534653,Overcast,Cloudy,75.0,8,Out To LF,0,1,1,Spiderman Hat,1,0.0,full_season_release,1,9.18266080286944,5625.0,0.0,9.226249241520406,-0.043588438650965955,10160.360893550907
20260726,2026-07-26,484,Indianapolis Indians,International League,Victory Field,Lehigh Valley IronPigs,1410,6934.0,1,day,Sunday,6,7,July,18,1,,0,484-9,6,6,1.0,0.4705882352941176,0.4705882352941176,Partly Cloudy,Cloudy,83.0,2,Out To CF,0,0,0,,1,1.0,full_season_release,1,8.844192126244968,6889.0,1.0,9.016205107378909,-0.1720129811339408,8235.465000485578
20260804,2026-08-04,484,Indianapolis Indians,International League,Victory Field,Iowa Cubs,451,6936.0,1,night,Tuesday,1,8,August,19,0,,0,484-10,1,6,9.0,0.4862385321100917,0.4056603773584906,Clear,Clear,85.0,5,Out To LF,0,0,0,,1,-4.0,full_season_release,1,8.844480518460378,7225.0,-4.0,8.82757229376981,0.01690822469056741,6819.71044894509
20260805,2026-08-05,484,Indianapolis Indians,International League,Victory Field,Iowa Cubs,451,5821.0,1,day,Wednesday,2,8,August,19,0,,0,484-10,2,6,1.0,0.4818181818181818,0.411214953271028,Partly Cloudy,Cloudy,81.0,1,L To R,0,0,0,,1,-3.0,full_season_release,1,8.669227347271736,6561.0,-3.0,8.960513700392951,-0.2912863531212153,7789.357830774435
20260806,2026-08-06,484,Indianapolis Indians,International League,Victory Field,Iowa Cubs,451,5562.0,1,night,Thursday,3,8,August,19,0,,0,484-10,3,6,1.0,0.4864864864864865,0.4074074074074074,Partly Cloudy,Cloudy,83.0,3,Calm,0,0,0,,1,-2.0,full_season_release,1,8.62371303479391,6889.0,-2.0,8.914435617683386,-0.29072258288947594,7438.582739536025
20260807,2026-08-07,484,Indianapolis Indians,International League,Victory Field,Iowa Cubs,451,10429.0,1,night,Friday,4,8,August,20,1,,0,484-10,4,6,1.0,0.4821428571428571,0.4128440366972477,Partly Cloudy,Cloudy,86.0,9,Out To LF,0,0,0,,1,-1.0,full_season_release,1,9.252345666121213,7396.0,-1.0,9.22502738466067,0.027318281460543048,10147.953968182721
20260808,2026-08-08,484,Indianapolis Indians,International League,Victory Field,Iowa Cubs,451,9026.0,1,night,Saturday,5,8,August,20,1,,0,484-10,5,6,1.0,0.4867256637168141,0.4090909090909091,Clear,Clear,86.0,4,Out To CF,0,1,1,8-Bit Rowdie Hat,1,0.0,full_season_release,1,9.107864580386947,7396.0,0.0,9.168547415525277,-0.06068283513832995,9590.68328928342
20260809,2026-08-09,484,Indianapolis Indians,International League,Victory Field,Iowa Cubs,451,6314.0,1,day,Sunday,6,8,August,20,1,,0,484-10,6,6,1.0,0.4912280701754385,0.4054054054054054,Sunny,Clear,86.0,3,R To L,0,0,0,,1,1.0,full_season_release,1,8.750524669117937,7396.0,1.0,8.98841760784013,-0.23789293872219375,8009.772261137157
20260818,2026-08-18,484,Indianapolis Indians,International League,Victory Field,Louisville Bats,416,5724.0,1,night,Tuesday,1,8,August,21,0,,0,484-11,1,12,9.0,0.4876033057851239,0.4621848739495798,Clear,Clear,82.0,6,L To R,0,0,0,,1,-4.0,full_season_release,1,8.652423140676342,6724.0,-4.0,8.830621349290851,-0.17819820861450886,6840.535857520815
20260819,2026-08-19,484,Indianapolis Indians,International League,Victory Field,Louisville Bats,416,4939.0,1,night,Wednesday,2,8,August,21,0,,0,484-11,2,12,1.0,0.4918032786885246,0.4583333333333333,Partly Cloudy,Cloudy,80.0,3,Out To LF,0,0,0,,1,-3.0,full_season_release,1,8.504918160540624,6400.0,-3.0,8.826852608750766,-0.3219344482101416,6814.804171199827
20260820,2026-08-20,484,Indianapolis Indians,International League,Victory Field,Louisville Bats,416,5369.0,1,night,Thursday,3,8,August,21,0,,0,484-11,3,12,1.0,0.4878048780487805,0.4628099173553719,Partly Cloudy,Cloudy,80.0,3,In From LF,0,0,0,,1,-2.0,full_season_release,1,8.58839695042257,6400.0,-2.0,8.913175690012125,-0.3247787395895543,7429.216564897816
20260821,2026-08-21,484,Indianapolis Indians,International League,Victory Field,Louisville Bats,416,8316.0,1,night,Friday,4,8,August,22,1,,0,484-11,4,12,1.0,0.4919354838709677,0.4590163934426229,Partly Cloudy,Cloudy,84.0,9,L To R,0,0,0,,1,-1.0,full_season_release,1,9.025936648977904,7056.0,-1.0,9.225353301990111,-0.19941665301220723,10151.261901266398
20260822,2026-08-22,484,Indianapolis Indians,International League,Victory Field,Louisville Bats,416,8467.0,1,night,Saturday,5,8,August,22,1,,0,484-11,5,12,1.0,0.488,0.4634146341463415,Partly Cloudy,Cloudy,79.0,9,In From LF,0,1,1,ABCs Tote Bag,1,0.0,full_season_release,1,9.043931533642278,6241.0,0.0,9.195110668678433,-0.15117913503615554,9848.856821289222
20260823,2026-08-23,484,Indianapolis Indians,International League,Victory Field,Louisville Bats,416,7793.0,1,day,Sunday,6,8,August,22,1,,0,484-11,6,12,1.0,0.492063492063492,0.4596774193548387,Sunny,Clear,77.0,2,Out To RF,0,0,0,,1,1.0,full_season_release,1,8.96098117384356,5929.0,1.0,9.020625061926477,-0.059643888082916874,8271.945944131247
20260825,2026-08-25,484,Indianapolis Indians,International League,Victory Field,Columbus Clippers,445,7245.0,1,night,Tuesday,1,8,August,22,0,,0,484-11,7,12,2.0,0.4960629921259842,0.532258064516129,Clear,Clear,83.0,5,Out To LF,0,0,0,,1,2.0,full_season_release,1,8.888066854754783,6889.0,2.0,8.875858207096535,0.01220864765824814,7157.0860946325865
20260826,2026-08-26,484,Indianapolis Indians,International League,Victory Field,Columbus Clippers,445,6662.0,1,day,Wednesday,2,8,August,22,0,,0,484-11,8,12,1.0,0.5,0.528,Cloudy,Cloudy,80.0,7,In From RF,0,0,0,,1,3.0,full_season_release,1,8.804175018753625,6400.0,3.0,8.884750126138526,-0.08057510738490059,7221.0101071493855
20260827,2026-08-27,484,Indianapolis Indians,International League,Victory Field,Columbus Clippers,445,6087.0,1,night,Thursday,3,8,August,22,0,,0,484-11,9,12,1.0,0.5038759689922481,0.5238095238095238,Partly Cloudy,Cloudy,83.0,8,Calm,0,0,0,,1,-2.0,full_season_release,1,8.713910628493924,6889.0,-2.0,8.834186674875944,-0.1202760463820205,6864.968123640144
20260828,2026-08-28,484,Indianapolis Indians,International League,Victory Field,Columbus Clippers,445,9855.0,1,night,Friday,4,8,August,23,1,,0,484-11,10,12,1.0,0.5,0.5275590551181102,Clear,Clear,83.0,6,Calm,0,0,0,,1,-1.0,full_season_release,1,9.19573421958682,6889.0,-1.0,9.168768325322029,0.02696589426479079,9592.802199214935
20260829,2026-08-29,484,Indianapolis Indians,International League,Victory Field,Columbus Clippers,445,10114.0,1,night,Saturday,5,8,August,23,1,,0,484-11,11,12,1.0,0.4961832061068702,0.53125,Partly Cloudy,Cloudy,84.0,5,Out To LF,0,1,1,Rowdie WWE Bobblehead,1,0.0,full_season_release,1,9.221675881639928,7056.0,0.0,9.104139384830324,0.11753649680960443,8992.438934482792
20260830,2026-08-30,484,Indianapolis Indians,International League,Victory Field,Columbus Clippers,445,9245.0,1,day,Sunday,6,8,August,23,1,,0,484-11,12,12,1.0,0.4924242424242424,0.5348837209302325,Cloudy,Cloudy,83.0,2,Out To CF,0,0,0,,1,1.0,full_season_release,1,9.131838143821225,6889.0,1.0,8.93000566335903,0.20183248046219582,7555.308164552057
20260327,2026-03-27,451,Iowa Cubs,International League,Principal Park,Columbus Clippers,445,3243.0,1,night,Friday,4,3,March,1,1,,0,451-1,1,3,1.0,1.0,0.0,Clear,Clear,49.0,23,L To R,0,0,0,,0,,full_season_release,1,8.084254106307318,2401.0,,8.377501301952588,-0.2932471956452698,4348.130675501181
20260328,2026-03-28,451,Iowa Cubs,International League,Principal Park,Columbus Clippers,445,2953.0,1,day,Saturday,5,3,March,1,1,,0,451-1,2,3,1.0,0.5,0.5,Sunny,Clear,51.0,15,Out To LF,0,0,0,,0,,full_season_release,1,7.990576881743923,2601.0,,8.397816559455803,-0.4072396777118801,4437.367434650246
20260329,2026-03-29,451,Iowa Cubs,International League,Principal Park,Columbus Clippers,445,3882.0,1,day,Sunday,6,3,March,1,1,,0,451-1,3,3,1.0,0.3333333333333333,0.6666666666666666,Partly Cloudy,Cloudy,64.0,14,Out To LF,0,0,0,,0,,full_season_release,1,8.264105763728956,4096.0,,8.239087361488098,0.025018402240858606,3786.0834054341844
20260407,2026-04-07,451,Iowa Cubs,International League,Principal Park,Omaha Storm Chasers,541,2319.0,1,night,Tuesday,1,4,April,2,0,,0,451-2,1,5,9.0,0.6,0.5,Overcast,Cloudy,44.0,14,Out To LF,0,0,0,,0,,full_season_release,1,7.7488913372555315,1936.0,,7.713659491404039,0.035231845851492416,2238.7198622155443
20260408,2026-04-08,451,Iowa Cubs,International League,Principal Park,Omaha Storm Chasers,541,2688.0,1,day,Wednesday,2,4,April,2,0,,0,451-2,2,5,1.0,0.6363636363636364,0.4545454545454545,Partly Cloudy,Cloudy,64.0,26,Out To LF,0,0,0,,0,,full_season_release,1,7.89655270164304,4096.0,,8.148041793011174,-0.2514890913681338,3456.60368834896
20260410,2026-04-10,451,Iowa Cubs,International League,Principal Park,Omaha Storm Chasers,541,3145.0,2,night,Friday,4,4,April,3,1,,0,451-2,3,5,2.0,0.5384615384615384,0.5384615384615384,Partly Cloudy,Cloudy,51.0,6,In From RF,0,0,0,,0,,full_season_release,1,8.05356916913454,2601.0,,8.2555680422138,-0.20199887307926012,3848.9976479924985
20260411,2026-04-11,451,Iowa Cubs,International League,Principal Park,Omaha Storm Chasers,541,2555.0,1,day,Saturday,5,4,April,3,1,,0,451-2,4,5,1.0,0.5714285714285714,0.5,Overcast,Cloudy,54.0,14,R To L,0,0,0,,0,,full_season_release,1,7.845807502637805,2916.0,,8.395467398065605,-0.5496598954278005,4426.955576754133
20260421,2026-04-21,451,Iowa Cubs,International League,Principal Park,Louisville Bats,416,2807.0,1,night,Tuesday,1,4,April,4,0,,0,451-3,1,6,10.0,0.5238095238095238,0.5909090909090909,Partly Cloudy,Cloudy,84.0,10,Out To CF,0,0,0,,0,,full_season_release,1,7.939871576361883,7056.0,,8.00469136147632,-0.06481978511443742,2994.975593625122
20260422,2026-04-22,451,Iowa Cubs,International League,Principal Park,Louisville Bats,416,3275.0,1,day,Wednesday,2,4,April,4,0,,0,451-3,2,6,1.0,0.5454545454545454,0.5652173913043478,Partly Cloudy,Cloudy,68.0,9,Out To LF,0,0,0,,0,,full_season_release,1,8.094073148069352,4624.0,,8.152993310570457,-0.058920162501104656,3473.7615659176204
20260423,2026-04-23,451,Iowa Cubs,International League,Principal Park,Louisville Bats,416,3007.0,1,day,Thursday,3,4,April,4,0,,0,451-3,3,6,1.0,0.5217391304347826,0.5833333333333334,Overcast,Cloudy,67.0,16,Out To LF,0,0,0,,0,,full_season_release,1,8.008698182988528,4489.0,,8.23258890840591,-0.22389072541738209,3761.5594901187214
20260424,2026-04-24,451,Iowa Cubs,International League,Principal Park,Louisville Bats,416,4869.0,1,night,Friday,4,4,April,5,1,,0,451-3,4,6,1.0,0.5,0.6,Clear,Clear,64.0,8,In From LF,0,0,0,,0,,full_season_release,1,8.4906438561827,4096.0,,8.423005311081637,0.06763854510106349,4550.558770379273
20260425,2026-04-25,451,Iowa Cubs,International League,Principal Park,Louisville Bats,416,4230.0,1,day,Saturday,5,4,April,5,1,,0,451-3,5,6,1.0,0.52,0.5769230769230769,Partly Cloudy,Cloudy,71.0,9,In From RF,0,0,0,,0,,full_season_release,1,8.349957272040324,5041.0,,8.530004522304104,-0.18004725026377955,5064.468737835681
20260426,2026-04-26,451,Iowa Cubs,International League,Principal Park,Louisville Bats,416,4046.0,1,day,Sunday,6,4,April,5,1,,0,451-3,6,6,1.0,0.5,0.5925925925925926,Cloudy,Cloudy,57.0,13,In From RF,0,0,0,,0,,full_season_release,1,8.305484017727691,3249.0,,8.111843087599155,0.19364093012853623,3333.7167030144296
20260505,2026-05-05,451,Iowa Cubs,International League,Principal Park,Columbus Clippers,445,2805.0,1,night,Tuesday,1,5,May,6,0,,0,451-4,1,6,9.0,0.4545454545454545,0.5294117647058824,Cloudy,Cloudy,58.0,22,L To R,0,0,0,,0,,full_season_release,1,7.9391588179567965,3364.0,,8.263551464563582,-0.32439264660678546,3879.8488068973693
20260506,2026-05-06,451,Iowa Cubs,International League,Principal Park,Columbus Clippers,445,3678.0,1,day,Wednesday,2,5,May,6,0,,0,451-4,2,6,1.0,0.4705882352941176,0.5142857142857142,Cloudy,Cloudy,52.0,14,L To R,0,0,0,,0,,full_season_release,1,8.210124405164267,2704.0,,8.28247738767889,-0.07235298251462297,3953.9777941940424
20260507,2026-05-07,451,Iowa Cubs,International League,Principal Park,Columbus Clippers,445,5012.0,1,day,Thursday,3,5,May,6,0,,0,451-4,3,6,1.0,0.4571428571428571,0.5277777777777778,Cloudy,Cloudy,52.0,5,Varies,0,0,0,,0,,full_season_release,1,8.51959031601596,2704.0,,8.367375276457615,0.15221503955834415,4304.323563708977
20260508,2026-05-08,451,Iowa Cubs,International League,Principal Park,Columbus Clippers,445,5086.0,1,night,Friday,4,5,May,7,1,,0,451-4,4,6,1.0,0.4722222222222222,0.5135135135135135,Partly Cloudy,Cloudy,75.0,14,Out To RF,0,0,0,,0,,full_season_release,1,8.534246945982066,5625.0,,8.77860244800782,-0.24435550202575484,6493.795411993374
20260509,2026-05-09,451,Iowa Cubs,International League,Principal Park,Columbus Clippers,445,5339.0,1,day,Saturday,5,5,May,7,1,,0,451-4,5,6,1.0,0.4864864864864865,0.5,Cloudy,Cloudy,73.0,17,L To R,0,0,0,,0,,full_season_release,1,8.582793648500186,5329.0,,8.845002582263222,-0.262208933763036,6939.621979906563
20260510,2026-05-10,451,Iowa Cubs,International League,Principal Park,Columbus Clippers,445,4467.0,1,day,Sunday,6,5,May,7,1,Mother's Day,1,451-4,6,6,1.0,0.4736842105263157,0.5128205128205128,Partly Cloudy,Cloudy,62.0,6,L To R,0,0,0,,0,,full_season_release,1,8.404472321352118,3844.0,,8.559336325286125,-0.1548640039340068,5215.218814784748
20260519,2026-05-19,451,Iowa Cubs,International League,Principal Park,Memphis Redbirds,235,4024.0,1,night,Tuesday,1,5,May,8,0,,0,451-5,1,6,9.0,0.4,0.6086956521739131,Overcast,Cloudy,54.0,12,L To R,0,0,0,,0,,full_season_release,1,8.300031711779575,2916.0,,8.189283128894838,0.11074858288473699,3602.13905126238
20260520,2026-05-20,451,Iowa Cubs,International League,Principal Park,Memphis Redbirds,235,5349.0,1,day,Wednesday,2,5,May,8,0,,0,451-5,2,6,1.0,0.4130434782608695,0.5957446808510638,Partly Cloudy,Cloudy,58.0,10,In From LF,0,0,0,,0,,full_season_release,1,8.58466490653125,3364.0,,8.356147572546291,0.22851733398495888,4256.266185053319
20260521,2026-05-21,451,Iowa Cubs,International League,Principal Park,Memphis Redbirds,235,5634.0,1,day,Thursday,3,5,May,8,0,,0,451-5,3,6,1.0,0.4042553191489361,0.6041666666666666,Overcast,Cloudy,55.0,12,In From RF,0,0,0,,0,,full_season_release,1,8.636574948436317,3025.0,,8.400064243302229,0.2365107051340889,4447.352451130127
20260522,2026-05-22,451,Iowa Cubs,International League,Principal Park,Memphis Redbirds,235,6124.0,1,night,Friday,4,5,May,9,1,,0,451-5,4,6,1.0,0.3958333333333333,0.6122448979591837,Partly Cloudy,Cloudy,67.0,14,R To L,0,0,0,,0,,full_season_release,1,8.719970756777574,4489.0,,8.737521924966464,-0.017551168188889577,6232.432125756828
20260523,2026-05-23,451,Iowa Cubs,International League,Principal Park,Memphis Redbirds,235,5239.0,1,night,Saturday,5,5,May,9,1,,0,451-5,5,6,1.0,0.4081632653061224,0.6,Cloudy,Cloudy,71.0,8,L To R,0,0,0,,0,,full_season_release,1,8.56388591940822,5041.0,,8.699468967832969,-0.1355830484247491,5999.725324024093
20260524,2026-05-24,451,Iowa Cubs,International League,Principal Park,Memphis Redbirds,235,6235.0,1,day,Sunday,6,5,May,9,1,,0,451-5,6,6,1.0,0.42,0.5882352941176471,Sunny,Clear,76.0,10,Out To RF,0,0,0,,0,,full_season_release,1,8.737933858114136,5776.0,,8.524405434501752,0.21352842361238444,5036.1915697472905
20260602,2026-06-02,451,Iowa Cubs,International League,Principal Park,Toledo Mud Hens,512,5120.0,1,night,Tuesday,1,6,June,10,0,,0,451-6,1,5,9.0,0.4210526315789473,0.4655172413793103,Partly Cloudy,Cloudy,80.0,9,Out To LF,0,0,0,,0,,full_season_release,1,8.540909718033554,6400.0,,8.452388170362058,0.08852154767149578,4686.250948084406
20260603,2026-06-03,451,Iowa Cubs,International League,Principal Park,Toledo Mud Hens,512,4973.0,1,day,Wednesday,2,6,June,10,0,,0,451-6,2,5,1.0,0.4137931034482758,0.4745762711864407,Cloudy,Cloudy,79.0,10,Out To LF,0,0,0,,0,,full_season_release,1,8.511778558714738,6241.0,,8.561902037184256,-0.05012347846951748,5228.6167440126665
20260605,2026-06-05,451,Iowa Cubs,International League,Principal Park,Toledo Mud Hens,512,10876.0,1,night,Friday,4,6,June,11,1,,0,451-6,3,5,2.0,0.4067796610169492,0.4833333333333333,Partly Cloudy,Cloudy,84.0,6,Out To CF,0,0,0,,0,,full_season_release,1,9.294313805752362,7056.0,,8.823304398523051,0.4710094072293103,6790.666661143585
20260606,2026-06-06,451,Iowa Cubs,International League,Principal Park,Toledo Mud Hens,512,11041.0,2,night,Saturday,5,6,June,11,1,,0,451-6,4,5,1.0,0.4098360655737705,0.4838709677419355,Cloudy,Cloudy,87.0,8,Out To LF,0,0,0,,0,,full_season_release,1,9.309370895439137,7569.0,,8.75636407674942,0.5530068186897168,6350.977879165402
20260616,2026-06-16,451,Iowa Cubs,International League,Principal Park,Indianapolis Indians,484,5395.0,1,night,Tuesday,1,6,June,12,0,,0,451-7,1,12,10.0,0.417910447761194,0.4,Partly Cloudy,Cloudy,75.0,13,L To R,0,0,0,,1,-10.0,full_season_release,1,8.593227877692234,5625.0,-10.0,8.469077268110857,0.12415060958137758,4765.116515311982
20260617,2026-06-17,451,Iowa Cubs,International League,Principal Park,Indianapolis Indians,484,4982.0,1,day,Wednesday,2,6,June,12,0,,0,451-7,2,12,1.0,0.4264705882352941,0.3943661971830985,Overcast,Cloudy,66.0,18,Out To LF,0,0,0,,1,-9.0,full_season_release,1,8.513586695822125,4356.0,-9.0,8.565896721247013,-0.052310025424887385,5249.545189423444
20260618,2026-06-18,451,Iowa Cubs,International League,Principal Park,Indianapolis Indians,484,5874.0,1,night,Thursday,3,6,June,12,0,,0,451-7,3,12,1.0,0.4202898550724637,0.4027777777777778,Partly Cloudy,Cloudy,76.0,1,Calm,0,0,0,,1,-8.0,full_season_release,1,8.678291111758565,5776.0,-8.0,8.556081518286073,0.12220959347249227,5198.271878543925
20260619,2026-06-19,451,Iowa Cubs,International League,Principal Park,Indianapolis Indians,484,8978.0,1,night,Friday,4,6,June,13,1,,0,451-7,4,12,1.0,0.4285714285714285,0.3972602739726027,Drizzle,Precipitation,67.0,3,In From LF,1,0,0,,1,-7.0,full_season_release,1,9.102532419341877,4489.0,-7.0,8.792493297604123,0.31003912173775383,6584.629165807247
20260620,2026-06-20,451,Iowa Cubs,International League,Principal Park,Indianapolis Indians,484,6134.0,1,night,Saturday,5,6,June,13,1,,0,451-7,5,12,1.0,0.4225352112676056,0.4054054054054054,Cloudy,Cloudy,79.0,1,Calm,0,0,0,,1,-6.0,full_season_release,1,8.721602344674197,6241.0,-6.0,8.825941004400004,-0.10433865972580669,6808.5945968353
20260621,2026-06-21,451,Iowa Cubs,International League,Principal Park,Indianapolis Indians,484,4238.0,1,day,Sunday,6,6,June,13,1,Father's Day,1,451-7,6,12,1.0,0.4166666666666667,0.4133333333333333,Rain,Precipitation,61.0,14,In From RF,1,0,0,,1,-5.0,full_season_release,1,8.351846738828245,3721.0,-5.0,8.581231849980073,-0.22938511115182791,5330.668065795984
20260623,2026-06-23,451,Iowa Cubs,International League,Principal Park,Buffalo Bisons,422,6766.0,1,night,Tuesday,1,6,June,13,0,,0,451-7,7,12,2.0,0.410958904109589,0.4736842105263157,Cloudy,Cloudy,77.0,8,Out To CF,0,0,0,,1,-4.0,full_season_release,1,8.819665349340653,5929.0,-4.0,8.53587847657461,0.28378687276604353,5094.304737468109
20260624,2026-06-24,451,Iowa Cubs,International League,Principal Park,Buffalo Bisons,422,6085.0,1,day,Wednesday,2,6,June,13,0,,0,451-7,8,12,1.0,0.4189189189189189,0.4675324675324675,Partly Cloudy,Cloudy,77.0,12,Out To RF,0,0,0,,1,-3.0,full_season_release,1,8.713582005421628,5929.0,-3.0,8.528242378820865,0.1853396266007632,5055.552275603391
20260625,2026-06-25,451,Iowa Cubs,International League,Principal Park,Buffalo Bisons,422,4186.0,1,night,Thursday,3,6,June,13,0,,0,451-7,9,12,1.0,0.4133333333333333,0.4743589743589743,Cloudy,Cloudy,77.0,3,Varies,0,0,0,,1,-2.0,full_season_release,1,8.339500903005945,5929.0,-2.0,8.492138613476467,-0.15263771047052188,4876.283415376363
20260626,2026-06-26,451,Iowa Cubs,International League,Principal Park,Buffalo Bisons,422,11508.0,1,night,Friday,4,6,June,14,1,,0,451-7,10,12,1.0,0.4210526315789473,0.4683544303797468,Partly Cloudy,Cloudy,74.0,10,In From RF,0,0,0,,1,-1.0,full_season_release,1,9.35079772467144,5476.0,-1.0,8.830555117330215,0.5202426073412241,6840.082810422435
20260627,2026-06-27,451,Iowa Cubs,International League,Principal Park,Buffalo Bisons,422,9697.0,1,night,Saturday,5,6,June,14,1,,0,451-7,11,12,1.0,0.4155844155844156,0.475,Partly Cloudy,Cloudy,76.0,9,R To L,0,1,1,"Replica 2016 World Series trophy, first 1000 fans",1,0.0,full_season_release,1,9.179571838304547,5776.0,0.0,8.771413748659407,0.40815808964513955,6447.280859027166
20260628,2026-06-28,451,Iowa Cubs,International League,Principal Park,Buffalo Bisons,422,4641.0,1,day,Sunday,6,6,June,14,1,,0,451-7,12,12,1.0,0.4102564102564102,0.4814814814814814,Cloudy,Cloudy,87.0,15,Out To RF,0,0,0,,1,1.0,full_season_release,1,8.442685139241176,7569.0,1.0,8.528986864108326,-0.08630172486715004,5059.317461281331
20260707,2026-07-07,451,Iowa Cubs,International League,Principal Park,St. Paul Saints,1960,3528.0,1,night,Tuesday,1,7,July,15,0,,0,451-8,1,6,9.0,0.4117647058823529,0.5697674418604651,Partly Cloudy,Cloudy,88.0,6,Out To CF,0,0,0,,1,-3.0,full_season_release,1,8.168486417126681,7744.0,-3.0,8.352062901687427,-0.1835764845607457,4238.916197217553
20260708,2026-07-08,451,Iowa Cubs,International League,Principal Park,St. Paul Saints,1960,5777.0,1,day,Wednesday,2,7,July,15,0,,0,451-8,2,6,1.0,0.4186046511627907,0.5632183908045977,Partly Cloudy,Cloudy,85.0,12,Out To LF,0,0,0,,1,-2.0,full_season_release,1,8.661639795781266,7225.0,-2.0,8.48863590417546,0.17300389160580565,4859.233090700887
20260709,2026-07-09,451,Iowa Cubs,International League,Principal Park,St. Paul Saints,1960,4051.0,1,night,Thursday,3,7,July,15,0,,0,451-8,3,6,1.0,0.425287356321839,0.5568181818181818,Cloudy,Cloudy,84.0,1,Varies,0,0,0,,1,-1.0,full_season_release,1,8.30671904320269,7056.0,-1.0,8.46270671017741,-0.15598766697471866,4734.856553251389
20260710,2026-07-10,451,Iowa Cubs,International League,Principal Park,St. Paul Saints,1960,8217.0,1,night,Friday,4,7,July,16,1,,0,451-8,4,6,1.0,0.4318181818181818,0.550561797752809,Partly Cloudy,Cloudy,80.0,7,In From CF,0,1,1,Sam Bernabe bobblehead,1,0.0,full_season_release,1,9.013960457931187,6400.0,0.0,8.822462872457614,0.19149758547357365,6784.95454193223
20260711,2026-07-11,451,Iowa Cubs,International League,Principal Park,St. Paul Saints,1960,5234.0,1,night,Saturday,5,7,July,16,1,,0,451-8,5,6,1.0,0.4382022471910112,0.5444444444444444,Clear,Clear,85.0,8,In From RF,0,0,0,,1,1.0,full_season_release,1,8.562931083090092,7225.0,1.0,8.735036572917073,-0.17210548982698093,6216.961570651743
20260712,2026-07-12,451,Iowa Cubs,International League,Principal Park,St. Paul Saints,1960,4562.0,1,day,Sunday,6,7,July,16,1,,0,451-8,6,6,1.0,0.4333333333333333,0.5494505494505495,Partly Cloudy,Cloudy,87.0,7,Out To LF,0,0,0,,1,2.0,full_season_release,1,8.425516402844334,7569.0,2.0,8.535553055167476,-0.11003665232314219,5092.647211363943
20260728,2026-07-28,451,Iowa Cubs,International League,Principal Park,Scranton/Wilkes-Barre RailRiders,531,4654.0,1,night,Tuesday,1,7,July,18,0,,0,451-9,1,6,14.0,0.43,0.54,Overcast,Cloudy,86.0,8,In From LF,0,0,0,,0,,full_season_release,1,8.445482343862237,7396.0,,8.29566030352319,0.14982204033904623,4006.4478449447133
20260729,2026-07-29,451,Iowa Cubs,International League,Principal Park,Scranton/Wilkes-Barre RailRiders,531,4301.0,1,day,Wednesday,2,7,July,18,0,,0,451-9,2,6,1.0,0.4257425742574257,0.5445544554455446,Partly Cloudy,Cloudy,83.0,8,Out To CF,0,0,0,,0,,full_season_release,1,8.366602832783736,6889.0,,8.508378107628975,-0.141775274845239,4956.118275756303
20260730,2026-07-30,451,Iowa Cubs,International League,Principal Park,Scranton/Wilkes-Barre RailRiders,531,4813.0,1,night,Thursday,3,7,July,18,0,,0,451-9,3,6,1.0,0.4215686274509804,0.5490196078431373,Cloudy,Cloudy,81.0,13,In From RF,0,0,0,,0,,full_season_release,1,8.47907586930311,6561.0,,8.484599522055628,-0.0055236527525188706,4839.658900169662
20260731,2026-07-31,451,Iowa Cubs,International League,Principal Park,Scranton/Wilkes-Barre RailRiders,531,8949.0,1,night,Friday,4,7,July,19,1,,0,451-9,4,6,1.0,0.4174757281553398,0.5533980582524272,Overcast,Cloudy,68.0,22,Out To RF,0,0,0,,0,,full_season_release,1,9.099297073182859,4624.0,,8.819732549710938,0.2795645234719206,6766.454692982942
20260801,2026-08-01,451,Iowa Cubs,International League,Principal Park,Scranton/Wilkes-Barre RailRiders,531,6123.0,1,night,Saturday,5,8,August,19,1,,0,451-9,5,6,1.0,0.4134615384615384,0.5576923076923077,Partly Cloudy,Cloudy,81.0,11,In From LF,0,0,0,,0,,full_season_release,1,8.719807451477955,6561.0,,8.739480783060715,-0.01967333158276041,6244.65254099529
20260802,2026-08-02,451,Iowa Cubs,International League,Principal Park,Scranton/Wilkes-Barre RailRiders,531,5656.0,1,day,Sunday,6,8,August,19,1,,0,451-9,6,6,1.0,0.4095238095238095,0.5619047619047619,Partly Cloudy,Cloudy,82.0,5,In From RF,0,0,0,,0,,full_season_release,1,8.640472207576408,6724.0,,8.55262149184759,0.08785071572881797,5180.316800844371
20260811,2026-08-11,451,Iowa Cubs,International League,Field of Dreams,St. Paul Saints,1960,7096.0,1,night,Tuesday,1,8,August,20,0,,0,451-10,1,5,9.0,0.4107142857142857,0.5789473684210527,Partly Cloudy,Cloudy,83.0,7,Out To LF,0,0,0,,0,,full_season_release,1,8.867286523989415,6889.0,,8.370606103893532,0.496680420095883,4318.252579378459
20260812,2026-08-12,451,Iowa Cubs,International League,Principal Park,St. Paul Saints,1960,3998.0,1,night,Wednesday,2,8,August,20,0,,0,451-10,2,5,1.0,0.415929203539823,0.5739130434782609,Partly Cloudy,Cloudy,85.0,8,In From CF,0,0,0,,0,,full_season_release,1,8.293549515060345,7225.0,,8.341920209703389,-0.04837069464304378,4196.139478143623
20260813,2026-08-13,451,Iowa Cubs,International League,Principal Park,St. Paul Saints,1960,5674.0,1,night,Thursday,3,8,August,20,0,,0,451-10,3,5,1.0,0.4210526315789473,0.5689655172413793,Cloudy,Cloudy,83.0,10,In From RF,0,0,0,,0,,full_season_release,1,8.643649615368796,6889.0,,8.444752634743342,0.19889698062545413,4650.605172529581
20260815,2026-08-15,451,Iowa Cubs,International League,Principal Park,St. Paul Saints,1960,4838.0,2,night,Saturday,5,8,August,21,1,,0,451-10,4,5,2.0,0.4137931034482758,0.576271186440678,Cloudy,Cloudy,83.0,7,L To R,0,0,0,,0,,full_season_release,1,8.484256691169973,6889.0,,8.711994253587498,-0.2277375624175253,6075.346196039864
20260816,2026-08-16,451,Iowa Cubs,International League,Principal Park,St. Paul Saints,1960,8695.0,1,day,Sunday,6,8,August,21,1,,0,451-10,5,5,1.0,0.4102564102564102,0.5798319327731093,Cloudy,Cloudy,74.0,20,In From CF,0,0,0,,0,,full_season_release,1,9.070503426788383,5476.0,,8.575846473232183,0.4946569535562002,5302.037572136914
20260825,2026-08-25,451,Iowa Cubs,International League,Principal Park,Omaha Storm Chasers,541,3895.0,1,night,Tuesday,1,8,August,22,0,,0,451-11,1,6,9.0,0.4193548387096774,0.4677419354838709,Partly Cloudy,Cloudy,83.0,6,Out To LF,0,0,0,,0,,full_season_release,1,8.267448958304849,6889.0,,8.404575177344217,-0.13712621903936828,4467.459481346503
20260826,2026-08-26,451,Iowa Cubs,International League,Principal Park,Omaha Storm Chasers,541,4122.0,1,day,Wednesday,2,8,August,22,0,,0,451-11,2,6,1.0,0.424,0.464,Sunny,Clear,79.0,10,L To R,0,0,0,,0,,full_season_release,1,8.324093761450404,6241.0,,8.532859558017126,-0.20876579656672156,5078.948637429169
20260827,2026-08-27,451,Iowa Cubs,International League,Principal Park,Omaha Storm Chasers,541,4326.0,1,night,Thursday,3,8,August,22,0,,0,451-11,3,6,1.0,0.4285714285714285,0.4603174603174603,Partly Cloudy,Cloudy,80.0,7,In From LF,0,0,0,,0,,full_season_release,1,8.372398606513004,6400.0,,8.494598421213404,-0.12219981470039976,4888.292899504555
20260828,2026-08-28,451,Iowa Cubs,International League,Principal Park,Omaha Storm Chasers,541,6178.0,1,night,Friday,4,8,August,23,1,,0,451-11,4,6,1.0,0.4330708661417323,0.4566929133858268,Partly Cloudy,Cloudy,83.0,8,Out To LF,0,0,0,,0,,full_season_release,1,8.728749873478527,6889.0,,8.813729615793793,-0.08497974231526584,6725.957784350291
20260829,2026-08-29,451,Iowa Cubs,International League,Principal Park,Omaha Storm Chasers,541,6361.0,1,night,Saturday,5,8,August,23,1,,0,451-11,5,6,1.0,0.4375,0.453125,Partly Cloudy,Cloudy,84.0,12,Out To LF,0,0,0,,0,,full_season_release,1,8.757940876678804,7056.0,,8.75015100603746,0.007789870641344621,6311.641132048242
20260830,2026-08-30,451,Iowa Cubs,International League,Principal Park,Omaha Storm Chasers,541,5107.0,1,day,Sunday,6,8,August,23,1,,0,451-11,6,6,1.0,0.4341085271317829,0.4573643410852713,Overcast,Cloudy,79.0,14,Out To LF,0,0,0,,0,,full_season_release,1,8.538367426647644,6241.0,,8.596235546709403,-0.05786812006175879,5411.250800611882
20260327,2026-03-27,564,Jacksonville Jumbo Shrimp,International League,Vystar Ballpark,Rochester Red Wings,534,8177.0,1,night,Friday,4,3,March,1,1,,0,564-1,1,9,1.0,0.0,1.0,Partly Cloudy,Cloudy,82.0,9,Out To LF,0,0,0,,1,-1.0,full_season_release,1,9.009080614161977,6724.0,-1.0,8.403736044964065,0.6053445691979125,4463.712263864331
20260328,2026-03-28,564,Jacksonville Jumbo Shrimp,International League,Vystar Ballpark,Rochester Red Wings,534,6595.0,1,night,Saturday,5,3,March,1,1,,0,564-1,2,9,1.0,0.0,1.0,Overcast,Cloudy,59.0,18,In From LF,0,1,1,Replica championship ring presented by Birken Construction,1,0.0,full_season_release,1,8.794067065151415,3481.0,0.0,8.27639446325069,0.5176726019007258,3929.999050462527
20260329,2026-03-29,564,Jacksonville Jumbo Shrimp,International League,Vystar Ballpark,Rochester Red Wings,534,5635.0,1,day,Sunday,6,3,March,1,1,,0,564-1,3,9,1.0,0.3333333333333333,0.6666666666666666,Cloudy,Cloudy,70.0,24,R To L,0,0,0,,1,1.0,full_season_release,1,8.636752426473876,4900.0,1.0,8.235942998003477,0.40080942847039935,3774.197279967051
20260331,2026-03-31,564,Jacksonville Jumbo Shrimp,International League,Vystar Ballpark,Sugar Land Space Cowboys,5434,2241.0,1,night,Tuesday,1,3,March,1,0,,0,564-1,4,9,2.0,0.25,0.75,Clear,Clear,74.0,11,R To L,0,0,0,,1,2.0,full_season_release,1,7.714677473800927,5476.0,2.0,8.134624702795406,-0.419947228994479,3410.535863985574
20260401,2026-04-01,564,Jacksonville Jumbo Shrimp,International League,Vystar Ballpark,Sugar Land Space Cowboys,5434,2780.0,1,day,Wednesday,2,4,April,1,0,,0,564-1,5,9,1.0,0.2,0.8,Overcast,Cloudy,75.0,5,L To R,0,0,0,,1,3.0,full_season_release,1,7.930206206684683,5625.0,3.0,8.088757554932547,-0.15855134824786443,3257.6376190354313
20260402,2026-04-02,564,Jacksonville Jumbo Shrimp,International League,Vystar Ballpark,Sugar Land Space Cowboys,5434,5060.0,1,night,Thursday,3,4,April,1,0,,0,564-1,6,9,1.0,0.1666666666666666,0.8333333333333334,Partly Cloudy,Cloudy,75.0,11,R To L,0,0,0,,1,-2.0,full_season_release,1,8.52912176228151,5625.0,-2.0,8.048459300556665,0.4806624617248456,3128.970452641383
20260403,2026-04-03,564,Jacksonville Jumbo Shrimp,International League,Vystar Ballpark,Sugar Land Space Cowboys,5434,4788.0,1,night,Friday,4,4,April,2,1,,0,564-1,7,9,1.0,0.1428571428571428,0.8571428571428571,Clear,Clear,79.0,15,R To L,0,0,0,,1,-1.0,full_season_release,1,8.473868066677865,6241.0,-1.0,8.371697179056337,0.10217088762152748,4322.966688770714
20260404,2026-04-04,564,Jacksonville Jumbo Shrimp,International League,Vystar Ballpark,Sugar Land Space Cowboys,5434,6614.0,1,night,Saturday,5,4,April,2,1,,0,564-1,8,9,1.0,0.25,0.75,Partly Cloudy,Cloudy,79.0,10,R To L,0,1,1,Southpaw Onesie,1,0.0,full_season_release,1,8.796943893541737,6241.0,0.0,8.332439115550896,0.46450477799084133,4156.543487940241
20260405,2026-04-05,564,Jacksonville Jumbo Shrimp,International League,Vystar Ballpark,Sugar Land Space Cowboys,5434,3973.0,1,day,Sunday,6,4,April,2,1,,0,564-1,9,9,1.0,0.3333333333333333,0.6666666666666666,Partly Cloudy,Cloudy,84.0,6,Out To LF,0,0,0,,1,1.0,full_season_release,1,8.287276755814599,7056.0,1.0,8.138074009001434,0.14920274681316492,3422.320158643603
20260414,2026-04-14,564,Jacksonville Jumbo Shrimp,International League,Vystar Ballpark,Charlotte Knights,494,5438.0,1,day,Tuesday,1,4,April,3,0,,0,564-2,1,6,9.0,0.5,0.4666666666666667,Sunny,Clear,75.0,2,Calm,0,0,0,,1,-1.0,full_season_release,1,8.601166625192416,5625.0,-1.0,8.183863392248554,0.41730323294386196,3582.6692145930456
20260415,2026-04-15,564,Jacksonville Jumbo Shrimp,International League,Vystar Ballpark,Charlotte Knights,494,3397.0,1,night,Wednesday,2,4,April,3,0,,0,564-2,2,6,1.0,0.5294117647058824,0.4375,Clear,Clear,77.0,10,R To L,0,1,1,"Wear It Home Wednesdays T-shirt, first 500 fans",1,0.0,full_season_release,1,8.130647968160584,5929.0,0.0,8.049694319221478,0.08095364893910606,3132.8371767988133
20260416,2026-04-16,564,Jacksonville Jumbo Shrimp,International League,Vystar Ballpark,Charlotte Knights,494,6212.0,1,night,Thursday,3,4,April,3,0,,0,564-2,3,6,1.0,0.5555555555555556,0.4117647058823529,Clear,Clear,85.0,8,Out To LF,0,0,0,,1,1.0,full_season_release,1,8.734238184268579,7225.0,1.0,8.100091168493114,0.634147015775465,3294.7684406655976
20260417,2026-04-17,564,Jacksonville Jumbo Shrimp,International League,Vystar Ballpark,Charlotte Knights,494,6847.0,1,night,Friday,4,4,April,4,1,,0,564-2,4,6,1.0,0.5789473684210527,0.3888888888888889,Clear,Clear,82.0,12,In From RF,0,0,0,,1,-1.0,full_season_release,1,8.831565879121063,6724.0,-1.0,8.460167493246942,0.3713983858741212,4722.848976700569
20260418,2026-04-18,564,Jacksonville Jumbo Shrimp,International League,Vystar Ballpark,Charlotte Knights,494,10768.0,1,night,Saturday,5,4,April,4,1,,0,564-2,5,6,1.0,0.55,0.4210526315789473,Clear,Clear,85.0,7,R To L,0,1,1,Replica Jumbo Shrimp jersey presented by VyStar Credit Union,1,0.0,full_season_release,1,9.284334051884509,7225.0,0.0,8.376196301422636,0.9081377504618722,4342.460063545924
20260419,2026-04-19,564,Jacksonville Jumbo Shrimp,International League,Vystar Ballpark,Charlotte Knights,494,5531.0,1,day,Sunday,6,4,April,4,1,,0,564-2,6,6,1.0,0.5238095238095238,0.45,Partly Cloudy,Cloudy,83.0,9,R To L,0,0,0,,1,1.0,full_season_release,1,8.618123909994678,6889.0,1.0,8.205280934511535,0.41284297548314264,3660.2287868554536
20260505,2026-05-05,564,Jacksonville Jumbo Shrimp,International League,Vystar Ballpark,Charlotte Knights,494,7732.0,1,night,Tuesday,1,5,May,6,0,,0,564-3,1,6,14.0,0.5,0.5,Clear,Clear,76.0,13,R To L,0,0,0,,1,-4.0,full_season_release,1,8.953122840328222,5776.0,-4.0,8.249596841568465,0.7035259987597566,3826.082992840308
20260506,2026-05-06,564,Jacksonville Jumbo Shrimp,International League,Vystar Ballpark,Charlotte Knights,494,4217.0,1,day,Wednesday,2,5,May,6,0,,0,564-3,2,6,1.0,0.5142857142857142,0.4857142857142857,Cloudy,Cloudy,82.0,8,R To L,0,0,0,,1,-3.0,full_season_release,1,8.34687925374656,6724.0,-3.0,8.420594038103998,-0.07371478435743839,4539.599349371018
20260507,2026-05-07,564,Jacksonville Jumbo Shrimp,International League,Vystar Ballpark,Charlotte Knights,494,5356.0,1,night,Thursday,3,5,May,6,0,,0,564-3,3,6,1.0,0.5,0.5,Cloudy,Cloudy,90.0,12,Out To LF,0,0,0,,1,-2.0,full_season_release,1,8.585972706811063,8100.0,-2.0,8.311366266923658,0.2746064398874051,4069.8697152274776
20260508,2026-05-08,564,Jacksonville Jumbo Shrimp,International League,Vystar Ballpark,Charlotte Knights,494,6389.0,1,night,Friday,4,5,May,7,1,,0,564-3,4,6,1.0,0.4864864864864865,0.5135135135135135,Cloudy,Cloudy,74.0,11,In From CF,0,0,0,,1,-1.0,full_season_release,1,8.762333040602343,5476.0,-1.0,8.738637783188164,0.023695257414178883,6239.3905179531
20260509,2026-05-09,564,Jacksonville Jumbo Shrimp,International League,Vystar Ballpark,Charlotte Knights,494,5810.0,1,night,Saturday,5,5,May,7,1,,0,564-3,5,6,1.0,0.5,0.5,Drizzle,Precipitation,73.0,6,In From LF,1,1,1,Championship socks presented by VyStar Credit Union,1,0.0,full_season_release,1,8.667335849845957,5329.0,0.0,8.604438162900859,0.06289768694509767,5455.819755165329
20260510,2026-05-10,564,Jacksonville Jumbo Shrimp,International League,Vystar Ballpark,Charlotte Knights,494,4305.0,1,day,Sunday,6,5,May,7,1,Mother's Day,1,564-3,6,6,1.0,0.5128205128205128,0.4871794871794871,Cloudy,Cloudy,82.0,4,Out To CF,0,0,0,,1,1.0,full_season_release,1,8.367532416861831,6724.0,1.0,8.561501848177684,-0.1939694313158533,5226.524727701023
20260519,2026-05-19,564,Jacksonville Jumbo Shrimp,International League,Vystar Ballpark,Norfolk Tides,568,4133.0,1,night,Tuesday,1,5,May,8,0,,0,564-4,1,6,9.0,0.5434782608695652,0.391304347826087,Partly Cloudy,Cloudy,81.0,11,R To L,0,0,0,,1,-4.0,full_season_release,1,8.326758814511733,6561.0,-4.0,8.344281651075711,-0.017522836563978572,4206.060124413489
20260520,2026-05-20,564,Jacksonville Jumbo Shrimp,International League,Vystar Ballpark,Norfolk Tides,568,3166.0,1,day,Wednesday,2,5,May,8,0,,0,564-4,2,6,1.0,0.5531914893617021,0.3829787234042553,Partly Cloudy,Cloudy,84.0,4,In From CF,0,0,0,,1,-3.0,full_season_release,1,8.060224240440958,7056.0,-3.0,8.433930476274057,-0.37370623583309914,4600.546943979083
20260521,2026-05-21,564,Jacksonville Jumbo Shrimp,International League,Vystar Ballpark,Norfolk Tides,568,6843.0,1,night,Thursday,3,5,May,8,0,,0,564-4,3,6,1.0,0.5625,0.375,Partly Cloudy,Cloudy,82.0,10,R To L,0,0,0,,1,-2.0,full_season_release,1,8.830981510952498,6724.0,-2.0,8.413609089984577,0.4173724209679204,4508.0009684308
20260522,2026-05-22,564,Jacksonville Jumbo Shrimp,International League,Vystar Ballpark,Norfolk Tides,568,6670.0,1,night,Friday,4,5,May,9,1,,0,564-4,4,6,1.0,0.5510204081632653,0.3877551020408163,Cloudy,Cloudy,83.0,11,R To L,0,0,0,,1,-1.0,full_season_release,1,8.80537513890967,6889.0,-1.0,8.740204106640297,0.06517103226937238,6249.171079410169
20260523,2026-05-23,564,Jacksonville Jumbo Shrimp,International League,Vystar Ballpark,Norfolk Tides,568,7938.0,1,night,Saturday,5,5,May,9,1,,0,564-4,5,6,1.0,0.56,0.38,Cloudy,Cloudy,82.0,10,R To L,0,1,1,Honey Drippers double-sided sunshield,1,0.0,full_season_release,1,8.97941663334301,6724.0,0.0,8.69061045899771,0.2888061743453001,5946.811419404299
20260524,2026-05-24,564,Jacksonville Jumbo Shrimp,International League,Vystar Ballpark,Norfolk Tides,568,9201.0,1,night,Sunday,6,5,May,9,1,,0,564-4,6,6,1.0,0.5686274509803921,0.3725490196078431,Overcast,Cloudy,83.0,10,R To L,0,0,0,,1,1.0,full_season_release,1,9.127067452782361,6889.0,1.0,8.382841697611065,0.7442257551712963,4371.413528170559
20260602,2026-06-02,564,Jacksonville Jumbo Shrimp,International League,Vystar Ballpark,Nashville Sounds,556,3416.0,1,night,Tuesday,1,6,June,10,0,,0,564-5,1,12,9.0,0.5689655172413793,0.603448275862069,Cloudy,Cloudy,82.0,13,In From LF,0,0,0,,1,-1.0,full_season_release,1,8.13622555490846,6724.0,-1.0,8.338071516202739,-0.20184596129427845,4180.02086111091
20260603,2026-06-03,564,Jacksonville Jumbo Shrimp,International League,Vystar Ballpark,Nashville Sounds,556,3577.0,1,night,Wednesday,2,6,June,10,0,,0,564-5,2,12,1.0,0.576271186440678,0.5932203389830508,Clear,Clear,75.0,15,In From LF,0,1,1,"Wear It Home Wednesdays T-shirt, first 500 fans",1,0.0,full_season_release,1,8.182279739259018,5625.0,0.0,8.3478101253669,-0.16553038610788207,4220.927313251607
20260604,2026-06-04,564,Jacksonville Jumbo Shrimp,International League,Vystar Ballpark,Nashville Sounds,556,7680.0,1,night,Thursday,3,6,June,10,0,,0,564-5,3,12,1.0,0.5666666666666667,0.6,Partly Cloudy,Cloudy,77.0,12,R To L,0,0,0,,1,1.0,full_season_release,1,8.946374826141717,5929.0,1.0,8.431807703144049,0.5145671229976685,4590.791384626043
20260605,2026-06-05,564,Jacksonville Jumbo Shrimp,International League,Vystar Ballpark,Nashville Sounds,556,6408.0,1,night,Friday,4,6,June,11,1,,0,564-5,4,12,1.0,0.5737704918032787,0.5901639344262295,Partly Cloudy,Cloudy,80.0,12,In From RF,0,0,0,,1,-1.0,full_season_release,1,8.765302488748196,6400.0,-1.0,8.7595219576715,0.005780531076695183,6371.06521105472
20260606,2026-06-06,564,Jacksonville Jumbo Shrimp,International League,Vystar Ballpark,Nashville Sounds,556,7556.0,1,night,Saturday,5,6,June,11,1,,0,564-5,5,12,1.0,0.5645161290322581,0.5967741935483871,Partly Cloudy,Cloudy,83.0,13,In From RF,0,1,1,Jacob Berry bobblehead presented by VyStar Credit Union,1,0.0,full_season_release,1,8.9300972286214,6889.0,0.0,8.685338402124776,0.24475882649662495,5915.541990917961
20260607,2026-06-07,564,Jacksonville Jumbo Shrimp,International League,Vystar Ballpark,Nashville Sounds,556,4593.0,1,day,Sunday,6,6,June,11,1,,0,564-5,6,12,1.0,0.5555555555555556,0.6031746031746031,Partly Cloudy,Cloudy,84.0,5,In From RF,0,0,0,,1,1.0,full_season_release,1,8.432288684325794,7056.0,1.0,8.49699064624355,-0.06470196191775557,4900.0007945097395
20260609,2026-06-09,564,Jacksonville Jumbo Shrimp,International League,Vystar Ballpark,Gwinnett Stripers,431,5338.0,1,night,Tuesday,1,6,June,11,0,,0,564-5,7,12,2.0,0.546875,0.515625,Partly Cloudy,Cloudy,82.0,11,In From RF,0,0,0,,1,-1.0,full_season_release,1,8.58260632996447,6724.0,-1.0,8.444329023661291,0.1382773063031788,4648.635541848402
20260610,2026-06-10,564,Jacksonville Jumbo Shrimp,International League,Vystar Ballpark,Gwinnett Stripers,431,3417.0,1,night,Wednesday,2,6,June,11,0,,0,564-5,8,12,1.0,0.5538461538461539,0.5076923076923077,Partly Cloudy,Cloudy,84.0,9,R To L,0,1,1,"Wear It Home Wednesdays T-shirt, first 500 fans",1,0.0,full_season_release,1,8.136518252115291,7056.0,0.0,8.302137990701137,-0.16561973858584622,4032.4845987093117
20260611,2026-06-11,564,Jacksonville Jumbo Shrimp,International League,Vystar Ballpark,Gwinnett Stripers,431,5926.0,1,night,Thursday,3,6,June,11,0,,0,564-5,9,12,1.0,0.5454545454545454,0.5151515151515151,Clear,Clear,87.0,8,R To L,0,0,0,,1,1.0,full_season_release,1,8.68710472813351,7569.0,1.0,8.362320502352897,0.32478422578061306,4282.621077213719
20260612,2026-06-12,564,Jacksonville Jumbo Shrimp,International League,Vystar Ballpark,Gwinnett Stripers,431,6344.0,1,night,Friday,4,6,June,12,1,,0,564-5,10,12,1.0,0.5373134328358209,0.5223880597014925,Cloudy,Cloudy,87.0,10,R To L,0,0,0,,1,-1.0,full_season_release,1,8.755264763314685,7569.0,-1.0,8.696443769951797,0.05882099336288782,5981.60239423213
20260613,2026-06-13,564,Jacksonville Jumbo Shrimp,International League,Vystar Ballpark,Gwinnett Stripers,431,6795.0,1,night,Saturday,5,6,June,12,1,,0,564-5,11,12,1.0,0.5441176470588235,0.5147058823529411,Cloudy,Cloudy,78.0,8,R To L,0,1,1,Jumbo Shrimp beach bag presented by Ascension St. Vincent's,1,0.0,full_season_release,1,8.823942326585245,6084.0,0.0,8.697433908443186,0.12650841814205904,5987.5279420752395
20260623,2026-06-23,564,Jacksonville Jumbo Shrimp,International League,Vystar Ballpark,Memphis Redbirds,235,3671.0,1,night,Tuesday,1,6,June,13,0,,0,564-6,1,6,10.0,0.56,0.631578947368421,Cloudy,Cloudy,75.0,6,Out To LF,0,0,0,,0,,full_season_release,1,8.208219383496834,5625.0,,8.336167086424483,-0.12794770292764923,4172.067880259752
20260624,2026-06-24,564,Jacksonville Jumbo Shrimp,International League,Vystar Ballpark,Memphis Redbirds,235,4136.0,1,day,Wednesday,2,6,June,13,0,,0,564-6,2,6,1.0,0.5657894736842105,0.6233766233766234,Sunny,Clear,85.0,3,In From LF,0,0,0,,0,,full_season_release,1,8.327484416188264,7225.0,,8.418378361374572,-0.09089394518630733,4529.552199460136
20260625,2026-06-25,564,Jacksonville Jumbo Shrimp,International League,Vystar Ballpark,Memphis Redbirds,235,6341.0,1,night,Thursday,3,6,June,13,0,,0,564-6,3,6,1.0,0.5714285714285714,0.6153846153846154,Partly Cloudy,Cloudy,86.0,9,R To L,0,0,0,,0,,full_season_release,1,8.754791763700032,7396.0,,8.376650282312,0.37814148138803283,4344.431904982894
20260626,2026-06-26,564,Jacksonville Jumbo Shrimp,International League,Vystar Ballpark,Memphis Redbirds,235,6128.0,1,night,Friday,4,6,June,14,1,,0,564-6,4,6,1.0,0.5769230769230769,0.6075949367088608,Cloudy,Cloudy,85.0,5,R To L,0,0,0,,0,,full_season_release,1,8.720623711420426,7225.0,,8.722089995937262,-0.0014662845168356142,6136.9919823103255
20260627,2026-06-27,564,Jacksonville Jumbo Shrimp,International League,Vystar Ballpark,Memphis Redbirds,235,6179.0,1,night,Saturday,5,6,June,14,1,,0,564-6,5,6,1.0,0.5822784810126582,0.6,Overcast,Cloudy,78.0,4,Calm,0,0,0,,0,,full_season_release,1,8.72891172506098,6084.0,,8.705252770368089,0.023658954692891143,6034.527096837355
20260628,2026-06-28,564,Jacksonville Jumbo Shrimp,International League,Vystar Ballpark,Memphis Redbirds,235,3922.0,1,day,Sunday,6,6,June,14,1,,0,564-6,6,6,1.0,0.5875,0.5925925925925926,Cloudy,Cloudy,92.0,3,L To R,0,0,0,,0,,full_season_release,1,8.274357006756292,8464.0,,8.410957438012831,-0.13660043125653942,4496.06315323465
20260707,2026-07-07,564,Jacksonville Jumbo Shrimp,International League,Vystar Ballpark,Durham Bulls,234,2946.0,1,night,Tuesday,1,7,July,15,0,,0,564-7,1,6,9.0,0.5632183908045977,0.4367816091954023,Cloudy,Cloudy,92.0,9,Out To LF,0,0,0,,1,-1.0,full_season_release,1,7.988203597022576,8464.0,-1.0,8.28489590975726,-0.29669231273468455,3963.5521500152577
20260708,2026-07-08,564,Jacksonville Jumbo Shrimp,International League,Vystar Ballpark,Durham Bulls,234,3357.0,1,night,Wednesday,2,7,July,15,0,,0,564-7,2,6,1.0,0.5681818181818182,0.4318181818181818,Clear,Clear,97.0,7,R To L,0,1,1,"Wear It Home Wednesdays T-shirt, first 500 fans",1,0.0,full_season_release,1,8.118802996980035,9409.0,0.0,8.192988082437896,-0.07418508545786118,3615.509562369803
20260709,2026-07-09,564,Jacksonville Jumbo Shrimp,International League,Vystar Ballpark,Durham Bulls,234,6302.0,1,night,Thursday,3,7,July,15,0,,0,564-7,3,6,1.0,0.5617977528089888,0.4382022471910112,Cloudy,Cloudy,90.0,7,Out To LF,0,0,0,,1,1.0,full_season_release,1,8.74862232231722,8100.0,1.0,8.383017592871859,0.3656047294453604,4372.182506720994
20260710,2026-07-10,564,Jacksonville Jumbo Shrimp,International League,Vystar Ballpark,Durham Bulls,234,5488.0,1,night,Friday,4,7,July,16,1,,0,564-7,4,6,1.0,0.5555555555555556,0.4444444444444444,Partly Cloudy,Cloudy,87.0,9,R To L,0,0,0,,1,2.0,full_season_release,1,8.610319169405722,7569.0,2.0,8.750037527162371,-0.13971835775664943,6310.92493475002
20260712,2026-07-12,564,Jacksonville Jumbo Shrimp,International League,Vystar Ballpark,Durham Bulls,234,3279.0,1,day,Sunday,6,7,July,16,1,,0,564-7,6,6,2.0,0.5494505494505495,0.4505494505494505,Cloudy,Cloudy,92.0,8,L To R,0,0,0,,1,4.0,full_season_release,1,8.095293776844649,8464.0,4.0,8.436231547253495,-0.3409377704088463,4611.145318170589
20260728,2026-07-28,564,Jacksonville Jumbo Shrimp,International League,Vystar Ballpark,Memphis Redbirds,235,2538.0,1,night,Tuesday,1,7,July,18,0,,0,564-8,1,5,14.0,0.504950495049505,0.5631067961165048,Partly Cloudy,Cloudy,96.0,10,Out To LF,0,0,0,,1,-3.0,full_season_release,1,7.839131648274333,9216.0,-3.0,8.110058242901781,-0.27092659462744795,3327.771843338339
20260730,2026-07-30,564,Jacksonville Jumbo Shrimp,International League,Vystar Ballpark,Memphis Redbirds,235,6078.0,2,night,Thursday,3,7,July,18,0,,0,564-8,2,5,2.0,0.5048543689320388,0.5619047619047619,Partly Cloudy,Cloudy,84.0,4,Varies,0,0,0,,1,-2.0,full_season_release,1,8.712430973476739,7056.0,-2.0,8.401401468946155,0.311029504530584,4453.303542964863
20260731,2026-07-31,564,Jacksonville Jumbo Shrimp,International League,Vystar Ballpark,Memphis Redbirds,235,6132.0,1,night,Friday,4,7,July,19,1,,0,564-8,3,5,1.0,0.5096153846153846,0.5566037735849056,Overcast,Cloudy,79.0,7,Out To LF,0,0,0,,1,-1.0,full_season_release,1,8.721276239991704,6241.0,-1.0,8.781602678115059,-0.060326438123354365,6513.307548311756
20260801,2026-08-01,564,Jacksonville Jumbo Shrimp,International League,Vystar Ballpark,Memphis Redbirds,235,6097.0,1,night,Saturday,5,8,August,19,1,,0,564-8,4,5,1.0,0.5047619047619047,0.5607476635514018,Cloudy,Cloudy,81.0,10,Out To LF,0,1,1,Jumbo Shrimp water bottle presented by Baptist Health,1,0.0,full_season_release,1,8.715552125907816,6561.0,0.0,8.693568288003268,0.021983837904548054,5964.427109968507
20260802,2026-08-02,564,Jacksonville Jumbo Shrimp,International League,Vystar Ballpark,Memphis Redbirds,235,6454.0,1,night,Sunday,6,8,August,19,1,,0,564-8,5,5,1.0,0.5094339622641509,0.5555555555555556,Cloudy,Cloudy,87.0,14,Out To LF,0,0,0,,1,1.0,full_season_release,1,8.772455372611907,7569.0,1.0,8.347252955049367,0.42520241756253974,4218.576192888261
20260811,2026-08-11,564,Jacksonville Jumbo Shrimp,International League,Vystar Ballpark,Syracuse Mets,552,2687.0,1,night,Tuesday,1,8,August,20,0,,0,564-9,1,6,9.0,0.504424778761062,0.4912280701754385,Partly Cloudy,Cloudy,97.0,7,Out To LF,0,0,0,,1,-1.0,full_season_release,1,7.8961806086154915,9409.0,-1.0,8.17660394688444,-0.28042333826894783,3556.7551976716604
20260812,2026-08-12,564,Jacksonville Jumbo Shrimp,International League,Vystar Ballpark,Syracuse Mets,552,2214.0,1,night,Wednesday,2,8,August,20,0,,0,564-9,2,6,1.0,0.5,0.4956521739130435,Overcast,Cloudy,77.0,8,Out To LF,0,1,1,"Wear It Home Wednesdays T-shirt, first 500 fans",1,0.0,full_season_release,1,7.7025561132685825,5929.0,0.0,8.357057815012189,-0.6545017017436061,4260.14218306249
20260813,2026-08-13,564,Jacksonville Jumbo Shrimp,International League,Vystar Ballpark,Syracuse Mets,552,4371.0,1,night,Thursday,3,8,August,20,0,,0,564-9,3,6,1.0,0.5043478260869565,0.4913793103448275,Cloudy,Cloudy,88.0,5,R To L,0,0,0,,1,1.0,full_season_release,1,8.382747094863314,7744.0,1.0,8.375758775867855,0.006988318995459153,4340.560541872443
20260814,2026-08-14,564,Jacksonville Jumbo Shrimp,International League,Vystar Ballpark,Syracuse Mets,552,5811.0,1,night,Friday,4,8,August,21,1,,0,564-9,4,6,1.0,0.5086206896551724,0.4871794871794871,Partly Cloudy,Cloudy,84.0,5,Out To LF,0,0,0,,1,-1.0,full_season_release,1,8.667507952075105,7056.0,-1.0,8.747664132705538,-0.08015618063043206,6295.964381162602
20260815,2026-08-15,564,Jacksonville Jumbo Shrimp,International League,Vystar Ballpark,Syracuse Mets,552,7435.0,1,night,Saturday,5,8,August,21,1,,0,564-9,5,6,1.0,0.5042735042735043,0.4915254237288136,Clear,Clear,94.0,4,Out To LF,0,1,1,Safari hat giveaway,1,0.0,full_season_release,1,8.913953858894255,8836.0,0.0,8.576512308840913,0.33744155005334164,5305.569033107033
20260816,2026-08-16,564,Jacksonville Jumbo Shrimp,International League,Vystar Ballpark,Syracuse Mets,552,4075.0,1,night,Sunday,6,8,August,21,1,,0,564-9,6,6,1.0,0.5,0.4957983193277311,Partly Cloudy,Cloudy,96.0,0,Calm,0,0,0,,1,1.0,full_season_release,1,8.312626025674962,9216.0,1.0,8.24123256271054,0.07139346296442284,3794.21403398292
20260825,2026-08-25,564,Jacksonville Jumbo Shrimp,International League,Vystar Ballpark,Nashville Sounds,556,2816.0,1,night,Tuesday,1,8,August,22,0,,0,564-10,1,6,9.0,0.504,0.5476190476190477,Overcast,Cloudy,79.0,8,Out To CF,0,0,0,,1,-1.0,full_season_release,1,7.943072717277933,6241.0,-1.0,8.348987528544288,-0.40591481126635554,4225.899973320181
20260826,2026-08-26,564,Jacksonville Jumbo Shrimp,International League,Vystar Ballpark,Nashville Sounds,556,2573.0,1,night,Wednesday,2,8,August,22,0,,0,564-10,2,6,1.0,0.5079365079365079,0.5433070866141733,Cloudy,Cloudy,80.0,8,In From LF,0,1,1,"Wear It Home Wednesdays T-shirt, first 500 fans",1,0.0,full_season_release,1,7.8528278122817445,6400.0,0.0,8.331223213198669,-0.47839540091692445,4151.492608246647
20260827,2026-08-27,564,Jacksonville Jumbo Shrimp,International League,Vystar Ballpark,Nashville Sounds,556,4113.0,1,night,Thursday,3,8,August,22,0,,0,564-10,3,6,1.0,0.5118110236220472,0.5390625,Partly Cloudy,Cloudy,8.0,5,R To L,0,0,0,,1,1.0,full_season_release,1,8.321907968230423,64.0,1.0,6.713142648334892,1.6087653198955314,823.1534607281397
20260828,2026-08-28,564,Jacksonville Jumbo Shrimp,International League,Vystar Ballpark,Nashville Sounds,556,2644.0,1,day,Friday,4,8,August,23,1,,0,564-10,4,6,1.0,0.5078125,0.5426356589147286,Partly Cloudy,Cloudy,87.0,10,R To L,0,0,0,,1,2.0,full_season_release,1,7.880048200971577,7569.0,2.0,8.82625330325917,-0.9462051022875935,6810.721245218063
20260829,2026-08-29,564,Jacksonville Jumbo Shrimp,International League,Vystar Ballpark,Nashville Sounds,556,8676.0,1,night,Saturday,5,8,August,23,1,,0,564-10,5,6,1.0,0.5038759689922481,0.5461538461538461,Partly Cloudy,Cloudy,86.0,8,In From LF,0,0,0,,1,3.0,full_season_release,1,9.068315871946766,7396.0,3.0,8.6562373982509,0.4120784736958658,5745.874501327758
20260830,2026-08-30,564,Jacksonville Jumbo Shrimp,International League,Vystar Ballpark,Nashville Sounds,556,4959.0,1,day,Sunday,6,8,August,23,1,,0,564-10,6,6,1.0,0.5076923076923077,0.5419847328244275,Partly Cloudy,Cloudy,90.0,8,In From LF,0,0,0,,1,4.0,full_season_release,1,8.508959386489133,8100.0,4.0,8.434096360928672,0.07486302556046098,4601.310167421705
20260327,2026-03-27,1410,Lehigh Valley IronPigs,International League,Coca-Cola Park,Toledo Mud Hens,512,7459.0,1,night,Friday,4,3,March,1,1,,0,1410-1,1,3,1.0,1.0,0.0,Partly Cloudy,Cloudy,43.0,8,L To R,0,1,1,Drinking Glass presented by Service Electric Network,1,0.0,full_season_release,1,8.917176635955164,1849.0,0.0,8.832311899291168,0.08486473666399519,6852.109905914161
20260328,2026-03-28,1410,Lehigh Valley IronPigs,International League,Coca-Cola Park,Toledo Mud Hens,512,6740.0,1,day,Saturday,5,3,March,1,1,,0,1410-1,2,3,1.0,1.0,0.0,Sunny,Clear,45.0,18,L To R,0,1,1,"2026 IronPigs Magnet Schedule, first 5000 fans",1,0.0,full_season_release,1,8.815815203906352,2025.0,0.0,8.94464796725098,-0.12883276334462757,7666.749168170385
20260329,2026-03-29,1410,Lehigh Valley IronPigs,International League,Coca-Cola Park,Toledo Mud Hens,512,5003.0,1,day,Sunday,6,3,March,1,1,,0,1410-1,3,3,1.0,1.0,0.0,Sunny,Clear,50.0,11,Out To CF,0,0,0,,1,1.0,full_season_release,1,8.517793011488205,2500.0,1.0,8.746954235197737,-0.22916122370953218,6291.496477803581
20260407,2026-04-07,1410,Lehigh Valley IronPigs,International League,Coca-Cola Park,Rochester Red Wings,534,4851.0,1,night,Tuesday,1,4,April,2,0,,0,1410-2,1,6,9.0,0.7,0.5,Clear,Clear,43.0,12,L To R,0,0,0,,0,,full_season_release,1,8.486940148245216,1849.0,,8.262016003732706,0.22492414451251008,3873.8960223279705
20260408,2026-04-08,1410,Lehigh Valley IronPigs,International League,Coca-Cola Park,Rochester Red Wings,534,4304.0,1,night,Wednesday,2,4,April,2,0,,0,1410-2,2,6,1.0,0.6363636363636364,0.5454545454545454,Clear,Clear,49.0,12,Out To CF,0,0,0,,0,,full_season_release,1,8.36730010184162,2401.0,,8.37549673170118,-0.008196629859559934,4339.4232723162795
20260409,2026-04-09,1410,Lehigh Valley IronPigs,International League,Coca-Cola Park,Rochester Red Wings,534,4319.0,1,night,Thursday,3,4,April,2,0,,0,1410-2,3,6,1.0,0.6666666666666666,0.5,Clear,Clear,57.0,10,Varies,0,0,0,,0,,full_season_release,1,8.3707791729607,3249.0,,8.605939213163014,-0.23516004020231307,5464.015364310888
20260410,2026-04-10,1410,Lehigh Valley IronPigs,International League,Coca-Cola Park,Rochester Red Wings,534,7494.0,1,night,Friday,4,4,April,3,1,,0,1410-2,4,6,1.0,0.6923076923076923,0.4615384615384615,Partly Cloudy,Cloudy,68.0,8,Varies,0,0,0,,0,,full_season_release,1,8.921857979353632,4624.0,,9.051605436797145,-0.12974745744351246,8532.224882644394
20260411,2026-04-11,1410,Lehigh Valley IronPigs,International League,Coca-Cola Park,Rochester Red Wings,534,6955.0,1,night,Saturday,5,4,April,3,1,,0,1410-2,5,6,1.0,0.6428571428571429,0.5,Clear,Clear,61.0,9,Varies,0,0,0,,0,,full_season_release,1,8.847216104357543,3721.0,,8.935820480693183,-0.08860437633564011,7599.368879788813
20260412,2026-04-12,1410,Lehigh Valley IronPigs,International League,Coca-Cola Park,Rochester Red Wings,534,7776.0,1,day,Sunday,6,4,April,3,1,,0,1410-2,6,6,1.0,0.6,0.5333333333333333,Sunny,Clear,62.0,7,Out To CF,0,0,0,,0,,full_season_release,1,8.958797346140274,3844.0,,8.761207786695417,0.19758955944485734,6381.814796136165
20260421,2026-04-21,1410,Lehigh Valley IronPigs,International League,Coca-Cola Park,Durham Bulls,234,4119.0,1,night,Tuesday,1,4,April,4,0,,0,1410-3,1,5,9.0,0.5454545454545454,0.3636363636363636,Partly Cloudy,Cloudy,56.0,6,Varies,0,0,0,,1,-1.0,full_season_release,1,8.323365694436081,3136.0,-1.0,8.581105406884445,-0.25773971244836424,5329.994082235164
20260422,2026-04-22,1410,Lehigh Valley IronPigs,International League,Coca-Cola Park,Durham Bulls,234,4845.0,1,night,Wednesday,2,4,April,4,0,,0,1410-3,2,5,1.0,0.5652173913043478,0.3478260869565217,Clear,Clear,66.0,4,Calm,0,1,1,Rubix Cube presented by US Cold Storage,1,0.0,full_season_release,1,8.485702524324866,4356.0,0.0,8.673101120445297,-0.1873985961204312,5843.592965402227
20260423,2026-04-23,1410,Lehigh Valley IronPigs,International League,Coca-Cola Park,Durham Bulls,234,5223.0,1,night,Thursday,3,4,April,4,0,,0,1410-3,3,5,1.0,0.5833333333333334,0.3333333333333333,Clear,Clear,74.0,4,Calm,0,0,0,,1,1.0,full_season_release,1,8.560827228436299,5476.0,1.0,8.789673249196513,-0.22884602076021388,6566.08635092005
20260424,2026-04-24,1410,Lehigh Valley IronPigs,International League,Coca-Cola Park,Durham Bulls,234,8345.0,1,night,Friday,4,4,April,5,1,,0,1410-3,4,5,1.0,0.56,0.36,Partly Cloudy,Cloudy,73.0,2,Calm,0,0,0,,1,2.0,full_season_release,1,9.029417836095936,5329.0,2.0,9.119216448120369,-0.08979861202443296,9129.045732344775
20260426,2026-04-26,1410,Lehigh Valley IronPigs,International League,Coca-Cola Park,Durham Bulls,234,8812.0,2,day,Sunday,6,4,April,5,1,,0,1410-3,5,5,2.0,0.5925925925925926,0.3333333333333333,Partly Cloudy,Cloudy,53.0,11,In From CF,0,0,0,,1,3.0,full_season_release,1,9.083869707922235,2809.0,3.0,8.697396067152345,0.3864736407698892,5987.301370575874
20260505,2026-05-05,1410,Lehigh Valley IronPigs,International League,Coca-Cola Park,Buffalo Bisons,422,10000.0,1,day,Tuesday,1,5,May,6,0,,0,1410-4,1,6,9.0,0.5294117647058824,0.4411764705882353,Sunny,Clear,73.0,7,Out To CF,0,0,0,,1,-2.0,full_season_release,1,9.210340371976184,5329.0,-2.0,9.094017486710245,0.11632288526593904,8901.877483813918
20260506,2026-05-06,1410,Lehigh Valley IronPigs,International League,Coca-Cola Park,Buffalo Bisons,422,5432.0,1,night,Wednesday,2,5,May,6,0,,0,1410-4,2,6,1.0,0.5142857142857142,0.4571428571428571,Cloudy,Cloudy,65.0,6,Out To CF,0,0,0,,1,-1.0,full_season_release,1,8.600062669238532,4225.0,-1.0,8.920922036432927,-0.32085936719439445,7486.989325059793
20260507,2026-05-07,1410,Lehigh Valley IronPigs,International League,Coca-Cola Park,Buffalo Bisons,422,5901.0,1,night,Thursday,3,5,May,6,0,,0,1410-4,3,6,1.0,0.5,0.4722222222222222,Clear,Clear,63.0,4,Calm,0,1,1,Scrub Jersey presented by St. Luke's University Health Network,1,0.0,full_season_release,1,8.682877107057168,3969.0,0.0,8.98920245090128,-0.3063253438441116,8016.06114288748
20260508,2026-05-08,1410,Lehigh Valley IronPigs,International League,Coca-Cola Park,Buffalo Bisons,422,7838.0,1,night,Friday,4,5,May,7,1,,0,1410-4,4,6,1.0,0.5135135135135135,0.4594594594594595,Overcast,Cloudy,61.0,2,Calm,0,0,0,,1,1.0,full_season_release,1,8.966738978759576,3721.0,1.0,9.307025013691206,-0.3402860349316299,11015.129476080167
20260509,2026-05-09,1410,Lehigh Valley IronPigs,International League,Coca-Cola Park,Buffalo Bisons,422,8525.0,1,night,Saturday,5,5,May,7,1,,0,1410-4,5,6,1.0,0.5,0.4736842105263157,Partly Cloudy,Cloudy,60.0,4,Calm,0,0,0,,1,-1.0,full_season_release,1,9.050758302151717,3600.0,-1.0,9.236744230475853,-0.1859859283241363,10267.555286992821
20260510,2026-05-10,1410,Lehigh Valley IronPigs,International League,Coca-Cola Park,Buffalo Bisons,422,8725.0,1,day,Sunday,6,5,May,7,1,Mother's Day,1,1410-4,6,6,1.0,0.4871794871794871,0.4871794871794871,Partly Cloudy,Cloudy,69.0,11,Varies,0,1,1,"Wine Tumbler, first 1500 women 18 and over",1,0.0,full_season_release,1,9.073947747070628,4761.0,0.0,9.201721778269729,-0.1277740311991007,9914.1843990337
20260519,2026-05-19,1410,Lehigh Valley IronPigs,International League,Coca-Cola Park,Scranton/Wilkes-Barre RailRiders,531,6659.0,1,night,Tuesday,1,5,May,8,0,,0,1410-5,1,6,9.0,0.4347826086956521,0.5454545454545454,Clear,Clear,88.0,8,Varies,0,1,1,Umbrella presented by The Morning Call,1,0.0,full_season_release,1,8.803724602110622,7744.0,0.0,8.882478161251678,-0.07875355914105597,7204.622848425585
20260520,2026-05-20,1410,Lehigh Valley IronPigs,International League,Coca-Cola Park,Scranton/Wilkes-Barre RailRiders,531,10000.0,1,day,Wednesday,2,5,May,8,0,,0,1410-5,2,6,1.0,0.4468085106382978,0.5333333333333333,Sunny,Clear,84.0,11,L To R,0,0,0,,1,1.0,full_season_release,1,9.210340371976184,7056.0,1.0,9.02787309938511,0.1824672725910741,8332.119123490938
20260521,2026-05-21,1410,Lehigh Valley IronPigs,International League,Coca-Cola Park,Scranton/Wilkes-Barre RailRiders,531,7353.0,1,night,Thursday,3,5,May,8,0,,0,1410-5,3,6,1.0,0.4375,0.5434782608695652,Cloudy,Cloudy,59.0,2,Calm,0,0,0,,1,2.0,full_season_release,1,8.902863672196222,3481.0,2.0,8.934262792920531,-0.03139912072430917,7587.5406505405945
20260522,2026-05-22,1410,Lehigh Valley IronPigs,International League,Coca-Cola Park,Scranton/Wilkes-Barre RailRiders,531,8688.0,1,night,Friday,4,5,May,9,1,,0,1410-5,4,6,1.0,0.4489795918367347,0.5319148936170213,Cloudy,Cloudy,63.0,10,R To L,0,0,0,,1,-2.0,full_season_release,1,9.069698042173716,3969.0,-2.0,9.313197070381863,-0.24349902820814684,11083.325718708807
20260523,2026-05-23,1410,Lehigh Valley IronPigs,International League,Coca-Cola Park,Scranton/Wilkes-Barre RailRiders,531,6998.0,1,night,Saturday,5,5,May,9,1,,0,1410-5,5,6,1.0,0.46,0.5208333333333334,Rain,Precipitation,49.0,15,Varies,1,0,0,,1,-1.0,full_season_release,1,8.853379672927634,2401.0,-1.0,8.978426686773485,-0.12504701384585104,7930.145692444947
20260524,2026-05-24,1410,Lehigh Valley IronPigs,International League,Coca-Cola Park,Scranton/Wilkes-Barre RailRiders,531,8088.0,1,night,Sunday,6,5,May,9,1,,0,1410-5,6,6,1.0,0.4509803921568627,0.5306122448979592,Cloudy,Cloudy,58.0,11,Varies,0,1,1,Memorial Day Cap presented by Nacci Printing,1,0.0,full_season_release,1,8.998136760700307,3364.0,0.0,8.899563859272474,0.0985729014278327,7328.77646412042
20260602,2026-06-02,1410,Lehigh Valley IronPigs,International League,Coca-Cola Park,Rochester Red Wings,534,6142.0,1,night,Tuesday,1,6,June,10,0,,0,1410-6,1,6,9.0,0.4655172413793103,0.6140350877192983,Clear,Clear,74.0,10,Varies,0,0,0,,1,-1.0,full_season_release,1,8.722905701000768,5476.0,-1.0,8.998156335125424,-0.27525063412465656,8088.158319499846
20260603,2026-06-03,1410,Lehigh Valley IronPigs,International League,Coca-Cola Park,Rochester Red Wings,534,6409.0,1,night,Wednesday,2,6,June,10,0,,0,1410-6,2,6,1.0,0.4576271186440678,0.6206896551724138,Clear,Clear,82.0,3,Calm,0,1,1,Aidan Miller Bobblehead presented by St. Luke's,1,0.0,full_season_release,1,8.765458531504226,6724.0,0.0,8.960413409540738,-0.194954878036512,7788.576668611757
20260604,2026-06-04,1410,Lehigh Valley IronPigs,International League,Coca-Cola Park,Rochester Red Wings,534,7345.0,1,night,Thursday,3,6,June,10,0,,0,1410-6,3,6,1.0,0.45,0.6271186440677966,Clear,Clear,84.0,8,Varies,0,1,1,Ice Cream Cap presented by Lehigh Valley Health Network,1,0.0,full_season_release,1,8.901775088607979,7056.0,0.0,9.033320525608731,-0.13154543700075294,8377.631578025375
20260605,2026-06-05,1410,Lehigh Valley IronPigs,International League,Coca-Cola Park,Rochester Red Wings,534,9059.0,1,night,Friday,4,6,June,11,1,,0,1410-6,4,6,1.0,0.4590163934426229,0.6166666666666667,Clear,Clear,86.0,8,L To R,0,0,0,,1,1.0,full_season_release,1,9.111514017669288,7396.0,1.0,9.353986877264397,-0.2424728595951091,11544.759352476227
20260606,2026-06-06,1410,Lehigh Valley IronPigs,International League,Coca-Cola Park,Rochester Red Wings,534,9875.0,1,night,Saturday,5,6,June,11,1,,0,1410-6,5,6,1.0,0.4677419354838709,0.6065573770491803,Partly Cloudy,Cloudy,67.0,4,Calm,0,1,1,"Rally Towel presented by Shammy Shine, first 5000 fans",1,0.0,full_season_release,1,9.197761589769323,4489.0,0.0,9.329532806679726,-0.13177121691040306,11265.866918063637
20260607,2026-06-07,1410,Lehigh Valley IronPigs,International League,Coca-Cola Park,Rochester Red Wings,534,9812.0,1,day,Sunday,6,6,June,11,1,,0,1410-6,6,6,1.0,0.4603174603174603,0.6129032258064516,Sunny,Clear,82.0,7,Varies,0,0,0,,1,1.0,full_season_release,1,9.19136140537838,6724.0,1.0,9.147203819990946,0.04415758538743475,9388.152678473558
20260616,2026-06-16,1410,Lehigh Valley IronPigs,International League,Coca-Cola Park,Worcester Red Sox,533,7786.0,1,night,Tuesday,1,6,June,12,0,,0,1410-7,1,12,9.0,0.4571428571428571,0.5151515151515151,Clear,Clear,73.0,2,Calm,0,0,0,,1,-1.0,full_season_release,1,8.960082528170402,5329.0,-1.0,9.030077440889025,-0.06999491271862368,8350.506217762511
20260617,2026-06-17,1410,Lehigh Valley IronPigs,International League,Coca-Cola Park,Worcester Red Sox,533,7192.0,1,night,Wednesday,2,6,June,12,0,,0,1410-7,2,12,1.0,0.4507042253521127,0.5223880597014925,Partly Cloudy,Cloudy,78.0,2,Calm,0,1,1,Soccer Youth Cap presented by Berks Packings,1,0.0,full_season_release,1,8.880724576151456,6084.0,0.0,9.010004379719994,-0.1292798035685383,8184.557120934524
20260618,2026-06-18,1410,Lehigh Valley IronPigs,International League,Coca-Cola Park,Worcester Red Sox,533,6755.0,1,night,Thursday,3,6,June,12,0,,0,1410-7,3,12,1.0,0.4583333333333333,0.5147058823529411,Partly Cloudy,Cloudy,84.0,18,Out To CF,0,1,1,Duffle Bag presented by Air Products,1,0.0,full_season_release,1,8.818038250394299,7056.0,0.0,9.067719313564371,-0.24968106317007255,8670.825802983103
20260619,2026-06-19,1410,Lehigh Valley IronPigs,International League,Coca-Cola Park,Worcester Red Sox,533,10000.0,1,night,Friday,4,6,June,13,1,,0,1410-7,4,12,1.0,0.4657534246575342,0.5072463768115942,Partly Cloudy,Cloudy,7.0,11,Varies,0,0,0,,1,1.0,full_season_release,1,9.210340371976184,49.0,1.0,7.669632103803679,1.5407082681725042,2142.2931587483404
20260620,2026-06-20,1410,Lehigh Valley IronPigs,International League,Coca-Cola Park,Worcester Red Sox,533,10000.0,1,night,Saturday,5,6,June,13,1,,0,1410-7,5,12,1.0,0.4729729729729729,0.5,Clear,Clear,76.0,6,Varies,0,0,0,,1,-1.0,full_season_release,1,9.210340371976184,5776.0,-1.0,9.383072097714411,-0.17273172573822748,11885.472056855084
20260621,2026-06-21,1410,Lehigh Valley IronPigs,International League,Coca-Cola Park,Worcester Red Sox,533,10000.0,1,day,Sunday,6,6,June,13,1,Father's Day,1,1410-7,6,12,1.0,0.4666666666666667,0.5070422535211268,Sunny,Clear,79.0,12,L To R,0,1,1,"Necktie presented by Capital Blue Cross, first 1500 men",1,0.0,full_season_release,1,9.210340371976184,6241.0,0.0,9.272350793523007,-0.062010421546823125,10639.734329192062
20260623,2026-06-23,1410,Lehigh Valley IronPigs,International League,Coca-Cola Park,Syracuse Mets,552,6165.0,1,night,Tuesday,1,6,June,13,0,,0,1410-7,7,12,2.0,0.4605263157894737,0.5131578947368421,Clear,Clear,74.0,7,Varies,0,1,1,Clack Fans presented by The Novus Foundation,1,0.0,full_season_release,1,8.726643415598444,5476.0,0.0,9.105957768088059,-0.3793143524896152,9008.80551073188
20260624,2026-06-24,1410,Lehigh Valley IronPigs,International League,Coca-Cola Park,Syracuse Mets,552,5959.0,1,night,Wednesday,2,6,June,13,0,,0,1410-7,8,12,1.0,0.4545454545454545,0.5194805194805194,Clear,Clear,81.0,2,Calm,0,0,0,,1,1.0,full_season_release,1,8.69265796074698,6561.0,1.0,8.957820777047242,-0.26516281630026306,7768.409905461664
20260625,2026-06-25,1410,Lehigh Valley IronPigs,International League,Coca-Cola Park,Syracuse Mets,552,6535.0,1,night,Thursday,3,6,June,13,0,,0,1410-7,9,12,1.0,0.4615384615384615,0.5128205128205128,Cloudy,Cloudy,80.0,9,Out To CF,0,1,1,Margaritaville Cap presented by Coca-Cola,1,0.0,full_season_release,1,8.784927626058323,6400.0,0.0,9.050734613753635,-0.26580698769531175,8524.798058798186
20260626,2026-06-26,1410,Lehigh Valley IronPigs,International League,Coca-Cola Park,Syracuse Mets,552,9305.0,1,night,Friday,4,6,June,14,1,,0,1410-7,10,12,1.0,0.4556962025316455,0.5189873417721519,Partly Cloudy,Cloudy,80.0,9,Varies,0,1,1,Corn Cob Holder presented by Newhard Farms Cornshed,1,0.0,full_season_release,1,9.13830716907635,6400.0,0.0,9.384848041716753,-0.24654087264040214,11906.598744023378
20260627,2026-06-27,1410,Lehigh Valley IronPigs,International League,Coca-Cola Park,Syracuse Mets,552,9300.0,1,night,Saturday,5,6,June,14,1,,0,1410-7,11,12,1.0,0.4625,0.5125,Overcast,Cloudy,69.0,2,Calm,0,1,1,T-Shirt presented by Teamsters Local 773,1,0.0,full_season_release,1,9.137769679141348,4761.0,0.0,9.329505652064368,-0.19173597292301992,11265.561001934338
20260628,2026-06-28,1410,Lehigh Valley IronPigs,International League,Coca-Cola Park,Syracuse Mets,552,8929.0,1,day,Sunday,6,6,June,14,1,,0,1410-7,12,12,1.0,0.4567901234567901,0.5185185185185185,Sunny,Clear,79.0,2,Calm,0,1,1,TBA presented by Hatfield,1,0.0,full_season_release,1,9.097059685517216,6241.0,0.0,9.151189516121514,-0.05412983060429788,9425.645670480166
20260707,2026-07-07,1410,Lehigh Valley IronPigs,International League,Coca-Cola Park,Columbus Clippers,445,8121.0,1,day,Tuesday,1,7,July,15,0,,0,1410-8,1,6,9.0,0.4772727272727273,0.5517241379310345,Cloudy,Cloudy,69.0,7,In From CF,0,0,0,,1,-2.0,full_season_release,1,9.002208578282412,4761.0,-2.0,9.117617474261294,-0.1154088959788826,9114.460290837877
20260708,2026-07-08,1410,Lehigh Valley IronPigs,International League,Coca-Cola Park,Columbus Clippers,445,6305.0,1,night,Wednesday,2,7,July,15,0,,0,1410-8,2,6,1.0,0.4719101123595505,0.5568181818181818,Clear,Clear,84.0,4,Calm,0,0,0,,1,-1.0,full_season_release,1,8.74909824839902,7056.0,-1.0,8.956119356254371,-0.20702110785535055,7755.203809070245
20260709,2026-07-09,1410,Lehigh Valley IronPigs,International League,Coca-Cola Park,Columbus Clippers,445,7660.0,1,night,Thursday,3,7,July,15,0,,0,1410-8,3,6,1.0,0.4777777777777778,0.550561797752809,Cloudy,Cloudy,79.0,4,Calm,0,1,1,Rubber Duck presented by Lehigh Valley Reilly Children's Hospital,1,0.0,full_season_release,1,8.943767262734637,6241.0,0.0,9.071878319974955,-0.1281110572403179,8706.962918240139
20260710,2026-07-10,1410,Lehigh Valley IronPigs,International League,Coca-Cola Park,Columbus Clippers,445,8959.0,1,night,Friday,4,7,July,16,1,,0,1410-8,4,6,1.0,0.4725274725274725,0.5555555555555556,Overcast,Cloudy,79.0,2,Calm,0,0,0,,1,1.0,full_season_release,1,9.100413892597578,6241.0,1.0,9.40627399830456,-0.30586010570698186,12164.461626566044
20260711,2026-07-11,1410,Lehigh Valley IronPigs,International League,Coca-Cola Park,Columbus Clippers,445,10000.0,1,night,Saturday,5,7,July,16,1,,0,1410-8,5,6,1.0,0.4782608695652174,0.5494505494505495,Partly Cloudy,Cloudy,80.0,7,R To L,0,1,1,Pickleball Paddle presented by St. Luke's,1,0.0,full_season_release,1,9.210340371976184,6400.0,0.0,9.346416852605175,-0.1360764806289918,11457.695194175058
20260712,2026-07-12,1410,Lehigh Valley IronPigs,International League,Coca-Cola Park,Columbus Clippers,445,7488.0,1,day,Sunday,6,7,July,16,1,,0,1410-8,6,6,1.0,0.4838709677419355,0.5434782608695652,Sunny,Clear,83.0,2,Calm,0,0,0,,1,1.0,full_season_release,1,8.921057018157429,6889.0,1.0,9.150326619134338,-0.22926960097690952,9417.51581734626
20260729,2026-07-29,1410,Lehigh Valley IronPigs,International League,Coca-Cola Park,Buffalo Bisons,422,6560.0,1,night,Wednesday,2,7,July,18,0,,0,1410-9,1,5,14.0,0.4660194174757281,0.4854368932038835,Partly Cloudy,Cloudy,75.0,4,Varies,0,1,1,Festers Cap presented by Service Electric Network,1,0.0,full_season_release,1,8.788745881938135,5625.0,0.0,8.807077854029433,-0.018331972091298,6681.36678430032
20260730,2026-07-30,1410,Lehigh Valley IronPigs,International League,Coca-Cola Park,Buffalo Bisons,422,7171.0,2,night,Thursday,3,7,July,18,0,,0,1410-9,2,5,1.0,0.4666666666666667,0.4857142857142857,Partly Cloudy,Cloudy,76.0,2,Calm,0,0,0,,1,1.0,full_season_release,1,8.877800393882575,5776.0,1.0,9.108093284250716,-0.2302928903681405,9028.064517146906
20260731,2026-07-31,1410,Lehigh Valley IronPigs,International League,Coca-Cola Park,Buffalo Bisons,422,10000.0,1,night,Friday,4,7,July,19,1,,0,1410-9,3,5,1.0,0.4716981132075472,0.4811320754716981,Clear,Clear,83.0,2,Calm,0,0,0,,1,2.0,full_season_release,1,9.210340371976184,6889.0,2.0,9.416325257322253,-0.2059848853460693,12287.346319562237
20260801,2026-08-01,1410,Lehigh Valley IronPigs,International League,Coca-Cola Park,Buffalo Bisons,422,10000.0,1,night,Saturday,5,8,August,19,1,,0,1410-9,4,5,1.0,0.4766355140186916,0.4766355140186916,Partly Cloudy,Cloudy,84.0,9,Out To CF,0,0,0,,1,3.0,full_season_release,1,9.210340371976184,7056.0,3.0,9.331157392938248,-0.1208170209620647,11284.184165594685
20260802,2026-08-02,1410,Lehigh Valley IronPigs,International League,Coca-Cola Park,Buffalo Bisons,422,7605.0,1,day,Sunday,6,8,August,19,1,,0,1410-9,5,5,1.0,0.4722222222222222,0.4814814814814814,Cloudy,Cloudy,82.0,11,Varies,0,0,0,,1,4.0,full_season_release,1,8.936561204693394,6724.0,4.0,9.163023024559147,-0.22646181986575264,9537.846684568141
20260811,2026-08-11,1410,Lehigh Valley IronPigs,International League,Coca-Cola Park,Scranton/Wilkes-Barre RailRiders,531,8497.0,1,night,Tuesday,1,8,August,20,0,,0,1410-10,1,6,9.0,0.4695652173913043,0.5446428571428571,Partly Cloudy,Cloudy,82.0,5,Varies,0,1,1,Collapsible Dog Bowl presented by Abby Road Veterinary Hospital,1,0.0,full_season_release,1,9.047468439003541,6724.0,0.0,8.966465288671532,0.081003150332009,7835.855110620778
20260812,2026-08-12,1410,Lehigh Valley IronPigs,International League,Coca-Cola Park,Scranton/Wilkes-Barre RailRiders,531,7404.0,1,night,Wednesday,2,8,August,20,0,,0,1410-10,2,6,1.0,0.4741379310344827,0.5398230088495575,Cloudy,Cloudy,83.0,8,Out To CF,0,0,0,,1,1.0,full_season_release,1,8.909775673693389,6889.0,1.0,8.946429462624288,-0.036653788930898656,7680.419619649301
20260813,2026-08-13,1410,Lehigh Valley IronPigs,International League,Coca-Cola Park,Scranton/Wilkes-Barre RailRiders,531,7959.0,1,night,Thursday,3,8,August,20,0,,0,1410-10,3,6,1.0,0.4700854700854701,0.543859649122807,Cloudy,Cloudy,79.0,2,Calm,0,1,1,Chris P. Bacon Bobblehead presented by Provident Bank,1,0.0,full_season_release,1,8.98205864280585,6241.0,0.0,9.053366566412858,-0.07130792360700866,8547.264476022598
20260814,2026-08-14,1410,Lehigh Valley IronPigs,International League,Coca-Cola Park,Scranton/Wilkes-Barre RailRiders,531,10000.0,1,night,Friday,4,8,August,21,1,,0,1410-10,4,6,1.0,0.4745762711864407,0.5391304347826087,Partly Cloudy,Cloudy,85.0,2,Calm,0,0,0,,1,1.0,full_season_release,1,9.210340371976184,7225.0,1.0,9.35399587501054,-0.14365550303435626,11544.86322975749
20260815,2026-08-15,1410,Lehigh Valley IronPigs,International League,Coca-Cola Park,Scranton/Wilkes-Barre RailRiders,531,10000.0,1,night,Saturday,5,8,August,21,1,,0,1410-10,5,6,1.0,0.4789915966386555,0.5344827586206896,Clear,Clear,83.0,8,R To L,0,1,1,TBA presented by Lehigh Valley Health Network,1,0.0,full_season_release,1,9.210340371976184,6889.0,0.0,9.312730270609759,-0.10238989863357517,11078.153232140861
20260825,2026-08-25,1410,Lehigh Valley IronPigs,International League,Coca-Cola Park,Syracuse Mets,552,6912.0,1,night,Tuesday,1,8,August,22,0,,0,1410-11,1,5,10.0,0.488,0.5079365079365079,Partly Cloudy,Cloudy,75.0,4,Varies,0,1,1,Patriotic Hambone Poster,1,0.0,full_season_release,1,8.841014310483892,5625.0,0.0,8.980968988440736,-0.1399546779568439,7950.332164238245
20260826,2026-08-26,1410,Lehigh Valley IronPigs,International League,Coca-Cola Park,Syracuse Mets,552,6048.0,1,night,Wednesday,2,8,August,22,0,,0,1410-11,2,5,1.0,0.4841269841269841,0.5118110236220472,Partly Cloudy,Cloudy,80.0,5,Varies,0,0,0,,1,1.0,full_season_release,1,8.70748291785937,6400.0,1.0,8.970316921007539,-0.2628340031481695,7866.094140975498
20260828,2026-08-28,1410,Lehigh Valley IronPigs,International League,Coca-Cola Park,Syracuse Mets,552,10000.0,1,night,Friday,4,8,August,23,1,,0,1410-11,3,5,2.0,0.4881889763779528,0.5078125,Clear,Clear,80.0,3,Calm,0,1,1,Clear Tote Bag presented by AARP Lehigh Valley,1,0.0,full_season_release,1,9.210340371976184,6400.0,0.0,9.383535563585047,-0.17319519160886365,11890.981844210408
20260829,2026-08-29,1410,Lehigh Valley IronPigs,International League,Coca-Cola Park,Syracuse Mets,552,10000.0,2,night,Saturday,5,8,August,23,1,,0,1410-11,4,5,1.0,0.4806201550387597,0.5153846153846153,Clear,Clear,76.0,4,Varies,0,0,0,,1,1.0,full_season_release,1,9.210340371976184,5776.0,1.0,9.352961446167793,-0.1426210741916094,11532.927064868029
20260830,2026-08-30,1410,Lehigh Valley IronPigs,International League,Coca-Cola Park,Syracuse Mets,552,9377.0,1,day,Sunday,6,8,August,23,1,,0,1410-11,5,5,1.0,0.4769230769230769,0.5190839694656488,Cloudy,Cloudy,74.0,4,Calm,0,0,0,,1,2.0,full_season_release,1,9.146015161419625,5476.0,2.0,9.172623398309572,-0.02660823688994718,9629.854525671371
20260331,2026-03-31,556,Nashville Sounds,International League,First Horizon Park,Charlotte Knights,494,7678.0,1,night,Tuesday,1,3,March,1,0,,0,556-1,1,5,1.0,0.5,0.75,Partly Cloudy,Cloudy,79.0,11,R To L,0,1,1,2026 Tour T-shirt,1,0.0,full_season_release,1,8.946114375560743,6241.0,0.0,8.472740740443529,0.4733736351172144,4782.605403296514
20260401,2026-04-01,556,Nashville Sounds,International League,First Horizon Park,Charlotte Knights,494,4002.0,1,night,Wednesday,2,4,April,1,0,,0,556-1,2,5,1.0,0.4,0.8,Partly Cloudy,Cloudy,78.0,9,R To L,0,1,1,2026 Schedule Concert Poster,1,0.0,full_season_release,1,8.294549515143679,6084.0,0.0,8.29924116334018,-0.00469164819650203,4020.820090181861
20260402,2026-04-02,556,Nashville Sounds,International League,First Horizon Park,Charlotte Knights,494,5217.0,1,night,Thursday,3,4,April,1,0,,0,556-1,3,5,1.0,0.5,0.6666666666666666,Partly Cloudy,Cloudy,81.0,15,R To L,0,0,0,,1,1.0,full_season_release,1,8.559677803022392,6561.0,1.0,8.401642319731677,0.15803548329071582,4454.376253797791
20260403,2026-04-03,556,Nashville Sounds,International League,First Horizon Park,Charlotte Knights,494,7892.0,1,night,Friday,4,4,April,2,1,,0,556-1,4,5,1.0,0.5714285714285714,0.5714285714285714,Clear,Clear,82.0,8,R To L,0,0,0,,1,2.0,full_season_release,1,8.973604867142505,6724.0,2.0,8.750683791401666,0.22292107574083886,6315.004778038636
20260405,2026-04-05,556,Nashville Sounds,International League,First Horizon Park,Charlotte Knights,494,4881.0,1,day,Sunday,6,4,April,2,1,,0,556-1,5,5,2.0,0.625,0.5,Partly Cloudy,Cloudy,57.0,10,Out To LF,0,0,0,,1,3.0,full_season_release,1,8.493105395887147,3249.0,3.0,8.421913978885886,0.07119141700126086,4545.595307970293
20260414,2026-04-14,556,Nashville Sounds,International League,First Horizon Park,Worcester Red Sox,533,5029.0,1,night,Tuesday,1,4,April,3,0,,0,556-2,1,6,9.0,0.4666666666666667,0.6666666666666666,Clear,Clear,82.0,10,R To L,0,0,0,,1,-1.0,full_season_release,1,8.522976436171964,6724.0,-1.0,8.328650015763417,0.1943264204085473,4140.823730565841
20260415,2026-04-15,556,Nashville Sounds,International League,First Horizon Park,Worcester Red Sox,533,5255.0,1,night,Wednesday,2,4,April,3,0,,0,556-2,2,6,1.0,0.5,0.625,Clear,Clear,84.0,13,R To L,0,1,1,Jackie Robinson Replica Jersey,1,0.0,full_season_release,1,8.566935283311052,7056.0,0.0,8.308872113540481,0.25806316977057087,4059.7314843152776
20260416,2026-04-16,556,Nashville Sounds,International League,First Horizon Park,Worcester Red Sox,533,6144.0,1,night,Thursday,3,4,April,3,0,,0,556-2,3,6,1.0,0.5294117647058824,0.5882352941176471,Partly Cloudy,Cloudy,82.0,8,R To L,0,0,0,,1,1.0,full_season_release,1,8.723231274827508,6724.0,1.0,8.4165520151205,0.3066792597070087,4521.287218423954
20260417,2026-04-17,556,Nashville Sounds,International League,First Horizon Park,Worcester Red Sox,533,7789.0,1,night,Friday,4,4,April,4,1,,0,556-2,4,6,1.0,0.5555555555555556,0.5555555555555556,Clear,Clear,79.0,5,R To L,0,0,0,,1,-1.0,full_season_release,1,8.960467760919949,6241.0,-1.0,8.772312734062128,0.18815502685782093,6453.079476452357
20260418,2026-04-18,556,Nashville Sounds,International League,First Horizon Park,Worcester Red Sox,533,5997.0,1,night,Saturday,5,4,April,4,1,,0,556-2,5,6,1.0,0.5789473684210527,0.5263157894736842,Overcast,Cloudy,54.0,15,Out To LF,0,1,1,"Jacob Misiorowski Skyline Bobblehead, first 2000 fans",1,0.0,full_season_release,1,8.69901462316851,2916.0,0.0,8.5667089349999,0.13230568816861066,5253.8106742309155
20260419,2026-04-19,556,Nashville Sounds,International League,First Horizon Park,Worcester Red Sox,533,8812.0,1,day,Sunday,6,4,April,4,1,,0,556-2,6,6,1.0,0.55,0.55,Sunny,Clear,64.0,11,L To R,0,1,1,"Sounds Ice Cream Jersey, first 500 kids",1,0.0,full_season_release,1,9.083869707922235,4096.0,0.0,8.503118065953794,0.5807516419684404,4930.117330057256
20260429,2026-04-29,556,Nashville Sounds,International League,First Horizon Park,Norfolk Tides,568,4514.0,1,night,Wednesday,2,4,April,5,0,,0,556-4,1,5,10.0,0.5357142857142857,0.3571428571428571,Partly Cloudy,Cloudy,68.0,7,Out To RF,0,1,1,Country Legends Coasters presented by First Horizon,1,0.0,full_season_release,1,8.414938957377482,4624.0,0.0,8.266002965615883,0.14893599176159888,3889.371928532217
20260430,2026-04-30,556,Nashville Sounds,International League,First Horizon Park,Norfolk Tides,568,6426.0,2,night,Thursday,3,4,April,5,0,,0,556-4,2,5,1.0,0.5333333333333333,0.3666666666666666,Partly Cloudy,Cloudy,63.0,7,L To R,0,0,0,,1,1.0,full_season_release,1,8.768107539675803,3969.0,1.0,8.464491908350453,0.30361563132534997,4743.316759845715
20260501,2026-05-01,556,Nashville Sounds,International League,First Horizon Park,Norfolk Tides,568,6607.0,1,night,Friday,4,5,May,6,1,,0,556-4,3,5,1.0,0.5161290322580645,0.3870967741935484,Clear,Clear,62.0,9,Out To RF,0,0,0,,1,-1.0,full_season_release,1,8.795884972029885,3844.0,-1.0,9.06823636564104,-0.2723513936111548,8675.310230712395
20260502,2026-05-02,556,Nashville Sounds,International League,First Horizon Park,Norfolk Tides,568,9019.0,1,night,Saturday,5,5,May,6,1,,0,556-4,4,5,1.0,0.5,0.40625,Partly Cloudy,Cloudy,54.0,9,L To R,0,1,1,Tune Squad Jersey,1,0.0,full_season_release,1,9.107088742165708,2916.0,0.0,8.905293256610634,0.2017954855550741,7370.8864537253
20260503,2026-05-03,556,Nashville Sounds,International League,First Horizon Park,Norfolk Tides,568,7511.0,1,day,Sunday,6,5,May,6,1,,0,556-4,5,5,1.0,0.5151515151515151,0.3939393939393939,Sunny,Clear,66.0,7,R To L,0,1,1,Booster Building Block Set presented by First Horizon,1,0.0,full_season_release,1,8.924123891686012,4356.0,0.0,8.86110735772112,0.06301653396489115,7052.287827635782
20260512,2026-05-12,556,Nashville Sounds,International League,First Horizon Park,Iowa Cubs,451,5687.0,1,night,Tuesday,1,5,May,7,0,,0,556-5,1,6,9.0,0.525,0.4615384615384615,Clear,Clear,81.0,6,R To L,0,0,0,,1,-1.0,full_season_release,1,8.645938147306799,6561.0,-1.0,8.672093538810035,-0.026155391503236203,5837.70803371876
20260513,2026-05-13,556,Nashville Sounds,International League,First Horizon Park,Iowa Cubs,451,5677.0,1,night,Wednesday,2,5,May,7,0,,0,556-5,2,6,1.0,0.5365853658536586,0.45,Clear,Clear,79.0,14,Out To LF,0,1,1,Vihuelas Sunglasses,1,0.0,full_season_release,1,8.644178203170727,6241.0,0.0,8.668084331938367,-0.02390612876764031,5814.3503088179295
20260514,2026-05-14,556,Nashville Sounds,International League,First Horizon Park,Iowa Cubs,451,6044.0,1,night,Thursday,3,5,May,7,0,,0,556-5,3,6,1.0,0.5476190476190477,0.4390243902439024,Clear,Clear,70.0,6,Out To CF,0,0,0,,1,1.0,full_season_release,1,8.70682132339263,4900.0,1.0,8.757523356998043,-0.05070203360541292,6358.344711666817
20260515,2026-05-15,556,Nashville Sounds,International League,First Horizon Park,Iowa Cubs,451,8644.0,1,night,Friday,4,5,May,8,1,,0,556-5,4,6,1.0,0.5581395348837209,0.4285714285714285,Partly Cloudy,Cloudy,79.0,9,In From CF,0,0,0,,1,-1.0,full_season_release,1,9.064620717626777,6241.0,-1.0,9.093926928457776,-0.029306210830998936,8901.071381845439
20260516,2026-05-16,556,Nashville Sounds,International League,First Horizon Park,Iowa Cubs,451,10078.0,1,night,Saturday,5,5,May,8,1,,0,556-5,5,6,1.0,0.5681818181818182,0.4186046511627907,Partly Cloudy,Cloudy,83.0,10,In From CF,0,1,1,Sleeveless Hoodie presented by RJ Young,1,0.0,full_season_release,1,9.218110109240543,6889.0,0.0,9.018122745925801,0.19998736331474198,8251.272797598416
20260517,2026-05-17,556,Nashville Sounds,International League,First Horizon Park,Iowa Cubs,451,6513.0,1,day,Sunday,6,5,May,8,1,,0,556-5,6,6,1.0,0.5777777777777777,0.4090909090909091,Partly Cloudy,Cloudy,88.0,10,In From CF,0,1,1,"Ice Cream Batter Sleeve, first 500 kids",1,0.0,full_season_release,1,8.781555458546402,7744.0,0.0,8.79596548810257,-0.01441002955616888,6607.531991108859
20260526,2026-05-26,556,Nashville Sounds,International League,First Horizon Park,Gwinnett Stripers,431,4919.0,1,night,Tuesday,1,5,May,9,0,,0,556-6,1,6,9.0,0.5961538461538461,0.5384615384615384,Cloudy,Cloudy,79.0,7,R To L,0,0,0,,1,-1.0,full_season_release,1,8.50086053679534,6241.0,-1.0,8.64555512834806,-0.14469459155271913,5684.822188279856
20260527,2026-05-27,556,Nashville Sounds,International League,First Horizon Park,Gwinnett Stripers,431,5247.0,1,night,Wednesday,2,5,May,9,0,,0,556-6,2,6,1.0,0.5849056603773585,0.5471698113207547,Partly Cloudy,Cloudy,85.0,5,Out To CF,0,1,1,Denim Bucket Hat presented by First Horizon,1,0.0,full_season_release,1,8.565411763686711,7225.0,0.0,8.594543892560738,-0.02913212887402672,5402.1045740527525
20260528,2026-05-28,556,Nashville Sounds,International League,First Horizon Park,Gwinnett Stripers,431,6421.0,1,night,Thursday,3,5,May,9,0,,0,556-6,3,6,1.0,0.5925925925925926,0.5370370370370371,Partly Cloudy,Cloudy,85.0,8,L To R,0,0,0,,1,1.0,full_season_release,1,8.76732914779405,7225.0,1.0,8.68372687926888,0.08360226852516917,5906.0166370187935
20260529,2026-05-29,556,Nashville Sounds,International League,First Horizon Park,Gwinnett Stripers,431,6219.0,1,night,Friday,4,5,May,10,1,,0,556-6,4,6,1.0,0.6,0.5272727272727272,Cloudy,Cloudy,75.0,4,L To R,0,0,0,,1,2.0,full_season_release,1,8.735364401103888,5625.0,2.0,9.064260842689757,-0.3288964415858686,8640.889800719355
20260530,2026-05-30,556,Nashville Sounds,International League,First Horizon Park,Gwinnett Stripers,431,7873.0,1,night,Saturday,5,5,May,10,1,,0,556-6,5,6,1.0,0.6071428571428571,0.5178571428571429,Overcast,Cloudy,77.0,7,Out To CF,0,0,0,,1,3.0,full_season_release,1,8.971194463184467,5929.0,3.0,9.006742020987154,-0.035547557802686924,8157.899666269527
20260531,2026-05-31,556,Nashville Sounds,International League,First Horizon Park,Gwinnett Stripers,431,5311.0,1,day,Sunday,6,5,May,10,1,,0,556-6,6,6,1.0,0.6140350877192983,0.5087719298245614,Partly Cloudy,Cloudy,84.0,1,Out To LF,0,0,0,,1,4.0,full_season_release,1,8.577535420422398,7056.0,4.0,8.794871740392644,-0.21733631997024538,6600.308968927366
20260609,2026-06-09,556,Nashville Sounds,International League,First Horizon Park,Durham Bulls,234,5012.0,1,night,Tuesday,1,6,June,11,0,,0,556-7,1,6,9.0,0.609375,0.375,Cloudy,Cloudy,80.0,4,L To R,0,0,0,,1,-1.0,full_season_release,1,8.51959031601596,6400.0,-1.0,8.761932457116803,-0.24234214110084373,6386.441184654685
20260610,2026-06-10,556,Nashville Sounds,International League,First Horizon Park,Durham Bulls,234,6569.0,1,night,Wednesday,2,6,June,11,0,,0,556-7,2,6,1.0,0.6153846153846154,0.3692307692307692,Partly Cloudy,Cloudy,91.0,8,R To L,0,1,1,Brewmaster Shirt presented by Nobody Trashes TN,1,0.0,full_season_release,1,8.790116892892472,8281.0,0.0,8.653437999950784,0.13667889294168845,5729.812003170734
20260611,2026-06-11,556,Nashville Sounds,International League,First Horizon Park,Durham Bulls,234,6886.0,1,night,Thursday,3,6,June,11,0,,0,556-7,3,6,1.0,0.6212121212121212,0.3636363636363636,Clear,Clear,90.0,9,R To L,0,1,1,Vintage Panel Throwback Hat presented by Advance Financial,1,0.0,full_season_release,1,8.83724564389847,8100.0,0.0,8.753977473632625,0.08326817026584443,6335.838688370167
20260612,2026-06-12,556,Nashville Sounds,International League,First Horizon Park,Durham Bulls,234,7677.0,1,night,Friday,4,6,June,12,1,,0,556-7,4,6,1.0,0.6119402985074627,0.373134328358209,Partly Cloudy,Cloudy,82.0,6,R To L,0,0,0,,1,1.0,full_season_release,1,8.945984124827898,6724.0,1.0,9.159634148394181,-0.2136500235662826,9505.578810070745
20260613,2026-06-13,556,Nashville Sounds,International League,First Horizon Park,Durham Bulls,234,8815.0,1,night,Saturday,5,6,June,12,1,,0,556-7,5,6,1.0,0.6029411764705882,0.3823529411764705,Partly Cloudy,Cloudy,87.0,4,R To L,0,1,1,Sulphur Dell Replica,1,0.0,full_season_release,1,9.08421009483197,7569.0,0.0,9.061892502693638,0.022317592138332287,8620.4494502063
20260614,2026-06-14,556,Nashville Sounds,International League,First Horizon Park,Durham Bulls,234,5007.0,1,day,Sunday,6,6,June,12,1,,0,556-7,6,6,1.0,0.5942028985507246,0.391304347826087,Rain,Precipitation,81.0,7,R To L,1,0,0,,1,1.0,full_season_release,1,8.518592212329946,6561.0,1.0,8.845744028590117,-0.3271518162601712,6944.769245108238
20260623,2026-06-23,556,Nashville Sounds,International League,First Horizon Park,Gwinnett Stripers,431,6581.0,1,night,Tuesday,1,6,June,13,0,,0,556-8,1,11,9.0,0.5789473684210527,0.5066666666666667,Partly Cloudy,Cloudy,80.0,7,L To R,0,0,0,,1,-1.0,full_season_release,1,8.791941988456118,6400.0,-1.0,8.724781456287927,0.06716053216819162,6153.531700917063
20260624,2026-06-24,556,Nashville Sounds,International League,First Horizon Park,Gwinnett Stripers,431,7591.0,1,night,Wednesday,2,6,June,13,0,,0,556-8,2,11,1.0,0.5714285714285714,0.5131578947368421,Partly Cloudy,Cloudy,82.0,3,Out To CF,0,1,1,"Brice Turang Skyline Bobblehead, first 2000 fans",1,0.0,full_season_release,1,8.934718614016768,6724.0,0.0,8.699045301664034,0.23567331235273414,5997.183981759787
20260625,2026-06-25,556,Nashville Sounds,International League,First Horizon Park,Gwinnett Stripers,431,5761.0,1,night,Thursday,3,6,June,13,0,,0,556-8,3,11,1.0,0.5769230769230769,0.5064935064935064,Partly Cloudy,Cloudy,84.0,9,In From RF,0,0,0,,1,1.0,full_season_release,1,8.658866349732383,7056.0,1.0,8.774113164137905,-0.11524681440552165,6464.70826008777
20260626,2026-06-26,556,Nashville Sounds,International League,First Horizon Park,Gwinnett Stripers,431,8167.0,1,night,Friday,4,6,June,14,1,,0,556-8,4,11,1.0,0.569620253164557,0.5128205128205128,Cloudy,Cloudy,86.0,7,R To L,0,0,0,,1,-1.0,full_season_release,1,9.007856923358275,7396.0,-1.0,9.09193520576813,-0.08407828240985538,8883.360559390376
20260627,2026-06-27,556,Nashville Sounds,International League,First Horizon Park,Gwinnett Stripers,431,8119.0,1,night,Saturday,5,6,June,14,1,,0,556-8,5,11,1.0,0.5625,0.5189873417721519,Overcast,Cloudy,80.0,7,In From RF,0,1,1,"Hawaiian Shirt, first 2000 fans",1,0.0,full_season_release,1,9.001962272862446,6400.0,0.0,9.074129151669368,-0.07216687880692163,8726.582898692217
20260628,2026-06-28,556,Nashville Sounds,International League,First Horizon Park,Gwinnett Stripers,431,5237.0,1,night,Sunday,6,6,June,14,1,,0,556-8,6,11,1.0,0.5679012345679012,0.5125,Clear,Clear,90.0,10,R To L,0,0,0,,1,1.0,full_season_release,1,8.563504094279487,8100.0,1.0,8.690517093927088,-0.12701299964760082,5946.256220854629
20260630,2026-06-30,556,Nashville Sounds,International League,First Horizon Park,Jacksonville Jumbo Shrimp,564,5338.0,1,night,Tuesday,1,6,June,14,0,,0,556-8,7,11,2.0,0.573170731707317,0.5802469135802469,Clear,Clear,95.0,4,In From RF,0,0,0,,1,-1.0,full_season_release,1,8.58260632996447,9025.0,-1.0,8.624684552334331,-0.04207822236986125,5567.406206246702
20260701,2026-07-01,556,Nashville Sounds,International League,First Horizon Park,Jacksonville Jumbo Shrimp,564,5076.0,1,night,Wednesday,2,7,July,14,0,,0,556-8,8,11,1.0,0.5662650602409639,0.5853658536585366,Partly Cloudy,Cloudy,94.0,6,Out To LF,0,1,1,Hot Chickens Cooling Towel,1,0.0,full_season_release,1,8.532278828834277,8836.0,0.0,8.500396327481896,0.031882501352381354,4916.71708430353
20260702,2026-07-02,556,Nashville Sounds,International League,First Horizon Park,Jacksonville Jumbo Shrimp,564,5074.0,1,night,Thursday,3,7,July,14,0,,0,556-8,9,11,1.0,0.5595238095238095,0.5903614457831325,Cloudy,Cloudy,83.0,6,Out To LF,0,0,0,,1,1.0,full_season_release,1,8.531884740159228,6889.0,1.0,8.70749351379787,-0.17560877363864158,6048.064084575569
20260704,2026-07-04,556,Nashville Sounds,International League,First Horizon Park,Jacksonville Jumbo Shrimp,564,9823.0,2,night,Saturday,5,7,July,15,1,Independence Day,1,556-8,10,11,2.0,0.5697674418604651,0.5764705882352941,Partly Cloudy,Cloudy,91.0,3,R To L,0,0,0,,1,2.0,full_season_release,1,9.19248185367487,8281.0,2.0,8.978836440380135,0.21364541329473496,7933.3957640624985
20260705,2026-07-05,556,Nashville Sounds,International League,First Horizon Park,Jacksonville Jumbo Shrimp,564,7242.0,1,night,Sunday,6,7,July,15,1,,0,556-8,11,11,1.0,0.5747126436781609,0.5697674418604651,Partly Cloudy,Cloudy,81.0,7,R To L,0,0,0,,1,3.0,full_season_release,1,8.887652690325586,6561.0,3.0,8.70596022951722,0.18169246080836565,6038.797788734599
20260717,2026-07-17,556,Nashville Sounds,International League,First Horizon Park,Norfolk Tides,568,10154.0,1,night,Friday,4,7,July,17,1,,0,556-9,1,3,12.0,0.5638297872340425,0.3695652173913043,Cloudy,Cloudy,81.0,6,R To L,0,0,0,,1,-1.0,full_season_release,1,9.22562299550734,6561.0,-1.0,9.003040432885234,0.2225825626221063,8127.758301802037
20260718,2026-07-18,556,Nashville Sounds,International League,First Horizon Park,Norfolk Tides,568,9811.0,1,night,Saturday,5,7,July,17,1,,0,556-9,2,3,1.0,0.5578947368421052,0.3763440860215054,Partly Cloudy,Cloudy,83.0,5,R To L,0,1,1,Spider-Man Funko Pop,1,0.0,full_season_release,1,9.19125948416339,6889.0,0.0,9.114864583225275,0.07639490093811574,9089.403679689289
20260719,2026-07-19,556,Nashville Sounds,International League,First Horizon Park,Norfolk Tides,568,6771.0,1,night,Sunday,6,7,July,17,1,,0,556-9,3,3,1.0,0.5625,0.3723404255319149,Cloudy,Cloudy,83.0,4,Out To RF,0,1,1,"Sounds Ice Cream Jersey, first 500 kids",1,0.0,full_season_release,1,8.820404065485645,6889.0,0.0,8.812897681436318,0.0075063840493267975,6720.364555904618
20260728,2026-07-28,556,Nashville Sounds,International League,First Horizon Park,Charlotte Knights,494,5518.0,1,night,Tuesday,1,7,July,18,0,,0,556-10,1,6,9.0,0.5436893203883495,0.5436893203883495,Partly Cloudy,Cloudy,90.0,11,Out To CF,0,0,0,,1,-1.0,full_season_release,1,8.615770754777232,8100.0,-1.0,8.627038590112443,-0.011267835335210918,5580.527528767447
20260729,2026-07-29,556,Nashville Sounds,International League,First Horizon Park,Charlotte Knights,494,6466.0,1,night,Wednesday,2,7,July,18,0,,0,556-10,2,6,1.0,0.5384615384615384,0.5480769230769231,Partly Cloudy,Cloudy,86.0,8,Out To RF,0,1,1,Country Legends Coasters presented by First Horizon,1,0.0,full_season_release,1,8.774312958285378,7396.0,0.0,8.654123810777994,0.12018914750738396,5733.742918058313
20260730,2026-07-30,556,Nashville Sounds,International League,First Horizon Park,Charlotte Knights,494,7001.0,1,night,Thursday,3,7,July,18,0,,0,556-10,3,6,1.0,0.5333333333333333,0.5523809523809524,Partly Cloudy,Cloudy,84.0,8,Out To RF,0,0,0,,1,1.0,full_season_release,1,8.853808274977197,7056.0,1.0,8.757135713834073,0.09667256114312472,6355.880420468851
20260731,2026-07-31,556,Nashville Sounds,International League,First Horizon Park,Charlotte Knights,494,10557.0,1,night,Friday,4,7,July,19,1,,0,556-10,4,6,1.0,0.5377358490566038,0.5471698113207547,Partly Cloudy,Cloudy,87.0,4,R To L,0,0,0,,1,-1.0,full_season_release,1,9.264544425989694,7569.0,-1.0,9.0674410097119,0.1971034162777947,8668.413014517757
20260801,2026-08-01,556,Nashville Sounds,International League,First Horizon Park,Charlotte Knights,494,11559.0,1,night,Saturday,5,8,August,19,1,,0,556-10,5,6,1.0,0.5420560747663551,0.5420560747663551,Partly Cloudy,Cloudy,83.0,14,R To L,0,1,1,Denim Bucket Hat presented by First Horizon,1,0.0,full_season_release,1,9.355219633294267,6889.0,0.0,9.0225508236245,0.33266880966976764,8287.89108914554
20260802,2026-08-02,556,Nashville Sounds,International League,First Horizon Park,Charlotte Knights,494,5501.0,1,night,Sunday,6,8,August,19,1,,0,556-10,6,6,1.0,0.5462962962962963,0.5370370370370371,Overcast,Cloudy,75.0,8,Out To LF,0,0,0,,1,1.0,full_season_release,1,8.612685172875459,5625.0,1.0,8.749435323461492,-0.13675015058603357,6307.125616494919
20260811,2026-08-11,556,Nashville Sounds,International League,First Horizon Park,Indianapolis Indians,484,4989.0,1,night,Tuesday,1,8,August,20,0,,0,556-11,1,6,9.0,0.5478260869565217,0.4869565217391304,Clear,Clear,90.0,6,Out To CF,0,0,0,,1,-1.0,full_season_release,1,8.514990767861038,8100.0,-1.0,8.622602869673146,-0.10761210181210856,5555.828687819906
20260812,2026-08-12,556,Nashville Sounds,International League,First Horizon Park,Indianapolis Indians,484,4711.0,1,night,Wednesday,2,8,August,20,0,,0,556-11,2,6,1.0,0.5431034482758621,0.4913793103448275,Partly Cloudy,Cloudy,90.0,6,R To L,0,1,1,Booster Building Block Set presented by First Horizon,1,0.0,full_season_release,1,8.45765547870004,8100.0,0.0,8.607331305201251,-0.1496758265012108,5471.627073466969
20260813,2026-08-13,556,Nashville Sounds,International League,First Horizon Park,Indianapolis Indians,484,4981.0,1,night,Thursday,3,8,August,20,0,,0,556-11,3,6,1.0,0.5384615384615384,0.4957264957264957,Partly Cloudy,Cloudy,93.0,6,R To L,0,0,0,,1,1.0,full_season_release,1,8.513385953073284,8649.0,1.0,8.653915538702366,-0.14052958562908202,5732.548863868038
20260814,2026-08-14,556,Nashville Sounds,International League,First Horizon Park,Indianapolis Indians,484,7513.0,1,night,Friday,4,8,August,21,1,,0,556-11,4,6,1.0,0.5423728813559322,0.4915254237288136,Clear,Clear,95.0,7,R To L,0,0,0,,1,-1.0,full_season_release,1,8.92439013236916,9025.0,-1.0,8.959358219674534,-0.034968087305374596,7780.3625759147235
20260815,2026-08-15,556,Nashville Sounds,International League,First Horizon Park,Indianapolis Indians,484,8945.0,1,night,Saturday,5,8,August,21,1,,0,556-11,5,6,1.0,0.5378151260504201,0.4957983193277311,Clear,Clear,96.0,7,R To L,0,1,1,Brewmaster Shirt presented by Nobody Trashes TN,1,0.0,full_season_release,1,9.09884999594282,9216.0,0.0,8.885313212842076,0.21353678310074287,7225.077306912515
20260816,2026-08-16,556,Nashville Sounds,International League,First Horizon Park,Indianapolis Indians,484,6186.0,1,night,Sunday,6,8,August,21,1,,0,556-11,6,6,1.0,0.5416666666666666,0.4916666666666666,Clear,Clear,97.0,9,R To L,0,0,0,,1,1.0,full_season_release,1,8.730043953245016,9409.0,1.0,8.566315534433704,0.16372841881131173,5251.744228634071
20260327,2026-03-27,238,Oklahoma City Comets,Pacific Coast League,Chickasaw Bricktown Ballpark,Albuquerque Isotopes,342,6834.0,1,night,Friday,4,3,March,1,1,,0,238-1,1,3,1.0,0.0,1.0,Overcast,Cloudy,58.0,18,In From CF,0,0,0,,1,-1.0,full_season_release,1,8.829665432675236,3364.0,-1.0,8.501855744049383,0.32780968862585347,4923.897861271919
20260328,2026-03-28,238,Oklahoma City Comets,Pacific Coast League,Chickasaw Bricktown Ballpark,Albuquerque Isotopes,342,5386.0,1,night,Saturday,5,3,March,1,1,,0,238-1,2,3,1.0,0.5,0.5,Partly Cloudy,Cloudy,60.0,7,R To L,0,1,1,"Comets hat, first 1000 fans",1,0.0,full_season_release,1,8.591558273371545,3600.0,0.0,8.551586233115003,0.039972040256541774,5174.95660771084
20260329,2026-03-29,238,Oklahoma City Comets,Pacific Coast League,Chickasaw Bricktown Ballpark,Albuquerque Isotopes,342,4022.0,1,day,Sunday,6,3,March,1,1,,0,238-1,3,3,1.0,0.6666666666666666,0.3333333333333333,Sunny,Clear,75.0,22,Out To CF,0,0,0,,1,1.0,full_season_release,1,8.299534570332597,5625.0,1.0,8.479461588227933,-0.17992701789533605,4814.856823268091
20260407,2026-04-07,238,Oklahoma City Comets,Pacific Coast League,Chickasaw Bricktown Ballpark,Round Rock Express,102,3898.0,1,night,Tuesday,1,4,April,2,0,,0,238-2,1,6,9.0,0.5,0.2,Clear,Clear,70.0,8,R To L,0,0,0,,0,,full_season_release,1,8.268218880067506,4900.0,,8.319924854863038,-0.05170597479553152,4104.851537053317
20260408,2026-04-08,238,Oklahoma City Comets,Pacific Coast League,Chickasaw Bricktown Ballpark,Round Rock Express,102,6328.0,1,day,Wednesday,2,4,April,2,0,,0,238-2,2,6,1.0,0.4545454545454545,0.2727272727272727,Sunny,Clear,66.0,13,Out To LF,0,0,0,,0,,full_season_release,1,8.75273950944749,4356.0,,8.391068284496061,0.36167122495142934,4407.523669325993
20260409,2026-04-09,238,Oklahoma City Comets,Pacific Coast League,Chickasaw Bricktown Ballpark,Round Rock Express,102,3649.0,1,night,Thursday,3,4,April,2,0,,0,238-2,3,6,1.0,0.4166666666666667,0.3333333333333333,Clear,Clear,78.0,21,R To L,0,0,0,,0,,full_season_release,1,8.202208436436448,6084.0,,8.365505092743751,-0.1632966563073026,4296.281210563934
20260410,2026-04-10,238,Oklahoma City Comets,Pacific Coast League,Chickasaw Bricktown Ballpark,Round Rock Express,102,5429.0,1,night,Friday,4,4,April,3,1,,0,238-2,4,6,1.0,0.4615384615384615,0.3076923076923077,Partly Cloudy,Cloudy,73.0,11,In From RF,0,0,0,,0,,full_season_release,1,8.599510233905452,5329.0,,8.706175452081476,-0.10666521817602437,6040.097614150574
20260411,2026-04-11,238,Oklahoma City Comets,Pacific Coast League,Chickasaw Bricktown Ballpark,Round Rock Express,102,5988.0,1,night,Saturday,5,4,April,3,1,,0,238-2,5,6,1.0,0.5,0.2857142857142857,Partly Cloudy,Cloudy,77.0,9,R To L,0,0,0,,0,,full_season_release,1,8.69751274553952,5929.0,,8.64855278500262,0.04895996053689977,5701.888900634434
20260412,2026-04-12,238,Oklahoma City Comets,Pacific Coast League,Chickasaw Bricktown Ballpark,Round Rock Express,102,4167.0,1,day,Sunday,6,4,April,3,1,,0,238-2,6,6,1.0,0.5333333333333333,0.2666666666666666,Partly Cloudy,Cloudy,74.0,12,Out To CF,0,0,0,,0,,full_season_release,1,8.334951631422454,5476.0,,8.471418763861042,-0.13646713243858777,4776.287088202547
20260421,2026-04-21,238,Oklahoma City Comets,Pacific Coast League,Chickasaw Bricktown Ballpark,Tacoma Rainiers,529,3628.0,1,night,Tuesday,1,4,April,4,0,,0,238-3,1,6,9.0,0.5,0.4545454545454545,Overcast,Cloudy,60.0,7,Out To LF,0,0,0,,1,-3.0,full_season_release,1,8.196436811235028,3600.0,-3.0,8.165745279135992,0.030691532099035967,3518.3425074757406
20260422,2026-04-22,238,Oklahoma City Comets,Pacific Coast League,Chickasaw Bricktown Ballpark,Tacoma Rainiers,529,3438.0,1,night,Wednesday,2,4,April,4,0,,0,238-3,2,6,1.0,0.5217391304347826,0.4347826086956521,Cloudy,Cloudy,68.0,13,Out To LF,0,0,0,,1,-2.0,full_season_release,1,8.142645185942795,4624.0,-2.0,8.219093265069954,-0.07644807912715912,3711.1358399648516
20260423,2026-04-23,238,Oklahoma City Comets,Pacific Coast League,Chickasaw Bricktown Ballpark,Tacoma Rainiers,529,6488.0,1,day,Thursday,3,4,April,4,0,,0,238-3,3,6,1.0,0.5,0.4583333333333333,Partly Cloudy,Cloudy,71.0,20,Out To LF,0,0,0,,1,-1.0,full_season_release,1,8.77770959579525,5041.0,-1.0,8.435496526230482,0.3422130695647674,4607.757274715683
20260424,2026-04-24,238,Oklahoma City Comets,Pacific Coast League,Chickasaw Bricktown Ballpark,Tacoma Rainiers,529,6367.0,1,night,Friday,4,4,April,5,1,,0,238-3,4,6,1.0,0.48,0.48,Cloudy,Cloudy,69.0,11,In From RF,0,1,1,"Los Angeles Dodgers Celebration Night Poster, first 1000 fans",1,0.0,full_season_release,1,8.758883680017025,4761.0,0.0,8.63802316897532,0.12086051104170537,5642.16518558437
20260425,2026-04-25,238,Oklahoma City Comets,Pacific Coast League,Chickasaw Bricktown Ballpark,Tacoma Rainiers,529,5839.0,1,night,Saturday,5,4,April,5,1,,0,238-3,5,6,1.0,0.4615384615384615,0.5,Partly Cloudy,Cloudy,72.0,5,R To L,0,0,0,,1,1.0,full_season_release,1,8.672314828283538,5184.0,1.0,8.586686173092522,0.08562865519101592,5359.822688921162
20260426,2026-04-26,238,Oklahoma City Comets,Pacific Coast League,Chickasaw Bricktown Ballpark,Tacoma Rainiers,529,4639.0,1,day,Sunday,6,4,April,5,1,,0,238-3,6,6,1.0,0.4444444444444444,0.5185185185185185,Partly Cloudy,Cloudy,85.0,16,Out To LF,0,0,0,,1,2.0,full_season_release,1,8.442254104751743,7225.0,2.0,8.361583948593486,0.08067015615825746,4279.467857959466
20260505,2026-05-05,238,Oklahoma City Comets,Pacific Coast League,Chickasaw Bricktown Ballpark,Salt Lake Bees,561,5004.0,1,night,Tuesday,1,5,May,6,0,,0,238-4,1,6,9.0,0.5,0.4411764705882353,Cloudy,Cloudy,52.0,15,In From CF,0,0,0,,0,,full_season_release,1,8.517992871586802,2704.0,,8.336905037573487,0.18108783401331507,4175.147798820663
20260506,2026-05-06,238,Oklahoma City Comets,Pacific Coast League,Chickasaw Bricktown Ballpark,Salt Lake Bees,561,9436.0,1,day,Wednesday,2,5,May,6,0,,0,238-4,2,6,1.0,0.5142857142857142,0.4285714285714285,Partly Cloudy,Cloudy,54.0,14,In From CF,0,0,0,,0,,full_season_release,1,9.152287440527566,2916.0,,8.479442821906698,0.6728446186208679,4814.766466966076
20260507,2026-05-07,238,Oklahoma City Comets,Pacific Coast League,Chickasaw Bricktown Ballpark,Salt Lake Bees,561,3633.0,1,night,Thursday,3,5,May,6,0,,0,238-4,3,6,1.0,0.5277777777777778,0.4166666666666667,Clear,Clear,74.0,4,R To L,0,0,0,,0,,full_season_release,1,8.197814032221203,5476.0,,8.608799071513811,-0.41098503929260843,5479.664040111881
20260508,2026-05-08,238,Oklahoma City Comets,Pacific Coast League,Chickasaw Bricktown Ballpark,Salt Lake Bees,561,8586.0,1,night,Friday,4,5,May,7,1,,0,238-4,4,6,1.0,0.5135135135135135,0.4324324324324324,Partly Cloudy,Cloudy,65.0,6,Out To LF,0,0,0,,0,,full_season_release,1,9.057888248784506,4225.0,,8.906603558872977,0.1512846899115292,7380.550873193709
20260509,2026-05-09,238,Oklahoma City Comets,Pacific Coast League,Chickasaw Bricktown Ballpark,Salt Lake Bees,561,10050.0,1,night,Saturday,5,5,May,7,1,,0,238-4,5,6,1.0,0.5263157894736842,0.4210526315789473,Clear,Clear,84.0,8,R To L,0,0,0,,0,,full_season_release,1,9.215327913487222,7056.0,,8.850245312616451,0.36508260087077105,6976.100085582749
20260519,2026-05-19,238,Oklahoma City Comets,Pacific Coast League,Chickasaw Bricktown Ballpark,Reno Aces,2310,3213.0,1,night,Tuesday,1,5,May,8,0,,0,238-5,1,6,10.0,0.5555555555555556,0.4782608695652174,Overcast,Cloudy,54.0,9,In From CF,0,0,0,,1,-4.0,full_season_release,1,8.074960359115858,2916.0,-4.0,8.33354130723186,-0.25858094811600196,4161.127321261644
20260520,2026-05-20,238,Oklahoma City Comets,Pacific Coast League,Chickasaw Bricktown Ballpark,Reno Aces,2310,3034.0,1,night,Wednesday,2,5,May,8,0,,0,238-5,2,6,1.0,0.5652173913043478,0.4680851063829787,Overcast,Cloudy,60.0,9,L To R,0,0,0,,1,-3.0,full_season_release,1,8.017637159908478,3600.0,-3.0,8.41867551993485,-0.40103836002637117,4530.89839467724
20260521,2026-05-21,238,Oklahoma City Comets,Pacific Coast League,Chickasaw Bricktown Ballpark,Reno Aces,2310,3529.0,1,night,Thursday,3,5,May,8,0,,0,238-5,3,6,1.0,0.574468085106383,0.4583333333333333,Overcast,Cloudy,65.0,4,In From RF,0,0,0,,1,-2.0,full_season_release,1,8.16876982367527,4225.0,-2.0,8.553943907818907,-0.3851740841436371,5187.1718661432005
20260522,2026-05-22,238,Oklahoma City Comets,Pacific Coast League,Chickasaw Bricktown Ballpark,Reno Aces,2310,6324.0,1,night,Friday,4,5,May,9,1,,0,238-5,4,6,1.0,0.5625,0.4693877551020408,Partly Cloudy,Cloudy,78.0,7,Out To LF,0,0,0,,1,-1.0,full_season_release,1,8.752107198329362,6084.0,-1.0,8.917087281443557,-0.16498008311419454,7458.333534474223
20260523,2026-05-23,238,Oklahoma City Comets,Pacific Coast League,Chickasaw Bricktown Ballpark,Reno Aces,2310,6958.0,1,night,Saturday,5,5,May,9,1,,0,238-5,5,6,1.0,0.5510204081632653,0.48,Partly Cloudy,Cloudy,78.0,8,In From LF,0,1,1,"Y2K bucket hat, first 1000 fans",1,0.0,full_season_release,1,8.847647355711887,6084.0,0.0,8.858489744636081,-0.010842388924194424,7033.851806450653
20260524,2026-05-24,238,Oklahoma City Comets,Pacific Coast League,Chickasaw Bricktown Ballpark,Reno Aces,2310,6005.0,1,day,Sunday,6,5,May,9,1,,0,238-5,6,6,1.0,0.56,0.4705882352941176,Sunny,Clear,81.0,5,In From RF,0,0,0,,1,1.0,full_season_release,1,8.700347734514084,6561.0,1.0,8.667650869388138,0.03269686512594561,5811.83055185474
20260602,2026-06-02,238,Oklahoma City Comets,Pacific Coast League,Chickasaw Bricktown Ballpark,Round Rock Express,102,5023.0,1,night,Tuesday,1,6,June,10,0,,0,238-6,1,6,9.0,0.5789473684210527,0.4137931034482758,Partly Cloudy,Cloudy,83.0,10,In From RF,0,0,0,,0,,full_season_release,1,8.521782643750045,6889.0,,8.571331879215917,-0.04954923546587153,5278.154975716872
20260603,2026-06-03,238,Oklahoma City Comets,Pacific Coast League,Chickasaw Bricktown Ballpark,Round Rock Express,102,3524.0,1,night,Wednesday,2,6,June,10,0,,0,238-6,2,6,1.0,0.5689655172413793,0.423728813559322,Partly Cloudy,Cloudy,81.0,11,R To L,0,0,0,,0,,full_season_release,1,8.16735198705607,6561.0,,8.566900639563933,-0.3995486525078622,5254.8179502623525
20260604,2026-06-04,238,Oklahoma City Comets,Pacific Coast League,Chickasaw Bricktown Ballpark,Round Rock Express,102,4249.0,1,night,Thursday,3,6,June,10,0,,0,238-6,3,6,1.0,0.576271186440678,0.4166666666666667,Partly Cloudy,Cloudy,86.0,13,Out To LF,0,0,0,,0,,full_season_release,1,8.354438940114811,7396.0,,8.61985122356607,-0.26541228345125845,5540.562027295676
20260605,2026-06-05,238,Oklahoma City Comets,Pacific Coast League,Chickasaw Bricktown Ballpark,Round Rock Express,102,7728.0,1,night,Friday,4,6,June,11,1,,0,238-6,4,6,1.0,0.5666666666666667,0.4262295081967213,Cloudy,Cloudy,82.0,4,R To L,0,0,0,,0,,full_season_release,1,8.952605375892354,6724.0,,8.983268971408204,-0.030663595515850517,7968.638837249695
20260606,2026-06-06,238,Oklahoma City Comets,Pacific Coast League,Chickasaw Bricktown Ballpark,Round Rock Express,102,7860.0,1,night,Saturday,5,6,June,11,1,,0,238-6,5,6,1.0,0.5573770491803278,0.4354838709677419,Cloudy,Cloudy,82.0,12,R To L,0,0,0,,0,,full_season_release,1,8.969541885423252,6724.0,,8.924769560425847,0.04477232499740502,7515.8511838652585
20260607,2026-06-07,238,Oklahoma City Comets,Pacific Coast League,Chickasaw Bricktown Ballpark,Round Rock Express,102,6343.0,1,day,Sunday,6,6,June,11,1,,0,238-6,6,6,1.0,0.5645161290322581,0.4285714285714285,Cloudy,Cloudy,79.0,10,Out To CF,0,0,0,,0,,full_season_release,1,8.755107121633896,6241.0,,8.759444681217854,-0.004337559583957429,6370.572896751653
20260616,2026-06-16,238,Oklahoma City Comets,Pacific Coast League,Chickasaw Bricktown Ballpark,Sacramento River Cats,105,5012.0,1,night,Tuesday,1,6,June,12,0,,0,238-7,1,6,9.0,0.5507246376811594,0.5970149253731343,Clear,Clear,87.0,7,Out To LF,0,0,0,,0,,full_season_release,1,8.51959031601596,7569.0,,8.484564350500246,0.0350259655157128,4839.488684832011
20260617,2026-06-17,238,Oklahoma City Comets,Pacific Coast League,Chickasaw Bricktown Ballpark,Sacramento River Cats,105,3426.0,1,night,Wednesday,2,6,June,12,0,,0,238-7,2,6,1.0,0.5428571428571428,0.6029411764705882,Clear,Clear,92.0,16,Out To LF,0,0,0,,0,,full_season_release,1,8.139148678884066,8464.0,,8.410617428653365,-0.2714687497692996,4494.534709539107
20260618,2026-06-18,238,Oklahoma City Comets,Pacific Coast League,Chickasaw Bricktown Ballpark,Sacramento River Cats,105,5028.0,1,day,Thursday,3,6,June,12,0,,0,238-7,3,6,1.0,0.5492957746478874,0.5942028985507246,Cloudy,Cloudy,80.0,11,In From CF,0,0,0,,0,,full_season_release,1,8.522777569710138,6400.0,,8.72958869527128,-0.206811125561142,6183.184415131838
20260619,2026-06-19,238,Oklahoma City Comets,Pacific Coast League,Chickasaw Bricktown Ballpark,Sacramento River Cats,105,8322.0,1,night,Friday,4,6,June,13,1,,0,238-7,4,6,1.0,0.5555555555555556,0.5857142857142857,Clear,Clear,82.0,5,Out To LF,0,0,0,,0,,full_season_release,1,9.026657889542886,6724.0,,8.934357821834,0.09230006770888544,7588.261720545223
20260620,2026-06-20,238,Oklahoma City Comets,Pacific Coast League,Chickasaw Bricktown Ballpark,Sacramento River Cats,105,10210.0,1,night,Saturday,5,6,June,13,1,,0,238-7,5,6,1.0,0.5616438356164384,0.5774647887323944,Clear,Clear,85.0,16,R To L,0,0,0,,0,,full_season_release,1,9.231122911158712,7225.0,,8.857886027407432,0.3732368837512805,7029.606630503198
20260621,2026-06-21,238,Oklahoma City Comets,Pacific Coast League,Chickasaw Bricktown Ballpark,Sacramento River Cats,105,5472.0,1,night,Sunday,6,6,June,13,1,Father's Day,1,238-7,6,6,1.0,0.5540540540540541,0.5833333333333334,Partly Cloudy,Cloudy,91.0,13,Out To RF,0,0,0,,0,,full_season_release,1,8.607399459302387,8281.0,,8.569580018723531,0.03781944057885589,5268.9164791835265
20260630,2026-06-30,238,Oklahoma City Comets,Pacific Coast League,Chickasaw Bricktown Ballpark,Sugar Land Space Cowboys,5434,4648.0,1,night,Tuesday,1,6,June,14,0,,0,238-8,1,11,9.0,0.5555555555555556,0.4567901234567901,Clear,Clear,91.0,8,Out To LF,0,0,0,,1,-3.0,full_season_release,1,8.444192298531748,8281.0,-3.0,8.482935457304349,-0.038743158772600594,4831.612091447924
20260701,2026-07-01,238,Oklahoma City Comets,Pacific Coast League,Chickasaw Bricktown Ballpark,Sugar Land Space Cowboys,5434,3893.0,1,night,Wednesday,2,7,July,14,0,,0,238-8,2,11,1.0,0.5487804878048781,0.4634146341463415,Partly Cloudy,Cloudy,91.0,15,R To L,0,0,0,,1,-2.0,full_season_release,1,8.266935347610456,8281.0,-2.0,8.458236405105382,-0.19130105749492543,4713.737539373024
20260702,2026-07-02,238,Oklahoma City Comets,Pacific Coast League,Chickasaw Bricktown Ballpark,Sugar Land Space Cowboys,5434,5102.0,1,night,Thursday,3,7,July,14,0,,0,238-8,3,11,1.0,0.5421686746987951,0.4698795180722891,Clear,Clear,91.0,9,R To L,0,0,0,,1,-1.0,full_season_release,1,8.537387898701757,8281.0,-1.0,8.54432567594753,-0.006937777245772381,5137.519610609795
20260703,2026-07-03,238,Oklahoma City Comets,Pacific Coast League,Chickasaw Bricktown Ballpark,Sugar Land Space Cowboys,5434,7263.0,1,night,Friday,4,7,July,15,1,,0,238-8,4,11,1.0,0.5476190476190477,0.4642857142857143,Clear,Clear,91.0,6,Out To LF,0,1,1,"Comets luggage tag, first 1000 fans",1,0.0,full_season_release,1,8.890548245606167,8281.0,0.0,8.880454862259793,0.010093383346374551,7190.060479260757
20260704,2026-07-04,238,Oklahoma City Comets,Pacific Coast League,Chickasaw Bricktown Ballpark,Sugar Land Space Cowboys,5434,11290.0,1,night,Saturday,5,7,July,15,1,Independence Day,1,238-8,5,11,1.0,0.5411764705882353,0.4705882352941176,Cloudy,Cloudy,95.0,12,Out To LF,0,0,0,,1,1.0,full_season_release,1,9.331672657143708,9025.0,1.0,8.842961018484962,0.4887116386587458,6925.468751312858
20260705,2026-07-05,238,Oklahoma City Comets,Pacific Coast League,Chickasaw Bricktown Ballpark,Sugar Land Space Cowboys,5434,4448.0,1,night,Sunday,6,7,July,15,1,,0,238-8,6,11,1.0,0.5465116279069767,0.4651162790697674,Partly Cloudy,Cloudy,88.0,4,In From RF,0,0,0,,1,2.0,full_season_release,1,8.400209835930418,7744.0,2.0,8.556053189254797,-0.1558433533243786,5198.124618623174
20260707,2026-07-07,238,Oklahoma City Comets,Pacific Coast League,Chickasaw Bricktown Ballpark,El Paso Chihuahuas,4904,4013.0,1,night,Tuesday,1,7,July,15,0,,0,238-8,7,11,2.0,0.5402298850574713,0.4659090909090909,Clear,Clear,91.0,4,In From RF,0,0,0,,1,3.0,full_season_release,1,8.297294370266917,8281.0,3.0,8.54836810037106,-0.25107373010414413,5158.329678585172
20260708,2026-07-08,238,Oklahoma City Comets,Pacific Coast League,Chickasaw Bricktown Ballpark,El Paso Chihuahuas,4904,3265.0,1,night,Wednesday,2,7,July,15,0,,0,238-8,8,11,1.0,0.5454545454545454,0.4606741573033708,Clear,Clear,95.0,5,Out To LF,0,0,0,,1,4.0,full_season_release,1,8.09101504171053,9025.0,4.0,8.361092046405378,-0.27007700469484774,4277.3632960179475
20260709,2026-07-09,238,Oklahoma City Comets,Pacific Coast League,Chickasaw Bricktown Ballpark,El Paso Chihuahuas,4904,4254.0,1,night,Thursday,3,7,July,15,0,,0,238-8,9,11,1.0,0.550561797752809,0.4555555555555555,Clear,Clear,95.0,14,R To L,0,0,0,,1,5.0,full_season_release,1,8.355614995760183,9025.0,5.0,8.449076092469733,-0.09346109670955016,4670.755395325565
20260710,2026-07-10,238,Oklahoma City Comets,Pacific Coast League,Chickasaw Bricktown Ballpark,El Paso Chihuahuas,4904,9126.0,1,night,Friday,4,7,July,16,1,,0,238-8,10,11,1.0,0.5555555555555556,0.4505494505494505,Clear,Clear,95.0,10,R To L,0,0,0,,1,6.0,full_season_release,1,9.118882761487347,9025.0,6.0,8.78508818745321,0.3337945740341368,6536.049352956125
20260712,2026-07-12,238,Oklahoma City Comets,Pacific Coast League,Chickasaw Bricktown Ballpark,El Paso Chihuahuas,4904,4896.0,1,day,Sunday,6,7,July,16,1,,0,238-8,11,11,2.0,0.5604395604395604,0.4456521739130434,Sunny,Clear,81.0,6,In From RF,0,0,0,,1,7.0,full_season_release,1,8.496173824192162,6561.0,7.0,8.686500165537144,-0.1903263413449814,5922.418444800172
20260728,2026-07-28,238,Oklahoma City Comets,Pacific Coast League,Chickasaw Bricktown Ballpark,Las Vegas Aviators,400,4987.0,1,night,Tuesday,1,7,July,18,0,,0,238-9,1,6,14.0,0.5247524752475248,0.6138613861386139,Clear,Clear,99.0,6,Out To LF,0,0,0,,1,-3.0,full_season_release,1,8.514589805546123,9801.0,-3.0,8.217943925408006,0.2966458801381169,3706.872934585485
20260729,2026-07-29,238,Oklahoma City Comets,Pacific Coast League,Chickasaw Bricktown Ballpark,Las Vegas Aviators,400,3960.0,1,night,Wednesday,2,7,July,18,0,,0,238-9,2,6,1.0,0.5294117647058824,0.6078431372549019,Partly Cloudy,Cloudy,99.0,11,R To L,0,0,0,,1,-2.0,full_season_release,1,8.283999304248526,9801.0,-2.0,8.287213451953713,-0.0032141477051865763,3972.74850172119
20260730,2026-07-30,238,Oklahoma City Comets,Pacific Coast League,Chickasaw Bricktown Ballpark,Las Vegas Aviators,400,4087.0,1,night,Thursday,3,7,July,18,0,,0,238-9,3,6,1.0,0.5339805825242718,0.6019417475728155,Clear,Clear,100.0,6,R To L,0,0,0,,1,-1.0,full_season_release,1,8.315566483564277,10000.0,-1.0,8.35600576223216,-0.04043927866788266,4255.662645403673
20260731,2026-07-31,238,Oklahoma City Comets,Pacific Coast League,Chickasaw Bricktown Ballpark,Las Vegas Aviators,400,8988.0,1,night,Friday,4,7,July,19,1,,0,238-9,4,6,1.0,0.5384615384615384,0.5961538461538461,Clear,Clear,102.0,12,In From LF,0,1,1,"Harry Potter scarf, first 1000 fans",1,0.0,full_season_release,1,9.10364563330522,10404.0,0.0,8.650964032016775,0.4526816012884449,5715.654152262686
20260801,2026-08-01,238,Oklahoma City Comets,Pacific Coast League,Chickasaw Bricktown Ballpark,Las Vegas Aviators,400,7586.0,1,night,Saturday,5,8,August,19,1,,0,238-9,5,6,1.0,0.5428571428571428,0.5904761904761905,Clear,Clear,90.0,12,In From RF,0,1,1,"Player bobblehead presented by Lime, first 1000 fans",1,0.0,full_season_release,1,8.934059722248843,8100.0,0.0,8.774875025130198,0.15918469711864525,6469.635345776564
20260802,2026-08-02,238,Oklahoma City Comets,Pacific Coast League,Chickasaw Bricktown Ballpark,Las Vegas Aviators,400,5189.0,1,night,Sunday,6,8,August,19,1,,0,238-9,6,6,1.0,0.5471698113207547,0.5849056603773585,Clear,Clear,92.0,5,In From CF,0,0,0,,1,1.0,full_season_release,1,8.55429627936774,8464.0,1.0,8.44764324674491,0.10665303262283032,4664.067715776381
20260811,2026-08-11,238,Oklahoma City Comets,Pacific Coast League,Chickasaw Bricktown Ballpark,Albuquerque Isotopes,342,4012.0,1,night,Tuesday,1,8,August,20,0,,0,238-10,1,6,9.0,0.5575221238938053,0.5217391304347826,Clear,Clear,100.0,9,Out To LF,0,0,0,,0,,full_season_release,1,8.297045149081827,10000.0,,8.28351823967128,0.01352690941054746,3958.0954424184256
20260812,2026-08-12,238,Oklahoma City Comets,Pacific Coast League,Chickasaw Bricktown Ballpark,Albuquerque Isotopes,342,3405.0,1,night,Wednesday,2,8,August,20,0,,0,238-10,2,6,1.0,0.5614035087719298,0.5172413793103449,Clear,Clear,101.0,8,R To L,0,0,0,,0,,full_season_release,1,8.133000218583613,10201.0,,8.249469252953793,-0.11646903437017997,3825.5948593524295
20260813,2026-08-13,238,Oklahoma City Comets,Pacific Coast League,Chickasaw Bricktown Ballpark,Albuquerque Isotopes,342,3755.0,1,night,Thursday,3,8,August,20,0,,0,238-10,3,6,1.0,0.5652173913043478,0.5128205128205128,Clear,Clear,102.0,9,R To L,0,0,0,,0,,full_season_release,1,8.230843564198235,10404.0,,8.31634919533891,-0.08550563114067522,4090.2001952748055
20260814,2026-08-14,238,Oklahoma City Comets,Pacific Coast League,Chickasaw Bricktown Ballpark,Albuquerque Isotopes,342,7358.0,1,night,Friday,4,8,August,21,1,,0,238-10,4,6,1.0,0.5603448275862069,0.5169491525423728,Clear,Clear,100.0,10,Out To LF,0,0,0,,0,,full_season_release,1,8.90354343566472,10000.0,,8.69234172578402,0.21120170988069908,5957.1158537878855
20260815,2026-08-15,238,Oklahoma City Comets,Pacific Coast League,Chickasaw Bricktown Ballpark,Albuquerque Isotopes,342,7012.0,1,night,Saturday,5,8,August,21,1,,0,238-10,5,6,1.0,0.5641025641025641,0.5126050420168067,Clear,Clear,99.0,8,Out To LF,0,0,0,,0,,full_season_release,1,8.855378246041125,9801.0,,8.655696475818473,0.19968177022265188,5742.7672693775785
20260816,2026-08-16,238,Oklahoma City Comets,Pacific Coast League,Chickasaw Bricktown Ballpark,Albuquerque Isotopes,342,4108.0,1,night,Sunday,6,8,August,21,1,,0,238-10,6,6,1.0,0.5677966101694916,0.5083333333333333,Partly Cloudy,Cloudy,103.0,6,In From LF,0,0,0,,0,,full_season_release,1,8.32069157104845,10609.0,,8.271193514933579,0.04949805611487079,3909.612389454587
20260825,2026-08-25,238,Oklahoma City Comets,Pacific Coast League,Chickasaw Bricktown Ballpark,El Paso Chihuahuas,4904,4269.0,1,night,Tuesday,1,8,August,22,0,,0,238-11,1,6,9.0,0.56,0.4047619047619047,Partly Cloudy,Cloudy,95.0,12,In From RF,0,0,0,,0,,full_season_release,1,8.359134886757962,9025.0,,8.410077440727186,-0.050942553969223425,4492.108370218086
20260826,2026-08-26,238,Oklahoma City Comets,Pacific Coast League,Chickasaw Bricktown Ballpark,El Paso Chihuahuas,4904,3522.0,2,night,Wednesday,2,8,August,22,0,,0,238-11,2,6,1.0,0.5590551181102362,0.40625,Partly Cloudy,Cloudy,92.0,6,In From LF,0,0,0,,0,,full_season_release,1,8.166784289056151,8464.0,,8.439712722435528,-0.2729284333793771,4627.225495531055
20260827,2026-08-27,238,Oklahoma City Comets,Pacific Coast League,Chickasaw Bricktown Ballpark,El Paso Chihuahuas,4904,3788.0,1,night,Thursday,3,8,August,22,0,,0,238-11,3,6,1.0,0.5546875,0.4108527131782946,Clear,Clear,95.0,9,In From CF,0,0,0,,0,,full_season_release,1,8.239593454305968,9025.0,,8.481502220303026,-0.24190876599705824,4824.692206324678
20260828,2026-08-28,238,Oklahoma City Comets,Pacific Coast League,Chickasaw Bricktown Ballpark,El Paso Chihuahuas,4904,8108.0,1,night,Friday,4,8,August,23,1,,0,238-11,4,6,1.0,0.5581395348837209,0.4076923076923077,Clear,Clear,97.0,10,Out To LF,0,0,0,,0,,full_season_release,1,9.000606507571892,9409.0,,8.78356984309168,0.21703666448021153,6526.132909467498
20260829,2026-08-29,238,Oklahoma City Comets,Pacific Coast League,Chickasaw Bricktown Ballpark,El Paso Chihuahuas,4904,8364.0,1,night,Saturday,5,8,August,23,1,,0,238-11,5,6,1.0,0.5615384615384615,0.4045801526717557,Partly Cloudy,Cloudy,100.0,9,Out To LF,0,0,0,,0,,full_season_release,1,9.031692060548524,10000.0,,8.670836712567263,0.3608553479812606,5830.37565779078
20260830,2026-08-30,238,Oklahoma City Comets,Pacific Coast League,Chickasaw Bricktown Ballpark,El Paso Chihuahuas,4904,5650.0,1,night,Sunday,6,8,August,23,1,,0,238-11,6,6,1.0,0.5648854961832062,0.4015151515151515,Clear,Clear,101.0,7,Out To LF,0,0,0,,0,,full_season_release,1,8.639410824140487,10201.0,,8.348462597945685,0.29094822619480176,4223.682251243563
20260331,2026-03-31,541,Omaha Storm Chasers,International League,Werner Park,Buffalo Bisons,422,3002.0,1,night,Tuesday,1,3,March,1,0,,0,541-1,1,5,1.0,0.0,0.5,Partly Cloudy,Cloudy,60.0,14,L To R,0,1,1,2026 Magnet Schedule presented by Great Plains Communication,1,0.0,full_season_release,1,8.007034012193408,3600.0,0.0,7.774043436083639,0.2329905761097688,2378.0674382608954
20260401,2026-04-01,541,Omaha Storm Chasers,International League,Werner Park,Buffalo Bisons,422,1470.0,1,day,Wednesday,2,4,April,1,0,,0,541-1,2,5,1.0,0.2,0.4,Overcast,Cloudy,46.0,5,Out To RF,0,0,0,,1,1.0,full_season_release,1,7.293017679772782,2116.0,1.0,7.487707258948419,-0.19468957917563667,1785.9526671836074
20260402,2026-04-02,541,Omaha Storm Chasers,International League,Werner Park,Buffalo Bisons,422,1332.0,1,night,Thursday,3,4,April,1,0,,0,541-1,3,5,1.0,0.3333333333333333,0.3333333333333333,Overcast,Cloudy,46.0,9,Out To RF,0,0,0,,1,2.0,full_season_release,1,7.194436851100335,2116.0,2.0,7.453816891285293,-0.25938004018495864,1726.4402200319457
20260404,2026-04-04,541,Omaha Storm Chasers,International League,Werner Park,Buffalo Bisons,422,1390.0,2,day,Saturday,5,4,April,2,1,,0,541-1,4,5,2.0,0.375,0.375,Partly Cloudy,Cloudy,44.0,21,L To R,0,0,0,,1,3.0,full_season_release,1,7.237059026124737,1936.0,3.0,7.778816016841143,-0.5417569907164053,2389.4440835416485
20260405,2026-04-05,541,Omaha Storm Chasers,International League,Werner Park,Buffalo Bisons,422,2192.0,1,day,Sunday,6,4,April,2,1,,0,541-1,5,5,1.0,0.4444444444444444,0.3333333333333333,Sunny,Clear,59.0,10,Out To RF,0,0,0,,1,4.0,full_season_release,1,7.692569648067906,3481.0,4.0,7.763290610690982,-0.07072096262307603,2352.6334828288
20260414,2026-04-14,541,Omaha Storm Chasers,International League,Werner Park,Indianapolis Indians,484,1699.0,1,day,Tuesday,1,4,April,3,0,,0,541-2,1,6,9.0,0.5333333333333333,0.25,Partly Cloudy,Cloudy,73.0,2,Out To RF,0,0,0,,0,,full_season_release,1,7.4377951216719325,5329.0,,7.81311420103729,-0.37531907936535713,2472.8193131859102
20260415,2026-04-15,541,Omaha Storm Chasers,International League,Werner Park,Indianapolis Indians,484,7690.0,1,day,Wednesday,2,4,April,3,0,,0,541-2,2,6,1.0,0.5625,0.2352941176470588,Cloudy,Cloudy,65.0,2,In From LF,0,0,0,,0,,full_season_release,1,8.94767606249969,4225.0,,7.764943819486155,1.1827322430135352,2356.5260939573345
20260416,2026-04-16,541,Omaha Storm Chasers,International League,Werner Park,Indianapolis Indians,484,2621.0,1,night,Thursday,3,4,April,3,0,,0,541-2,3,6,1.0,0.5294117647058824,0.2777777777777778,Clear,Clear,80.0,15,Out To LF,0,0,0,,0,,full_season_release,1,7.8713112033234065,6400.0,,7.744236819653169,0.12707438367023727,2308.231254778862
20260417,2026-04-17,541,Omaha Storm Chasers,International League,Werner Park,Indianapolis Indians,484,2069.0,1,night,Friday,4,4,April,4,1,,0,541-2,4,6,1.0,0.5555555555555556,0.2631578947368421,Overcast,Cloudy,53.0,19,L To R,0,0,0,,0,,full_season_release,1,7.634820677745543,2809.0,,7.913385334730641,-0.2785646569850986,2733.629069064402
20260418,2026-04-18,541,Omaha Storm Chasers,International League,Werner Park,Indianapolis Indians,484,2052.0,1,day,Saturday,5,4,April,4,1,,0,541-2,5,6,1.0,0.5263157894736842,0.3,Partly Cloudy,Cloudy,52.0,7,Out To RF,0,0,0,,0,,full_season_release,1,7.62657020629066,2704.0,,7.954010927432427,-0.3274407211417669,2846.9710750664835
20260419,2026-04-19,541,Omaha Storm Chasers,International League,Werner Park,Indianapolis Indians,484,2604.0,1,day,Sunday,6,4,April,4,1,,0,541-2,6,6,1.0,0.55,0.2857142857142857,Sunny,Clear,61.0,8,L To R,0,0,0,,0,,full_season_release,1,7.86480400332846,3721.0,,7.778054721664035,0.08674928166442442,2387.6257035346684
20260428,2026-04-28,541,Omaha Storm Chasers,International League,Werner Park,Louisville Bats,416,2776.0,1,day,Tuesday,1,4,April,5,0,,0,541-3,1,6,9.0,0.4444444444444444,0.6071428571428571,Overcast,Cloudy,51.0,5,In From RF,0,0,0,,0,,full_season_release,1,7.9287663216266955,2601.0,,7.500390097270351,0.42837622435634426,1808.7478644547352
20260429,2026-04-29,541,Omaha Storm Chasers,International League,Werner Park,Louisville Bats,416,2406.0,1,night,Wednesday,2,4,April,5,0,,0,541-3,2,6,1.0,0.4285714285714285,0.6206896551724138,Clear,Clear,62.0,3,Out To RF,0,0,0,,0,,full_season_release,1,7.785720896534624,3844.0,,7.515563669481263,0.2701572270533612,1836.4023085512688
20260430,2026-04-30,541,Omaha Storm Chasers,International League,Werner Park,Louisville Bats,416,2243.0,1,night,Thursday,3,4,April,5,0,,0,541-3,3,6,1.0,0.4482758620689655,0.6,Partly Cloudy,Cloudy,56.0,12,L To R,0,0,0,,0,,full_season_release,1,7.715569534520208,3136.0,,7.53418579767454,0.18138373684566833,1870.9204306822398
20260501,2026-05-01,541,Omaha Storm Chasers,International League,Werner Park,Louisville Bats,416,4640.0,1,night,Friday,4,5,May,6,1,,0,541-3,4,6,1.0,0.4333333333333333,0.6129032258064516,Clear,Clear,56.0,12,L To R,0,0,0,,0,,full_season_release,1,8.442469645220301,3136.0,,8.14926345311307,0.2932061921072311,3460.8290636237625
20260502,2026-05-02,541,Omaha Storm Chasers,International League,Werner Park,Louisville Bats,416,3146.0,1,night,Saturday,5,5,May,6,1,,0,541-3,5,6,1.0,0.4516129032258064,0.59375,Clear,Clear,67.0,7,Out To RF,0,0,0,,0,,full_season_release,1,8.053887083618223,4489.0,,8.206330466813496,-0.15244338319527273,3664.0723318093055
20260503,2026-05-03,541,Omaha Storm Chasers,International League,Werner Park,Louisville Bats,416,2549.0,1,day,Sunday,6,5,May,6,1,,0,541-3,6,6,1.0,0.4375,0.6060606060606061,Sunny,Clear,72.0,7,Out To RF,0,0,0,,0,,full_season_release,1,7.8434564043761155,5184.0,,8.043144049976462,-0.19968764560034646,3112.3833120832655
20260512,2026-05-12,541,Omaha Storm Chasers,International League,Werner Park,Toledo Mud Hens,512,2045.0,1,night,Tuesday,1,5,May,7,0,,0,541-4,1,6,9.0,0.4358974358974359,0.525,Clear,Clear,79.0,15,L To R,0,0,0,,0,,full_season_release,1,7.623153068476902,6241.0,,7.893125052278196,-0.2699719838012946,2678.802250842022
20260513,2026-05-13,541,Omaha Storm Chasers,International League,Werner Park,Toledo Mud Hens,512,3506.0,1,day,Wednesday,2,5,May,7,0,,0,541-4,2,6,1.0,0.45,0.5121951219512195,Sunny,Clear,73.0,3,In From LF,0,0,0,,0,,full_season_release,1,8.16223106548118,5329.0,,8.00972122979586,0.15250983568532028,3010.077875886744
20260514,2026-05-14,541,Omaha Storm Chasers,International League,Werner Park,Toledo Mud Hens,512,2682.0,1,night,Thursday,3,5,May,7,0,,0,541-4,3,6,1.0,0.4634146341463415,0.5,Partly Cloudy,Cloudy,79.0,15,R To L,0,0,0,,0,,full_season_release,1,7.894318063841624,6241.0,,7.969426651466203,-0.07510858762457939,2891.199224083669
20260515,2026-05-15,541,Omaha Storm Chasers,International League,Werner Park,Toledo Mud Hens,512,3842.0,1,night,Friday,4,5,May,8,1,,0,541-4,4,6,1.0,0.4523809523809524,0.5116279069767442,Overcast,Cloudy,86.0,12,Out To LF,0,0,0,,0,,full_season_release,1,8.253748343328501,7396.0,,8.258604207117934,-0.0048558637894320356,3860.701598137886
20260516,2026-05-16,541,Omaha Storm Chasers,International League,Werner Park,Toledo Mud Hens,512,5075.0,1,night,Saturday,5,5,May,8,1,,0,541-4,5,6,1.0,0.4651162790697674,0.5,Overcast,Cloudy,78.0,11,In From CF,0,0,0,,0,,full_season_release,1,8.532081803909987,6084.0,,8.25054596074225,0.2815358431677364,3829.7161254344765
20260517,2026-05-17,541,Omaha Storm Chasers,International League,Werner Park,Toledo Mud Hens,512,4274.0,1,day,Sunday,6,5,May,8,1,,0,541-4,6,6,1.0,0.4772727272727273,0.4888888888888889,Cloudy,Cloudy,83.0,12,Out To LF,0,0,0,,0,,full_season_release,1,8.360305435879093,6889.0,,8.047973178988304,0.31233225689078914,3127.4497622677304
20260526,2026-05-26,541,Omaha Storm Chasers,International League,Werner Park,Memphis Redbirds,235,1798.0,1,night,Tuesday,1,5,May,9,0,,0,541-5,1,6,9.0,0.4901960784313725,0.5961538461538461,Clear,Clear,88.0,10,R To L,0,0,0,,1,-4.0,full_season_release,1,7.494430215031565,7744.0,-4.0,7.798732739227682,-0.3043025241961166,2437.511057392049
20260527,2026-05-27,541,Omaha Storm Chasers,International League,Werner Park,Memphis Redbirds,235,2766.0,1,night,Wednesday,2,5,May,9,0,,0,541-5,2,6,1.0,0.4807692307692308,0.6037735849056604,Overcast,Cloudy,86.0,5,Out To RF,0,0,0,,1,-3.0,full_season_release,1,7.925157512224703,7396.0,-3.0,7.80273862820241,0.12241888402229328,2447.2950397524205
20260528,2026-05-28,541,Omaha Storm Chasers,International League,Werner Park,Memphis Redbirds,235,3282.0,1,night,Thursday,3,5,May,9,0,,0,541-5,3,6,1.0,0.4716981132075472,0.6111111111111112,Overcast,Cloudy,82.0,10,R To L,0,0,0,,1,-2.0,full_season_release,1,8.096208271650037,6724.0,-2.0,7.918734863077885,0.17747340857215121,2748.29187985352
20260529,2026-05-29,541,Omaha Storm Chasers,International League,Werner Park,Memphis Redbirds,235,3872.0,1,night,Friday,4,5,May,10,1,,0,541-5,4,6,1.0,0.4814814814814814,0.6,Partly Cloudy,Cloudy,74.0,10,R To L,0,0,0,,1,-1.0,full_season_release,1,8.261526448396468,5476.0,-1.0,8.278200740933126,-0.016674292536658086,3937.1041349854027
20260530,2026-05-30,541,Omaha Storm Chasers,International League,Werner Park,Memphis Redbirds,235,6330.0,1,night,Saturday,5,5,May,10,1,,0,541-5,5,6,1.0,0.4727272727272727,0.6071428571428571,Cloudy,Cloudy,80.0,14,R To L,0,1,1,Runza Hockey Jersey presented by Runza,1,0.0,full_season_release,1,8.753055515138222,6400.0,0.0,8.20827854548519,0.5447769696530322,3671.217190083887
20260531,2026-05-31,541,Omaha Storm Chasers,International League,Werner Park,Memphis Redbirds,235,4060.0,1,night,Sunday,6,5,May,10,1,,0,541-5,6,6,1.0,0.4642857142857143,0.6140350877192983,Overcast,Cloudy,86.0,5,Out To LF,0,0,0,,1,1.0,full_season_release,1,8.308938252595778,7396.0,1.0,7.864793380157174,0.44414487243860457,2603.972337408904
20260609,2026-06-09,541,Omaha Storm Chasers,International League,Werner Park,Las Vegas Aviators,400,3089.0,1,night,Tuesday,1,6,June,11,0,,0,541-6,1,6,9.0,0.4444444444444444,0.5967741935483871,Cloudy,Cloudy,88.0,16,Out To LF,0,0,0,,0,,full_season_release,1,8.035602692918582,7744.0,,7.875959741823992,0.1596429510945896,2633.212181817727
20260610,2026-06-10,541,Omaha Storm Chasers,International League,Werner Park,Las Vegas Aviators,400,3105.0,1,day,Wednesday,2,6,June,11,0,,0,541-6,2,6,1.0,0.453125,0.5873015873015873,Partly Cloudy,Cloudy,85.0,8,Out To CF,0,0,0,,0,,full_season_release,1,8.040768994367578,7225.0,,8.013180677269908,0.02758831709767051,3020.5091149497566
20260611,2026-06-11,541,Omaha Storm Chasers,International League,Werner Park,Las Vegas Aviators,400,3275.0,1,night,Thursday,3,6,June,11,0,,0,541-6,3,6,1.0,0.4461538461538462,0.59375,Clear,Clear,78.0,17,L To R,0,0,0,,0,,full_season_release,1,8.094073148069352,6084.0,,8.015948588857025,0.07812455921232697,3028.8811983762716
20260612,2026-06-12,541,Omaha Storm Chasers,International League,Werner Park,Las Vegas Aviators,400,4057.0,1,night,Friday,4,6,June,12,1,,0,541-6,4,6,1.0,0.4545454545454545,0.5846153846153846,Partly Cloudy,Cloudy,80.0,10,Out To LF,0,0,0,,0,,full_season_release,1,8.308199063206446,6400.0,,8.345635893396148,-0.03743683018970145,4211.76000767672
20260613,2026-06-13,541,Omaha Storm Chasers,International League,Werner Park,Las Vegas Aviators,400,3074.0,1,night,Saturday,5,6,June,12,1,,0,541-6,5,6,1.0,0.4477611940298507,0.5909090909090909,Overcast,Cloudy,73.0,15,In From LF,0,0,0,,0,,full_season_release,1,8.03073492409854,5329.0,,8.29898312239283,-0.26824819829428925,4019.7826878085643
20260614,2026-06-14,541,Omaha Storm Chasers,International League,Werner Park,Las Vegas Aviators,400,4660.0,1,day,Sunday,6,6,June,12,1,,0,541-6,6,6,1.0,0.4411764705882353,0.5970149253731343,Partly Cloudy,Cloudy,69.0,14,L To R,0,0,0,,0,,full_season_release,1,8.446770727119691,4761.0,,8.106750711127027,0.34002001599266407,3316.7833146988432
20260623,2026-06-23,541,Omaha Storm Chasers,International League,Werner Park,Columbus Clippers,445,2083.0,1,night,Tuesday,1,6,June,13,0,,0,541-7,1,12,9.0,0.4533333333333333,0.5466666666666666,Partly Cloudy,Cloudy,76.0,4,Out To CF,0,0,0,,1,-3.0,full_season_release,1,7.641564441260972,5776.0,-3.0,7.961249502589881,-0.3196850613289097,2867.653855786295
20260624,2026-06-24,541,Omaha Storm Chasers,International League,Werner Park,Columbus Clippers,445,2933.0,1,night,Wednesday,2,6,June,13,0,,0,541-7,2,12,1.0,0.4473684210526316,0.5526315789473685,Clear,Clear,81.0,5,L To R,0,0,0,,1,-2.0,full_season_release,1,7.983781068977451,6561.0,-2.0,7.929827930161207,0.05395313881624375,2778.9485901391085
20260625,2026-06-25,541,Omaha Storm Chasers,International League,Werner Park,Columbus Clippers,445,3666.0,1,night,Thursday,3,6,June,13,0,,0,541-7,3,12,1.0,0.4545454545454545,0.5454545454545454,Cloudy,Cloudy,71.0,5,In From RF,0,0,0,,1,-1.0,full_season_release,1,8.20685642839965,5041.0,-1.0,8.030382889087196,0.1764735393124539,3072.9180348311097
20260626,2026-06-26,541,Omaha Storm Chasers,International League,Werner Park,Columbus Clippers,445,4685.0,1,night,Friday,4,6,June,14,1,,0,541-7,4,12,1.0,0.4487179487179487,0.5512820512820513,Partly Cloudy,Cloudy,80.0,4,Out To LF,0,1,1,Pink out the Park Storm Chasers T-Shirt,1,0.0,full_season_release,1,8.452121194672523,6400.0,0.0,8.35709668831973,0.09502450635279303,4260.30779209861
20260627,2026-06-27,541,Omaha Storm Chasers,International League,Werner Park,Columbus Clippers,445,4111.0,1,night,Saturday,5,6,June,14,1,,0,541-7,5,12,1.0,0.4556962025316455,0.5443037974683544,Cloudy,Cloudy,79.0,5,Out To LF,0,0,0,,1,1.0,full_season_release,1,8.321421586897879,6241.0,1.0,8.30522460229276,0.016196984605118203,4044.9505412790527
20260628,2026-06-28,541,Omaha Storm Chasers,International League,Werner Park,Columbus Clippers,445,4997.0,1,night,Sunday,6,6,June,14,1,,0,541-7,6,12,1.0,0.45,0.55,Clear,Clear,95.0,17,Out To LF,0,0,0,,1,2.0,full_season_release,1,8.516593011344206,9025.0,2.0,7.845128304965451,0.6714647063787549,2553.2652391365946
20260630,2026-06-30,541,Omaha Storm Chasers,International League,Werner Park,Indianapolis Indians,484,1531.0,1,night,Tuesday,1,6,June,14,0,,0,541-7,7,12,2.0,0.4444444444444444,0.4268292682926829,Partly Cloudy,Cloudy,88.0,8,R To L,0,0,0,,1,3.0,full_season_release,1,7.333676395657684,7744.0,3.0,8.00491582050909,-0.6712394248514064,2995.6479184019
20260701,2026-07-01,541,Omaha Storm Chasers,International League,Werner Park,Indianapolis Indians,484,2087.0,1,night,Wednesday,2,7,July,14,0,,0,541-7,8,12,1.0,0.4512195121951219,0.4216867469879518,Partly Cloudy,Cloudy,86.0,12,Out To LF,0,0,0,,1,4.0,full_season_release,1,7.643482907077201,7396.0,4.0,7.885753494190952,-0.24227058711375182,2659.1279088149236
20260702,2026-07-02,541,Omaha Storm Chasers,International League,Werner Park,Indianapolis Indians,484,2767.0,1,night,Thursday,3,7,July,14,0,,0,541-7,9,12,1.0,0.4457831325301205,0.4285714285714285,Clear,Clear,91.0,10,R To L,0,0,0,,1,5.0,full_season_release,1,7.925518979786926,8281.0,5.0,7.916748243929273,0.008770735857652312,2742.8374902703063
20260703,2026-07-03,541,Omaha Storm Chasers,International League,Werner Park,Indianapolis Indians,484,6540.0,1,night,Friday,4,7,July,15,1,,0,541-7,10,12,1.0,0.4404761904761904,0.4352941176470588,Cloudy,Cloudy,74.0,2,Out To RF,0,0,0,,1,6.0,full_season_release,1,8.785692444451245,5476.0,6.0,8.357441465109416,0.4282509793418292,4261.77690058494
20260704,2026-07-04,541,Omaha Storm Chasers,International League,Werner Park,Indianapolis Indians,484,7775.0,1,night,Saturday,5,7,July,15,1,Independence Day,1,541-7,11,12,1.0,0.4352941176470588,0.4418604651162791,Clear,Clear,83.0,2,Out To LF,0,0,0,,1,7.0,full_season_release,1,8.958668737047434,6889.0,7.0,8.348985610261414,0.6096831267860203,4225.8918668564065
20260705,2026-07-05,541,Omaha Storm Chasers,International League,Werner Park,Indianapolis Indians,484,2139.0,1,day,Sunday,6,7,July,15,1,,0,541-7,12,12,1.0,0.4418604651162791,0.4367816091954023,Partly Cloudy,Cloudy,87.0,2,In From CF,0,0,0,,1,8.0,full_season_release,1,7.668093709082406,7569.0,8.0,8.05771568052577,-0.38962197144336486,3158.0678526016873
20260717,2026-07-17,541,Omaha Storm Chasers,International League,Werner Park,Lehigh Valley IronPigs,1410,4863.0,1,night,Friday,4,7,July,17,1,,0,541-8,1,3,12.0,0.4408602150537634,0.4787234042553192,Partly Cloudy,Cloudy,92.0,9,R To L,0,1,1,Storm Chasers Ice Cream Jersey,1,0.0,full_season_release,1,8.489410810403786,8464.0,0.0,8.102651550329172,0.3867592600746139,3303.2151146760666
20260718,2026-07-18,541,Omaha Storm Chasers,International League,Werner Park,Lehigh Valley IronPigs,1410,5065.0,1,night,Saturday,5,7,July,17,1,,0,541-8,2,3,1.0,0.4468085106382978,0.4736842105263157,Partly Cloudy,Cloudy,90.0,4,Out To LF,0,1,1,Jac Caglianone Bobblehead presented by IAMS Wealth Management,1,0.0,full_season_release,1,8.530109416682784,8100.0,0.0,8.25401683012047,0.2760925865623136,3843.031664742723
20260719,2026-07-19,541,Omaha Storm Chasers,International League,Werner Park,Lehigh Valley IronPigs,1410,5072.0,1,night,Sunday,6,7,July,17,1,,0,541-8,3,3,1.0,0.4526315789473684,0.46875,Cloudy,Cloudy,95.0,4,Out To LF,0,0,0,,1,1.0,full_season_release,1,8.531490496117062,9025.0,1.0,7.881804065677706,0.6496864304393561,2648.646584476039
20260728,2026-07-28,541,Omaha Storm Chasers,International League,Werner Park,St. Paul Saints,1960,2373.0,1,night,Tuesday,1,7,July,18,0,,0,541-9,1,6,9.0,0.4803921568627451,0.5686274509803921,Clear,Clear,92.0,7,R To L,0,0,0,,1,-4.0,full_season_release,1,7.771910256435763,8464.0,-4.0,7.8218898862893305,-0.049979629853567076,2494.6154954998024
20260729,2026-07-29,541,Omaha Storm Chasers,International League,Werner Park,St. Paul Saints,1960,2727.0,1,day,Wednesday,2,7,July,18,0,,0,541-9,2,6,1.0,0.4757281553398058,0.5728155339805825,Cloudy,Cloudy,80.0,3,R To L,0,0,0,,1,-3.0,full_season_release,1,7.910957382845589,6400.0,-3.0,8.036724952065683,-0.1257675692200939,3092.4686044778973
20260730,2026-07-30,541,Omaha Storm Chasers,International League,Werner Park,St. Paul Saints,1960,4046.0,1,night,Thursday,3,7,July,18,0,,0,541-9,3,6,1.0,0.4711538461538461,0.5769230769230769,Cloudy,Cloudy,83.0,5,R To L,0,0,0,,1,-2.0,full_season_release,1,8.305484017727691,6889.0,-2.0,7.984812523197557,0.3206714945301341,2936.0268159702723
20260731,2026-07-31,541,Omaha Storm Chasers,International League,Werner Park,St. Paul Saints,1960,6058.0,1,night,Friday,4,7,July,19,1,,0,541-9,4,6,1.0,0.4761904761904761,0.5714285714285714,Cloudy,Cloudy,73.0,18,In From LF,0,0,0,,1,-1.0,full_season_release,1,8.709134991587183,5329.0,-1.0,8.348778649831797,0.3603563417553861,4225.017364956892
20260801,2026-08-01,541,Omaha Storm Chasers,International League,Werner Park,St. Paul Saints,1960,5035.0,1,night,Saturday,5,8,August,19,1,,0,541-9,5,6,1.0,0.4811320754716981,0.5660377358490566,Clear,Clear,84.0,5,L To R,0,1,1,Storm Chasers Hawaiian Shirt,1,0.0,full_season_release,1,8.524168805152662,7056.0,0.0,8.236088278525392,0.2880805266272706,3774.7456371495387
20260802,2026-08-02,541,Omaha Storm Chasers,International League,Werner Park,St. Paul Saints,1960,6055.0,1,night,Sunday,6,8,August,19,1,,0,541-9,6,6,1.0,0.4766355140186916,0.5700934579439252,Clear,Clear,88.0,3,R To L,0,0,0,,1,1.0,full_season_release,1,8.708639655987193,7744.0,1.0,7.8969075332596415,0.8117321227275518,2688.9539566224007
20260818,2026-08-18,541,Omaha Storm Chasers,International League,Werner Park,Rochester Red Wings,534,2032.0,1,night,Tuesday,1,8,August,21,0,,0,541-10,1,6,14.0,0.4745762711864407,0.6050420168067226,Partly Cloudy,Cloudy,84.0,5,L To R,0,0,0,,1,-4.0,full_season_release,1,7.616775808698373,7056.0,-4.0,7.7912976563297365,-0.1745218476313637,2419.4551673135247
20260819,2026-08-19,541,Omaha Storm Chasers,International League,Werner Park,Rochester Red Wings,534,2145.0,1,night,Wednesday,2,8,August,21,0,,0,541-10,2,6,1.0,0.4705882352941176,0.6083333333333333,Clear,Clear,80.0,3,Out To RF,0,0,0,,1,-3.0,full_season_release,1,7.6708948313621175,6400.0,-3.0,7.882508105900768,-0.2116132745386503,2650.511994793081
20260820,2026-08-20,541,Omaha Storm Chasers,International League,Werner Park,Rochester Red Wings,534,3831.0,1,night,Thursday,3,8,August,21,0,,0,541-10,3,6,1.0,0.4666666666666667,0.6115702479338843,Partly Cloudy,Cloudy,82.0,5,Out To LF,0,0,0,,1,-2.0,full_season_release,1,8.25088114470065,6724.0,-2.0,7.958979704625521,0.2919014400751285,2861.152242367742
20260821,2026-08-21,541,Omaha Storm Chasers,International League,Werner Park,Rochester Red Wings,534,4810.0,1,night,Friday,4,8,August,22,1,,0,541-10,4,6,1.0,0.4710743801652892,0.6065573770491803,Clear,Clear,84.0,1,Calm,0,0,0,,1,-1.0,full_season_release,1,8.478452363099807,7056.0,-1.0,8.281735193155779,0.19671716994402821,3951.0442622910064
20260822,2026-08-22,541,Omaha Storm Chasers,International League,Werner Park,Rochester Red Wings,534,6089.0,1,night,Saturday,5,8,August,22,1,,0,541-10,5,6,1.0,0.4672131147540984,0.6097560975609756,Clear,Clear,84.0,6,L To R,0,1,1,Noah Cameron Bobblehead,1,0.0,full_season_release,1,8.714239143608575,7056.0,0.0,8.224332397615667,0.48990674599290784,3730.6299941639936
20260823,2026-08-23,541,Omaha Storm Chasers,International League,Werner Park,Rochester Red Wings,534,3077.0,1,night,Sunday,6,8,August,22,1,,0,541-10,6,6,1.0,0.4634146341463415,0.6129032258064516,Cloudy,Cloudy,74.0,6,Out To CF,0,0,0,,1,1.0,full_season_release,1,8.031710375322042,5476.0,1.0,7.956965679671031,0.07474469565101138,2855.3956093002284
20260401,2026-04-01,534,Rochester Red Wings,International League,ESL Ballpark,Scranton/Wilkes-Barre RailRiders,531,2549.0,1,day,Wednesday,2,4,April,1,0,,0,534-1,1,5,1.0,0.75,0.5,Overcast,Cloudy,41.0,7,In From LF,0,0,0,,0,,full_season_release,1,7.8434564043761155,1681.0,,7.803785093965893,0.039671310410222205,2449.857390697099
20260402,2026-04-02,534,Rochester Red Wings,International League,ESL Ballpark,Scranton/Wilkes-Barre RailRiders,531,2393.0,1,night,Thursday,3,4,April,1,0,,0,534-1,2,5,1.0,0.8,0.4,Overcast,Cloudy,48.0,5,In From RF,0,0,0,,0,,full_season_release,1,7.780303087908373,2304.0,,7.956262906323072,-0.17595981841469932,2853.3896183291913
20260403,2026-04-03,534,Rochester Red Wings,International League,ESL Ballpark,Scranton/Wilkes-Barre RailRiders,531,4736.0,2,day,Friday,4,4,April,2,1,,0,534-1,3,5,1.0,0.5714285714285714,0.5714285714285714,Partly Cloudy,Cloudy,75.0,28,Out To LF,0,0,0,,0,,full_season_release,1,8.462948176563842,5625.0,,8.66552280633995,-0.20257462977610885,5799.47576056496
20260404,2026-04-04,534,Rochester Red Wings,International League,ESL Ballpark,Scranton/Wilkes-Barre RailRiders,531,3416.0,1,day,Saturday,5,4,April,2,1,,0,534-1,4,5,1.0,0.5,0.625,Overcast,Cloudy,49.0,10,R To L,0,0,0,,0,,full_season_release,1,8.13622555490846,2401.0,,8.350772170438079,-0.21454661552961873,4233.448425089715
20260405,2026-04-05,534,Rochester Red Wings,International League,ESL Ballpark,Scranton/Wilkes-Barre RailRiders,531,2321.0,1,day,Sunday,6,4,April,2,1,,0,534-1,5,5,1.0,0.4444444444444444,0.6666666666666666,Overcast,Cloudy,45.0,16,Out To LF,0,0,0,,0,,full_season_release,1,7.749753406274437,2025.0,,7.958022424443316,-0.20826901816887844,2858.414628568629
20260414,2026-04-14,534,Rochester Red Wings,International League,ESL Ballpark,Buffalo Bisons,422,2698.0,1,night,Tuesday,1,4,April,3,0,,0,534-2,1,5,9.0,0.5,0.5,Partly Cloudy,Cloudy,75.0,25,Out To LF,0,0,0,,0,,full_season_release,1,7.900266036767701,5625.0,,8.162601036424652,-0.26233499965695106,3507.297358105417
20260415,2026-04-15,534,Rochester Red Wings,International League,ESL Ballpark,Buffalo Bisons,422,2628.0,1,day,Wednesday,2,4,April,3,0,,0,534-2,2,5,1.0,0.5294117647058824,0.4705882352941176,Partly Cloudy,Cloudy,74.0,20,Out To LF,0,0,0,,0,,full_season_release,1,7.873978379604501,5476.0,,8.274856224047783,-0.4008778444432819,3923.958419014874
20260417,2026-04-17,534,Rochester Red Wings,International League,ESL Ballpark,Buffalo Bisons,422,3321.0,2,night,Friday,4,4,April,4,1,,0,534-2,3,5,2.0,0.5263157894736842,0.4736842105263157,Clear,Clear,61.0,4,Out To LF,0,0,0,,0,,full_season_release,1,8.108021221376747,3721.0,,8.494848331622736,-0.3868271102459886,4889.514687446409
20260418,2026-04-18,534,Rochester Red Wings,International League,ESL Ballpark,Buffalo Bisons,422,4667.0,1,day,Saturday,5,4,April,4,1,,0,534-2,4,5,1.0,0.5,0.5,Overcast,Cloudy,76.0,13,Out To LF,0,0,0,,0,,full_season_release,1,8.448271745949816,5776.0,,8.641227097667286,-0.1929553517174707,5660.27127032099
20260419,2026-04-19,534,Rochester Red Wings,International League,ESL Ballpark,Buffalo Bisons,422,3575.0,1,day,Sunday,6,4,April,4,1,,0,534-2,5,5,1.0,0.5238095238095238,0.4761904761904761,Partly Cloudy,Cloudy,43.0,11,Out To RF,0,0,0,,0,,full_season_release,1,8.181720455128108,1849.0,,7.959009299040677,0.2227111560874313,2861.2369177479795
20260428,2026-04-28,534,Rochester Red Wings,International League,ESL Ballpark,Worcester Red Sox,533,2755.0,1,night,Tuesday,1,4,April,5,0,,0,534-3,1,5,9.0,0.5,0.5555555555555556,Overcast,Cloudy,64.0,12,Out To LF,0,0,0,,0,,full_season_release,1,7.9211727215870145,4096.0,,8.102756021462804,-0.1815832998757898,3303.56022333036
20260430,2026-04-30,534,Rochester Red Wings,International League,ESL Ballpark,Worcester Red Sox,533,4095.0,2,day,Thursday,3,4,April,5,0,,0,534-3,2,5,2.0,0.4666666666666667,0.5862068965517241,Overcast,Cloudy,50.0,11,Out To LF,0,0,0,,0,,full_season_release,1,8.31752199628717,2500.0,,8.092816395546999,0.22470560074017065,3270.886720717734
20260501,2026-05-01,534,Rochester Red Wings,International League,ESL Ballpark,Worcester Red Sox,533,3642.0,1,night,Friday,4,5,May,6,1,,0,534-3,3,5,1.0,0.4516129032258064,0.6,Drizzle,Precipitation,45.0,3,Calm,1,0,0,,0,,full_season_release,1,8.200288260287554,2025.0,,8.41865699435987,-0.21836873407231572,4530.814457956793
20260502,2026-05-02,534,Rochester Red Wings,International League,ESL Ballpark,Worcester Red Sox,533,6663.0,1,day,Saturday,5,5,May,6,1,,0,534-3,4,5,1.0,0.46875,0.5806451612903226,Partly Cloudy,Cloudy,46.0,14,L To R,0,0,0,,0,,full_season_release,1,8.804325112562537,2116.0,,8.588404432436626,0.2159206801259117,5369.040171083749
20260503,2026-05-03,534,Rochester Red Wings,International League,ESL Ballpark,Worcester Red Sox,533,4166.0,1,day,Sunday,6,5,May,6,1,,0,534-3,5,5,1.0,0.4848484848484848,0.5625,Partly Cloudy,Cloudy,55.0,10,Out To LF,0,0,0,,0,,full_season_release,1,8.334711621820917,3025.0,,8.456873035506318,-0.12216141368540079,4707.315351816299
20260512,2026-05-12,534,Rochester Red Wings,International League,ESL Ballpark,Lehigh Valley IronPigs,1410,3566.0,1,night,Tuesday,1,5,May,7,0,,0,534-4,1,6,9.0,0.525,0.475,Overcast,Cloudy,53.0,12,In From LF,0,0,0,,1,-1.0,full_season_release,1,8.179199798423086,2809.0,-1.0,8.269797005275613,-0.09059720685252692,3904.1563885594937
20260513,2026-05-13,534,Rochester Red Wings,International League,ESL Ballpark,Lehigh Valley IronPigs,1410,3193.0,1,night,Wednesday,2,5,May,7,0,,0,534-4,2,6,1.0,0.5365853658536586,0.4634146341463415,Partly Cloudy,Cloudy,59.0,8,Out To LF,0,1,1,"ROC the Lilac Jersey, first 1000 fans",1,0.0,full_season_release,1,8.068716192714781,3481.0,0.0,8.343227479052604,-0.2745112863378232,4201.628549734242
20260514,2026-05-14,534,Rochester Red Wings,International League,ESL Ballpark,Lehigh Valley IronPigs,1410,2881.0,1,night,Thursday,3,5,May,7,0,,0,534-4,3,6,1.0,0.5238095238095238,0.4761904761904761,Drizzle,Precipitation,46.0,6,L To R,1,0,0,,1,1.0,full_season_release,1,7.9658927350845286,2116.0,1.0,8.127534149483639,-0.16164141439911006,3386.43880930416
20260515,2026-05-15,534,Rochester Red Wings,International League,ESL Ballpark,Lehigh Valley IronPigs,1410,5186.0,1,night,Friday,4,5,May,8,1,,0,534-4,4,6,1.0,0.5348837209302325,0.4651162790697674,Partly Cloudy,Cloudy,66.0,10,Out To LF,0,0,0,,1,2.0,full_season_release,1,8.55371796609861,4356.0,2.0,8.830285857979893,-0.2765678918812835,6838.2413021015445
20260516,2026-05-16,534,Rochester Red Wings,International League,ESL Ballpark,Lehigh Valley IronPigs,1410,6493.0,1,night,Saturday,5,5,May,8,1,,0,534-4,5,6,1.0,0.5454545454545454,0.4545454545454545,Cloudy,Cloudy,63.0,10,Out To LF,0,0,0,,1,3.0,full_season_release,1,8.778479952508487,3969.0,3.0,8.751864954746956,0.026614997761530645,6322.468237122217
20260517,2026-05-17,534,Rochester Red Wings,International League,ESL Ballpark,Lehigh Valley IronPigs,1410,4810.0,1,day,Sunday,6,5,May,8,1,,0,534-4,6,6,1.0,0.5555555555555556,0.4444444444444444,Sunny,Clear,80.0,8,Out To LF,0,0,0,,1,4.0,full_season_release,1,8.478452363099807,6400.0,4.0,8.611693180386714,-0.1332408172869073,5495.545755051701
20260525,2026-05-25,534,Rochester Red Wings,International League,ESL Ballpark,Syracuse Mets,552,10565.0,1,day,Monday,0,5,May,9,0,Memorial Day,1,534-5,1,6,8.0,0.6078431372549019,0.5294117647058824,Sunny,Clear,70.0,8,L To R,0,1,1,"Camo Jersey, first 1000 fans 21 and over",1,0.0,full_season_release,1,9.265301930050157,4900.0,0.0,8.684181116163817,0.58112081388634,5908.699977067327
20260527,2026-05-27,534,Rochester Red Wings,International League,ESL Ballpark,Syracuse Mets,552,9410.0,1,day,Wednesday,2,5,May,9,0,,0,534-5,2,6,2.0,0.6153846153846154,0.5192307692307693,Sunny,Clear,72.0,6,L To R,0,0,0,,1,1.0,full_season_release,1,9.149528232579426,5184.0,1.0,8.509326015553397,0.6402022170260295,4960.818446857044
20260528,2026-05-28,534,Rochester Red Wings,International League,ESL Ballpark,Syracuse Mets,552,5507.0,1,night,Thursday,3,5,May,9,0,,0,534-5,3,6,1.0,0.6037735849056604,0.5283018867924528,Clear,Clear,66.0,6,L To R,0,0,0,,1,-1.0,full_season_release,1,8.613775289262481,4356.0,-1.0,8.464591578028191,0.14918371123428997,4743.78954825952
20260529,2026-05-29,534,Rochester Red Wings,International League,ESL Ballpark,Syracuse Mets,552,6807.0,1,night,Friday,4,5,May,10,1,,0,534-5,4,6,1.0,0.6111111111111112,0.5185185185185185,Partly Cloudy,Cloudy,72.0,18,Out To LF,0,1,1,"Mittsy Jersey, first 1000 fans, presented by ESL",1,0.0,full_season_release,1,8.825706773447951,5184.0,0.0,8.827127907749958,-0.0014211343020065215,6816.68053823698
20260530,2026-05-30,534,Rochester Red Wings,International League,ESL Ballpark,Syracuse Mets,552,7729.0,1,night,Saturday,5,5,May,10,1,,0,534-5,5,6,1.0,0.6181818181818182,0.509090909090909,Clear,Clear,65.0,6,In From LF,0,0,0,,1,1.0,full_season_release,1,8.952734767106872,4225.0,1.0,8.739752927475099,0.21298183963177308,6246.352219572612
20260531,2026-05-31,534,Rochester Red Wings,International League,ESL Ballpark,Syracuse Mets,552,7771.0,1,day,Sunday,6,5,May,10,1,,0,534-5,6,6,1.0,0.6071428571428571,0.5178571428571429,Partly Cloudy,Cloudy,73.0,15,L To R,0,0,0,,1,2.0,full_season_release,1,8.958154135209242,5329.0,2.0,8.591853024741514,0.3663011104677274,5387.587764865098
20260609,2026-06-09,534,Rochester Red Wings,International League,ESL Ballpark,Worcester Red Sox,533,6321.0,1,night,Tuesday,1,6,June,11,0,,0,534-6,1,12,9.0,0.6031746031746031,0.5409836065573771,Overcast,Cloudy,75.0,5,In From LF,0,0,0,,1,-1.0,full_season_release,1,8.751632702472298,5625.0,-1.0,8.486117467747187,0.26551523472511107,4847.01081804015
20260610,2026-06-10,534,Rochester Red Wings,International League,ESL Ballpark,Worcester Red Sox,533,4973.0,1,night,Wednesday,2,6,June,11,0,,0,534-6,2,12,1.0,0.609375,0.532258064516129,Clear,Clear,82.0,6,Out To LF,0,1,1,"White Hots Jersey, first 1000 fans",1,0.0,full_season_release,1,8.511778558714738,6724.0,0.0,8.451168830998236,0.06060972771650164,4680.540300151114
20260611,2026-06-11,534,Rochester Red Wings,International League,ESL Ballpark,Worcester Red Sox,533,4616.0,1,day,Thursday,3,6,June,11,0,,0,534-6,3,12,1.0,0.6153846153846154,0.5238095238095238,Partly Cloudy,Cloudy,90.0,4,Out To LF,0,0,0,,1,1.0,full_season_release,1,8.437283808187935,8100.0,1.0,8.589915572217667,-0.15263176402973144,5377.159674579543
20260612,2026-06-12,534,Rochester Red Wings,International League,ESL Ballpark,Worcester Red Sox,533,6910.0,1,night,Friday,4,6,June,12,1,,0,534-6,4,12,1.0,0.6212121212121212,0.515625,Partly Cloudy,Cloudy,76.0,10,Out To LF,0,0,0,,1,-1.0,full_season_release,1,8.840724916761715,5776.0,-1.0,8.898321467067339,-0.057596550305623495,7319.676903150486
20260613,2026-06-13,534,Rochester Red Wings,International League,ESL Ballpark,Worcester Red Sox,533,10280.0,1,night,Saturday,5,6,June,12,1,,0,534-6,5,12,1.0,0.6268656716417911,0.5076923076923077,Clear,Clear,80.0,12,Out To LF,0,1,1,"Red Wings Performance Mesh Hat, first 2000 fans",1,0.0,full_season_release,1,9.237955539009157,6400.0,0.0,8.831882635107148,0.40607290390200923,6849.169171767656
20260616,2026-06-16,534,Rochester Red Wings,International League,ESL Ballpark,Toledo Mud Hens,512,4868.0,1,night,Tuesday,1,6,June,12,0,,0,534-6,7,12,3.0,0.6176470588235294,0.463768115942029,Partly Cloudy,Cloudy,64.0,8,In From LF,0,0,0,,1,2.0,full_season_release,1,8.490438454107418,4096.0,2.0,8.52470524271603,-0.034266788608611876,5037.7016877101505
20260617,2026-06-17,534,Rochester Red Wings,International League,ESL Ballpark,Toledo Mud Hens,512,4632.0,1,day,Wednesday,2,6,June,12,0,,0,534-6,8,12,1.0,0.6231884057971014,0.4571428571428571,Cloudy,Cloudy,74.0,10,Out To LF,0,0,0,,1,-1.0,full_season_release,1,8.440744019252831,5476.0,-1.0,8.57639191333169,-0.13564789407885947,5304.930304872353
20260618,2026-06-18,534,Rochester Red Wings,International League,ESL Ballpark,Toledo Mud Hens,512,4412.0,1,night,Thursday,3,6,June,12,0,,0,534-6,9,12,1.0,0.6142857142857143,0.4647887323943662,Cloudy,Cloudy,71.0,20,Out To LF,0,1,1,"Plates Jersey, first 500 fans 21 and over",1,0.0,full_season_release,1,8.392083380373393,5041.0,0.0,8.536025784414075,-0.1439424040406827,5095.055223767468
20260619,2026-06-19,534,Rochester Red Wings,International League,ESL Ballpark,Toledo Mud Hens,512,6277.0,1,night,Friday,4,6,June,13,1,,0,534-6,10,12,1.0,0.6197183098591549,0.4583333333333333,Partly Cloudy,Cloudy,70.0,12,Out To RF,0,1,1,"Tom Alston Bobblehead, first 1000 fans",1,0.0,full_season_release,1,8.744647438317532,4900.0,0.0,8.869371588730626,-0.12472415041309404,7110.811055042041
20260620,2026-06-20,534,Rochester Red Wings,International League,ESL Ballpark,Toledo Mud Hens,512,10199.0,1,night,Saturday,5,6,June,13,1,,0,534-6,11,12,1.0,0.625,0.4520547945205479,Clear,Clear,73.0,13,Out To RF,0,1,1,"Cocos Locos Red Hawaiian Shirt, first 1000 fans",1,0.0,full_season_release,1,9.230044955250518,5329.0,0.0,8.820428990526784,0.4096159647237343,6771.168769556834
20260621,2026-06-21,534,Rochester Red Wings,International League,ESL Ballpark,Toledo Mud Hens,512,10260.0,1,day,Sunday,6,6,June,13,1,Father's Day,1,534-6,12,12,1.0,0.6164383561643836,0.4594594594594595,Sunny,Clear,73.0,3,Out To LF,0,0,0,,1,1.0,full_season_release,1,9.23600811872476,5329.0,1.0,8.717108996981173,0.518899121743587,6106.499635869596
20260630,2026-06-30,534,Rochester Red Wings,International League,ESL Ballpark,Lehigh Valley IronPigs,1410,6554.0,1,night,Tuesday,1,6,June,14,0,,0,534-7,1,6,9.0,0.6125,0.4634146341463415,Partly Cloudy,Cloudy,91.0,10,Out To LF,0,0,0,,1,-5.0,full_season_release,1,8.787830829258759,8281.0,-5.0,8.40252856494708,0.38530226431167947,4458.325673258875
20260701,2026-07-01,534,Rochester Red Wings,International League,ESL Ballpark,Lehigh Valley IronPigs,1410,3859.0,1,night,Wednesday,2,7,July,14,0,,0,534-7,2,6,1.0,0.6049382716049383,0.4698795180722891,Clear,Clear,93.0,15,Out To LF,0,0,0,,1,-4.0,full_season_release,1,8.258163361537619,8649.0,-4.0,8.350635888383696,-0.09247252684607687,4232.871521352926
20260702,2026-07-02,534,Rochester Red Wings,International League,ESL Ballpark,Lehigh Valley IronPigs,1410,3911.0,1,night,Thursday,3,7,July,14,0,,0,534-7,3,6,1.0,0.5975609756097561,0.4761904761904761,Partly Cloudy,Cloudy,91.0,6,Out To LF,0,0,0,,1,-3.0,full_season_release,1,8.271548374755515,8281.0,-3.0,8.464254052549046,-0.19270567779353165,4742.188668603317
20260703,2026-07-03,534,Rochester Red Wings,International League,ESL Ballpark,Lehigh Valley IronPigs,1410,7467.0,1,night,Friday,4,7,July,15,1,,0,534-7,4,6,1.0,0.6024096385542169,0.4705882352941176,Partly Cloudy,Cloudy,80.0,8,Out To LF,0,0,0,,1,-2.0,full_season_release,1,8.918248591035702,6400.0,-2.0,8.89530343462789,0.022945156407812917,7297.619183010714
20260704,2026-07-04,534,Rochester Red Wings,International League,ESL Ballpark,Lehigh Valley IronPigs,1410,9210.0,1,night,Saturday,5,7,July,15,1,Independence Day,1,534-7,5,6,1.0,0.6071428571428571,0.4651162790697674,Partly Cloudy,Cloudy,74.0,4,Calm,0,0,0,,1,-1.0,full_season_release,1,9.128045129249353,5476.0,-1.0,8.929701056637612,0.19834407261174114,7553.0071173777615
20260705,2026-07-05,534,Rochester Red Wings,International League,ESL Ballpark,Lehigh Valley IronPigs,1410,4793.0,1,day,Sunday,6,7,July,15,1,,0,534-7,6,6,1.0,0.6,0.4712643678160919,Partly Cloudy,Cloudy,78.0,7,In From LF,0,1,1,"Bruce and Josh Snyder Bobblehead, first 1000 fans",1,0.0,full_season_release,1,8.474911799159631,6084.0,0.0,8.664983779257932,-0.19007198009830084,5796.350528436555
20260717,2026-07-17,534,Rochester Red Wings,International League,ESL Ballpark,Jacksonville Jumbo Shrimp,564,7715.0,1,night,Friday,4,7,July,17,1,,0,534-8,1,3,12.0,0.5869565217391305,0.5434782608695652,Clear,Clear,78.0,6,In From LF,0,0,0,,0,,full_season_release,1,8.950921764797261,6084.0,,8.720144102040743,0.2307776627565179,6125.061658405716
20260718,2026-07-18,534,Rochester Red Wings,International League,ESL Ballpark,Jacksonville Jumbo Shrimp,564,4951.0,1,night,Saturday,5,7,July,17,1,,0,534-8,2,3,1.0,0.5913978494623656,0.5376344086021505,Overcast,Cloudy,72.0,5,Out To LF,0,0,0,,0,,full_season_release,1,8.507344855361422,5184.0,,8.848854523304745,-0.34150966794332227,6966.404543937008
20260719,2026-07-19,534,Rochester Red Wings,International League,ESL Ballpark,Jacksonville Jumbo Shrimp,564,5343.0,1,night,Sunday,6,7,July,17,1,,0,534-8,3,3,1.0,0.5957446808510638,0.5319148936170213,Clear,Clear,74.0,3,L To R,0,0,0,,0,,full_season_release,1,8.583542571957771,5476.0,,8.549696805958696,0.033845765999075184,5165.188135477945
20260728,2026-07-28,534,Rochester Red Wings,International League,ESL Ballpark,Syracuse Mets,552,7528.0,1,night,Tuesday,1,7,July,18,0,,0,534-9,1,5,9.0,0.594059405940594,0.4901960784313725,Partly Cloudy,Cloudy,77.0,10,L To R,0,1,1,"Ernie Clement Bobblehead, first 1000 fans",1,0.0,full_season_release,1,8.926384681265215,5929.0,0.0,8.49212812253325,0.4342565587319651,4876.232258832287
20260730,2026-07-30,534,Rochester Red Wings,International League,ESL Ballpark,Syracuse Mets,552,6269.0,2,night,Thursday,3,7,July,18,0,,0,534-9,2,5,2.0,0.5922330097087378,0.4903846153846153,Clear,Clear,75.0,5,L To R,0,0,0,,1,1.0,full_season_release,1,8.743372131273969,5625.0,1.0,8.557591092548291,0.1857810387256773,5206.124981909836
20260731,2026-07-31,534,Rochester Red Wings,International League,ESL Ballpark,Syracuse Mets,552,9478.0,1,night,Friday,4,7,July,19,1,,0,534-9,3,5,1.0,0.5961538461538461,0.4857142857142857,Clear,Clear,83.0,4,Calm,0,0,0,,1,2.0,full_season_release,1,9.156728602527533,6889.0,2.0,8.881716591572992,0.27501201095454064,7199.13811488633
20260801,2026-08-01,534,Rochester Red Wings,International League,ESL Ballpark,Syracuse Mets,552,7433.0,1,night,Saturday,5,8,August,19,1,,0,534-9,4,5,1.0,0.6,0.4811320754716981,Cloudy,Cloudy,82.0,4,In From RF,0,0,0,,1,3.0,full_season_release,1,8.913684824725294,6724.0,3.0,8.81008945457297,0.10359537015232334,6701.5187217012435
20260802,2026-08-02,534,Rochester Red Wings,International League,ESL Ballpark,Syracuse Mets,552,4806.0,1,day,Sunday,6,8,August,19,1,,0,534-9,5,5,1.0,0.5943396226415094,0.4859813084112149,Overcast,Cloudy,72.0,3,Calm,0,0,0,,1,4.0,full_season_release,1,8.477620416296414,5184.0,4.0,8.648814647090633,-0.17119423079421914,5703.382204678899
20260811,2026-08-11,534,Rochester Red Wings,International League,ESL Ballpark,Charlotte Knights,494,8698.0,1,night,Tuesday,1,8,August,20,0,,0,534-10,1,6,9.0,0.5929203539823009,0.5478260869565217,Clear,Clear,79.0,5,Out To RF,0,1,1,"ZOO Cap, first 1000 fans",1,0.0,full_season_release,1,9.070848393157585,6241.0,0.0,8.446649339463418,0.6241990536941664,4659.43436785284
20260812,2026-08-12,534,Rochester Red Wings,International League,ESL Ballpark,Charlotte Knights,494,6457.0,1,night,Wednesday,2,8,August,20,0,,0,534-10,2,6,1.0,0.5964912280701754,0.5431034482758621,Cloudy,Cloudy,68.0,6,Out To LF,0,1,1,White Hots Jersey,1,0.0,full_season_release,1,8.772920092626467,4624.0,0.0,8.425061595027987,0.3478584975984802,4559.925638495499
20260813,2026-08-13,534,Rochester Red Wings,International League,ESL Ballpark,Charlotte Knights,494,5799.0,1,day,Thursday,3,8,August,20,0,,0,534-10,3,6,1.0,0.591304347826087,0.5470085470085471,Partly Cloudy,Cloudy,78.0,10,Out To RF,0,0,0,,1,1.0,full_season_release,1,8.66544076787644,6084.0,1.0,8.644796660708092,0.02064410716834786,5680.512069360566
20260814,2026-08-14,534,Rochester Red Wings,International League,ESL Ballpark,Charlotte Knights,494,8164.0,1,night,Friday,4,8,August,21,1,,0,534-10,4,6,1.0,0.5948275862068966,0.5423728813559322,Clear,Clear,77.0,6,In From LF,0,0,0,,1,2.0,full_season_release,1,9.007489523929735,5929.0,2.0,8.861383434609486,0.1461060893202486,7054.235070097045
20260815,2026-08-15,534,Rochester Red Wings,International League,ESL Ballpark,Charlotte Knights,494,9244.0,1,night,Saturday,5,8,August,21,1,,0,534-10,5,6,1.0,0.5982905982905983,0.5378151260504201,Clear,Clear,75.0,9,In From LF,0,0,0,,1,3.0,full_season_release,1,9.131729971394272,5625.0,3.0,8.807775310257625,0.3239546611366464,6686.028370614101
20260816,2026-08-16,534,Rochester Red Wings,International League,ESL Ballpark,Charlotte Knights,494,6398.0,1,day,Sunday,6,8,August,21,1,,0,534-10,6,6,1.0,0.6016949152542372,0.5333333333333333,Cloudy,Cloudy,83.0,4,Calm,0,0,0,,1,4.0,full_season_release,1,8.763740720509464,6889.0,4.0,8.599591148050294,0.16414957245916995,5429.439300664932
20260825,2026-08-25,534,Rochester Red Wings,International League,ESL Ballpark,Buffalo Bisons,422,7568.0,1,night,Tuesday,1,8,August,22,0,,0,534-11,1,6,9.0,0.608,0.5,Partly Cloudy,Cloudy,72.0,8,L To R,0,0,0,,0,,full_season_release,1,8.931684110731714,5184.0,,8.465369394620268,0.46631471611144626,4747.480781844742
20260826,2026-08-26,534,Rochester Red Wings,International League,ESL Ballpark,Buffalo Bisons,422,6766.0,1,day,Wednesday,2,8,August,22,0,,0,534-11,2,6,1.0,0.6111111111111112,0.4960629921259842,Partly Cloudy,Cloudy,78.0,10,Out To LF,0,0,0,,0,,full_season_release,1,8.819665349340653,6084.0,,8.570815111408608,0.24885023793204475,5275.428099784968
20260827,2026-08-27,534,Rochester Red Wings,International League,ESL Ballpark,Buffalo Bisons,422,5547.0,1,night,Thursday,3,8,August,22,0,,0,534-11,3,6,1.0,0.6141732283464567,0.4921875,Partly Cloudy,Cloudy,77.0,9,Out To LF,0,0,0,,0,,full_season_release,1,8.621012520055235,5929.0,,8.539184259073677,0.08182826098155793,5111.173267397778
20260828,2026-08-28,534,Rochester Red Wings,International League,ESL Ballpark,Buffalo Bisons,422,8425.0,1,night,Friday,4,8,August,23,1,,0,534-11,4,6,1.0,0.6171875,0.4883720930232558,Clear,Clear,70.0,5,L To R,0,0,0,,0,,full_season_release,1,9.038958755220563,4900.0,,8.870055223379993,0.16890353184057005,7115.673913884373
20260829,2026-08-29,534,Rochester Red Wings,International League,ESL Ballpark,Buffalo Bisons,422,7769.0,1,night,Saturday,5,8,August,23,1,,0,534-11,5,6,1.0,0.6124031007751938,0.4923076923076923,Partly Cloudy,Cloudy,75.0,8,Out To LF,0,0,0,,0,,full_season_release,1,8.95789673495042,5625.0,,8.820069401155065,0.1378273337953555,6768.734366952069
20260830,2026-08-30,534,Rochester Red Wings,International League,ESL Ballpark,Buffalo Bisons,422,7885.0,1,day,Sunday,6,8,August,23,1,,0,534-11,6,6,1.0,0.6153846153846154,0.4885496183206106,Rain,Precipitation,69.0,6,Out To LF,1,0,0,,0,,full_season_release,1,8.972717499397138,4761.0,,8.55010886549193,0.42260863390520775,5167.3169390569
20260331,2026-03-31,102,Round Rock Express,Pacific Coast League,Dell Diamond,Gwinnett Stripers,431,8907.0,1,night,Tuesday,1,3,March,1,0,,0,102-1,1,6,1.0,0.25,0.25,Partly Cloudy,Cloudy,84.0,14,Out To LF,0,0,0,,1,-3.0,full_season_release,1,9.09459276343187,7056.0,-3.0,8.305733849647172,0.7888589137846971,4047.0109462242813
20260401,2026-04-01,102,Round Rock Express,Pacific Coast League,Dell Diamond,Gwinnett Stripers,431,2635.0,1,night,Wednesday,2,4,April,1,0,,0,102-1,2,6,1.0,0.2,0.4,Partly Cloudy,Cloudy,87.0,18,Out To LF,0,0,0,,1,-2.0,full_season_release,1,7.876638460975463,7569.0,-2.0,8.063880528015892,-0.18724206704042867,3177.5969945162465
20260402,2026-04-02,102,Round Rock Express,Pacific Coast League,Dell Diamond,Gwinnett Stripers,431,5293.0,1,night,Thursday,3,4,April,1,0,,0,102-1,3,6,1.0,0.1666666666666666,0.5,Partly Cloudy,Cloudy,80.0,13,Out To LF,0,0,0,,1,-1.0,full_season_release,1,8.574140471857987,6400.0,-1.0,8.17379619350661,0.400344278351378,3546.7827129416146
20260403,2026-04-03,102,Round Rock Express,Pacific Coast League,Dell Diamond,Gwinnett Stripers,431,6030.0,1,night,Friday,4,4,April,2,1,,0,102-1,4,6,1.0,0.1428571428571428,0.5714285714285714,Partly Cloudy,Cloudy,80.0,15,Out To LF,0,1,1,"Retro Express Cap presented by Nyle Maxwell, first 2000 fans",1,0.0,full_season_release,1,8.704502289721232,6400.0,0.0,8.489933749627278,0.21456854009395343,4865.5437184909615
20260404,2026-04-04,102,Round Rock Express,Pacific Coast League,Dell Diamond,Gwinnett Stripers,431,4250.0,1,night,Saturday,5,4,April,2,1,,0,102-1,5,6,1.0,0.25,0.5,Partly Cloudy,Cloudy,63.0,16,L To R,0,1,1,"Short-Sleeve Quarter Zip Pullover presented by Intel, first 1500 fans",1,0.0,full_season_release,1,8.354674261918463,3969.0,0.0,8.400571656828351,-0.04589739490988798,4449.609670542664
20260405,2026-04-05,102,Round Rock Express,Pacific Coast League,Dell Diamond,Gwinnett Stripers,431,3098.0,1,day,Sunday,6,4,April,2,1,,0,102-1,6,6,1.0,0.2222222222222222,0.5555555555555556,Overcast,Cloudy,59.0,15,In From LF,0,0,0,,1,1.0,full_season_release,1,8.038512020976814,3481.0,1.0,8.16472337585944,-0.12621135488262603,3514.748938192158
20260414,2026-04-14,102,Round Rock Express,Pacific Coast League,Dell Diamond,El Paso Chihuahuas,4904,3477.0,1,day,Tuesday,1,4,April,3,0,,0,102-2,1,6,9.0,0.3125,0.375,Overcast,Cloudy,75.0,13,Out To LF,0,0,0,,1,-4.0,full_season_release,1,8.153925132007862,5625.0,-4.0,8.252628949307217,-0.09870381729935573,3837.7016943678677
20260415,2026-04-15,102,Round Rock Express,Pacific Coast League,Dell Diamond,El Paso Chihuahuas,4904,3170.0,1,night,Wednesday,2,4,April,3,0,,0,102-2,2,6,1.0,0.2941176470588235,0.4117647058823529,Partly Cloudy,Cloudy,79.0,9,Out To LF,0,0,0,,1,-3.0,full_season_release,1,8.061486866871327,6241.0,-3.0,8.099241496664387,-0.03775462979305999,3291.9701577188307
20260416,2026-04-16,102,Round Rock Express,Pacific Coast League,Dell Diamond,El Paso Chihuahuas,4904,3137.0,1,night,Thursday,3,4,April,3,0,,0,102-2,3,6,1.0,0.3333333333333333,0.3888888888888889,Partly Cloudy,Cloudy,84.0,14,Out To LF,0,0,0,,1,-2.0,full_season_release,1,8.051022208190679,7056.0,-2.0,8.160148359761608,-0.10912615157092986,3498.705632394458
20260417,2026-04-17,102,Round Rock Express,Pacific Coast League,Dell Diamond,El Paso Chihuahuas,4904,8134.0,1,night,Friday,4,4,April,4,1,,0,102-2,4,6,1.0,0.3684210526315789,0.3684210526315789,Cloudy,Cloudy,83.0,14,Out To LF,0,0,0,,1,-1.0,full_season_release,1,9.00380808646717,6889.0,-1.0,8.503557517885639,0.5002505685815315,4932.284355759113
20260418,2026-04-18,102,Round Rock Express,Pacific Coast League,Dell Diamond,El Paso Chihuahuas,4904,6239.0,1,night,Saturday,5,4,April,4,1,,0,102-2,5,6,1.0,0.35,0.4,Overcast,Cloudy,57.0,18,L To R,0,1,1,"Sling Bag presented by The Sanders Family, first 1500 fans",1,0.0,full_season_release,1,8.738575192110787,3249.0,0.0,8.349694426085218,0.38888076602556865,4228.888307718214
20260419,2026-04-19,102,Round Rock Express,Pacific Coast League,Dell Diamond,El Paso Chihuahuas,4904,5538.0,1,day,Sunday,6,4,April,4,1,,0,102-2,6,6,1.0,0.3809523809523809,0.3809523809523809,Partly Cloudy,Cloudy,69.0,12,In From CF,0,0,0,,1,1.0,full_season_release,1,8.619388703730907,4761.0,1.0,8.277213624419979,0.3421750793109286,3933.2196720039706
20260428,2026-04-28,102,Round Rock Express,Pacific Coast League,Dell Diamond,Oklahoma City Comets,238,3019.0,1,night,Tuesday,1,4,April,5,0,,0,102-3,1,6,9.0,0.4285714285714285,0.4642857142857143,Overcast,Cloudy,88.0,11,Out To RF,0,0,0,,0,,full_season_release,1,8.012680929706839,7744.0,,8.013169997285246,-0.0004890675784068321,3020.4768561309997
20260429,2026-04-29,102,Round Rock Express,Pacific Coast League,Dell Diamond,Oklahoma City Comets,238,2869.0,1,night,Wednesday,2,4,April,5,0,,0,102-3,2,6,1.0,0.4482758620689655,0.4482758620689655,Overcast,Cloudy,68.0,10,In From LF,0,0,0,,0,,full_season_release,1,7.9617188159813645,4624.0,,8.056281424947791,-0.09456260896642643,3153.5416228295085
20260430,2026-04-30,102,Round Rock Express,Pacific Coast League,Dell Diamond,Oklahoma City Comets,238,2511.0,1,night,Thursday,3,4,April,5,0,,0,102-3,3,6,1.0,0.4333333333333333,0.4666666666666667,Overcast,Cloudy,65.0,9,In From CF,0,0,0,,0,,full_season_release,1,7.828436359157585,4225.0,,8.121330239975345,-0.29289388081775947,3365.494684279662
20260501,2026-05-01,102,Round Rock Express,Pacific Coast League,Dell Diamond,Oklahoma City Comets,238,4341.0,1,night,Friday,4,5,May,6,1,,0,102-3,4,6,1.0,0.4193548387096774,0.4838709677419355,Overcast,Cloudy,55.0,15,In From LF,0,0,0,,0,,full_season_release,1,8.375860015299594,3025.0,,8.62254253964174,-0.24668252434214644,5555.493514611289
20260502,2026-05-02,102,Round Rock Express,Pacific Coast League,Dell Diamond,Oklahoma City Comets,238,5808.0,1,night,Saturday,5,5,May,6,1,,0,102-3,5,6,1.0,0.40625,0.5,Clear,Clear,70.0,4,In From RF,0,0,0,,0,,full_season_release,1,8.666991556504632,4900.0,,8.701773112364862,-0.034781555860229574,6013.565497078617
20260503,2026-05-03,102,Round Rock Express,Pacific Coast League,Dell Diamond,Oklahoma City Comets,238,6193.0,1,day,Sunday,6,5,May,6,1,,0,102-3,6,6,1.0,0.3939393939393939,0.5151515151515151,Sunny,Clear,75.0,8,Out To LF,0,0,0,,0,,full_season_release,1,8.731174900938061,5625.0,,8.525731588541092,0.20544331239696945,5042.874766034808
20260512,2026-05-12,102,Round Rock Express,Pacific Coast League,Dell Diamond,Sacramento River Cats,105,6363.0,1,day,Tuesday,1,5,May,7,0,,0,102-4,1,6,9.0,0.375,0.5526315789473685,Partly Cloudy,Cloudy,75.0,4,In From LF,0,0,0,,1,-3.0,full_season_release,1,8.758255243232792,5625.0,-3.0,8.468497032800476,0.289758210432316,4762.3524284396735
20260513,2026-05-13,102,Round Rock Express,Pacific Coast League,Dell Diamond,Sacramento River Cats,105,5004.0,1,night,Wednesday,2,5,May,7,0,,0,102-4,2,6,1.0,0.3902439024390244,0.5384615384615384,Clear,Clear,87.0,1,Calm,0,0,0,,1,-2.0,full_season_release,1,8.517992871586802,7569.0,-2.0,8.272770074381016,0.24522279720578588,3915.7809871057625
20260514,2026-05-14,102,Round Rock Express,Pacific Coast League,Dell Diamond,Sacramento River Cats,105,4011.0,1,night,Thursday,3,5,May,7,0,,0,102-4,3,6,1.0,0.3809523809523809,0.55,Clear,Clear,87.0,10,Out To LF,0,0,0,,1,-1.0,full_season_release,1,8.296795865770052,7569.0,-1.0,8.35765675292014,-0.060860887150088416,4262.694507974967
20260515,2026-05-15,102,Round Rock Express,Pacific Coast League,Dell Diamond,Sacramento River Cats,105,8365.0,1,night,Friday,4,5,May,8,1,,0,102-4,4,6,1.0,0.3720930232558139,0.5609756097560976,Overcast,Cloudy,84.0,15,Out To LF,0,1,1,"Texas T-Bone T-Shirt presented by Goodstock, first 2000 fans",1,0.0,full_season_release,1,9.031811613420924,7056.0,0.0,8.716564520115906,0.3152470933050182,6103.175693077197
20260516,2026-05-16,102,Round Rock Express,Pacific Coast League,Dell Diamond,Sacramento River Cats,105,8073.0,1,night,Saturday,5,5,May,8,1,,0,102-4,5,6,1.0,0.3636363636363636,0.5714285714285714,Partly Cloudy,Cloudy,87.0,15,Out To LF,0,0,0,,1,1.0,full_season_release,1,8.996280439395015,7569.0,1.0,8.631696631416407,0.3645838079786081,5606.582491931363
20260517,2026-05-17,102,Round Rock Express,Pacific Coast League,Dell Diamond,Sacramento River Cats,105,4301.0,1,day,Sunday,6,5,May,8,1,,0,102-4,6,6,1.0,0.3555555555555555,0.5813953488372093,Overcast,Cloudy,84.0,19,Out To LF,0,0,0,,1,2.0,full_season_release,1,8.366602832783736,7056.0,2.0,8.475008632150884,-0.10840579936714789,4793.464142998887
20260526,2026-05-26,102,Round Rock Express,Pacific Coast League,Dell Diamond,Salt Lake Bees,561,3751.0,1,night,Tuesday,1,5,May,9,0,,0,102-5,1,6,9.0,0.3846153846153846,0.5098039215686274,Cloudy,Cloudy,84.0,5,Out To CF,0,0,0,,1,-3.0,full_season_release,1,8.229777750081887,7056.0,-3.0,8.32316465384987,-0.09338690376798375,4118.171997059287
20260527,2026-05-27,102,Round Rock Express,Pacific Coast League,Dell Diamond,Salt Lake Bees,561,4711.0,1,night,Wednesday,2,5,May,9,0,,0,102-5,2,6,1.0,0.3962264150943396,0.5,Partly Cloudy,Cloudy,77.0,3,In From CF,0,0,0,,1,-2.0,full_season_release,1,8.45765547870004,5929.0,-2.0,8.343016027508163,0.11463945119187713,4200.740202812707
20260528,2026-05-28,102,Round Rock Express,Pacific Coast League,Dell Diamond,Salt Lake Bees,561,3231.0,1,night,Thursday,3,5,May,9,0,,0,102-5,3,6,1.0,0.4074074074074074,0.490566037735849,Clear,Clear,87.0,4,In From CF,0,0,0,,1,-1.0,full_season_release,1,8.080546965824498,7569.0,-1.0,8.372494275426495,-0.2919473096019978,4326.413883517342
20260529,2026-05-29,102,Round Rock Express,Pacific Coast League,Dell Diamond,Salt Lake Bees,561,9049.0,1,night,Friday,4,5,May,10,1,,0,102-5,4,6,1.0,0.4,0.5,Partly Cloudy,Cloudy,86.0,8,Out To LF,0,1,1,"Round Rock Donuts Jersey, first 2000 fans",1,0.0,full_season_release,1,9.110409533351133,7396.0,0.0,8.71520814066819,0.3952013926829423,6094.903082668985
20260530,2026-05-30,102,Round Rock Express,Pacific Coast League,Dell Diamond,Salt Lake Bees,561,9008.0,1,night,Saturday,5,5,May,10,1,,0,102-5,5,6,1.0,0.4107142857142857,0.4909090909090909,Overcast,Cloudy,87.0,11,Out To LF,0,0,0,,1,1.0,full_season_release,1,9.105868350379472,7569.0,1.0,8.650090998951791,0.45577735142768105,5710.666374763887
20260531,2026-05-31,102,Round Rock Express,Pacific Coast League,Dell Diamond,Salt Lake Bees,561,4298.0,1,day,Sunday,6,5,May,10,1,,0,102-5,6,6,1.0,0.4035087719298245,0.5,Partly Cloudy,Cloudy,83.0,9,Out To LF,0,1,1,"Dell Dinger Home Run Chain presented by Dell, first 1500 fans",1,0.0,full_season_release,1,8.365905077202456,6889.0,0.0,8.500611138133895,-0.134706060931439,4917.773360951778
20260609,2026-06-09,102,Round Rock Express,Pacific Coast League,Dell Diamond,El Paso Chihuahuas,4904,3531.0,1,night,Tuesday,1,6,June,11,0,,0,102-6,1,6,9.0,0.421875,0.4375,Clear,Clear,90.0,10,Out To LF,0,0,0,,1,-4.0,full_season_release,1,8.169336395928386,8100.0,-4.0,8.352186284825049,-0.1828498888966621,4239.439240264764
20260610,2026-06-10,102,Round Rock Express,Pacific Coast League,Dell Diamond,El Paso Chihuahuas,4904,4003.0,1,night,Wednesday,2,6,June,11,0,,0,102-6,2,6,1.0,0.4307692307692308,0.4307692307692308,Partly Cloudy,Cloudy,90.0,13,Out To LF,0,0,0,,1,-3.0,full_season_release,1,8.294799358992574,8100.0,-3.0,8.338384794696308,-0.04358543570373463,4181.330576891552
20260611,2026-06-11,102,Round Rock Express,Pacific Coast League,Dell Diamond,El Paso Chihuahuas,4904,4056.0,1,night,Thursday,3,6,June,11,0,,0,102-6,3,6,1.0,0.4242424242424242,0.4393939393939394,Partly Cloudy,Cloudy,90.0,14,Out To LF,0,0,0,,1,-2.0,full_season_release,1,8.30795254527102,8100.0,-2.0,8.423775913538863,-0.11582336826784356,4554.066793621549
20260612,2026-06-12,102,Round Rock Express,Pacific Coast League,Dell Diamond,El Paso Chihuahuas,4904,8257.0,1,night,Friday,4,6,June,12,1,,0,102-6,4,6,1.0,0.417910447761194,0.4477611940298507,Partly Cloudy,Cloudy,89.0,10,Out To LF,0,0,0,,1,-1.0,full_season_release,1,9.01881660441743,7921.0,-1.0,8.76900083616954,0.24981576824788831,6431.742887937692
20260613,2026-06-13,102,Round Rock Express,Pacific Coast League,Dell Diamond,El Paso Chihuahuas,4904,5645.0,1,night,Saturday,5,6,June,12,1,,0,102-6,5,6,1.0,0.4117647058823529,0.4558823529411764,Cloudy,Cloudy,90.0,16,Out To LF,0,1,1,"Nolan Ryan Bobble Card presented by Intel, first 2000 fans",1,0.0,full_season_release,1,8.638525476583762,8100.0,0.0,8.698648138692807,-0.06012266210904471,5994.802595281163
20260614,2026-06-14,102,Round Rock Express,Pacific Coast League,Dell Diamond,El Paso Chihuahuas,4904,4059.0,1,night,Sunday,6,6,June,12,1,,0,102-6,6,6,1.0,0.4202898550724637,0.4492753623188406,Partly Cloudy,Cloudy,87.0,8,In From LF,0,0,0,,1,1.0,full_season_release,1,8.308691916838898,7569.0,1.0,8.429781368795474,-0.12108945195657661,4581.498324959037
20260630,2026-06-30,102,Round Rock Express,Pacific Coast League,Dell Diamond,Albuquerque Isotopes,342,4442.0,1,night,Tuesday,1,6,June,14,0,,0,102-7,1,6,14.0,0.4390243902439024,0.5121951219512195,Clear,Clear,93.0,11,Out To LF,0,0,0,,1,-3.0,full_season_release,1,8.398860004454372,8649.0,-3.0,8.203351483648968,0.19550852080540437,3653.173364000134
20260701,2026-07-01,102,Round Rock Express,Pacific Coast League,Dell Diamond,Albuquerque Isotopes,342,3195.0,1,night,Wednesday,2,7,July,14,0,,0,102-7,2,6,1.0,0.4457831325301205,0.5060240963855421,Partly Cloudy,Cloudy,93.0,12,Out To LF,0,0,0,,1,-2.0,full_season_release,1,8.069342366811636,8649.0,-2.0,8.26330980305886,-0.1939674362472239,3878.911310079609
20260702,2026-07-02,102,Round Rock Express,Pacific Coast League,Dell Diamond,Albuquerque Isotopes,342,3825.0,1,night,Thursday,3,7,July,14,0,,0,102-7,3,6,1.0,0.4404761904761904,0.5119047619047619,Partly Cloudy,Cloudy,91.0,10,R To L,0,0,0,,1,-1.0,full_season_release,1,8.249313746260636,8281.0,-1.0,8.376749972427541,-0.1274362261669051,4344.865023489924
20260703,2026-07-03,102,Round Rock Express,Pacific Coast League,Dell Diamond,Albuquerque Isotopes,342,9040.0,1,night,Friday,4,7,July,15,1,,0,102-7,4,6,1.0,0.4352941176470588,0.5176470588235295,Partly Cloudy,Cloudy,91.0,9,Out To LF,0,1,1,"Widget Cap presented by H-E-B, first 2000 fans",1,0.0,full_season_release,1,9.109414453386222,8281.0,0.0,8.710897799577053,0.39851665380916934,6068.688508929232
20260704,2026-07-04,102,Round Rock Express,Pacific Coast League,Dell Diamond,Albuquerque Isotopes,342,11417.0,1,night,Saturday,5,7,July,15,1,Independence Day,1,102-7,5,6,1.0,0.4418604651162791,0.5116279069767442,Partly Cloudy,Cloudy,92.0,8,Out To LF,0,0,0,,1,1.0,full_season_release,1,9.342858751676328,8464.0,1.0,8.719886642838478,0.6229721088378497,6123.484907900492
20260705,2026-07-05,102,Round Rock Express,Pacific Coast League,Dell Diamond,Albuquerque Isotopes,342,3330.0,1,night,Sunday,6,7,July,15,1,,0,102-7,6,6,1.0,0.4367816091954023,0.5172413793103449,Cloudy,Cloudy,93.0,7,R To L,0,0,0,,1,2.0,full_season_release,1,8.110727582974489,8649.0,2.0,8.323924713043036,-0.21319713006854712,4121.3032413594565
20260717,2026-07-17,102,Round Rock Express,Pacific Coast League,Dell Diamond,Las Vegas Aviators,400,7947.0,1,night,Friday,4,7,July,17,1,,0,102-8,1,3,12.0,0.4361702127659574,0.6086956521739131,Partly Cloudy,Cloudy,92.0,8,Out To LF,0,0,0,,1,-1.0,full_season_release,1,8.98054977794018,8464.0,-1.0,8.507085765644566,0.4734640122956133,4949.717412971572
20260718,2026-07-18,102,Round Rock Express,Pacific Coast League,Dell Diamond,Las Vegas Aviators,400,7132.0,1,night,Saturday,5,7,July,17,1,,0,102-8,2,3,1.0,0.431578947368421,0.6129032258064516,Partly Cloudy,Cloudy,91.0,9,Out To LF,0,1,1,"Mystery Jersey presented by Pepsi, first 2000 fans",1,0.0,full_season_release,1,8.872346978983032,8281.0,0.0,8.64460456332197,0.22774241566106213,5679.420962642935
20260719,2026-07-19,102,Round Rock Express,Pacific Coast League,Dell Diamond,Las Vegas Aviators,400,3445.0,1,night,Sunday,6,7,July,17,1,,0,102-8,3,3,1.0,0.4375,0.6063829787234043,Clear,Clear,93.0,10,Out To LF,0,0,0,,1,1.0,full_season_release,1,8.144679183447758,8649.0,1.0,8.315872432154448,-0.17119324870668962,4088.250603188413
20260728,2026-07-28,102,Round Rock Express,Pacific Coast League,Dell Diamond,Reno Aces,2310,3087.0,1,night,Tuesday,1,7,July,18,0,,0,102-9,1,6,9.0,0.4563106796116505,0.4660194174757281,Partly Cloudy,Cloudy,97.0,11,Out To LF,0,0,0,,0,,full_season_release,1,8.034955024502159,9409.0,,8.224916909710982,-0.18996188520882384,3732.8112299359723
20260729,2026-07-29,102,Round Rock Express,Pacific Coast League,Dell Diamond,Reno Aces,2310,3539.0,1,night,Wednesday,2,7,July,18,0,,0,102-9,2,6,1.0,0.4519230769230769,0.4711538461538461,Clear,Clear,96.0,7,Out To CF,0,0,0,,0,,full_season_release,1,8.171599480345463,9216.0,,8.226554553924954,-0.05495507357949059,3738.9292548552635
20260730,2026-07-30,102,Round Rock Express,Pacific Coast League,Dell Diamond,Reno Aces,2310,5023.0,1,night,Thursday,3,7,July,18,0,,0,102-9,3,6,1.0,0.4571428571428571,0.4666666666666667,Clear,Clear,97.0,9,In From LF,0,0,0,,0,,full_season_release,1,8.521782643750045,9409.0,,8.297135293189507,0.22464735056053797,4012.3616744611827
20260731,2026-07-31,102,Round Rock Express,Pacific Coast League,Dell Diamond,Reno Aces,2310,5954.0,1,night,Friday,4,7,July,19,1,,0,102-9,4,6,1.0,0.4622641509433962,0.4622641509433962,Clear,Clear,98.0,10,Out To LF,0,0,0,,0,,full_season_release,1,8.691818541575723,9604.0,,8.614971965721155,0.07684657585456733,5513.594041938386
20260801,2026-08-01,102,Round Rock Express,Pacific Coast League,Dell Diamond,Reno Aces,2310,4358.0,1,night,Saturday,5,8,August,19,1,,0,102-9,5,6,1.0,0.4672897196261682,0.4579439252336448,Cloudy,Cloudy,91.0,8,In From LF,0,0,0,,0,,full_season_release,1,8.379768515504566,8281.0,,8.64619784514663,-0.2664293296420652,5688.4770934058015
20260802,2026-08-02,102,Round Rock Express,Pacific Coast League,Dell Diamond,Reno Aces,2310,5132.0,1,night,Sunday,6,8,August,19,1,,0,102-9,6,6,1.0,0.4722222222222222,0.4537037037037037,Clear,Clear,95.0,1,Calm,0,0,0,,0,,full_season_release,1,8.543250725735527,9025.0,,8.286414076093292,0.25683664964223496,3969.5740514278987
20260811,2026-08-11,102,Round Rock Express,Pacific Coast League,Dell Diamond,Sugar Land Space Cowboys,5434,2893.0,1,night,Tuesday,1,8,August,20,0,,0,102-10,1,6,9.0,0.4782608695652174,0.5175438596491229,Partly Cloudy,Cloudy,95.0,12,Out To LF,0,0,0,,1,-4.0,full_season_release,1,7.970049304976135,9025.0,-4.0,8.217021897261697,-0.24697259228556145,3703.4566685937284
20260812,2026-08-12,102,Round Rock Express,Pacific Coast League,Dell Diamond,Sugar Land Space Cowboys,5434,3638.0,1,night,Wednesday,2,8,August,20,0,,0,102-10,2,6,1.0,0.4741379310344827,0.5217391304347826,Partly Cloudy,Cloudy,96.0,13,Out To LF,0,0,0,,1,-3.0,full_season_release,1,8.199189359078067,9216.0,-3.0,8.18532419709945,0.01386516197861809,3587.9066196428635
20260813,2026-08-13,102,Round Rock Express,Pacific Coast League,Dell Diamond,Sugar Land Space Cowboys,5434,3116.0,1,night,Thursday,3,8,August,20,0,,0,102-10,3,6,1.0,0.4700854700854701,0.5258620689655172,Clear,Clear,96.0,16,Out To LF,0,0,0,,1,-2.0,full_season_release,1,8.044305406990638,9216.0,-2.0,8.27176769039111,-0.22746228340047203,3911.8578375159677
20260814,2026-08-14,102,Round Rock Express,Pacific Coast League,Dell Diamond,Sugar Land Space Cowboys,5434,5147.0,1,night,Friday,4,8,August,21,1,,0,102-10,4,6,1.0,0.4661016949152542,0.5299145299145299,Partly Cloudy,Cloudy,92.0,11,Out To LF,0,0,0,,1,-1.0,full_season_release,1,8.546169299652755,8464.0,-1.0,8.667226481815462,-0.12105718216270667,5809.364606489324
20260815,2026-08-15,102,Round Rock Express,Pacific Coast League,Dell Diamond,Sugar Land Space Cowboys,5434,6057.0,1,night,Saturday,5,8,August,21,1,,0,102-10,5,6,1.0,0.4621848739495798,0.5338983050847458,Partly Cloudy,Cloudy,97.0,13,Out To LF,0,1,1,"Express Western Shirt presented by AARP, first 2000 fans",1,0.0,full_season_release,1,8.708969906980947,9409.0,0.0,8.531440297976008,0.17752960900493875,5071.745401418817
20260816,2026-08-16,102,Round Rock Express,Pacific Coast League,Dell Diamond,Sugar Land Space Cowboys,5434,3276.0,1,day,Sunday,6,8,August,21,1,,0,102-10,6,6,1.0,0.4666666666666667,0.5294117647058824,Sunny,Clear,93.0,7,Out To CF,0,0,0,,1,1.0,full_season_release,1,8.09437844497296,8649.0,1.0,8.415639301196132,-0.32126085622317113,4517.16245927253
20260825,2026-08-25,102,Round Rock Express,Pacific Coast League,Dell Diamond,Albuquerque Isotopes,342,3272.0,1,night,Tuesday,1,8,August,22,0,,0,102-11,1,12,9.0,0.4881889763779528,0.4881889763779528,Partly Cloudy,Cloudy,100.0,11,Out To LF,0,0,0,,1,-4.0,full_season_release,1,8.093156697722637,10000.0,-4.0,8.135004247369546,-0.04184754964690818,3411.830560049548
20260826,2026-08-26,102,Round Rock Express,Pacific Coast League,Dell Diamond,Albuquerque Isotopes,342,3021.0,1,night,Wednesday,2,8,August,22,0,,0,102-11,2,12,1.0,0.484375,0.4921875,Cloudy,Cloudy,99.0,6,In From LF,0,0,0,,1,-3.0,full_season_release,1,8.013343181386672,9801.0,-3.0,8.139251133165278,-0.12590795177860592,3426.351026349203
20260827,2026-08-27,102,Round Rock Express,Pacific Coast League,Dell Diamond,Albuquerque Isotopes,342,3008.0,1,night,Thursday,3,8,August,22,0,,0,102-11,3,12,1.0,0.4806201550387597,0.4961240310077519,Cloudy,Cloudy,97.0,8,Out To LF,0,0,0,,1,-2.0,full_season_release,1,8.00903068506973,9409.0,-2.0,8.26241632181541,-0.25338563674567993,3875.447123402414
20260828,2026-08-28,102,Round Rock Express,Pacific Coast League,Dell Diamond,Albuquerque Isotopes,342,6250.0,1,night,Friday,4,8,August,23,1,,0,102-11,4,12,1.0,0.4769230769230769,0.5,Cloudy,Cloudy,87.0,7,Out To LF,0,0,0,,1,-1.0,full_season_release,1,8.740336742730447,7569.0,-1.0,8.733749541124197,0.006587201606249593,6208.96529029254
20260829,2026-08-29,102,Round Rock Express,Pacific Coast League,Dell Diamond,Albuquerque Isotopes,342,5019.0,1,night,Saturday,5,8,August,23,1,,0,102-11,5,12,1.0,0.4809160305343511,0.4961832061068702,Clear,Clear,93.0,8,Out To LF,0,1,1,"Vince Young Bobblehead presented by Dell, first 2000 fans",1,0.0,full_season_release,1,8.520985989654934,8649.0,0.0,8.604632055939286,-0.08364606628435212,5456.877703195832
20260830,2026-08-30,102,Round Rock Express,Pacific Coast League,Dell Diamond,Albuquerque Isotopes,342,3225.0,1,day,Sunday,6,8,August,23,1,,0,102-11,6,12,1.0,0.4848484848484848,0.4924242424242424,Partly Cloudy,Cloudy,93.0,8,Out To LF,0,0,0,,1,1.0,full_season_release,1,8.078688229229872,8649.0,1.0,8.424612137251765,-0.3459239080218932,4557.876604969803
20260327,2026-03-27,105,Sacramento River Cats,Pacific Coast League,Sutter Health Park,El Paso Chihuahuas,4904,6258.0,1,night,Friday,4,3,March,1,1,,0,105-1,1,3,1.0,0.0,1.0,Partly Cloudy,Cloudy,81.0,2,Out To RF,0,0,0,,1,-1.0,full_season_release,1,8.741615924228828,6561.0,-1.0,8.13371690408101,0.6078990201478174,3407.441188796453
20260328,2026-03-28,105,Sacramento River Cats,Pacific Coast League,Sutter Health Park,El Paso Chihuahuas,4904,4573.0,1,night,Saturday,5,3,March,1,1,,0,105-1,2,3,1.0,0.5,0.5,Clear,Clear,80.0,4,L To R,0,1,1,"Dinger Building Blocks Set, first 2500 fans",1,0.0,full_season_release,1,8.427924723658055,6400.0,0.0,8.164146420757998,0.2637783029000573,3512.7216707393654
20260329,2026-03-29,105,Sacramento River Cats,Pacific Coast League,Sutter Health Park,El Paso Chihuahuas,4904,4105.0,1,day,Sunday,6,3,March,1,1,,0,105-1,3,3,1.0,0.6666666666666666,0.3333333333333333,Partly Cloudy,Cloudy,83.0,6,Out To RF,0,0,0,,1,1.0,full_season_release,1,8.31996102188653,6889.0,1.0,7.994572565263429,0.32538845662310045,2964.8228579025363
20260407,2026-04-07,105,Sacramento River Cats,Pacific Coast League,Sutter Health Park,Las Vegas Aviators,400,2073.0,1,night,Tuesday,1,4,April,2,0,,0,105-2,1,5,9.0,0.6,0.7,Clear,Clear,75.0,5,Out To LF,0,0,0,,1,-3.0,full_season_release,1,7.636752112435779,5625.0,-3.0,7.697196054574692,-0.06044394213891291,2202.1645776670994
20260408,2026-04-08,105,Sacramento River Cats,Pacific Coast League,Sutter Health Park,Las Vegas Aviators,400,2043.0,1,night,Wednesday,2,4,April,2,0,,0,105-2,2,5,1.0,0.6363636363636364,0.6363636363636364,Clear,Clear,79.0,7,R To L,0,0,0,,1,-2.0,full_season_release,1,7.622174594817622,6241.0,-2.0,7.689268253934657,-0.06709365911703458,2184.7752764518614
20260409,2026-04-09,105,Sacramento River Cats,Pacific Coast League,Sutter Health Park,Las Vegas Aviators,400,2324.0,1,night,Thursday,3,4,April,2,0,,0,105-2,3,5,1.0,0.6666666666666666,0.5833333333333334,Partly Cloudy,Cloudy,73.0,9,Out To RF,0,0,0,,1,-1.0,full_season_release,1,7.751045117971802,5329.0,-1.0,7.795964859214064,-0.04491974124226239,2430.773647725465
20260410,2026-04-10,105,Sacramento River Cats,Pacific Coast League,Sutter Health Park,Las Vegas Aviators,400,2573.0,1,night,Friday,4,4,April,3,1,,0,105-2,4,5,1.0,0.6923076923076923,0.5384615384615384,Rain,Precipitation,62.0,5,R To L,1,1,1,Kirk Rueter T-Shirt,1,0.0,full_season_release,1,7.8528278122817445,3844.0,0.0,8.003402441986264,-0.1505746297045194,2991.1177979383647
20260422,2026-04-22,105,Sacramento River Cats,Pacific Coast League,Sutter Health Park,Albuquerque Isotopes,342,3461.0,1,night,Wednesday,2,4,April,4,0,,0,105-3,1,5,12.0,0.55,0.5909090909090909,Partly Cloudy,Cloudy,63.0,4,L To R,0,0,0,,1,-2.0,full_season_release,1,8.149312843635345,3969.0,-2.0,7.499028701878996,0.650284141756349,1806.2871188518657
20260423,2026-04-23,105,Sacramento River Cats,Pacific Coast League,Sutter Health Park,Albuquerque Isotopes,342,2391.0,1,night,Thursday,3,4,April,4,0,,0,105-3,2,5,1.0,0.5714285714285714,0.5652173913043478,Clear,Clear,71.0,6,Out To RF,0,0,0,,1,-1.0,full_season_release,1,7.779466967458324,5041.0,-1.0,7.819176852109271,-0.03970988465094649,2487.8566909739643
20260424,2026-04-24,105,Sacramento River Cats,Pacific Coast League,Sutter Health Park,Albuquerque Isotopes,342,6215.0,1,night,Friday,4,4,April,5,1,,0,105-3,3,5,1.0,0.5909090909090909,0.5416666666666666,Clear,Clear,69.0,10,Out To RF,0,1,1,River Cats Crewneck,1,0.0,full_season_release,1,8.734721003944811,4761.0,0.0,8.151974264455141,0.5827467394896697,3470.2234457483287
20260425,2026-04-25,105,Sacramento River Cats,Pacific Coast League,Sutter Health Park,Albuquerque Isotopes,342,5298.0,2,night,Saturday,5,4,April,5,1,,0,105-3,4,5,1.0,0.5833333333333334,0.5384615384615384,Cloudy,Cloudy,62.0,10,Out To CF,0,0,0,,1,1.0,full_season_release,1,8.575084669832014,3844.0,1.0,8.04849808964128,0.5265865801907346,3129.0918248949706
20260426,2026-04-26,105,Sacramento River Cats,Pacific Coast League,Sutter Health Park,Albuquerque Isotopes,342,5500.0,1,day,Sunday,6,4,April,5,1,,0,105-3,5,5,1.0,0.56,0.5555555555555556,Cloudy,Cloudy,60.0,9,R To L,0,0,0,,1,2.0,full_season_release,1,8.612503371220562,3600.0,2.0,7.845090705836222,0.7674126653843398,2553.169240391659
20260505,2026-05-05,105,Sacramento River Cats,Pacific Coast League,Sutter Health Park,Reno Aces,2310,3701.0,1,night,Tuesday,1,5,May,6,0,,0,105-4,1,6,9.0,0.53125,0.5294117647058824,Cloudy,Cloudy,64.0,5,Out To LF,0,0,0,,1,-3.0,full_season_release,1,8.216358332386156,4096.0,-3.0,8.001261700104939,0.21509663228121667,2984.7214357193443
20260506,2026-05-06,105,Sacramento River Cats,Pacific Coast League,Sutter Health Park,Reno Aces,2310,3753.0,1,day,Wednesday,2,5,May,6,0,,0,105-4,2,6,1.0,0.5454545454545454,0.5142857142857142,Overcast,Cloudy,69.0,0,Calm,0,0,0,,1,-2.0,full_season_release,1,8.23031079913502,4761.0,-2.0,8.142109963613905,0.0882008355211159,3436.1603979752313
20260507,2026-05-07,105,Sacramento River Cats,Pacific Coast League,Sutter Health Park,Reno Aces,2310,3237.0,1,night,Thursday,3,5,May,6,0,,0,105-4,3,6,1.0,0.5588235294117647,0.5,Clear,Clear,81.0,8,Out To RF,0,0,0,,1,-1.0,full_season_release,1,8.082402253926244,6561.0,-1.0,8.104490227153104,-0.022087973226859958,3309.2942468189117
20260508,2026-05-08,105,Sacramento River Cats,Pacific Coast League,Sutter Health Park,Reno Aces,2310,5930.0,1,night,Friday,4,5,May,7,1,,0,105-4,4,6,1.0,0.5428571428571428,0.5135135135135135,Clear,Clear,80.0,9,Out To LF,0,1,1,Dinger Plush Keychain,1,0.0,full_season_release,1,8.68777949199177,6400.0,0.0,8.44253800612405,0.2452414858677212,4640.317205435495
20260509,2026-05-09,105,Sacramento River Cats,Pacific Coast League,Sutter Health Park,Reno Aces,2310,5642.0,1,night,Saturday,5,5,May,7,1,,0,105-4,5,6,1.0,0.5277777777777778,0.5263157894736842,Clear,Clear,82.0,10,Out To LF,0,0,0,,1,1.0,full_season_release,1,8.637993891561942,6724.0,1.0,8.373559381181535,0.2644345103804078,4331.024426765561
20260510,2026-05-10,105,Sacramento River Cats,Pacific Coast League,Sutter Health Park,Reno Aces,2310,4531.0,1,day,Sunday,6,5,May,7,1,Mother's Day,1,105-4,6,6,1.0,0.5405405405405406,0.5128205128205128,Sunny,Clear,76.0,6,Out To CF,0,0,0,,1,2.0,full_season_release,1,8.418697944667139,5776.0,2.0,8.294986139688518,0.12371180497862078,4003.7477529566013
20260519,2026-05-19,105,Sacramento River Cats,Pacific Coast League,Sutter Health Park,Sugar Land Space Cowboys,5434,5723.0,1,day,Tuesday,1,5,May,8,0,,0,105-5,1,6,9.0,0.5909090909090909,0.4347826086956521,Sunny,Clear,81.0,5,L To R,0,0,0,,1,-3.0,full_season_release,1,8.652248422409102,6561.0,-3.0,8.169679544928092,0.4825688774810093,3532.21186703155
20260520,2026-05-20,105,Sacramento River Cats,Pacific Coast League,Sutter Health Park,Sugar Land Space Cowboys,5434,2850.0,1,night,Wednesday,2,5,May,8,0,,0,105-5,2,6,1.0,0.6,0.425531914893617,Clear,Clear,89.0,6,Out To RF,0,0,0,,1,-2.0,full_season_release,1,7.955074273262696,7921.0,-2.0,7.968875473374344,-0.013801200111648093,2889.606097500721
20260521,2026-05-21,105,Sacramento River Cats,Pacific Coast League,Sutter Health Park,Sugar Land Space Cowboys,5434,3366.0,1,night,Thursday,3,5,May,8,0,,0,105-5,3,6,1.0,0.6086956521739131,0.4166666666666667,Clear,Clear,90.0,9,Varies,0,0,0,,1,-1.0,full_season_release,1,8.121480374750751,8100.0,-1.0,8.045767860219005,0.07571251453174632,3120.5603380873754
20260522,2026-05-22,105,Sacramento River Cats,Pacific Coast League,Sutter Health Park,Sugar Land Space Cowboys,5434,5299.0,1,night,Friday,4,5,May,9,1,,0,105-5,4,6,1.0,0.5957446808510638,0.4285714285714285,Clear,Clear,81.0,13,Out To RF,0,1,1,Bryce Eldridge Bobblecard presented by Toyota,1,0.0,full_season_release,1,8.575273402492762,6561.0,0.0,8.456725738813828,0.11854766367893355,4706.622030897665
20260523,2026-05-23,105,Sacramento River Cats,Pacific Coast League,Sutter Health Park,Sugar Land Space Cowboys,5434,6465.0,1,night,Saturday,5,5,May,9,1,,0,105-5,5,6,1.0,0.6041666666666666,0.42,Clear,Clear,75.0,11,Varies,0,0,0,,1,1.0,full_season_release,1,8.774158291205957,5625.0,1.0,8.417874588749338,0.35628370245661856,4527.270909731387
20260524,2026-05-24,105,Sacramento River Cats,Pacific Coast League,Sutter Health Park,Sugar Land Space Cowboys,5434,5165.0,1,day,Sunday,6,5,May,9,1,,0,105-5,6,6,1.0,0.5918367346938775,0.4313725490196078,Partly Cloudy,Cloudy,79.0,5,Out To LF,0,0,0,,1,2.0,full_season_release,1,8.549660381553739,6241.0,2.0,8.227516841006665,0.3221435405470743,3742.5289098496187
20260602,2026-06-02,105,Sacramento River Cats,Pacific Coast League,Sutter Health Park,Tacoma Rainiers,529,2643.0,1,night,Tuesday,1,6,June,10,0,,0,105-6,1,6,9.0,0.5892857142857143,0.4137931034482758,Partly Cloudy,Cloudy,84.0,10,Out To RF,0,0,0,,1,-3.0,full_season_release,1,7.879669914604289,7056.0,-3.0,8.106282915604902,-0.22661300100061332,3315.2321011700274
20260603,2026-06-03,105,Sacramento River Cats,Pacific Coast League,Sutter Health Park,Tacoma Rainiers,529,2399.0,1,night,Wednesday,2,6,June,10,0,,0,105-6,2,6,1.0,0.5789473684210527,0.423728813559322,Clear,Clear,89.0,9,Out To RF,0,0,0,,1,-2.0,full_season_release,1,7.782807262839695,7921.0,-2.0,8.04311927482033,-0.2603120119806359,3112.306203255964
20260604,2026-06-04,105,Sacramento River Cats,Pacific Coast League,Sutter Health Park,Tacoma Rainiers,529,2603.0,1,night,Thursday,3,6,June,10,0,,0,105-6,3,6,1.0,0.5862068965517241,0.4166666666666667,Clear,Clear,90.0,8,Out To RF,0,0,0,,1,-1.0,full_season_release,1,7.864419904994565,8100.0,-1.0,8.11965776400162,-0.2552378590070541,3359.870679597801
20260605,2026-06-05,105,Sacramento River Cats,Pacific Coast League,Sutter Health Park,Tacoma Rainiers,529,4041.0,1,night,Friday,4,6,June,11,1,,0,105-6,4,6,1.0,0.5932203389830508,0.4098360655737705,Partly Cloudy,Cloudy,90.0,11,Out To LF,0,1,1,River Cats Visor,1,0.0,full_season_release,1,8.304247465078474,8100.0,0.0,8.45594189452949,-0.15169442945101608,4702.9342176446935
20260606,2026-06-06,105,Sacramento River Cats,Pacific Coast League,Sutter Health Park,Tacoma Rainiers,529,4611.0,1,night,Saturday,5,6,June,11,1,,0,105-6,5,6,1.0,0.6,0.4032258064516129,Clear,Clear,78.0,13,Out To LF,0,0,0,,1,1.0,full_season_release,1,8.436200032206706,6084.0,1.0,8.489465342611489,-0.05326531040478244,4863.265197356892
20260607,2026-06-07,105,Sacramento River Cats,Pacific Coast League,Sutter Health Park,Tacoma Rainiers,529,4398.0,1,day,Sunday,6,6,June,11,1,,0,105-6,6,6,1.0,0.6065573770491803,0.3968253968253968,Sunny,Clear,78.0,4,Calm,0,0,0,,1,2.0,full_season_release,1,8.388905171114706,6084.0,2.0,8.309884706681228,0.07902046443347821,4063.8444225846765
20260623,2026-06-23,105,Sacramento River Cats,Pacific Coast League,Sutter Health Park,Las Vegas Aviators,400,3467.0,1,night,Tuesday,1,6,June,13,0,,0,105-7,1,6,14.0,0.5753424657534246,0.6081081081081081,Clear,Clear,89.0,10,Out To LF,0,0,0,,1,-3.0,full_season_release,1,8.151044945685024,7921.0,-3.0,7.917101717850527,0.23394322783449706,2743.8071831638326
20260624,2026-06-24,105,Sacramento River Cats,Pacific Coast League,Sutter Health Park,Las Vegas Aviators,400,3645.0,1,day,Wednesday,2,6,June,13,0,,0,105-7,2,6,1.0,0.5675675675675675,0.6133333333333333,Sunny,Clear,80.0,7,Calm,0,0,0,,1,-2.0,full_season_release,1,8.201111644442758,6400.0,-2.0,8.177192393052934,0.02391925138982387,3558.848772557652
20260625,2026-06-25,105,Sacramento River Cats,Pacific Coast League,Sutter Health Park,Las Vegas Aviators,400,4075.0,1,night,Thursday,3,6,June,13,0,,0,105-7,3,6,1.0,0.56,0.618421052631579,Partly Cloudy,Cloudy,80.0,13,Out To LF,0,0,0,,1,-1.0,full_season_release,1,8.312626025674962,6400.0,-1.0,8.141941372629372,0.17068465304559055,3435.5811411408363
20260626,2026-06-26,105,Sacramento River Cats,Pacific Coast League,Sutter Health Park,Las Vegas Aviators,400,4147.0,1,night,Friday,4,6,June,14,1,,0,105-7,4,6,1.0,0.5657894736842105,0.6103896103896104,Clear,Clear,77.0,16,Out To LF,0,1,1,Will Clark T-Shirt,1,0.0,full_season_release,1,8.330140460246382,5929.0,0.0,8.488302101484168,-0.1581616412377862,4857.611336305644
20260627,2026-06-27,105,Sacramento River Cats,Pacific Coast League,Sutter Health Park,Las Vegas Aviators,400,6412.0,1,night,Saturday,5,6,June,14,1,,0,105-7,5,6,1.0,0.5584415584415584,0.6153846153846154,Clear,Clear,78.0,10,Out To LF,0,0,0,,1,1.0,full_season_release,1,8.765926513729443,6084.0,1.0,8.428467844737597,0.3374586689918466,4575.484367291796
20260628,2026-06-28,105,Sacramento River Cats,Pacific Coast League,Sutter Health Park,Las Vegas Aviators,400,4214.0,1,day,Sunday,6,6,June,14,1,,0,105-7,6,6,1.0,0.5512820512820513,0.620253164556962,Sunny,Clear,81.0,10,L To R,0,0,0,,1,2.0,full_season_release,1,8.346167594364134,6561.0,2.0,8.235550039759591,0.11061755460454314,3772.714469392238
20260707,2026-07-07,105,Sacramento River Cats,Pacific Coast League,Sutter Health Park,Salt Lake Bees,561,3005.0,1,night,Tuesday,1,7,July,15,0,,0,105-8,1,6,9.0,0.5411764705882353,0.5057471264367817,Clear,Clear,77.0,11,Out To CF,0,0,0,,1,-3.0,full_season_release,1,8.008032846969307,5929.0,-3.0,8.108467256348613,-0.10043440937930548,3322.481612542508
20260708,2026-07-08,105,Sacramento River Cats,Pacific Coast League,Sutter Health Park,Salt Lake Bees,561,2210.0,1,night,Wednesday,2,7,July,15,0,,0,105-8,2,6,1.0,0.5465116279069767,0.5,Clear,Clear,87.0,10,Out To LF,0,0,0,,1,-2.0,full_season_release,1,7.700747794511798,7569.0,-2.0,8.035942117037482,-0.33519432252568393,3090.0486590633054
20260709,2026-07-09,105,Sacramento River Cats,Pacific Coast League,Sutter Health Park,Salt Lake Bees,561,2103.0,1,night,Thursday,3,7,July,15,0,,0,105-8,3,6,1.0,0.5517241379310345,0.4943820224719101,Clear,Clear,91.0,12,Out To LF,0,0,0,,1,-1.0,full_season_release,1,7.6511201757027,8281.0,-1.0,8.078685058789079,-0.4275648830863785,3224.9897753446467
20260710,2026-07-10,105,Sacramento River Cats,Pacific Coast League,Sutter Health Park,Salt Lake Bees,561,3688.0,1,night,Friday,4,7,July,16,1,,0,105-8,4,6,1.0,0.5454545454545454,0.5,Clear,Clear,84.0,13,Out To LF,0,1,1,Bryce Eldridge T-Shirt,1,0.0,full_season_release,1,8.212839584676484,7056.0,0.0,8.484282751787648,-0.2714431671111637,4838.126082911203
20260711,2026-07-11,105,Sacramento River Cats,Pacific Coast League,Sutter Health Park,Salt Lake Bees,561,8332.0,1,night,Saturday,5,7,July,16,1,,0,105-8,5,6,1.0,0.550561797752809,0.4945054945054945,Partly Cloudy,Cloudy,89.0,9,Out To LF,0,0,0,,1,1.0,full_season_release,1,9.027858802380862,7921.0,1.0,8.381279483479114,0.6465793189017486,4364.589775649348
20260712,2026-07-12,105,Sacramento River Cats,Pacific Coast League,Sutter Health Park,Salt Lake Bees,561,3048.0,1,day,Sunday,6,7,July,16,1,,0,105-8,6,6,1.0,0.5444444444444444,0.5,Cloudy,Cloudy,85.0,1,Calm,0,0,0,,1,2.0,full_season_release,1,8.022240916806537,7225.0,2.0,8.239004663212988,-0.21676374640645157,3785.770315813298
20260721,2026-07-21,105,Sacramento River Cats,Pacific Coast League,Sutter Health Park,Oklahoma City Comets,238,3083.0,1,night,Tuesday,1,7,July,17,0,,0,105-9,1,6,9.0,0.5531914893617021,0.5473684210526316,Clear,Clear,95.0,10,Out To CF,0,0,0,,1,-3.0,full_season_release,1,8.03365842788615,9025.0,-3.0,7.9312590194949895,0.10239940839116102,2782.928360850074
20260722,2026-07-22,105,Sacramento River Cats,Pacific Coast League,Sutter Health Park,Oklahoma City Comets,238,3224.0,1,day,Wednesday,2,7,July,17,0,,0,105-9,2,6,1.0,0.5578947368421052,0.5416666666666666,Sunny,Clear,82.0,11,Out To LF,0,0,0,,1,-2.0,full_season_release,1,8.07837810362652,6724.0,-2.0,8.182125333370244,-0.10374722974372474,3576.447732773611
20260723,2026-07-23,105,Sacramento River Cats,Pacific Coast League,Sutter Health Park,Oklahoma City Comets,238,2685.0,1,night,Thursday,3,7,July,17,0,,0,105-9,3,6,1.0,0.5625,0.5360824742268041,Clear,Clear,90.0,9,R To L,0,0,0,,1,-1.0,full_season_release,1,7.895436006942965,8100.0,-1.0,8.076331834689077,-0.18089582774611124,3217.4095741371784
20260724,2026-07-24,105,Sacramento River Cats,Pacific Coast League,Sutter Health Park,Oklahoma City Comets,238,4002.0,1,night,Friday,4,7,July,18,1,,0,105-9,4,6,1.0,0.5567010309278351,0.5408163265306123,Clear,Clear,86.0,13,Out To LF,0,1,1,Carson Whisenhunt Bobblehead,1,0.0,full_season_release,1,8.294549515143679,7396.0,0.0,8.453162205293644,-0.15861269014996537,4689.879674215621
20260725,2026-07-25,105,Sacramento River Cats,Pacific Coast League,Sutter Health Park,Oklahoma City Comets,238,6299.0,1,night,Saturday,5,7,July,18,1,,0,105-9,5,6,1.0,0.5612244897959183,0.5353535353535354,Clear,Clear,90.0,10,Out To LF,0,0,0,,1,1.0,full_season_release,1,8.74814616962193,8100.0,1.0,8.3549647850873,0.39318138453462836,4251.234902842821
20260726,2026-07-26,105,Sacramento River Cats,Pacific Coast League,Sutter Health Park,Oklahoma City Comets,238,3029.0,1,day,Sunday,6,7,July,18,1,,0,105-9,6,6,1.0,0.5656565656565656,0.53,Sunny,Clear,88.0,5,Out To LF,0,0,0,,1,2.0,full_season_release,1,8.015987811027237,7744.0,2.0,8.19806664545844,-0.1820788344312021,3633.9178598177728
20260804,2026-08-04,105,Sacramento River Cats,Pacific Coast League,Sutter Health Park,Round Rock Express,102,2092.0,1,night,Tuesday,1,8,August,19,0,,0,105-10,1,6,9.0,0.5849056603773585,0.4678899082568807,Clear,Clear,93.0,10,Out To LF,0,0,0,,1,-3.0,full_season_release,1,7.645875825184813,8649.0,-3.0,7.9603288296168015,-0.3144530044319884,2865.014899379452
20260805,2026-08-05,105,Sacramento River Cats,Pacific Coast League,Sutter Health Park,Round Rock Express,102,2405.0,1,night,Wednesday,2,8,August,19,0,,0,105-10,2,6,1.0,0.5794392523364486,0.4727272727272727,Clear,Clear,94.0,9,R To L,0,0,0,,1,-2.0,full_season_release,1,7.785305182539862,8836.0,-2.0,7.930188836828207,-0.14488365428834538,2779.9517122183743
20260806,2026-08-06,105,Sacramento River Cats,Pacific Coast League,Sutter Health Park,Round Rock Express,102,2747.0,1,night,Thursday,3,8,August,19,0,,0,105-10,3,6,1.0,0.5740740740740741,0.4774774774774775,Clear,Clear,92.0,9,Out To LF,0,0,0,,1,-1.0,full_season_release,1,7.918264686095274,8464.0,-1.0,8.045553841890639,-0.12728915579536526,3119.892552441985
20260807,2026-08-07,105,Sacramento River Cats,Pacific Coast League,Sutter Health Park,Round Rock Express,102,5936.0,1,night,Friday,4,8,August,20,1,,0,105-10,4,6,1.0,0.5688073394495413,0.4821428571428571,Clear,Clear,90.0,10,Out To LF,0,1,1,River Cats Camo T-Shirt,1,0.0,full_season_release,1,8.688790784847216,8100.0,0.0,8.405862638580999,0.282928146266217,4473.214866378205
20260808,2026-08-08,105,Sacramento River Cats,Pacific Coast League,Sutter Health Park,Round Rock Express,102,5076.0,1,night,Saturday,5,8,August,20,1,,0,105-10,5,6,1.0,0.5727272727272728,0.4778761061946903,Clear,Clear,93.0,9,Out To LF,0,0,0,,1,1.0,full_season_release,1,8.532278828834277,8649.0,1.0,8.309768664680245,0.22251016415403235,4063.372873306488
20260809,2026-08-09,105,Sacramento River Cats,Pacific Coast League,Sutter Health Park,Round Rock Express,102,2511.0,1,day,Sunday,6,8,August,20,1,,0,105-10,6,6,1.0,0.5765765765765766,0.4736842105263157,Partly Cloudy,Cloudy,93.0,3,Out To RF,0,0,0,,1,2.0,full_season_release,1,7.828436359157585,8649.0,2.0,8.129898732062534,-0.3014623729049486,3394.4557981978564
20260818,2026-08-18,105,Sacramento River Cats,Pacific Coast League,Sutter Health Park,Tacoma Rainiers,529,2099.0,1,night,Tuesday,1,8,August,21,0,,0,105-11,1,6,9.0,0.5847457627118644,0.4462809917355372,Partly Cloudy,Cloudy,92.0,7,Out To RF,0,0,0,,1,-3.0,full_season_release,1,7.649216319820633,8464.0,-3.0,7.981280108756383,-0.3320637889357503,2925.673848696735
20260819,2026-08-19,105,Sacramento River Cats,Pacific Coast League,Sutter Health Park,Tacoma Rainiers,529,2137.0,1,night,Wednesday,2,8,August,21,0,,0,105-11,2,6,1.0,0.5882352941176471,0.4426229508196721,Clear,Clear,92.0,8,R To L,0,0,0,,1,-2.0,full_season_release,1,7.667158255319148,8464.0,-2.0,7.967324786570175,-0.3001665312510271,2885.128695877095
20260820,2026-08-20,105,Sacramento River Cats,Pacific Coast League,Sutter Health Park,Tacoma Rainiers,529,2341.0,1,night,Thursday,3,8,August,21,0,,0,105-11,3,6,1.0,0.5916666666666667,0.4390243902439024,Partly Cloudy,Cloudy,85.0,8,Out To LF,0,0,0,,1,-1.0,full_season_release,1,7.75833346749091,7225.0,-1.0,8.131777041554267,-0.3734435740633568,3400.8376283927123
20260821,2026-08-21,105,Sacramento River Cats,Pacific Coast League,Sutter Health Park,Tacoma Rainiers,529,4006.0,1,night,Friday,4,8,August,22,1,,0,105-11,4,6,1.0,0.5867768595041323,0.4435483870967742,Partly Cloudy,Cloudy,87.0,11,Varies,0,1,1,River Cats Lunch Box,1,0.0,full_season_release,1,8.295548516225763,7569.0,0.0,8.448247217469346,-0.1526987012435832,4666.8855269855785
20260822,2026-08-22,105,Sacramento River Cats,Pacific Coast League,Sutter Health Park,Tacoma Rainiers,529,7814.0,1,night,Saturday,5,8,August,22,1,,0,105-11,5,6,1.0,0.5819672131147541,0.448,Partly Cloudy,Cloudy,92.0,6,Out To LF,0,0,0,,1,1.0,full_season_release,1,8.963672275615016,8464.0,1.0,8.331914890612888,0.6317573850021283,4154.365095221729
20260823,2026-08-23,105,Sacramento River Cats,Pacific Coast League,Sutter Health Park,Tacoma Rainiers,529,4341.0,1,day,Sunday,6,8,August,22,1,,0,105-11,6,6,1.0,0.5772357723577236,0.4523809523809524,Partly Cloudy,Cloudy,88.0,3,L To R,0,0,0,,1,2.0,full_season_release,1,8.375860015299594,7744.0,2.0,8.19912682002379,0.1767331952758031,3637.7724900347444
20260408,2026-04-08,531,Scranton/Wilkes-Barre RailRiders,International League,PNC Field,Durham Bulls,234,2191.0,1,night,Wednesday,2,4,April,2,0,,0,531-1,1,5,1.0,0.7,0.2,Clear,Clear,53.0,4,Out To LF,0,0,0,,0,,full_season_release,1,7.692113339595466,2809.0,,7.87720625834616,-0.18509291875069334,2636.4965709060925
20260409,2026-04-09,531,Scranton/Wilkes-Barre RailRiders,International League,PNC Field,Durham Bulls,234,2406.0,1,night,Thursday,3,4,April,2,0,,0,531-1,2,5,1.0,0.7272727272727273,0.1818181818181818,Clear,Clear,55.0,10,R To L,0,0,0,,0,,full_season_release,1,7.785720896534624,3025.0,,7.997782470041233,-0.2120615735066096,2974.3549473246712
20260410,2026-04-10,531,Scranton/Wilkes-Barre RailRiders,International League,PNC Field,Durham Bulls,234,4015.0,1,night,Friday,4,4,April,3,1,,0,531-1,3,5,1.0,0.6666666666666666,0.25,Cloudy,Cloudy,72.0,13,Out To CF,0,0,0,,0,,full_season_release,1,8.297792626380861,5184.0,,8.46521166180756,-0.16741903542669867,4746.7320074024465
20260411,2026-04-11,531,Scranton/Wilkes-Barre RailRiders,International League,PNC Field,Durham Bulls,234,3944.0,2,day,Saturday,5,4,April,3,1,,0,531-1,4,5,1.0,0.6428571428571429,0.2857142857142857,Sunny,Clear,54.0,12,Varies,0,0,0,,0,,full_season_release,1,8.279950715722526,2916.0,,8.362255774668245,-0.08230505894571927,4282.343882038347
20260412,2026-04-12,531,Scranton/Wilkes-Barre RailRiders,International League,PNC Field,Durham Bulls,234,4487.0,1,day,Sunday,6,4,April,3,1,,0,531-1,5,5,1.0,0.6,0.3333333333333333,Sunny,Clear,59.0,10,Out To LF,0,0,0,,0,,full_season_release,1,8.408939605975984,3481.0,,8.12092469020201,0.2880149157739744,3364.1300853983785
20260421,2026-04-21,531,Scranton/Wilkes-Barre RailRiders,International League,PNC Field,Rochester Red Wings,534,2103.0,1,night,Tuesday,1,4,April,4,0,,0,531-2,1,10,9.0,0.5238095238095238,0.5,Cloudy,Cloudy,50.0,6,Varies,0,0,0,,1,-8.0,full_season_release,1,7.6511201757027,2500.0,-8.0,7.763036027425262,-0.11191585172256158,2352.0346179474222
20260422,2026-04-22,531,Scranton/Wilkes-Barre RailRiders,International League,PNC Field,Rochester Red Wings,534,2218.0,1,night,Wednesday,2,4,April,4,0,,0,531-2,2,10,1.0,0.5,0.5217391304347826,Partly Cloudy,Cloudy,62.0,5,Calm,0,0,0,,1,-7.0,full_season_release,1,7.704361167910313,3844.0,-7.0,7.917371275234496,-0.21301010732418302,2744.5468963433364
20260423,2026-04-23,531,Scranton/Wilkes-Barre RailRiders,International League,PNC Field,Rochester Red Wings,534,2971.0,1,night,Thursday,3,4,April,4,0,,0,531-2,3,10,1.0,0.5217391304347826,0.5,Partly Cloudy,Cloudy,69.0,10,L To R,0,0,0,,1,-6.0,full_season_release,1,7.9966538754626075,4761.0,-6.0,8.056771239781636,-0.060117364319028255,3155.0866526538903
20260424,2026-04-24,531,Scranton/Wilkes-Barre RailRiders,International League,PNC Field,Rochester Red Wings,534,3233.0,1,night,Friday,4,4,April,5,1,,0,531-2,4,10,1.0,0.5416666666666666,0.48,Partly Cloudy,Cloudy,62.0,6,L To R,0,0,0,,1,-5.0,full_season_release,1,8.081165777725433,3844.0,-5.0,8.346602384386623,-0.26543660666118996,4215.83260352476
20260426,2026-04-26,531,Scranton/Wilkes-Barre RailRiders,International League,PNC Field,Rochester Red Wings,534,2957.0,2,day,Sunday,6,4,April,5,1,,0,531-2,5,10,2.0,0.5384615384615384,0.4814814814814814,Partly Cloudy,Cloudy,52.0,5,Varies,0,0,0,,1,-4.0,full_season_release,1,7.9919305198524775,2704.0,-4.0,7.9635640336802815,0.028366486172195948,2874.298816810009
20260428,2026-04-28,531,Scranton/Wilkes-Barre RailRiders,International League,PNC Field,Buffalo Bisons,422,8451.0,1,night,Tuesday,1,4,April,5,0,,0,531-2,6,10,2.0,0.5555555555555556,0.4642857142857143,Cloudy,Cloudy,56.0,7,Varies,0,0,0,,1,-3.0,full_season_release,1,9.042040056544483,3136.0,-3.0,7.951478760654369,1.0905612958901143,2839.7711889953243
20260430,2026-04-30,531,Scranton/Wilkes-Barre RailRiders,International League,PNC Field,Buffalo Bisons,422,2145.0,1,night,Thursday,3,4,April,5,0,,0,531-2,7,10,2.0,0.5714285714285714,0.4482758620689655,Partly Cloudy,Cloudy,51.0,9,Varies,0,0,0,,1,-2.0,full_season_release,1,7.6708948313621175,2601.0,-2.0,7.819746672662719,-0.14885184130060125,2489.274726825132
20260501,2026-05-01,531,Scranton/Wilkes-Barre RailRiders,International League,PNC Field,Buffalo Bisons,422,2902.0,2,night,Friday,4,5,May,6,1,,0,531-2,8,10,1.0,0.5666666666666667,0.4516129032258064,Cloudy,Cloudy,51.0,5,Varies,0,0,0,,1,-1.0,full_season_release,1,7.973155433444133,2601.0,-1.0,8.452843537876126,-0.4796881044319923,4688.385400472188
20260502,2026-05-02,531,Scranton/Wilkes-Barre RailRiders,International League,PNC Field,Buffalo Bisons,422,3727.0,1,day,Saturday,5,5,May,6,1,,0,531-2,9,10,1.0,0.5483870967741935,0.46875,Partly Cloudy,Cloudy,51.0,8,L To R,0,1,1,CHAMP popcorn bucket courtesy of the Times-Leader,1,0.0,full_season_release,1,8.223358899479258,2601.0,0.0,8.51513129730815,-0.2917723978288915,4989.7011506766485
20260503,2026-05-03,531,Scranton/Wilkes-Barre RailRiders,International League,PNC Field,Buffalo Bisons,422,3517.0,1,day,Sunday,6,5,May,6,1,,0,531-2,10,10,1.0,0.5625,0.4545454545454545,Partly Cloudy,Cloudy,50.0,14,L To R,0,0,0,,1,1.0,full_season_release,1,8.165363632473982,2500.0,1.0,8.1963237000472,-0.030960067573218453,3627.58965581826
20260512,2026-05-12,531,Scranton/Wilkes-Barre RailRiders,International League,PNC Field,Syracuse Mets,552,3171.0,1,night,Tuesday,1,5,May,7,0,,0,531-3,1,6,9.0,0.5263157894736842,0.5384615384615384,Clear,Clear,62.0,7,Varies,0,0,0,,1,-2.0,full_season_release,1,8.061802274538348,3844.0,-2.0,8.204372944651299,-0.142570670112951,3656.906844604014
20260513,2026-05-13,531,Scranton/Wilkes-Barre RailRiders,International League,PNC Field,Syracuse Mets,552,5155.0,1,day,Wednesday,2,5,May,7,0,,0,531-3,2,6,1.0,0.5384615384615384,0.525,Cloudy,Cloudy,61.0,9,Varies,0,0,0,,1,-1.0,full_season_release,1,8.54772239645106,3721.0,-1.0,8.304067928308099,0.243654468142962,4040.274557034707
20260514,2026-05-14,531,Scranton/Wilkes-Barre RailRiders,International League,PNC Field,Syracuse Mets,552,2315.0,1,night,Thursday,3,5,May,7,0,,0,531-3,3,6,1.0,0.55,0.5121951219512195,Cloudy,Cloudy,51.0,7,L To R,0,1,1,"Custom RailRiders scrubs top, first 1000 fans",1,0.0,full_season_release,1,7.747164966520335,2601.0,0.0,8.128090207767828,-0.3809252412474935,3388.322390299849
20260515,2026-05-15,531,Scranton/Wilkes-Barre RailRiders,International League,PNC Field,Syracuse Mets,552,3707.0,1,night,Friday,4,5,May,8,1,,0,531-3,4,6,1.0,0.5365853658536586,0.5238095238095238,Overcast,Cloudy,62.0,7,Out To RF,0,0,0,,1,1.0,full_season_release,1,8.217978203150732,3844.0,1.0,8.6151940471248,-0.3972158439740685,5514.818644618059
20260516,2026-05-16,531,Scranton/Wilkes-Barre RailRiders,International League,PNC Field,Syracuse Mets,552,7814.0,1,night,Saturday,5,5,May,8,1,,0,531-3,5,6,1.0,0.5238095238095238,0.5348837209302325,Cloudy,Cloudy,75.0,12,Varies,0,1,1,"Custom giveaway fit for a Jedi, item unnamed in source",1,0.0,full_season_release,1,8.963672275615016,5625.0,0.0,8.61666487062698,0.3470074049880356,5522.935937580093
20260517,2026-05-17,531,Scranton/Wilkes-Barre RailRiders,International League,PNC Field,Syracuse Mets,552,3270.0,1,day,Sunday,6,5,May,8,1,,0,531-3,6,6,1.0,0.5348837209302325,0.5227272727272727,Partly Cloudy,Cloudy,79.0,9,Out To LF,0,0,0,,1,1.0,full_season_release,1,8.0925452638913,6241.0,1.0,8.430216697023894,-0.33767143313259496,4583.493214692753
20260526,2026-05-26,531,Scranton/Wilkes-Barre RailRiders,International League,PNC Field,Worcester Red Sox,533,3172.0,1,night,Tuesday,1,5,May,9,0,,0,531-4,1,6,9.0,0.52,0.4897959183673469,Partly Cloudy,Cloudy,78.0,8,Varies,0,0,0,,1,-2.0,full_season_release,1,8.06211758275474,6084.0,-2.0,8.275952651862465,-0.21383506910772532,3928.263115632447
20260527,2026-05-27,531,Scranton/Wilkes-Barre RailRiders,International League,PNC Field,Worcester Red Sox,533,6451.0,1,day,Wednesday,2,5,May,9,0,,0,531-4,2,6,1.0,0.5098039215686274,0.5,Cloudy,Cloudy,74.0,4,Varies,0,0,0,,1,-1.0,full_season_release,1,8.771990436532242,5476.0,-1.0,8.386493679251462,0.38549675728078014,4387.407036341717
20260528,2026-05-28,531,Scranton/Wilkes-Barre RailRiders,International League,PNC Field,Worcester Red Sox,533,3105.0,1,night,Thursday,3,5,May,9,0,,0,531-4,3,6,1.0,0.5,0.5098039215686274,Partly Cloudy,Cloudy,64.0,12,Varies,0,1,1,"RailRiders rally towel, first 1000 fans",1,0.0,full_season_release,1,8.040768994367578,4096.0,0.0,8.307811732786542,-0.2670427384189633,4055.4289047725724
20260529,2026-05-29,531,Scranton/Wilkes-Barre RailRiders,International League,PNC Field,Worcester Red Sox,533,3778.0,1,night,Friday,4,5,May,10,1,,0,531-4,4,6,1.0,0.490566037735849,0.5192307692307693,Cloudy,Cloudy,70.0,11,Varies,0,0,0,,1,1.0,full_season_release,1,8.236950048061455,4900.0,1.0,8.676145105532086,-0.4391950574706307,5861.407875646882
20260530,2026-05-30,531,Scranton/Wilkes-Barre RailRiders,International League,PNC Field,Worcester Red Sox,533,5654.0,1,night,Saturday,5,5,May,10,1,,0,531-4,5,6,1.0,0.5,0.5094339622641509,Partly Cloudy,Cloudy,64.0,13,Out To RF,0,1,1,"Patriotic hat, first 1500 fans",1,0.0,full_season_release,1,8.640118538253535,4096.0,0.0,8.586137025757402,0.05398151249613292,5356.880164588471
20260531,2026-05-31,531,Scranton/Wilkes-Barre RailRiders,International League,PNC Field,Worcester Red Sox,533,3929.0,1,day,Sunday,6,5,May,10,1,,0,531-4,6,6,1.0,0.509090909090909,0.5,Partly Cloudy,Cloudy,69.0,9,L To R,0,0,0,,1,1.0,full_season_release,1,8.27614021955846,4761.0,1.0,8.438004468300912,-0.16186424874245198,4619.327766031599
20260609,2026-06-09,531,Scranton/Wilkes-Barre RailRiders,International League,PNC Field,Lehigh Valley IronPigs,1410,6494.0,1,night,Tuesday,1,6,June,11,0,,0,531-5,1,6,9.0,0.5079365079365079,0.453125,Partly Cloudy,Cloudy,78.0,8,Varies,0,0,0,,1,-2.0,full_season_release,1,8.77863395266279,6084.0,-2.0,8.359893258984327,0.41874069367846367,4272.238718956381
20260610,2026-06-10,531,Scranton/Wilkes-Barre RailRiders,International League,PNC Field,Lehigh Valley IronPigs,1410,6084.0,1,night,Wednesday,2,6,June,11,0,,0,531-5,2,6,1.0,0.5,0.4615384615384615,Overcast,Cloudy,74.0,7,Varies,0,0,0,,1,-1.0,full_season_release,1,8.713417653379183,5476.0,-1.0,8.348736723459044,0.364680929920139,4224.840229017324
20260611,2026-06-11,531,Scranton/Wilkes-Barre RailRiders,International League,PNC Field,Lehigh Valley IronPigs,1410,3708.0,1,night,Thursday,3,6,June,11,0,,0,531-5,3,6,1.0,0.4923076923076923,0.4696969696969697,Cloudy,Cloudy,83.0,8,R To L,0,1,1,"Pair of plush SWB slippers, first 1000 fans",1,0.0,full_season_release,1,8.218247926685745,6889.0,0.0,8.405923775134927,-0.18767584844918161,4473.488351680004
20260612,2026-06-12,531,Scranton/Wilkes-Barre RailRiders,International League,PNC Field,Lehigh Valley IronPigs,1410,3262.0,1,night,Friday,4,6,June,12,1,,0,531-5,4,6,1.0,0.4848484848484848,0.4776119402985074,Partly Cloudy,Cloudy,79.0,6,Varies,0,0,0,,1,1.0,full_season_release,1,8.09009578318096,6241.0,1.0,8.760194442699095,-0.6700986595181355,6375.351097954849
20260613,2026-06-13,531,Scranton/Wilkes-Barre RailRiders,International League,PNC Field,Lehigh Valley IronPigs,1410,6652.0,1,night,Saturday,5,6,June,12,1,,0,531-5,5,6,1.0,0.4925373134328358,0.4705882352941176,Clear,Clear,82.0,6,Calm,0,1,1,Custom SWB shamrock t-shirt,1,0.0,full_season_release,1,8.802672840312818,6724.0,0.0,8.690098599410183,0.11257424090263513,5943.768265864158
20260614,2026-06-14,531,Scranton/Wilkes-Barre RailRiders,International League,PNC Field,Lehigh Valley IronPigs,1410,3915.0,1,day,Sunday,6,6,June,12,1,,0,531-5,6,6,1.0,0.5,0.463768115942029,Cloudy,Cloudy,80.0,10,Varies,0,0,0,,1,1.0,full_season_release,1,8.272570608424903,6400.0,1.0,8.520746711006723,-0.24817610258181944,5017.799204132764
20260630,2026-06-30,531,Scranton/Wilkes-Barre RailRiders,International League,PNC Field,Norfolk Tides,568,3790.0,1,night,Tuesday,1,6,June,14,0,,0,531-6,1,5,14.0,0.5061728395061729,0.3536585365853658,Partly Cloudy,Cloudy,85.0,8,Varies,0,0,0,,1,-2.0,full_season_release,1,8.240121298076472,7225.0,-2.0,8.270523514814508,-0.030402216738036003,3906.9938260050008
20260701,2026-07-01,531,Scranton/Wilkes-Barre RailRiders,International League,PNC Field,Norfolk Tides,568,2404.0,1,night,Wednesday,2,7,July,14,0,,0,531-6,2,5,1.0,0.5,0.3614457831325301,Partly Cloudy,Cloudy,92.0,6,Out To RF,0,0,0,,1,-1.0,full_season_release,1,7.784889295655098,8464.0,-1.0,8.251321937023288,-0.46643264136818985,3832.6890476202943
20260702,2026-07-02,531,Scranton/Wilkes-Barre RailRiders,International League,PNC Field,Norfolk Tides,568,4258.0,1,night,Thursday,3,7,July,14,0,,0,531-6,3,5,1.0,0.5060240963855421,0.3571428571428571,Clear,Clear,92.0,9,R To L,0,1,1,"Custom SWB soccer jersey, first 1000 fans",1,0.0,full_season_release,1,8.356554845453426,8464.0,0.0,8.338907917327672,0.017646928125753192,4183.518497771106
20260703,2026-07-03,531,Scranton/Wilkes-Barre RailRiders,International League,PNC Field,Norfolk Tides,568,4185.0,1,night,Friday,4,7,July,15,1,,0,531-6,4,5,1.0,0.5119047619047619,0.3529411764705882,Overcast,Cloudy,80.0,6,Varies,0,0,0,,1,1.0,full_season_release,1,8.339261982923576,6400.0,1.0,8.782648728640991,-0.4433867457174152,6520.124361842325
20260705,2026-07-05,531,Scranton/Wilkes-Barre RailRiders,International League,PNC Field,Norfolk Tides,568,3227.0,1,day,Sunday,6,7,July,15,1,,0,531-6,5,5,2.0,0.5176470588235295,0.3488372093023256,Cloudy,Cloudy,79.0,3,Calm,0,0,0,,1,2.0,full_season_release,1,8.079308192051961,6241.0,2.0,8.53968609466208,-0.46037790261011935,5113.738879745803
20260717,2026-07-17,531,Scranton/Wilkes-Barre RailRiders,International League,PNC Field,Worcester Red Sox,533,5637.0,1,night,Friday,4,7,July,17,1,,0,531-7,1,9,12.0,0.532608695652174,0.5,Clear,Clear,82.0,5,Varies,0,0,0,,1,-7.0,full_season_release,1,8.637107288081575,6724.0,-7.0,8.56111391308408,0.07599337499749481,5224.497568570064
20260719,2026-07-19,531,Scranton/Wilkes-Barre RailRiders,International League,PNC Field,Worcester Red Sox,533,4466.0,1,day,Sunday,6,7,July,17,1,,0,531-7,3,9,2.0,0.5376344086021505,0.4945054945054945,Partly Cloudy,Cloudy,72.0,9,L To R,0,0,0,,1,-5.0,full_season_release,1,8.404248432400102,5184.0,-5.0,8.509830420747257,-0.10558198834715427,4963.321340630679
20260721,2026-07-21,531,Scranton/Wilkes-Barre RailRiders,International League,PNC Field,Syracuse Mets,552,3035.0,1,night,Tuesday,1,7,July,17,0,,0,531-7,4,9,2.0,0.5425531914893617,0.4895833333333333,Cloudy,Cloudy,75.0,8,Varies,0,0,0,,1,-4.0,full_season_release,1,8.017966703493599,5625.0,-4.0,8.434241316647347,-0.4162746131537478,4601.977201987937
20260722,2026-07-22,531,Scranton/Wilkes-Barre RailRiders,International League,PNC Field,Syracuse Mets,552,3766.0,1,night,Wednesday,2,7,July,17,0,,0,531-7,5,9,1.0,0.5368421052631579,0.4948453608247423,Partly Cloudy,Cloudy,72.0,8,Out To RF,0,0,0,,1,-3.0,full_season_release,1,8.233768709217097,5184.0,-3.0,8.30096810111677,-0.06719939189967228,4027.7697954155306
20260723,2026-07-23,531,Scranton/Wilkes-Barre RailRiders,International League,PNC Field,Syracuse Mets,552,4341.0,1,night,Thursday,3,7,July,17,0,,0,531-7,6,9,1.0,0.5416666666666666,0.4897959183673469,Clear,Clear,76.0,3,Varies,0,0,0,,1,-2.0,full_season_release,1,8.375860015299594,5776.0,-2.0,8.390309571914571,-0.014449556614977155,4404.18089392809
20260724,2026-07-24,531,Scranton/Wilkes-Barre RailRiders,International League,PNC Field,Syracuse Mets,552,5025.0,1,night,Friday,4,7,July,18,1,,0,531-7,7,9,1.0,0.5360824742268041,0.494949494949495,Partly Cloudy,Cloudy,77.0,6,Varies,0,0,0,,1,-1.0,full_season_release,1,8.522180732927277,5929.0,-1.0,8.723092706855846,-0.2009119739285694,6143.148697365111
20260725,2026-07-25,531,Scranton/Wilkes-Barre RailRiders,International League,PNC Field,Syracuse Mets,552,5058.0,1,night,Saturday,5,7,July,18,1,,0,531-7,8,9,1.0,0.5306122448979592,0.5,Clear,Clear,78.0,6,R To L,0,1,1,"Button-down shirt, first 1500 fans",1,0.0,full_season_release,1,8.52872642722991,6084.0,0.0,8.662955598541043,-0.13422917131113188,5784.606395704026
20260726,2026-07-26,531,Scranton/Wilkes-Barre RailRiders,International League,PNC Field,Syracuse Mets,552,4122.0,1,day,Sunday,6,7,July,18,1,,0,531-7,9,9,1.0,0.5353535353535354,0.495049504950495,Partly Cloudy,Cloudy,78.0,5,Out To CF,0,0,0,,1,1.0,full_season_release,1,8.324093761450404,6084.0,1.0,8.483190839946579,-0.15909707849617405,4832.846158883063
20260804,2026-08-04,531,Scranton/Wilkes-Barre RailRiders,International League,PNC Field,Rochester Red Wings,534,4568.0,1,night,Tuesday,1,8,August,19,0,,0,531-8,1,6,9.0,0.5660377358490566,0.5887850467289719,Clear,Clear,80.0,2,Varies,0,0,0,,1,-4.0,full_season_release,1,8.426830751335846,6400.0,-4.0,8.270060818891626,0.15676993244422022,3905.1864940457895
20260805,2026-08-05,531,Scranton/Wilkes-Barre RailRiders,International League,PNC Field,Rochester Red Wings,534,4943.0,1,night,Wednesday,2,8,August,19,0,,0,531-8,2,6,1.0,0.5607476635514018,0.5925925925925926,Partly Cloudy,Cloudy,79.0,5,Out To RF,0,0,0,,1,-3.0,full_season_release,1,8.505727713306959,6241.0,-3.0,8.259019208409285,0.24670850489767382,3862.3041267893655
20260806,2026-08-06,531,Scranton/Wilkes-Barre RailRiders,International League,PNC Field,Rochester Red Wings,534,3496.0,1,night,Thursday,3,8,August,19,0,,0,531-8,3,6,1.0,0.5555555555555556,0.5963302752293578,Partly Cloudy,Cloudy,83.0,6,Varies,0,0,0,,1,-2.0,full_season_release,1,8.159374736775426,6889.0,-2.0,8.32529182543016,-0.16591708865473365,4126.9413791777
20260807,2026-08-07,531,Scranton/Wilkes-Barre RailRiders,International League,PNC Field,Rochester Red Wings,534,4750.0,1,night,Friday,4,8,August,20,1,,0,531-8,4,6,1.0,0.5504587155963303,0.6,Partly Cloudy,Cloudy,76.0,3,Varies,0,0,0,,1,-1.0,full_season_release,1,8.465899897028686,5776.0,-1.0,8.687724170122419,-0.22182427309373232,5929.671950388982
20260808,2026-08-08,531,Scranton/Wilkes-Barre RailRiders,International League,PNC Field,Rochester Red Wings,534,4564.0,1,night,Saturday,5,8,August,20,1,,0,531-8,5,6,1.0,0.5454545454545454,0.6036036036036037,Partly Cloudy,Cloudy,80.0,9,L To R,0,1,1,"Mystery bobblehead, first 1500 fans",1,0.0,full_season_release,1,8.425954710981966,6400.0,0.0,8.61924430346382,-0.19328959248185384,5537.200369055719
20260809,2026-08-09,531,Scranton/Wilkes-Barre RailRiders,International League,PNC Field,Rochester Red Wings,534,3903.0,1,day,Sunday,6,8,August,20,1,,0,531-8,6,6,1.0,0.5495495495495496,0.5982142857142857,Partly Cloudy,Cloudy,83.0,7,L To R,0,0,0,,1,1.0,full_season_release,1,8.269500767180615,6889.0,1.0,8.423199274537707,-0.15369850735709178,4551.441498091116
20260818,2026-08-18,531,Scranton/Wilkes-Barre RailRiders,International League,PNC Field,Charlotte Knights,494,4702.0,1,night,Tuesday,1,8,August,21,0,,0,531-9,1,6,9.0,0.5299145299145299,0.5371900826446281,Partly Cloudy,Cloudy,78.0,4,Varies,0,0,0,,1,-2.0,full_season_release,1,8.455743229100015,6084.0,-2.0,8.29903613993612,0.15670708916389486,4019.9958124608575
20260819,2026-08-19,531,Scranton/Wilkes-Barre RailRiders,International League,PNC Field,Charlotte Knights,494,3669.0,1,night,Wednesday,2,8,August,21,0,,0,531-9,2,6,1.0,0.5254237288135594,0.5409836065573771,Overcast,Cloudy,79.0,5,Out To CF,0,0,0,,1,-1.0,full_season_release,1,8.207674424355282,6241.0,-1.0,8.2807591084058,-0.07308468405051727,3947.189589789656
20260820,2026-08-20,531,Scranton/Wilkes-Barre RailRiders,International League,PNC Field,Charlotte Knights,494,3013.0,1,night,Thursday,3,8,August,21,0,,0,531-9,3,6,1.0,0.5294117647058824,0.5365853658536586,Cloudy,Cloudy,62.0,6,Varies,0,1,1,"Play bat and ball set, first 1000 fans",1,0.0,full_season_release,1,8.0106915391303,3844.0,0.0,8.316674197244081,-0.30598265811378056,4091.5297341704363
20260821,2026-08-21,531,Scranton/Wilkes-Barre RailRiders,International League,PNC Field,Charlotte Knights,494,4815.0,1,night,Friday,4,8,August,22,1,,0,531-9,4,6,1.0,0.5333333333333333,0.532258064516129,Partly Cloudy,Cloudy,75.0,2,Varies,0,0,0,,1,1.0,full_season_release,1,8.479491324232226,5625.0,1.0,8.712651815401529,-0.23316049116930238,6079.342425445329
20260822,2026-08-22,531,Scranton/Wilkes-Barre RailRiders,International League,PNC Field,Charlotte Knights,494,6059.0,1,night,Saturday,5,8,August,22,1,,0,531-9,5,6,1.0,0.5289256198347108,0.536,Partly Cloudy,Cloudy,74.0,6,R To L,0,1,1,"SWB Red Barons jersey, first 1500 fans",1,0.0,full_season_release,1,8.70930004894499,5476.0,0.0,8.655214915932186,0.054085133012803155,5740.002448791137
20260823,2026-08-23,531,Scranton/Wilkes-Barre RailRiders,International League,PNC Field,Charlotte Knights,494,5327.0,1,day,Sunday,6,8,August,22,1,,0,531-9,6,6,1.0,0.5327868852459017,0.5317460317460317,Partly Cloudy,Cloudy,72.0,10,Varies,0,0,0,,1,1.0,full_season_release,1,8.580543506917,5184.0,1.0,8.473137316112156,0.10740619080484315,4784.502444367412
20260331,2026-03-31,1960,St. Paul Saints,International League,CHS Field,Worcester Red Sox,533,4144.0,1,night,Tuesday,1,3,March,1,0,,0,1960-1,1,5,1.0,0.75,0.5,Partly Cloudy,Cloudy,47.0,15,L To R,0,1,1,"White Jersey Hoodie, first 1000 fans",1,0.0,full_season_release,1,8.329416783939319,2209.0,0.0,8.157346189427697,0.17207059451162188,3488.915386638596
20260401,2026-04-01,1960,St. Paul Saints,International League,CHS Field,Worcester Red Sox,533,2617.0,1,day,Wednesday,2,4,April,1,0,,0,1960-1,2,5,1.0,0.6,0.6,Cloudy,Cloudy,42.0,11,In From CF,0,0,0,,1,1.0,full_season_release,1,7.869783902530146,1764.0,1.0,7.9778076559311,-0.10802375340095427,2915.53220265929
20260404,2026-04-04,1960,St. Paul Saints,International League,CHS Field,Worcester Red Sox,533,2919.0,1,day,Saturday,5,4,April,2,1,,0,1960-1,4,5,3.0,0.5,0.6666666666666666,Overcast,Cloudy,38.0,14,R To L,0,1,1,"Magnet Schedule, first 2000 fans",1,0.0,full_season_release,1,7.978996370854115,1444.0,0.0,8.203674636375823,-0.22467826552170767,3654.3540877011515
20260405,2026-04-05,1960,St. Paul Saints,International League,CHS Field,Worcester Red Sox,533,2701.0,2,day,Sunday,6,4,April,2,1,,0,1960-1,5,5,1.0,0.375,0.75,Partly Cloudy,Cloudy,50.0,13,Out To CF,0,0,0,,1,1.0,full_season_release,1,7.901377353792616,2500.0,1.0,8.211077900639557,-0.30970054684694137,3681.5086288231496
20260414,2026-04-14,1960,St. Paul Saints,International League,CHS Field,Lehigh Valley IronPigs,1410,2765.0,1,night,Tuesday,1,4,April,3,0,,0,1960-2,1,6,9.0,0.3333333333333333,0.625,Partly Cloudy,Cloudy,64.0,8,Out To CF,0,0,0,,0,,full_season_release,1,7.9247959139564355,4096.0,,8.270143404618382,-0.3453474906619469,3905.509020028359
20260415,2026-04-15,1960,St. Paul Saints,International League,CHS Field,Lehigh Valley IronPigs,1410,2946.0,1,night,Wednesday,2,4,April,3,0,,0,1960-2,2,6,1.0,0.375,0.5882352941176471,Clear,Clear,69.0,5,R To L,0,0,0,,0,,full_season_release,1,7.988203597022576,4761.0,,8.29176263402767,-0.303559037005094,3990.862428526061
20260416,2026-04-16,1960,St. Paul Saints,International League,CHS Field,Lehigh Valley IronPigs,1410,3939.0,1,night,Thursday,3,4,April,3,0,,0,1960-2,3,6,1.0,0.4117647058823529,0.5555555555555556,Clear,Clear,79.0,17,R To L,0,0,0,,0,,full_season_release,1,8.278682162970906,6241.0,,8.387022789966858,-0.10834062699595215,4389.729074670958
20260417,2026-04-17,1960,St. Paul Saints,International League,CHS Field,Lehigh Valley IronPigs,1410,3222.0,1,night,Friday,4,4,April,4,1,,0,1960-2,4,6,1.0,0.4444444444444444,0.5263157894736842,Overcast,Cloudy,42.0,20,Out To CF,0,0,0,,0,,full_season_release,1,8.07775756373692,1764.0,,8.325211887993516,-0.24745432425659608,4126.611495247885
20260418,2026-04-18,1960,St. Paul Saints,International League,CHS Field,Lehigh Valley IronPigs,1410,4334.0,1,day,Saturday,5,4,April,4,1,,0,1960-2,5,6,1.0,0.4210526315789473,0.55,Overcast,Cloudy,40.0,16,Out To CF,0,0,0,,0,,full_season_release,1,8.374246182096304,1600.0,,8.334138904043073,0.040107278053231,4163.61474084286
20260419,2026-04-19,1960,St. Paul Saints,International League,CHS Field,Lehigh Valley IronPigs,1410,3397.0,1,day,Sunday,6,4,April,4,1,,0,1960-2,6,6,1.0,0.45,0.5238095238095238,Partly Cloudy,Cloudy,45.0,20,Out To CF,0,0,0,,0,,full_season_release,1,8.130647968160584,2025.0,,8.159823711797198,-0.029175743636614015,3497.569969088196
20260428,2026-04-28,1960,St. Paul Saints,International League,CHS Field,Iowa Cubs,451,4342.0,1,day,Tuesday,1,4,April,5,0,,0,1960-3,1,6,9.0,0.4444444444444444,0.4814814814814814,Partly Cloudy,Cloudy,49.0,13,Out To CF,0,0,0,,1,-5.0,full_season_release,1,8.376090350438238,2401.0,-5.0,8.21130874087562,0.16478160956261867,3682.35856724031
20260429,2026-04-29,1960,St. Paul Saints,International League,CHS Field,Iowa Cubs,451,3526.0,1,night,Wednesday,2,4,April,5,0,,0,1960-3,2,6,1.0,0.4285714285714285,0.5,Cloudy,Cloudy,51.0,8,Out To CF,0,0,0,,1,-4.0,full_season_release,1,8.167919362957816,2601.0,-4.0,8.109380740760589,0.0585386221972275,3325.5180343554935
20260430,2026-04-30,1960,St. Paul Saints,International League,CHS Field,Iowa Cubs,451,4036.0,1,night,Thursday,3,4,April,5,0,,0,1960-3,3,6,1.0,0.4482758620689655,0.4827586206896552,Partly Cloudy,Cloudy,51.0,7,Out To RF,0,0,0,,1,-3.0,full_season_release,1,8.3030093814735,2601.0,-3.0,8.198993440157162,0.10401594131633729,3637.287316782089
20260501,2026-05-01,1960,St. Paul Saints,International League,CHS Field,Iowa Cubs,451,4396.0,1,night,Friday,4,5,May,6,1,,0,1960-3,4,6,1.0,0.4333333333333333,0.5,Partly Cloudy,Cloudy,53.0,8,Out To CF,0,0,0,,1,-2.0,full_season_release,1,8.388450315523512,2809.0,-2.0,8.84762427170634,-0.45917395618282875,6957.839383343251
20260502,2026-05-02,1960,St. Paul Saints,International League,CHS Field,Iowa Cubs,451,6460.0,1,day,Saturday,5,5,May,6,1,,0,1960-3,5,6,1.0,0.4516129032258064,0.4838709677419355,Partly Cloudy,Cloudy,62.0,7,R To L,0,0,0,,1,-1.0,full_season_release,1,8.773384596776648,3844.0,-1.0,9.033551338393723,-0.2601667416170752,8379.565465675943
20260503,2026-05-03,1960,St. Paul Saints,International League,CHS Field,Iowa Cubs,451,4948.0,1,day,Sunday,6,5,May,6,1,,0,1960-3,6,6,1.0,0.46875,0.46875,Sunny,Clear,68.0,15,Out To CF,0,1,1,"Saints Crayola branded jersey, first 1000 fans",1,0.0,full_season_release,1,8.506738733512378,4624.0,0.0,8.77726044813955,-0.2705217146271721,6485.086584335714
20260512,2026-05-12,1960,St. Paul Saints,International League,CHS Field,Columbus Clippers,445,4826.0,1,night,Tuesday,1,5,May,7,0,,0,1960-4,1,11,9.0,0.5384615384615384,0.5,Partly Cloudy,Cloudy,64.0,19,Out To CF,0,0,0,,1,-3.0,full_season_release,1,8.481773246184977,4096.0,-3.0,8.560359175077055,-0.07858592889207827,5220.555929327034
20260513,2026-05-13,1960,St. Paul Saints,International League,CHS Field,Columbus Clippers,445,3521.0,1,night,Wednesday,2,5,May,7,0,,0,1960-4,2,11,1.0,0.525,0.5121951219512195,Clear,Clear,72.0,8,L To R,0,0,0,,1,-2.0,full_season_release,1,8.166500319155052,5184.0,-2.0,8.583998082424472,-0.4174977632694201,5345.434346816717
20260515,2026-05-15,1960,St. Paul Saints,International League,CHS Field,Columbus Clippers,445,4427.0,2,night,Friday,4,5,May,8,1,,0,1960-4,3,11,2.0,0.5476190476190477,0.4883720930232558,Partly Cloudy,Cloudy,84.0,12,Out To CF,0,0,0,,1,-1.0,full_season_release,1,8.395477432732141,7056.0,-1.0,8.967320609961567,-0.5718431772294252,7842.560151395808
20260516,2026-05-16,1960,St. Paul Saints,International League,CHS Field,Columbus Clippers,445,5581.0,1,day,Saturday,5,5,May,8,1,,0,1960-4,4,11,1.0,0.5348837209302325,0.5,Sunny,Clear,77.0,12,Out To CF,0,1,1,"Walker Jenkins Bobblehead presented by CHS, first 1500 fans",1,0.0,full_season_release,1,8.627123250788433,5929.0,0.0,9.080135328685216,-0.45301207789678344,8779.15401801135
20260517,2026-05-17,1960,St. Paul Saints,International League,CHS Field,Columbus Clippers,445,4424.0,1,day,Sunday,6,5,May,8,1,,0,1960-4,5,11,1.0,0.5227272727272727,0.5111111111111111,Overcast,Cloudy,67.0,14,In From CF,0,0,0,,1,1.0,full_season_release,1,8.39479954320217,4489.0,1.0,8.757004954708869,-0.3622054115066984,6355.049385439061
20260519,2026-05-19,1960,St. Paul Saints,International League,CHS Field,Omaha Storm Chasers,541,6591.0,1,day,Tuesday,1,5,May,8,0,,0,1960-4,6,11,2.0,0.5111111111111111,0.4888888888888889,Cloudy,Cloudy,50.0,19,Varies,0,0,0,,1,2.0,full_season_release,1,8.79346036105272,2500.0,2.0,8.581779435251923,0.21168092580079723,5333.5878604632535
20260520,2026-05-20,1960,St. Paul Saints,International League,CHS Field,Omaha Storm Chasers,541,4509.0,1,night,Wednesday,2,5,May,8,0,,0,1960-4,7,11,1.0,0.5217391304347826,0.4782608695652174,Clear,Clear,62.0,2,Calm,0,0,0,,1,3.0,full_season_release,1,8.413830678421084,3844.0,3.0,8.503514551391323,-0.08968387297023916,4932.0724373441035
20260521,2026-05-21,1960,St. Paul Saints,International League,CHS Field,Omaha Storm Chasers,541,5492.0,1,night,Thursday,3,5,May,8,0,,0,1960-4,8,11,1.0,0.5106382978723404,0.4893617021276595,Partly Cloudy,Cloudy,64.0,8,R To L,0,0,0,,1,4.0,full_season_release,1,8.61104776688786,4096.0,4.0,8.606613798450134,0.004433968437727032,5467.7025522057775
20260522,2026-05-22,1960,St. Paul Saints,International League,CHS Field,Omaha Storm Chasers,541,5815.0,1,night,Friday,4,5,May,9,1,,0,1960-4,9,11,1.0,0.5208333333333334,0.4791666666666667,Overcast,Cloudy,63.0,15,In From RF,0,0,0,,1,5.0,full_season_release,1,8.668196064952765,3969.0,5.0,8.93497192559384,-0.2667758606410757,7592.923131747041
20260523,2026-05-23,1960,St. Paul Saints,International League,CHS Field,Omaha Storm Chasers,541,6670.0,1,night,Saturday,5,5,May,9,1,,0,1960-4,10,11,1.0,0.5102040816326531,0.4897959183673469,Overcast,Cloudy,64.0,9,Out To CF,0,0,0,,1,6.0,full_season_release,1,8.80537513890967,4096.0,6.0,8.884749916761304,-0.07937477785163516,7221.0085952345125
20260524,2026-05-24,1960,St. Paul Saints,International League,CHS Field,Omaha Storm Chasers,541,9377.0,1,night,Sunday,6,5,May,9,1,,0,1960-4,11,11,1.0,0.5,0.5,Clear,Clear,81.0,7,R To L,0,0,0,,1,7.0,full_season_release,1,9.146015161419625,6561.0,7.0,8.60606088723758,0.539954274182044,5464.680233771627
20260602,2026-06-02,1960,St. Paul Saints,International League,CHS Field,Indianapolis Indians,484,4452.0,1,night,Tuesday,1,6,June,10,0,,0,1960-5,1,6,9.0,0.5263157894736842,0.4137931034482758,Partly Cloudy,Cloudy,81.0,9,R To L,0,0,0,,0,,full_season_release,1,8.401108712395436,6561.0,,8.685564132056077,-0.2844554196606417,5916.877456526791
20260603,2026-06-03,1960,St. Paul Saints,International League,CHS Field,Indianapolis Indians,484,5003.0,1,day,Wednesday,2,6,June,10,0,,0,1960-5,2,6,1.0,0.5344827586206896,0.4067796610169492,Sunny,Clear,82.0,9,R To L,0,0,0,,0,,full_season_release,1,8.517793011488205,6724.0,,8.788379322673638,-0.27058631118543275,6557.595811890534
20260604,2026-06-04,1960,St. Paul Saints,International League,CHS Field,Indianapolis Indians,484,5113.0,1,night,Thursday,3,6,June,10,0,,0,1960-5,3,6,1.0,0.5423728813559322,0.4,Partly Cloudy,Cloudy,82.0,8,R To L,0,0,0,,0,,full_season_release,1,8.53954159508,6724.0,,8.75454520498941,-0.21500360990941125,6339.4367639386055
20260605,2026-06-05,1960,St. Paul Saints,International League,CHS Field,Indianapolis Indians,484,8652.0,1,night,Friday,4,6,June,11,1,,0,1960-5,4,6,1.0,0.5333333333333333,0.4098360655737705,Clear,Clear,81.0,4,R To L,0,0,0,,0,,full_season_release,1,9.06554578707295,6561.0,,9.093486107625413,-0.02794032055246376,8897.14846886438
20260606,2026-06-06,1960,St. Paul Saints,International League,CHS Field,Indianapolis Indians,484,6817.0,1,night,Saturday,5,6,June,11,1,,0,1960-5,5,6,1.0,0.5409836065573771,0.4032258064516129,Partly Cloudy,Cloudy,85.0,5,In From RF,0,0,0,,0,,full_season_release,1,8.827174771362785,7225.0,,9.010751062534293,-0.18357629117150864,8190.670671236802
20260607,2026-06-07,1960,St. Paul Saints,International League,CHS Field,Indianapolis Indians,484,6550.0,1,day,Sunday,6,6,June,11,1,,0,1960-5,6,6,1.0,0.5483870967741935,0.3968253968253968,Partly Cloudy,Cloudy,86.0,14,In From CF,0,0,0,,0,,full_season_release,1,8.787220328629298,7396.0,,8.822421336107766,-0.03520100747846833,6784.672725539529
20260616,2026-06-16,1960,St. Paul Saints,International League,CHS Field,Omaha Storm Chasers,541,6549.0,1,night,Tuesday,1,6,June,12,0,,0,1960-6,1,5,9.0,0.5797101449275363,0.4347826086956521,Partly Cloudy,Cloudy,67.0,12,R To L,0,0,0,,0,,full_season_release,1,8.787067645218054,4489.0,,8.666116150591826,0.12095149462622778,5802.917867247504
20260618,2026-06-18,1960,St. Paul Saints,International League,CHS Field,Omaha Storm Chasers,541,6943.0,2,night,Thursday,3,6,June,12,0,,0,1960-6,2,5,2.0,0.5633802816901409,0.4507042253521127,Partly Cloudy,Cloudy,71.0,14,Out To CF,0,0,0,,0,,full_season_release,1,8.845489236753274,5041.0,,8.743254098378337,0.1022351383749367,6268.2600954446825
20260619,2026-06-19,1960,St. Paul Saints,International League,CHS Field,Omaha Storm Chasers,541,7212.0,1,night,Friday,4,6,June,13,1,,0,1960-6,3,5,1.0,0.5694444444444444,0.4444444444444444,Partly Cloudy,Cloudy,65.0,11,L To R,0,0,0,,0,,full_season_release,1,8.883501584323207,4225.0,,9.065995464863594,-0.1824938805403864,8655.89148713675
20260620,2026-06-20,1960,St. Paul Saints,International League,CHS Field,Omaha Storm Chasers,541,8341.0,1,night,Saturday,5,6,June,13,1,,0,1960-6,4,5,1.0,0.5753424657534246,0.4383561643835616,Clear,Clear,75.0,8,L To R,0,0,0,,0,,full_season_release,1,9.028938392241612,5625.0,,9.044544266443458,-0.015605874201845893,8472.189598383806
20260621,2026-06-21,1960,St. Paul Saints,International League,CHS Field,Omaha Storm Chasers,541,9008.0,1,day,Sunday,6,6,June,13,1,Father's Day,1,1960-6,5,5,1.0,0.5675675675675675,0.4459459459459459,Partly Cloudy,Cloudy,75.0,4,In From CF,0,0,0,,0,,full_season_release,1,9.105868350379472,5625.0,,8.941046025506585,0.16482232487288684,7639.183658780109
20260630,2026-06-30,1960,St. Paul Saints,International League,CHS Field,Buffalo Bisons,422,6139.0,1,night,Tuesday,1,6,June,14,0,,0,1960-7,1,6,9.0,0.575,0.4756097560975609,Partly Cloudy,Cloudy,90.0,10,R To L,0,0,0,,0,,full_season_release,1,8.722417141427496,8100.0,,8.58097109991124,0.1414460415162555,5329.278274932809
20260701,2026-07-01,1960,St. Paul Saints,International League,CHS Field,Buffalo Bisons,422,5419.0,1,night,Wednesday,2,7,July,14,0,,0,1960-7,2,6,1.0,0.5679012345679012,0.4819277108433735,Cloudy,Cloudy,81.0,7,Out To CF,0,0,0,,0,,full_season_release,1,8.597666575566114,6561.0,,8.634003481682925,-0.0363369061168104,5619.530967602232
20260702,2026-07-02,1960,St. Paul Saints,International League,CHS Field,Buffalo Bisons,422,5717.0,1,night,Thursday,3,7,July,14,0,,0,1960-7,3,6,1.0,0.5609756097560976,0.4880952380952381,Partly Cloudy,Cloudy,81.0,10,R To L,0,0,0,,0,,full_season_release,1,8.651199471263972,6561.0,,8.720234765432375,-0.06903529416840293,6125.617002443926
20260703,2026-07-03,1960,St. Paul Saints,International League,CHS Field,Buffalo Bisons,422,8401.0,1,night,Friday,4,7,July,15,1,,0,1960-7,4,6,1.0,0.5662650602409639,0.4823529411764706,Partly Cloudy,Cloudy,86.0,9,R To L,0,0,0,,0,,full_season_release,1,9.036106025364846,7396.0,,9.02111939341132,0.014986631953526341,8276.03603830022
20260704,2026-07-04,1960,St. Paul Saints,International League,CHS Field,Buffalo Bisons,422,8538.0,1,night,Saturday,5,7,July,15,1,Independence Day,1,1960-7,5,6,1.0,0.5714285714285714,0.4767441860465116,Partly Cloudy,Cloudy,84.0,5,In From CF,0,0,0,,0,,full_season_release,1,9.052282067317908,7056.0,,9.059946137565774,-0.007664070247866306,8603.687226005974
20260705,2026-07-05,1960,St. Paul Saints,International League,CHS Field,Buffalo Bisons,422,6002.0,1,day,Sunday,6,7,July,15,1,,0,1960-7,6,6,1.0,0.5647058823529412,0.4827586206896552,Partly Cloudy,Cloudy,85.0,7,L To R,0,0,0,,0,,full_season_release,1,8.699848026000312,7225.0,,8.792258453118507,-0.09241042711819425,6583.082983521126
20260717,2026-07-17,1960,St. Paul Saints,International League,CHS Field,Louisville Bats,416,8267.0,1,night,Friday,4,7,July,17,1,,0,1960-8,1,9,12.0,0.5543478260869565,0.5164835164835165,Clear,Clear,95.0,15,R To L,0,0,0,,0,,full_season_release,1,9.020026965252676,9025.0,,8.73797653438959,0.28205043086308557,6235.266092255324
20260718,2026-07-18,1960,St. Paul Saints,International League,CHS Field,Louisville Bats,416,6379.0,1,night,Saturday,5,7,July,17,1,,0,1960-8,2,9,1.0,0.5591397849462365,0.5108695652173914,Clear,Clear,89.0,9,L To R,0,0,0,,0,,full_season_release,1,8.760766624241956,7921.0,,8.945984702627353,-0.18521807838539672,7677.0044357676925
20260719,2026-07-19,1960,St. Paul Saints,International League,CHS Field,Louisville Bats,416,5772.0,1,day,Sunday,6,7,July,17,1,,0,1960-8,3,9,1.0,0.5684210526315789,0.5,Sunny,Clear,89.0,6,R To L,0,0,0,,0,,full_season_release,1,8.660773919893762,7921.0,,8.767408184754768,-0.10663426486100569,6421.50751638079
20260721,2026-07-21,1960,St. Paul Saints,International League,CHS Field,Columbus Clippers,445,7036.0,1,night,Tuesday,1,7,July,17,0,,0,1960-8,4,9,2.0,0.5625,0.53125,Partly Cloudy,Cloudy,79.0,14,Out To CF,0,0,0,,0,,full_season_release,1,8.85879510585745,6241.0,,8.737814094478967,0.1209810113784826,6234.253318448257
20260722,2026-07-22,1960,St. Paul Saints,International League,CHS Field,Columbus Clippers,445,8415.0,1,day,Wednesday,2,7,July,17,0,,0,1960-8,5,9,1.0,0.5670103092783505,0.5257731958762887,Cloudy,Cloudy,72.0,5,L To R,0,0,0,,0,,full_season_release,1,9.037771106624906,5184.0,,8.736325169684642,0.30144593694026334,6224.977891028805
20260723,2026-07-23,1960,St. Paul Saints,International League,CHS Field,Columbus Clippers,445,7757.0,1,night,Thursday,3,7,July,17,0,,0,1960-8,6,9,1.0,0.5714285714285714,0.5204081632653061,Partly Cloudy,Cloudy,80.0,7,R To L,0,0,0,,0,,full_season_release,1,8.956350940490871,6400.0,,8.692783842361711,0.26356709812916,5959.750175757868
20260724,2026-07-24,1960,St. Paul Saints,International League,CHS Field,Columbus Clippers,445,7155.0,1,night,Friday,4,7,July,18,1,,0,1960-8,7,9,1.0,0.5656565656565656,0.5252525252525253,Overcast,Cloudy,80.0,14,R To L,0,0,0,,0,,full_season_release,1,8.875566691990551,6400.0,,9.027306171517946,-0.15173947952739475,8327.396751715867
20260725,2026-07-25,1960,St. Paul Saints,International League,CHS Field,Columbus Clippers,445,7098.0,1,night,Saturday,5,7,July,18,1,,0,1960-8,8,9,1.0,0.57,0.52,Partly Cloudy,Cloudy,85.0,5,Calm,0,0,0,,0,,full_season_release,1,8.867568333206442,7225.0,,8.939915488272067,-0.07234715506562495,7630.552157248809
20260726,2026-07-26,1960,St. Paul Saints,International League,CHS Field,Columbus Clippers,445,5376.0,1,day,Sunday,6,7,July,18,1,,0,1960-8,9,9,1.0,0.5742574257425742,0.5148514851485149,Sunny,Clear,95.0,9,L To R,0,0,0,,0,,full_season_release,1,8.589699882202986,9025.0,,8.639041524488874,-0.049341642285888554,5647.9138422007745
20260804,2026-08-04,1960,St. Paul Saints,International League,CHS Field,Louisville Bats,416,6946.0,1,night,Tuesday,1,8,August,19,0,,0,1960-9,1,6,9.0,0.5740740740740741,0.4672897196261682,Partly Cloudy,Cloudy,74.0,8,Out To CF,0,0,0,,0,,full_season_release,1,8.845921233304018,5476.0,,8.647227588811166,0.19869364449285243,5694.337783640033
20260805,2026-08-05,1960,St. Paul Saints,International League,CHS Field,Louisville Bats,416,9002.0,1,day,Wednesday,2,8,August,19,0,,0,1960-9,2,6,1.0,0.5779816513761468,0.4629629629629629,Sunny,Clear,77.0,6,Out To CF,0,0,0,,0,,full_season_release,1,9.105202053852878,5929.0,,8.752841649133444,0.352360404719434,6328.64637294232
20260806,2026-08-06,1960,St. Paul Saints,International League,CHS Field,Louisville Bats,416,9027.0,1,night,Thursday,3,8,August,19,0,,0,1960-9,3,6,1.0,0.5818181818181818,0.4587155963302752,Clear,Clear,82.0,11,R To L,0,0,0,,0,,full_season_release,1,9.107975365298154,6724.0,,8.699077118698876,0.40889824659927854,5997.374797407063
20260807,2026-08-07,1960,St. Paul Saints,International League,CHS Field,Louisville Bats,416,7939.0,1,night,Friday,4,8,August,20,1,,0,1960-9,4,6,1.0,0.5855855855855856,0.4545454545454545,Clear,Clear,75.0,9,Out To CF,0,0,0,,0,,full_season_release,1,8.979542601725113,5625.0,,9.057199535105905,-0.07765693338079238,8580.08874017194
20260808,2026-08-08,1960,St. Paul Saints,International League,CHS Field,Louisville Bats,416,6953.0,1,night,Saturday,5,8,August,20,1,,0,1960-9,5,6,1.0,0.5892857142857143,0.4504504504504504,Clear,Clear,81.0,8,Out To CF,0,0,0,,0,,full_season_release,1,8.846928500099018,6561.0,,8.984278766151643,-0.1373502660526249,7976.689590980208
20260809,2026-08-09,1960,St. Paul Saints,International League,CHS Field,Louisville Bats,416,6853.0,1,day,Sunday,6,8,August,20,1,,0,1960-9,6,6,1.0,0.584070796460177,0.4553571428571428,Sunny,Clear,84.0,7,Out To CF,0,0,0,,0,,full_season_release,1,8.832441791585824,7056.0,,8.784045457139458,0.04839633444636604,6529.2375682080365
20260825,2026-08-25,1960,St. Paul Saints,International League,CHS Field,Toledo Mud Hens,512,6883.0,1,night,Tuesday,1,8,August,22,0,,0,1960-10,1,6,14.0,0.5793650793650794,0.4603174603174603,Clear,Clear,81.0,8,R To L,0,0,0,,1,-4.0,full_season_release,1,8.836809882398365,6561.0,-4.0,8.549243561642035,0.28756632075632993,5162.8475737742665
20260826,2026-08-26,1960,St. Paul Saints,International League,CHS Field,Toledo Mud Hens,512,5733.0,1,night,Wednesday,2,8,August,22,0,,0,1960-10,2,6,1.0,0.5748031496062992,0.4645669291338583,Clear,Clear,79.0,9,L To R,0,0,0,,1,-3.0,full_season_release,1,8.653994232908383,6241.0,-3.0,8.625332091056807,0.02866214185157645,5571.012484825497
20260827,2026-08-27,1960,St. Paul Saints,International League,CHS Field,Toledo Mud Hens,512,6670.0,1,night,Thursday,3,8,August,22,0,,0,1960-10,3,6,1.0,0.5703125,0.46875,Clear,Clear,80.0,5,L To R,0,0,0,,1,-2.0,full_season_release,1,8.80537513890967,6400.0,-2.0,8.707874514134476,0.0975006247751935,6050.368838055654
20260828,2026-08-28,1960,St. Paul Saints,International League,CHS Field,Toledo Mud Hens,512,7721.0,1,night,Friday,4,8,August,23,1,,0,1960-10,4,6,1.0,0.5658914728682171,0.4728682170542636,Partly Cloudy,Cloudy,80.0,8,Calm,0,0,0,,1,-1.0,full_season_release,1,8.951699168308815,6400.0,-1.0,9.0424219941625,-0.09072282585368541,8454.22837128885
20260829,2026-08-29,1960,St. Paul Saints,International League,CHS Field,Toledo Mud Hens,512,6757.0,1,night,Saturday,5,8,August,23,1,,0,1960-10,5,6,1.0,0.5692307692307692,0.4692307692307692,Partly Cloudy,Cloudy,80.0,8,L To R,0,1,1,"Toby and Ron Gardenhire bobblehead, first 1500 fans",1,0.0,full_season_release,1,8.818334283552174,6400.0,0.0,8.98609422809746,-0.16775994454528664,7991.184120538602
20260830,2026-08-30,1960,St. Paul Saints,International League,CHS Field,Toledo Mud Hens,512,7189.0,1,day,Sunday,6,8,August,23,1,,0,1960-10,6,6,1.0,0.5648854961832062,0.4732824427480916,Cloudy,Cloudy,80.0,12,R To L,0,0,0,,1,1.0,full_season_release,1,8.880307358983872,6400.0,1.0,8.804853748848382,0.07545361013549012,6666.5232347454
20260327,2026-03-27,5434,Sugar Land Space Cowboys,Pacific Coast League,Constellation Field,Round Rock Express,102,4568.0,1,night,Friday,4,3,March,1,1,,0,5434-1,1,3,1.0,0.0,1.0,Partly Cloudy,Cloudy,81.0,10,L To R,0,1,1,2026 Magnet Schedule presented by Frost Bank,1,0.0,full_season_release,1,8.426830751335846,6561.0,0.0,8.155901569354095,0.2709291819817512,3483.878868239651
20260328,2026-03-28,5434,Sugar Land Space Cowboys,Pacific Coast League,Constellation Field,Round Rock Express,102,3974.0,1,night,Saturday,5,3,March,1,1,,0,5434-1,2,3,1.0,0.5,0.5,Cloudy,Cloudy,74.0,5,L To R,0,1,1,Concert Tee,1,0.0,full_season_release,1,8.287528423111763,5476.0,0.0,8.19834244388622,0.08918597922554206,3634.9202268694708
20260329,2026-03-29,5434,Sugar Land Space Cowboys,Pacific Coast League,Constellation Field,Round Rock Express,102,3887.0,1,day,Sunday,6,3,March,1,1,,0,5434-1,3,3,1.0,0.6666666666666666,0.3333333333333333,Partly Cloudy,Cloudy,81.0,8,L To R,0,0,0,,1,1.0,full_season_release,1,8.265392930852224,6561.0,1.0,8.02854767843167,0.23684525242055443,3067.2837545369975
20260407,2026-04-07,5434,Sugar Land Space Cowboys,Pacific Coast League,Constellation Field,Tacoma Rainiers,529,2221.0,1,night,Tuesday,1,4,April,2,0,,0,5434-2,1,6,9.0,0.6,0.5,Overcast,Cloudy,71.0,11,L To R,0,0,0,,1,-3.0,full_season_release,1,7.7057128238944275,5041.0,-3.0,7.778382788627877,-0.07266996473344989,2388.4091331516797
20260408,2026-04-08,5434,Sugar Land Space Cowboys,Pacific Coast League,Constellation Field,Tacoma Rainiers,529,2009.0,1,night,Wednesday,2,4,April,2,0,,0,5434-2,2,6,1.0,0.5454545454545454,0.5454545454545454,Partly Cloudy,Cloudy,78.0,13,In From RF,0,0,0,,1,-2.0,full_season_release,1,7.605392364814935,6084.0,-2.0,7.75727535034902,-0.15188298553408508,2338.5242578144453
20260409,2026-04-09,5434,Sugar Land Space Cowboys,Pacific Coast League,Constellation Field,Tacoma Rainiers,529,2140.0,1,night,Thursday,3,4,April,2,0,,0,5434-2,3,6,1.0,0.5833333333333334,0.5,Cloudy,Cloudy,79.0,14,L To R,0,0,0,,1,-1.0,full_season_release,1,7.668561108015897,6241.0,-1.0,7.849908324432489,-0.1813472164165919,2565.499112466633
20260410,2026-04-10,5434,Sugar Land Space Cowboys,Pacific Coast League,Constellation Field,Tacoma Rainiers,529,3106.0,1,night,Friday,4,4,April,3,1,,0,5434-2,4,6,1.0,0.6153846153846154,0.4615384615384615,Cloudy,Cloudy,72.0,10,In From RF,0,1,1,Video Game Hats presented by Pepsi,1,0.0,full_season_release,1,8.041091003708633,5184.0,0.0,8.198261572774959,-0.15717056906632543,3634.6262787174924
20260411,2026-04-11,5434,Sugar Land Space Cowboys,Pacific Coast League,Constellation Field,Tacoma Rainiers,529,4268.0,1,night,Saturday,5,4,April,3,1,,0,5434-2,5,6,1.0,0.6428571428571429,0.4285714285714285,Cloudy,Cloudy,78.0,14,L To R,0,1,1,Brice Matthews Home Replica Jersey presented by Houston Methodist,1,0.0,full_season_release,1,8.358900612421644,6084.0,0.0,8.144905585924107,0.2139950264975372,3445.780044829728
20260412,2026-04-12,5434,Sugar Land Space Cowboys,Pacific Coast League,Constellation Field,Tacoma Rainiers,529,4345.0,1,day,Sunday,6,4,April,3,1,,0,5434-2,6,6,1.0,0.6666666666666666,0.4,Overcast,Cloudy,80.0,14,In From LF,0,0,0,,1,1.0,full_season_release,1,8.376781037699493,6400.0,1.0,7.962619794215779,0.4141612434837141,2871.586071376605
20260423,2026-04-23,5434,Sugar Land Space Cowboys,Pacific Coast League,Constellation Field,Round Rock Express,102,2536.0,2,night,Thursday,3,4,April,4,0,,0,5434-3,1,4,11.0,0.5652173913043478,0.4347826086956521,Partly Cloudy,Cloudy,84.0,11,In From RF,0,1,1,College Spirit Caps presented by NMDP,1,0.0,full_season_release,1,7.8383433155571165,7056.0,0.0,7.694073630064456,0.1442696854926604,2195.2992088899337
20260424,2026-04-24,5434,Sugar Land Space Cowboys,Pacific Coast League,Constellation Field,Round Rock Express,102,4033.0,1,night,Friday,4,4,April,5,1,,0,5434-3,2,4,1.0,0.5833333333333334,0.4166666666666667,Overcast,Cloudy,80.0,13,In From RF,0,0,0,,1,1.0,full_season_release,1,8.302265794873367,6400.0,1.0,8.221139976254467,0.08112581861890078,3718.739241525021
20260425,2026-04-25,5434,Sugar Land Space Cowboys,Pacific Coast League,Constellation Field,Round Rock Express,102,3912.0,2,night,Saturday,5,4,April,5,1,,0,5434-3,3,4,1.0,0.5384615384615384,0.4615384615384615,Cloudy,Cloudy,86.0,8,In From RF,0,0,0,,1,2.0,full_season_release,1,8.271804031154709,7396.0,2.0,8.116702397031796,0.15510163412291256,3349.955687205572
20260426,2026-04-26,5434,Sugar Land Space Cowboys,Pacific Coast League,Constellation Field,Round Rock Express,102,5238.0,1,day,Sunday,6,4,April,5,1,,0,5434-3,4,4,1.0,0.5555555555555556,0.4444444444444444,Cloudy,Cloudy,84.0,10,In From RF,0,0,0,,1,3.0,full_season_release,1,8.563695025067657,7056.0,3.0,7.955376278257749,0.6083187468099087,2850.8608442189834
20260505,2026-05-05,5434,Sugar Land Space Cowboys,Pacific Coast League,Constellation Field,Albuquerque Isotopes,342,2951.0,1,night,Tuesday,1,5,May,6,0,,0,5434-4,1,6,9.0,0.5,0.5588235294117647,Cloudy,Cloudy,83.0,13,R To L,0,0,0,,1,-3.0,full_season_release,1,7.989899374942939,6889.0,-3.0,8.032607608907174,-0.04270823396423484,3079.762026647695
20260506,2026-05-06,5434,Sugar Land Space Cowboys,Pacific Coast League,Constellation Field,Albuquerque Isotopes,342,6592.0,1,day,Wednesday,2,5,May,6,0,,0,5434-4,2,6,1.0,0.4857142857142857,0.5714285714285714,Cloudy,Cloudy,77.0,5,In From RF,0,0,0,,1,-2.0,full_season_release,1,8.793612071589308,5929.0,-2.0,8.164142601320476,0.6294694702688322,3512.7082541440345
20260507,2026-05-07,5434,Sugar Land Space Cowboys,Pacific Coast League,Constellation Field,Albuquerque Isotopes,342,2764.0,1,night,Thursday,3,5,May,6,0,,0,5434-4,3,6,1.0,0.4722222222222222,0.5833333333333334,Overcast,Cloudy,77.0,7,L To R,0,0,0,,1,-1.0,full_season_release,1,7.92443418488756,5929.0,-1.0,8.127628769457361,-0.20319458456980133,3386.7592492150793
20260508,2026-05-08,5434,Sugar Land Space Cowboys,Pacific Coast League,Constellation Field,Albuquerque Isotopes,342,4527.0,1,night,Friday,4,5,May,7,1,,0,5434-4,4,6,1.0,0.4594594594594595,0.5945945945945946,Cloudy,Cloudy,74.0,7,L To R,0,1,1,Baseball Cowboy Hat presented by Constellation,1,0.0,full_season_release,1,8.417814747435958,5476.0,0.0,8.463678898022087,-0.04586415058612836,4739.461961536997
20260509,2026-05-09,5434,Sugar Land Space Cowboys,Pacific Coast League,Constellation Field,Albuquerque Isotopes,342,3982.0,1,night,Saturday,5,5,May,7,1,,0,5434-4,5,6,1.0,0.4736842105263157,0.5789473684210527,Clear,Clear,88.0,5,L To R,0,1,1,Ponytail Cap presented by Houston Methodist,1,0.0,full_season_release,1,8.289539484624141,7744.0,0.0,8.337875982304144,-0.04833649768000292,4179.2036052389485
20260510,2026-05-10,5434,Sugar Land Space Cowboys,Pacific Coast League,Constellation Field,Albuquerque Isotopes,342,3770.0,1,day,Sunday,6,5,May,7,1,Mother's Day,1,5434-4,6,6,1.0,0.4615384615384615,0.5897435897435898,Partly Cloudy,Cloudy,87.0,10,L To R,0,1,1,Mother's Day Replica Jersey presented by Houston Methodist,1,0.0,full_season_release,1,8.234830280442056,7569.0,0.0,8.244202321104975,-0.00937204066291919,3805.4986810045243
20260526,2026-05-26,5434,Sugar Land Space Cowboys,Pacific Coast League,Constellation Field,Oklahoma City Comets,238,2890.0,1,night,Tuesday,1,5,May,9,0,,0,5434-5,1,6,14.0,0.4230769230769231,0.5686274509803921,Partly Cloudy,Cloudy,84.0,18,In From RF,0,0,0,,1,-3.0,full_season_release,1,7.969011781106478,7056.0,-3.0,7.951465750698688,0.017546030407790347,2839.734243938339
20260527,2026-05-27,5434,Sugar Land Space Cowboys,Pacific Coast League,Constellation Field,Oklahoma City Comets,238,2556.0,1,night,Wednesday,2,5,May,9,0,,0,5434-5,2,6,1.0,0.4339622641509434,0.5576923076923077,Overcast,Cloudy,75.0,5,Out To RF,0,0,0,,1,-2.0,full_season_release,1,7.846198815497425,5625.0,-2.0,8.05688645286539,-0.2106876373679647,3155.4501808578552
20260528,2026-05-28,5434,Sugar Land Space Cowboys,Pacific Coast League,Constellation Field,Oklahoma City Comets,238,3104.0,1,night,Thursday,3,5,May,9,0,,0,5434-5,3,6,1.0,0.4259259259259259,0.5660377358490566,Clear,Clear,86.0,4,Calm,0,0,0,,1,-1.0,full_season_release,1,8.04044688130311,7396.0,-1.0,8.090596022829002,-0.05014914152589256,3263.6321899409413
20260529,2026-05-29,5434,Sugar Land Space Cowboys,Pacific Coast League,Constellation Field,Oklahoma City Comets,238,4909.0,1,night,Friday,4,5,May,10,1,,0,5434-5,4,6,1.0,0.4181818181818181,0.5740740740740741,Partly Cloudy,Cloudy,87.0,7,In From RF,0,1,1,Space Cowboys Fishing Shirt presented by Constellation,1,0.0,full_season_release,1,8.498825534058053,7569.0,0.0,8.41500601157853,0.08381952247952285,4514.302692811834
20260530,2026-05-30,5434,Sugar Land Space Cowboys,Pacific Coast League,Constellation Field,Oklahoma City Comets,238,3711.0,1,night,Saturday,5,5,May,10,1,,0,5434-5,5,6,1.0,0.4107142857142857,0.5818181818181818,Clear,Clear,92.0,7,L To R,0,1,1,Year of the Fire Horse Jersey,1,0.0,full_season_release,1,8.219056661060598,8464.0,0.0,8.298032853960885,-0.07897619290028679,4015.9646295944704
20260531,2026-05-31,5434,Sugar Land Space Cowboys,Pacific Coast League,Constellation Field,Oklahoma City Comets,238,3855.0,1,day,Sunday,6,5,May,10,1,,0,5434-5,6,6,1.0,0.4035087719298245,0.5892857142857143,Partly Cloudy,Cloudy,91.0,1,Calm,0,0,0,,1,1.0,full_season_release,1,8.25712628599743,8281.0,1.0,8.12943569766492,0.12769058833250924,3392.8844122330647
20260609,2026-06-09,5434,Sugar Land Space Cowboys,Pacific Coast League,Constellation Field,Sacramento River Cats,105,2937.0,1,night,Tuesday,1,6,June,11,0,,0,5434-6,1,6,9.0,0.421875,0.6129032258064516,Partly Cloudy,Cloudy,87.0,14,In From RF,0,0,0,,1,-3.0,full_season_release,1,7.98514393119862,7569.0,-3.0,8.064866806884634,-0.07972287568601377,3180.732537290934
20260610,2026-06-10,5434,Sugar Land Space Cowboys,Pacific Coast League,Constellation Field,Sacramento River Cats,105,3328.0,1,night,Wednesday,2,6,June,11,0,,0,5434-6,2,6,1.0,0.4153846153846154,0.6190476190476191,Partly Cloudy,Cloudy,88.0,11,In From RF,0,0,0,,1,-2.0,full_season_release,1,8.1101268019411,7744.0,-2.0,8.039139690240358,0.07098711170074168,3099.945129763682
20260611,2026-06-11,5434,Sugar Land Space Cowboys,Pacific Coast League,Constellation Field,Sacramento River Cats,105,2922.0,1,night,Thursday,3,6,June,11,0,,0,5434-6,3,6,1.0,0.4242424242424242,0.609375,Partly Cloudy,Cloudy,88.0,12,In From RF,0,0,0,,1,-1.0,full_season_release,1,7.980023592310645,7744.0,-1.0,8.127998815053187,-0.14797522274254238,3388.012736468789
20260612,2026-06-12,5434,Sugar Land Space Cowboys,Pacific Coast League,Constellation Field,Sacramento River Cats,105,3811.0,1,night,Friday,4,6,June,12,1,,0,5434-6,4,6,1.0,0.4328358208955223,0.6,Cloudy,Cloudy,84.0,14,Out To RF,0,1,1,Baseball Soccer Ball presented by Republic Services,1,0.0,full_season_release,1,8.24564690087386,7056.0,0.0,8.500889736945547,-0.2552428360716874,4919.14363763598
20260613,2026-06-13,5434,Sugar Land Space Cowboys,Pacific Coast League,Constellation Field,Sacramento River Cats,105,3743.0,1,night,Saturday,5,6,June,12,1,,0,5434-6,5,6,1.0,0.4411764705882353,0.5909090909090909,Partly Cloudy,Cloudy,88.0,12,In From RF,0,1,1,Space Cowboys Soccer Jersey presented by Houston Methodist,1,0.0,full_season_release,1,8.22764270790443,7744.0,0.0,8.409492846297294,-0.18185013839286412,4489.483076127303
20260623,2026-06-23,5434,Sugar Land Space Cowboys,Pacific Coast League,Constellation Field,El Paso Chihuahuas,4904,2820.0,1,night,Tuesday,1,6,June,13,0,,0,5434-7,1,6,10.0,0.44,0.4605263157894737,Partly Cloudy,Cloudy,90.0,14,R To L,0,0,0,,1,-3.0,full_season_release,1,7.944492163932159,8100.0,-3.0,8.061056968581791,-0.11656480464963259,3168.6375153080776
20260624,2026-06-24,5434,Sugar Land Space Cowboys,Pacific Coast League,Constellation Field,El Paso Chihuahuas,4904,4686.0,1,day,Wednesday,2,6,June,13,0,,0,5434-7,2,6,1.0,0.4473684210526316,0.4545454545454545,Cloudy,Cloudy,85.0,8,In From RF,0,0,0,,1,-2.0,full_season_release,1,8.452334619067742,7225.0,-2.0,8.2365919438061,0.21574267526164093,3776.6473243371825
20260625,2026-06-25,5434,Sugar Land Space Cowboys,Pacific Coast League,Constellation Field,El Paso Chihuahuas,4904,2010.0,1,night,Thursday,3,6,June,13,0,,0,5434-7,3,6,1.0,0.4545454545454545,0.4487179487179487,Partly Cloudy,Cloudy,89.0,12,In From RF,0,0,0,,1,-1.0,full_season_release,1,7.605890001053122,7921.0,-1.0,8.163409847104166,-0.5575198460510444,3510.1352451668586
20260626,2026-06-26,5434,Sugar Land Space Cowboys,Pacific Coast League,Constellation Field,El Paso Chihuahuas,4904,5112.0,1,night,Friday,4,6,June,14,1,,0,5434-7,4,6,1.0,0.4487179487179487,0.4556962025316455,Clear,Clear,88.0,13,In From RF,0,1,1,A Celebration of America's 250 Jersey presented by Hunton Trane,1,0.0,full_season_release,1,8.53934599605737,7744.0,0.0,8.508220150749237,0.031125845308134004,4955.335484603104
20260627,2026-06-27,5434,Sugar Land Space Cowboys,Pacific Coast League,Constellation Field,El Paso Chihuahuas,4904,4373.0,1,night,Saturday,5,6,June,14,1,,0,5434-7,5,6,1.0,0.4556962025316455,0.45,Partly Cloudy,Cloudy,89.0,13,In From RF,0,1,1,Foam Hot Dog Hat,1,0.0,full_season_release,1,8.38320455141292,7921.0,0.0,8.441036201049815,-0.05783164963689558,4633.353583820278
20260628,2026-06-28,5434,Sugar Land Space Cowboys,Pacific Coast League,Constellation Field,El Paso Chihuahuas,4904,3694.0,1,night,Sunday,6,6,June,14,1,,0,5434-7,6,6,1.0,0.4625,0.4444444444444444,Partly Cloudy,Cloudy,88.0,15,In From RF,0,1,1,Sesame Street Plush,1,0.0,full_season_release,1,8.214465160759186,7744.0,0.0,8.150184232601301,0.06428092815788489,3464.017191593991
20260707,2026-07-07,5434,Sugar Land Space Cowboys,Pacific Coast League,Constellation Field,Albuquerque Isotopes,342,2644.0,1,night,Tuesday,1,7,July,15,0,,0,5434-8,1,6,9.0,0.4712643678160919,0.5113636363636364,Partly Cloudy,Cloudy,89.0,13,R To L,0,0,0,,1,-3.0,full_season_release,1,7.880048200971577,7921.0,-3.0,8.05940381119724,-0.17935561022566393,3163.4035862469163
20260708,2026-07-08,5434,Sugar Land Space Cowboys,Pacific Coast League,Constellation Field,Albuquerque Isotopes,342,2539.0,1,night,Wednesday,2,7,July,15,0,,0,5434-8,2,6,1.0,0.4772727272727273,0.5056179775280899,Cloudy,Cloudy,88.0,8,In From RF,0,0,0,,1,-2.0,full_season_release,1,7.839525581704678,7744.0,-2.0,8.056684732370494,-0.21715915066581548,3154.8137260808962
20260709,2026-07-09,5434,Sugar Land Space Cowboys,Pacific Coast League,Constellation Field,Albuquerque Isotopes,342,2427.0,1,night,Thursday,3,7,July,15,0,,0,5434-8,3,6,1.0,0.4719101123595505,0.5111111111111111,Clear,Clear,89.0,10,R To L,0,0,0,,1,-1.0,full_season_release,1,7.794411205726601,7921.0,-1.0,8.1319359837519,-0.33752477802529857,3401.378207958475
20260710,2026-07-10,5434,Sugar Land Space Cowboys,Pacific Coast League,Constellation Field,Albuquerque Isotopes,342,4048.0,1,night,Friday,4,7,July,16,1,,0,5434-8,4,6,1.0,0.4777777777777778,0.5054945054945055,Partly Cloudy,Cloudy,90.0,13,R To L,0,1,1,Texas Flag Jersey presented by Constellation,1,0.0,full_season_release,1,8.305978210967302,8100.0,0.0,8.45627379209981,-0.1502955811325073,4704.495369141766
20260711,2026-07-11,5434,Sugar Land Space Cowboys,Pacific Coast League,Constellation Field,Albuquerque Isotopes,342,4515.0,1,night,Saturday,5,7,July,16,1,,0,5434-8,5,6,1.0,0.4835164835164835,0.5,Overcast,Cloudy,86.0,9,L To R,0,1,1,Anime Jersey Giveaway,1,0.0,full_season_release,1,8.415160465851086,7396.0,0.0,8.442439591908236,-0.02727912605715055,4639.860554727427
20260712,2026-07-12,5434,Sugar Land Space Cowboys,Pacific Coast League,Constellation Field,Albuquerque Isotopes,342,3391.0,1,day,Sunday,6,7,July,16,1,,0,5434-8,6,6,1.0,0.4891304347826087,0.4946236559139785,Partly Cloudy,Cloudy,93.0,7,L To R,0,0,0,,1,1.0,full_season_release,1,8.128880142125638,8649.0,1.0,8.180530830026381,-0.05165068790074301,3570.749618942589
20260721,2026-07-21,5434,Sugar Land Space Cowboys,Pacific Coast League,Constellation Field,Nashville Sounds,556,2467.0,1,night,Tuesday,1,7,July,17,0,,0,5434-9,1,11,9.0,0.5,0.5567010309278351,Clear,Clear,95.0,5,In From RF,0,0,0,,1,-2.0,full_season_release,1,7.810758116529357,9025.0,-2.0,7.958563200404567,-0.14780508387521074,2859.960808517843
20260722,2026-07-22,5434,Sugar Land Space Cowboys,Pacific Coast League,Constellation Field,Nashville Sounds,556,2403.0,1,night,Wednesday,2,7,July,17,0,,0,5434-9,2,11,1.0,0.5051546391752577,0.5510204081632653,Partly Cloudy,Cloudy,97.0,9,L To R,0,0,0,,1,-1.0,full_season_release,1,7.784473235736469,9409.0,-1.0,7.911403522791864,-0.12693028705539522,2728.2168950660584
20260724,2026-07-24,5434,Sugar Land Space Cowboys,Pacific Coast League,Constellation Field,Nashville Sounds,556,4458.0,1,night,Friday,4,7,July,18,1,,0,5434-9,3,11,2.0,0.5102040816326531,0.5454545454545454,Partly Cloudy,Cloudy,90.0,12,R To L,0,1,1,Astros Jeremy Pena Short Sleeve Hoodie presented by Amaro Law Firm,1,0.0,full_season_release,1,8.402455513945814,8100.0,0.0,8.42891861902335,-0.026463105077535687,4577.547342922685
20260725,2026-07-25,5434,Sugar Land Space Cowboys,Pacific Coast League,Constellation Field,Nashville Sounds,556,3856.0,2,night,Saturday,5,7,July,18,1,,0,5434-9,4,11,1.0,0.51,0.5445544554455446,Partly Cloudy,Cloudy,90.0,8,In From RF,0,1,1,Adventure Hat presented by Pepsi,1,0.0,full_season_release,1,8.257385655730436,8100.0,0.0,8.38879141235129,-0.13140575662085396,4397.499717414799
20260726,2026-07-26,5434,Sugar Land Space Cowboys,Pacific Coast League,Constellation Field,Nashville Sounds,556,3211.0,1,night,Sunday,6,7,July,18,1,,0,5434-9,5,11,1.0,0.504950495049505,0.5490196078431373,Clear,Clear,91.0,11,R To L,0,0,0,,1,1.0,full_season_release,1,8.074337694089515,8281.0,1.0,8.073090435995796,0.0012472580937181732,3206.9975508235066
20260728,2026-07-28,5434,Sugar Land Space Cowboys,Pacific Coast League,Constellation Field,Salt Lake Bees,561,2723.0,1,night,Tuesday,1,7,July,18,0,,0,5434-9,6,11,2.0,0.5098039215686274,0.4803921568627451,Partly Cloudy,Cloudy,91.0,14,R To L,0,0,0,,1,2.0,full_season_release,1,7.909489492673759,8281.0,2.0,8.12094411466048,-0.2114546219867206,3364.195432438174
20260729,2026-07-29,5434,Sugar Land Space Cowboys,Pacific Coast League,Constellation Field,Salt Lake Bees,561,2257.0,1,night,Wednesday,2,7,July,18,0,,0,5434-9,7,11,1.0,0.5145631067961165,0.4757281553398058,Clear,Clear,93.0,11,R To L,0,0,0,,1,-2.0,full_season_release,1,7.721791776817535,8649.0,-2.0,7.964036071374404,-0.24224429455686902,2875.6559144711423
20260730,2026-07-30,5434,Sugar Land Space Cowboys,Pacific Coast League,Constellation Field,Salt Lake Bees,561,2151.0,1,night,Thursday,3,7,July,18,0,,0,5434-9,8,11,1.0,0.5192307692307693,0.4711538461538461,Clear,Clear,93.0,8,In From RF,0,0,0,,1,-1.0,full_season_release,1,7.67368812926773,8649.0,-1.0,8.051914211074887,-0.3782260818071572,3139.799461425977
20260731,2026-07-31,5434,Sugar Land Space Cowboys,Pacific Coast League,Constellation Field,Salt Lake Bees,561,3965.0,1,night,Friday,4,7,July,19,1,,0,5434-9,9,11,1.0,0.5238095238095238,0.4666666666666667,Partly Cloudy,Cloudy,93.0,14,In From RF,0,1,1,Survivor Jersey Giveaway,1,0.0,full_season_release,1,8.285261134068948,8649.0,0.0,8.387824712779933,-0.10256357871098487,4393.25071041045
20260801,2026-08-01,5434,Sugar Land Space Cowboys,Pacific Coast League,Constellation Field,Salt Lake Bees,561,3159.0,1,night,Saturday,5,8,August,19,1,,0,5434-9,10,11,1.0,0.5283018867924528,0.4622641509433962,Partly Cloudy,Cloudy,94.0,5,L To R,0,0,0,,1,1.0,full_season_release,1,8.058010800802085,8836.0,1.0,8.294907955612972,-0.2368971548108867,4003.434735876451
20260802,2026-08-02,5434,Sugar Land Space Cowboys,Pacific Coast League,Constellation Field,Salt Lake Bees,561,3467.0,1,night,Sunday,6,8,August,19,1,,0,5434-9,11,11,1.0,0.5327102803738317,0.4579439252336448,Clear,Clear,94.0,5,L To R,0,0,0,,1,2.0,full_season_release,1,8.151044945685024,8836.0,2.0,7.993071396015672,0.15797354966935195,2960.375495959879
20260818,2026-08-18,5434,Sugar Land Space Cowboys,Pacific Coast League,Constellation Field,Oklahoma City Comets,238,2334.0,1,night,Tuesday,1,8,August,21,0,,0,5434-10,1,6,14.0,0.525,0.5714285714285714,Partly Cloudy,Cloudy,92.0,10,In From RF,0,0,0,,1,-3.0,full_season_release,1,7.755338812846501,8464.0,-3.0,7.890182100711912,-0.13484328786541067,2670.930254695424
20260819,2026-08-19,5434,Sugar Land Space Cowboys,Pacific Coast League,Constellation Field,Oklahoma City Comets,238,2002.0,1,night,Wednesday,2,8,August,21,0,,0,5434-10,2,6,1.0,0.5289256198347108,0.5666666666666667,Partly Cloudy,Cloudy,95.0,9,L To R,0,0,0,,1,-2.0,full_season_release,1,7.601901959875166,9025.0,-2.0,7.914614830040535,-0.3127128701653694,2736.9921201879492
20260820,2026-08-20,5434,Sugar Land Space Cowboys,Pacific Coast League,Constellation Field,Oklahoma City Comets,238,2780.0,1,night,Thursday,3,8,August,21,0,,0,5434-10,3,6,1.0,0.5327868852459017,0.5619834710743802,Partly Cloudy,Cloudy,95.0,9,L To R,0,0,0,,1,-1.0,full_season_release,1,7.930206206684683,9025.0,-1.0,8.002650017175363,-0.07244381049067972,2988.868053182893
20260821,2026-08-21,5434,Sugar Land Space Cowboys,Pacific Coast League,Constellation Field,Oklahoma City Comets,238,5532.0,1,night,Friday,4,8,August,22,1,,0,5434-10,4,6,1.0,0.5365853658536586,0.5573770491803278,Partly Cloudy,Cloudy,96.0,4,In From RF,0,1,1,Harry Potter Jersey Giveaway,1,0.0,full_season_release,1,8.61830469278465,9216.0,0.0,8.322309665939105,0.295995026845544,4114.652514559241
20260822,2026-08-22,5434,Sugar Land Space Cowboys,Pacific Coast League,Constellation Field,Oklahoma City Comets,238,4613.0,1,night,Saturday,5,8,August,22,1,,0,5434-10,5,6,1.0,0.532258064516129,0.5609756097560976,Clear,Clear,101.0,7,R To L,0,0,0,,1,1.0,full_season_release,1,8.43663368355782,10201.0,1.0,8.171134730576373,0.26549895298144754,3537.355632706447
20260823,2026-08-23,5434,Sugar Land Space Cowboys,Pacific Coast League,Constellation Field,Oklahoma City Comets,238,2461.0,1,day,Sunday,6,8,August,22,1,,0,5434-10,6,6,1.0,0.528,0.5645161290322581,Sunny,Clear,98.0,5,Calm,0,0,0,,1,2.0,full_season_release,1,7.8083230503910555,9604.0,2.0,8.048608822086816,-0.2402857716957607,3129.43833606971
