date_key,team_id,away_team_id,attendance,games_that_date,day_night,day_of_week,day_of_week_num,month_name,month_num,week_of_season,is_weekend,is_holiday,holiday,homestand_id,homestand_game_index,homestand_length,days_since_last_home_date,home_win_pct,away_win_pct,weather_group,weather_condition,temp_f,wind_mph,is_wet,has_giveaway,giveaway_count,giveaway_item,homestand_has_giveaway,games_from_giveaway,analysis_eligible,predicted_attendance,residual,vs_expected,vs_expected_pct,giveaway_label,temp_band,temp_band_num,control_status,control_status_order,offset_label
20260331,342,2310,5735.0,1,night,Tuesday,1,March,3,1,0,0,,342-1,1,6,,0.25,0.5,Cloudy,Overcast,73.0,11,0,1,1,"Isotopes Scarves, first 2000 fans",1,0.0,1,7234.0,-0.2323,-1499.0,-20.73,Giveaway,65-75F,2,Giveaway,0,Giveaway
20260401,342,2310,6203.0,1,night,Wednesday,2,April,4,1,0,0,,342-1,2,6,1.0,0.2,0.6,Cloudy,Partly Cloudy,61.0,18,0,0,0,,1,1.0,1,5525.0,0.1157,678.0,12.27,No giveaway,55-65F,1,Adjacent to a giveaway,1,+1 games
20260402,342,2310,3378.0,1,day,Thursday,3,April,4,1,0,0,,342-1,3,6,1.0,0.333,0.5,Clear,Sunny,65.0,8,0,0,0,,1,-1.0,1,7138.0,-0.7481,-3760.0,-52.68,No giveaway,55-65F,1,Adjacent to a giveaway,1,-1 games
20260403,342,2310,3653.0,1,night,Friday,4,April,4,2,1,0,,342-1,4,6,1.0,0.286,0.571,Clear,Clear,60.0,8,0,1,1,"Magnet Schedules, first 3000 fans",1,0.0,1,8305.0,-0.8213,-4652.0,-56.01,Giveaway,55-65F,1,Giveaway,0,Giveaway
20260404,342,2310,6455.0,1,night,Saturday,5,April,4,2,1,0,,342-1,5,6,1.0,0.375,0.5,Clear,Clear,67.0,2,0,1,1,"Adult Mariachis Jersey Hoodie, first 3000 fans 16 and older",1,0.0,1,8402.0,-0.2637,-1947.0,-23.18,Giveaway,65-75F,2,Giveaway,0,Giveaway
20260405,342,2310,4058.0,1,day,Sunday,6,April,4,2,1,0,,342-1,6,6,1.0,0.333,0.556,Clear,Sunny,69.0,8,0,0,0,,1,1.0,1,7005.0,-0.5459,-2947.0,-42.07,No giveaway,65-75F,2,Adjacent to a giveaway,1,+1 games
20260414,342,238,6224.0,1,night,Tuesday,1,April,4,3,0,0,,342-2,1,6,9.0,0.5,0.562,Cloudy,Partly Cloudy,67.0,18,0,0,0,,1,-3.0,1,5691.0,0.0895,533.0,9.36,No giveaway,65-75F,2,Adjacent to a giveaway,1,3+ away
20260415,342,238,7663.0,1,night,Wednesday,2,April,4,3,0,0,,342-2,2,6,1.0,0.529,0.529,Clear,Clear,69.0,11,0,0,0,,1,-2.0,1,5700.0,0.296,1963.0,34.45,No giveaway,65-75F,2,Adjacent to a giveaway,1,-2 games
20260416,342,238,3343.0,1,day,Thursday,3,April,4,3,0,0,,342-2,3,6,1.0,0.556,0.5,Clear,Sunny,69.0,11,0,0,0,,1,-1.0,1,7063.0,-0.7479,-3720.0,-52.67,No giveaway,65-75F,2,Adjacent to a giveaway,1,-1 games
20260417,342,238,4850.0,1,night,Friday,4,April,4,4,1,0,,342-2,4,6,1.0,0.526,0.526,Clear,Clear,62.0,18,0,1,1,"Orbit Socks, first 2000 fans",1,0.0,1,8294.0,-0.5365,-3444.0,-41.52,Giveaway,55-65F,1,Giveaway,0,Giveaway
20260418,342,238,5545.0,1,night,Saturday,5,April,4,4,1,0,,342-2,5,6,1.0,0.55,0.5,Cloudy,Partly Cloudy,68.0,3,0,0,0,,1,1.0,1,8226.0,-0.3944,-2681.0,-32.59,No giveaway,65-75F,2,Adjacent to a giveaway,1,+1 games
20260419,342,238,8033.0,1,day,Sunday,6,April,4,4,1,0,,342-2,6,6,1.0,0.571,0.476,Clear,Sunny,70.0,7,0,0,0,,1,2.0,1,6955.0,0.1441,1078.0,15.5,No giveaway,65-75F,2,Adjacent to a giveaway,1,+2 games
20260428,342,4904,8611.0,1,night,Tuesday,1,April,4,5,0,0,,342-3,1,6,9.0,0.536,0.464,Cloudy,Partly Cloudy,78.0,16,0,0,0,,1,-5.0,1,5937.0,0.3718,2674.0,45.04,No giveaway,75-85F,3,Adjacent to a giveaway,1,3+ away
20260429,342,4904,6409.0,1,night,Wednesday,2,April,4,5,0,0,,342-3,2,6,1.0,0.517,0.483,Clear,Clear,78.0,8,0,0,0,,1,-4.0,1,5833.0,0.0941,576.0,9.87,No giveaway,75-85F,3,Adjacent to a giveaway,1,3+ away
20260430,342,4904,6509.0,1,day,Thursday,3,April,4,5,0,0,,342-3,3,6,1.0,0.5,0.5,Cloudy,Partly Cloudy,68.0,4,0,0,0,,1,-3.0,1,7090.0,-0.0854,-581.0,-8.19,No giveaway,65-75F,2,Adjacent to a giveaway,1,3+ away
20260501,342,4904,8298.0,1,night,Friday,4,May,5,6,1,0,,342-3,4,6,1.0,0.516,0.484,Cloudy,Cloudy,56.0,12,0,0,0,,1,-2.0,1,10383.0,-0.2241,-2085.0,-20.08,No giveaway,55-65F,1,Adjacent to a giveaway,1,-2 games
20260502,342,4904,8667.0,1,night,Saturday,5,May,5,6,1,0,,342-3,5,6,1.0,0.531,0.469,Cloudy,Cloudy,68.0,4,0,0,0,,1,-1.0,1,11043.0,-0.2423,-2376.0,-21.52,No giveaway,65-75F,2,Adjacent to a giveaway,1,-1 games
20260503,342,4904,6132.0,1,day,Sunday,6,May,5,6,1,0,,342-3,6,6,1.0,0.545,0.455,Cloudy,Partly Cloudy,69.0,7,0,1,1,"Adult Mariachis Jersey, first 3000 fans 16 and older",1,0.0,1,9283.0,-0.4146,-3151.0,-33.94,Giveaway,65-75F,2,Giveaway,0,Giveaway
20260512,342,238,7976.0,1,night,Tuesday,1,May,5,7,0,0,,342-4,1,6,9.0,0.6,0.513,Clear,Clear,92.0,9,0,0,0,,0,,1,6838.0,0.1539,1138.0,16.64,No giveaway,85F+,4,Clean control,2,No giveaway in homestand
20260513,342,238,8196.0,1,night,Wednesday,2,May,5,7,0,0,,342-4,2,6,1.0,0.61,0.5,Cloudy,Overcast,85.0,19,0,0,0,,0,,1,7295.0,0.1164,901.0,12.35,No giveaway,75-85F,3,Clean control,2,No giveaway in homestand
20260514,342,238,6896.0,1,day,Thursday,3,May,5,7,0,0,,342-4,3,6,1.0,0.595,0.512,Clear,Sunny,80.0,4,0,0,0,,0,,1,9263.0,-0.2951,-2367.0,-25.55,No giveaway,75-85F,3,Clean control,2,No giveaway in homestand
20260515,342,238,7911.0,1,night,Friday,4,May,5,8,1,0,,342-4,4,6,1.0,0.581,0.524,Cloudy,Partly Cloudy,88.0,4,0,0,0,,0,,1,10784.0,-0.3098,-2873.0,-26.64,No giveaway,85F+,4,Clean control,2,No giveaway in homestand
20260516,342,238,12053.0,1,night,Saturday,5,May,5,8,1,0,,342-4,5,6,1.0,0.568,0.535,Clear,Clear,87.0,15,0,0,0,,0,,1,10276.0,0.1595,1777.0,17.3,No giveaway,85F+,4,Clean control,2,No giveaway in homestand
20260517,342,238,8783.0,1,day,Sunday,6,May,5,8,1,0,,342-4,6,6,1.0,0.556,0.545,Clear,Sunny,80.0,14,0,0,0,,0,,1,9000.0,-0.0244,-217.0,-2.41,No giveaway,75-85F,3,Clean control,2,No giveaway in homestand
20260526,342,4904,6704.0,1,night,Tuesday,1,May,5,9,0,0,,342-5,1,6,9.0,0.558,0.442,Cloudy,Overcast,60.0,8,0,0,0,,1,-4.0,1,7319.0,-0.0877,-615.0,-8.4,No giveaway,55-65F,1,Adjacent to a giveaway,1,3+ away
20260527,342,4904,7762.0,1,night,Wednesday,2,May,5,9,0,0,,342-5,2,6,1.0,0.547,0.453,Clear,Clear,83.0,4,0,0,0,,1,-3.0,1,7588.0,0.0227,174.0,2.29,No giveaway,75-85F,3,Adjacent to a giveaway,1,3+ away
20260528,342,4904,3614.0,1,day,Thursday,3,May,5,9,0,0,,342-5,3,6,1.0,0.556,0.444,Cloudy,Partly Cloudy,79.0,4,0,0,0,,1,-2.0,1,9559.0,-0.9727,-5945.0,-62.19,No giveaway,75-85F,3,Adjacent to a giveaway,1,-2 games
20260529,342,4904,8301.0,1,night,Friday,4,May,5,10,1,0,,342-5,4,6,1.0,0.564,0.436,Cloudy,Partly Cloudy,85.0,16,0,0,0,,1,-1.0,1,11435.0,-0.3203,-3134.0,-27.41,No giveaway,75-85F,3,Adjacent to a giveaway,1,-1 games
20260530,342,4904,7747.0,1,night,Saturday,5,May,5,10,1,0,,342-5,5,6,1.0,0.554,0.446,Clear,Clear,83.0,8,0,1,1,"Trucker Hats, first 2000 fans",1,0.0,1,10946.0,-0.3457,-3199.0,-29.23,Giveaway,75-85F,3,Giveaway,0,Giveaway
20260531,342,4904,4701.0,1,day,Sunday,6,May,5,10,1,0,,342-5,6,6,1.0,0.561,0.439,Clear,Sunny,84.0,4,0,1,1,"Pride Flags, first 1000 fans",1,0.0,1,9085.0,-0.6588,-4384.0,-48.25,Giveaway,75-85F,3,Giveaway,0,Giveaway
20260616,342,5434,7721.0,1,night,Tuesday,1,June,6,12,0,0,,342-6,1,12,16.0,0.514,0.435,Clear,Clear,94.0,15,0,0,0,,1,-4.0,1,6815.0,0.1248,906.0,13.29,No giveaway,85F+,4,Adjacent to a giveaway,1,3+ away
20260617,342,5434,7451.0,1,night,Wednesday,2,June,6,12,0,0,,342-6,2,12,1.0,0.507,0.443,Clear,Clear,100.0,18,0,0,0,,1,-3.0,1,6556.0,0.128,895.0,13.66,No giveaway,85F+,4,Adjacent to a giveaway,1,3+ away
20260618,342,5434,4099.0,1,day,Thursday,3,June,6,12,0,0,,342-6,3,12,1.0,0.514,0.437,Clear,Sunny,92.0,5,0,0,0,,1,-2.0,1,9251.0,-0.814,-5152.0,-55.69,No giveaway,85F+,4,Adjacent to a giveaway,1,-2 games
20260619,342,5434,5268.0,1,night,Friday,4,June,6,13,1,0,,342-6,4,12,1.0,0.521,0.431,Cloudy,Partly Cloudy,97.0,6,0,0,0,,1,-1.0,1,10599.0,-0.6991,-5331.0,-50.3,No giveaway,85F+,4,Adjacent to a giveaway,1,-1 games
20260620,342,5434,9227.0,1,night,Saturday,5,June,6,13,1,0,,342-6,5,12,1.0,0.527,0.425,Cloudy,Partly Cloudy,99.0,4,0,1,1,"Adult Mariachis Futbol Jersey, first 3000 fans 16 and older",1,0.0,1,9660.0,-0.0458,-433.0,-4.48,Giveaway,85F+,4,Giveaway,0,Giveaway
20260621,342,5434,7154.0,1,night,Sunday,6,June,6,13,1,1,Father's Day,342-6,6,12,1.0,0.52,0.432,Clear,Clear,98.0,6,0,0,0,,1,1.0,1,7855.0,-0.0934,-701.0,-8.92,No giveaway,85F+,4,Adjacent to a giveaway,1,+1 games
20260623,342,561,7332.0,1,night,Tuesday,1,June,6,13,0,0,,342-6,7,12,2.0,0.526,0.52,Cloudy,Partly Cloudy,99.0,7,0,0,0,,1,2.0,1,7114.0,0.0302,218.0,3.06,No giveaway,85F+,4,Adjacent to a giveaway,1,+2 games
20260624,342,561,7136.0,1,night,Wednesday,2,June,6,13,0,0,,342-6,8,12,1.0,0.519,0.526,Cloudy,Partly Cloudy,91.0,15,0,0,0,,1,-2.0,1,7092.0,0.0062,44.0,0.62,No giveaway,85F+,4,Adjacent to a giveaway,1,-2 games
20260625,342,561,3479.0,1,day,Thursday,3,June,6,13,0,0,,342-6,9,12,1.0,0.526,0.519,Cloudy,Partly Cloudy,89.0,7,0,0,0,,1,-1.0,1,8967.0,-0.9468,-5488.0,-61.2,No giveaway,85F+,4,Adjacent to a giveaway,1,-1 games
20260626,342,561,7498.0,1,night,Friday,4,June,6,14,1,0,,342-6,10,12,1.0,0.519,0.526,Cloudy,Overcast,77.0,4,0,1,1,"Orbit Hats, first 2000 fans",1,0.0,1,12012.0,-0.4713,-4514.0,-37.58,Giveaway,75-85F,3,Giveaway,0,Giveaway
20260627,342,561,8158.0,1,night,Saturday,5,June,6,14,1,0,,342-6,11,12,1.0,0.512,0.532,Cloudy,Partly Cloudy,96.0,18,0,0,0,,1,1.0,1,9482.0,-0.1504,-1324.0,-13.97,No giveaway,85F+,4,Adjacent to a giveaway,1,+1 games
20260628,342,561,6292.0,1,day,Sunday,6,June,6,14,1,0,,342-6,12,12,1.0,0.519,0.525,Clear,Sunny,93.0,14,0,1,1,"Snoopy Bobbleheads, first 2000 fans",1,0.0,1,8305.0,-0.2776,-2013.0,-24.24,Giveaway,85F+,4,Giveaway,0,Giveaway
20260717,342,105,5719.0,1,night,Friday,4,July,7,17,1,0,,342-7,1,8,19.0,0.489,0.549,Cloudy,Cloudy,82.0,10,0,1,1,"Color-Your-Own Hats, first 2000 fans",1,0.0,1,9976.0,-0.5564,-4257.0,-42.67,Giveaway,75-85F,3,Giveaway,0,Giveaway
20260718,342,105,7434.0,1,night,Saturday,5,July,7,17,1,0,,342-7,2,8,1.0,0.495,0.543,Cloudy,Overcast,80.0,6,0,0,0,,1,1.0,1,11816.0,-0.4634,-4382.0,-37.08,No giveaway,75-85F,3,Adjacent to a giveaway,1,+1 games
20260719,342,105,7137.0,1,night,Sunday,6,July,7,17,1,0,,342-7,3,8,1.0,0.49,0.548,Clear,Clear,94.0,6,0,1,1,"Looney Tunes Jerseys, first 2000 fans",1,0.0,1,7607.0,-0.0638,-470.0,-6.18,Giveaway,85F+,4,Giveaway,0,Giveaway
20260721,342,102,9988.0,1,night,Tuesday,1,July,7,17,0,0,,342-7,4,8,2.0,0.495,0.433,Cloudy,Cloudy,80.0,12,0,0,0,,1,1.0,1,9288.0,0.0726,700.0,7.53,No giveaway,75-85F,3,Adjacent to a giveaway,1,+1 games
20260722,342,102,8133.0,1,night,Wednesday,2,July,7,17,0,0,,342-7,5,8,1.0,0.5,0.429,Cloudy,Partly Cloudy,93.0,13,0,0,0,,1,2.0,1,7220.0,0.1191,913.0,12.64,No giveaway,85F+,4,Adjacent to a giveaway,1,+2 games
20260723,342,102,4041.0,1,day,Thursday,3,July,7,17,0,0,,342-7,6,8,1.0,0.495,0.434,Cloudy,Partly Cloudy,86.0,3,0,0,0,,1,-2.0,1,9651.0,-0.8705,-5610.0,-58.13,No giveaway,85F+,4,Adjacent to a giveaway,1,-2 games
20260725,342,102,6836.0,2,night,Saturday,5,July,7,18,1,0,,342-7,7,8,2.0,0.485,0.446,Cloudy,Partly Cloudy,90.0,6,0,0,0,,1,-1.0,1,10689.0,-0.447,-3853.0,-36.05,No giveaway,85F+,4,Adjacent to a giveaway,1,-1 games
20260726,342,102,7937.0,1,day,Sunday,6,July,7,18,1,0,,342-7,8,8,1.0,0.48,0.451,Clear,Sunny,95.0,6,0,1,1,"Lunch Bags, first 2000 fans",1,0.0,1,8447.0,-0.0622,-510.0,-6.03,Giveaway,85F+,4,Giveaway,0,Giveaway
20260804,342,5434,7759.0,1,night,Tuesday,1,August,8,19,0,0,,342-8,1,6,9.0,0.505,0.537,Cloudy,Partly Cloudy,99.0,1,0,0,0,,1,-1.0,1,6386.0,0.1948,1373.0,21.5,No giveaway,85F+,4,Adjacent to a giveaway,1,-1 games
20260805,342,5434,8017.0,1,night,Wednesday,2,August,8,19,0,0,,342-8,2,6,1.0,0.509,0.532,Cloudy,Partly Cloudy,98.0,9,0,1,1,Magazines,1,0.0,1,6418.0,0.2224,1599.0,24.91,Giveaway,85F+,4,Giveaway,0,Giveaway
20260806,342,5434,3136.0,1,day,Thursday,3,August,8,19,0,0,,342-8,3,6,1.0,0.514,0.527,Clear,Sunny,92.0,4,0,0,0,,1,1.0,1,8716.0,-1.0222,-5580.0,-64.02,No giveaway,85F+,4,Adjacent to a giveaway,1,+1 games
20260807,342,5434,5877.0,1,night,Friday,4,August,8,20,1,0,,342-8,4,6,1.0,0.509,0.532,Cloudy,Partly Cloudy,88.0,19,0,0,0,,1,2.0,1,11317.0,-0.6552,-5440.0,-48.07,No giveaway,85F+,4,Adjacent to a giveaway,1,+2 games
20260808,342,5434,9676.0,1,night,Saturday,5,August,8,20,1,0,,342-8,5,6,1.0,0.513,0.527,Cloudy,Partly Cloudy,98.0,3,0,0,0,,1,3.0,1,9258.0,0.0441,418.0,4.51,No giveaway,85F+,4,Adjacent to a giveaway,1,3+ away
20260809,342,5434,3918.0,1,day,Sunday,6,August,8,20,1,0,,342-8,6,6,1.0,0.518,0.522,Cloudy,Partly Cloudy,97.0,5,0,0,0,,1,4.0,1,7875.0,-0.6981,-3957.0,-50.25,No giveaway,85F+,4,Adjacent to a giveaway,1,3+ away
20260818,342,400,7935.0,1,night,Tuesday,1,August,8,21,0,0,,342-9,1,6,9.0,0.504,0.563,Cloudy,Partly Cloudy,96.0,3,0,0,0,,1,-4.0,1,6685.0,0.1715,1250.0,18.7,No giveaway,85F+,4,Adjacent to a giveaway,1,3+ away
20260819,342,400,7170.0,1,night,Wednesday,2,August,8,21,0,0,,342-9,2,6,1.0,0.5,0.567,Cloudy,Cloudy,92.0,5,0,0,0,,1,-3.0,1,6998.0,0.0242,172.0,2.45,No giveaway,85F+,4,Adjacent to a giveaway,1,3+ away
20260820,342,400,3092.0,1,day,Thursday,3,August,8,21,0,0,,342-9,3,6,1.0,0.496,0.57,Clear,Sunny,89.0,3,0,0,0,,1,-2.0,1,8951.0,-1.0629,-5859.0,-65.46,No giveaway,85F+,4,Adjacent to a giveaway,1,-2 games
20260821,342,400,6844.0,1,night,Friday,4,August,8,22,1,0,,342-9,4,6,1.0,0.492,0.574,Cloudy,Partly Cloudy,94.0,8,0,0,0,,1,-1.0,1,10361.0,-0.4147,-3517.0,-33.94,No giveaway,85F+,4,Adjacent to a giveaway,1,-1 games
20260822,342,400,8865.0,1,night,Saturday,5,August,8,22,1,0,,342-9,5,6,1.0,0.496,0.569,Cloudy,Partly Cloudy,90.0,6,0,1,1,"Lowrider Bobblehead, first 3000 fans",1,0.0,1,10346.0,-0.1545,-1481.0,-14.32,Giveaway,85F+,4,Giveaway,0,Giveaway
20260823,342,400,4871.0,1,day,Sunday,6,August,8,22,1,0,,342-9,6,6,1.0,0.492,0.573,Cloudy,Partly Cloudy,93.0,8,0,0,0,,1,1.0,1,8295.0,-0.5323,-3424.0,-41.28,No giveaway,85F+,4,Adjacent to a giveaway,1,+1 games
20260327,422,531,7847.0,1,day,Friday,4,March,3,1,1,0,,422-1,1,2,,0.0,1.0,Clear,Sunny,31.0,11,0,1,1,Magnetic Schedule presented by Sahlen's,1,0.0,1,2800.0,1.0305,5047.0,180.23,Giveaway,Under 55F,0,Giveaway,0,Giveaway
20260329,422,531,3191.0,2,day,Sunday,6,March,3,1,1,0,,422-1,2,2,2.0,0.333,0.667,Cloudy,Partly Cloudy,43.0,14,0,0,0,,1,1.0,1,2902.0,0.0951,289.0,9.97,No giveaway,Under 55F,0,Adjacent to a giveaway,1,+1 games
20260408,422,552,3353.0,2,day,Wednesday,2,April,4,2,0,0,,422-2,1,5,10.0,0.455,0.455,Clear,Sunny,45.0,6,0,0,0,,0,,1,2502.0,0.2929,851.0,34.03,No giveaway,Under 55F,0,Clean control,2,No giveaway in homestand
20260409,422,552,3926.0,1,day,Thursday,3,April,4,2,0,0,,422-2,2,5,1.0,0.417,0.5,Clear,Sunny,66.0,20,0,0,0,,0,,1,4279.0,-0.0861,-353.0,-8.25,No giveaway,65-75F,2,Clean control,2,No giveaway in homestand
20260410,422,552,3195.0,1,day,Friday,4,April,4,3,1,0,,422-2,3,5,1.0,0.462,0.462,Cloudy,Overcast,61.0,10,0,0,0,,0,,1,5765.0,-0.5902,-2570.0,-44.58,No giveaway,55-65F,1,Clean control,2,No giveaway in homestand
20260411,422,552,3750.0,1,day,Saturday,5,April,4,3,1,0,,422-2,4,5,1.0,0.5,0.429,Clear,Sunny,48.0,6,0,0,0,,0,,1,4471.0,-0.1759,-721.0,-16.13,No giveaway,Under 55F,0,Clean control,2,No giveaway in homestand
20260412,422,552,3615.0,1,day,Sunday,6,April,4,3,1,0,,422-2,5,5,1.0,0.467,0.467,Cloudy,Overcast,58.0,6,0,0,0,,0,,1,3877.0,-0.0699,-262.0,-6.75,No giveaway,55-65F,1,Clean control,2,No giveaway in homestand
20260421,422,445,3212.0,1,night,Tuesday,1,April,4,4,0,0,,422-3,1,5,9.0,0.455,0.545,Cloudy,Cloudy,57.0,8,0,0,0,,0,,1,3132.0,0.0252,80.0,2.55,No giveaway,55-65F,1,Clean control,2,No giveaway in homestand
20260422,422,445,3321.0,1,night,Wednesday,2,April,4,4,0,0,,422-3,2,5,1.0,0.478,0.522,Clear,Clear,58.0,8,0,0,0,,0,,1,3140.0,0.056,181.0,5.76,No giveaway,55-65F,1,Clean control,2,No giveaway in homestand
20260423,422,445,3237.0,1,night,Thursday,3,April,4,4,0,0,,422-3,3,5,1.0,0.5,0.5,Clear,Clear,65.0,5,0,0,0,,0,,1,3689.0,-0.1308,-452.0,-12.26,No giveaway,55-65F,1,Clean control,2,No giveaway in homestand
20260424,422,445,4788.0,1,night,Friday,4,April,4,5,1,0,,422-3,4,5,1.0,0.48,0.52,Cloudy,Overcast,55.0,11,0,0,0,,0,,1,4595.0,0.0411,193.0,4.2,No giveaway,Under 55F,0,Clean control,2,No giveaway in homestand
20260426,422,445,3714.0,2,day,Sunday,6,April,4,5,1,0,,422-3,5,5,2.0,0.481,0.519,Cloudy,Partly Cloudy,54.0,7,0,0,0,,0,,1,3534.0,0.0498,180.0,5.1,No giveaway,Under 55F,0,Clean control,2,No giveaway in homestand
20260512,422,533,3710.0,1,night,Tuesday,1,May,5,7,0,0,,422-4,1,6,16.0,0.5,0.553,Cloudy,Cloudy,56.0,6,0,0,0,,0,,1,3735.0,-0.0066,-25.0,-0.66,No giveaway,55-65F,1,Clean control,2,No giveaway in homestand
20260513,422,533,3193.0,1,night,Wednesday,2,May,5,7,0,0,,422-4,2,6,1.0,0.488,0.564,Cloudy,Overcast,52.0,15,0,0,0,,0,,1,3745.0,-0.1593,-552.0,-14.73,No giveaway,Under 55F,0,Clean control,2,No giveaway in homestand
20260514,422,533,3207.0,1,night,Thursday,3,May,5,7,0,0,,422-4,3,6,1.0,0.5,0.55,Cloudy,Overcast,47.0,7,0,0,0,,0,,1,3717.0,-0.1477,-510.0,-13.73,No giveaway,Under 55F,0,Clean control,2,No giveaway in homestand
20260515,422,533,6589.0,1,night,Friday,4,May,5,8,1,0,,422-4,4,6,1.0,0.512,0.537,Cloudy,Cloudy,57.0,10,0,0,0,,0,,1,6205.0,0.0601,384.0,6.19,No giveaway,55-65F,1,Clean control,2,No giveaway in homestand
20260516,422,533,4147.0,1,day,Saturday,5,May,5,8,1,0,,422-4,5,6,1.0,0.523,0.524,Cloudy,Partly Cloudy,73.0,12,0,0,0,,0,,1,7464.0,-0.5877,-3317.0,-44.44,No giveaway,65-75F,2,Clean control,2,No giveaway in homestand
20260517,422,533,4776.0,1,day,Sunday,6,May,5,8,1,0,,422-4,6,6,1.0,0.511,0.535,Cloudy,Partly Cloudy,65.0,14,0,0,0,,0,,1,5323.0,-0.1084,-547.0,-10.27,No giveaway,55-65F,1,Clean control,2,No giveaway in homestand
20260526,422,1410,4417.0,1,night,Tuesday,1,May,5,9,0,0,,422-5,1,6,9.0,0.5,0.442,Cloudy,Partly Cloudy,68.0,9,0,0,0,,1,-5.0,1,4718.0,-0.066,-301.0,-6.39,No giveaway,65-75F,2,Adjacent to a giveaway,1,3+ away
20260527,422,1410,3837.0,1,day,Wednesday,2,May,5,9,0,0,,422-5,2,6,1.0,0.491,0.453,Clear,Sunny,70.0,9,0,0,0,,1,-4.0,1,5287.0,-0.3206,-1450.0,-27.43,No giveaway,65-75F,2,Adjacent to a giveaway,1,3+ away
20260528,422,1410,13590.0,1,day,Thursday,3,May,5,9,0,0,,422-5,3,6,1.0,0.481,0.463,Cloudy,Partly Cloudy,60.0,8,0,0,0,,1,-3.0,1,5351.0,0.9321,8239.0,153.99,No giveaway,55-65F,1,Adjacent to a giveaway,1,3+ away
20260529,422,1410,8115.0,1,night,Friday,4,May,5,10,1,0,,422-5,4,6,1.0,0.473,0.473,Clear,Clear,63.0,18,0,0,0,,1,-2.0,1,6813.0,0.1748,1302.0,19.1,No giveaway,55-65F,1,Adjacent to a giveaway,1,-2 games
20260530,422,1410,4582.0,1,day,Saturday,5,May,5,10,1,0,,422-5,5,6,1.0,0.482,0.464,Cloudy,Partly Cloudy,62.0,8,0,0,0,,1,-1.0,1,7212.0,-0.4537,-2630.0,-36.47,No giveaway,55-65F,1,Adjacent to a giveaway,1,-1 games
20260531,422,1410,9259.0,1,day,Sunday,6,May,5,10,1,0,,422-5,6,6,1.0,0.474,0.474,Clear,Sunny,64.0,13,0,1,1,Stadium Sling Bag presented by Rich Entertainment Group,1,0.0,1,5416.0,0.5362,3843.0,70.95,Giveaway,55-65F,1,Giveaway,0,Giveaway
20260609,422,552,4064.0,1,night,Tuesday,1,June,6,11,0,0,,422-6,1,12,9.0,0.453,0.516,Cloudy,Overcast,80.0,3,0,0,0,,1,-11.0,1,5002.0,-0.2076,-938.0,-18.75,No giveaway,75-85F,3,Adjacent to a giveaway,1,3+ away
20260610,422,552,4197.0,1,night,Wednesday,2,June,6,11,0,0,,422-6,2,12,1.0,0.446,0.523,Cloudy,Partly Cloudy,74.0,8,0,0,0,,1,-10.0,1,4982.0,-0.1715,-785.0,-15.76,No giveaway,65-75F,2,Adjacent to a giveaway,1,3+ away
20260611,422,552,5683.0,1,night,Thursday,3,June,6,11,0,0,,422-6,3,12,1.0,0.455,0.515,Cloudy,Overcast,72.0,9,0,0,0,,1,-9.0,1,5431.0,0.0454,252.0,4.65,No giveaway,65-75F,2,Adjacent to a giveaway,1,3+ away
20260612,422,552,8925.0,1,night,Friday,4,June,6,12,1,0,,422-6,4,12,1.0,0.463,0.507,Cloudy,Partly Cloudy,70.0,21,0,0,0,,1,-8.0,1,7562.0,0.1658,1363.0,18.03,No giveaway,65-75F,2,Adjacent to a giveaway,1,3+ away
20260613,422,552,13495.0,1,night,Saturday,5,June,6,12,1,0,,422-6,5,12,1.0,0.471,0.5,Clear,Clear,76.0,12,0,0,0,,1,-7.0,1,7199.0,0.6283,6296.0,87.45,No giveaway,75-85F,3,Adjacent to a giveaway,1,3+ away
20260614,422,552,5149.0,1,day,Sunday,6,June,6,12,1,0,,422-6,6,12,1.0,0.478,0.493,Cloudy,Cloudy,72.0,9,0,0,0,,1,-6.0,1,6008.0,-0.1543,-859.0,-14.3,No giveaway,65-75F,2,Adjacent to a giveaway,1,3+ away
20260616,422,494,6183.0,1,night,Tuesday,1,June,6,12,0,0,,422-6,7,12,2.0,0.486,0.543,Cloudy,Partly Cloudy,72.0,9,0,0,0,,1,-5.0,1,5371.0,0.1408,812.0,15.12,No giveaway,65-75F,2,Adjacent to a giveaway,1,3+ away
20260617,422,494,4743.0,1,day,Wednesday,2,June,6,12,0,0,,422-6,8,12,1.0,0.479,0.549,Cloudy,Partly Cloudy,68.0,13,0,0,0,,1,-4.0,1,5248.0,-0.1012,-505.0,-9.62,No giveaway,65-75F,2,Adjacent to a giveaway,1,3+ away
20260618,422,494,4894.0,1,night,Thursday,3,June,6,12,0,0,,422-6,9,12,1.0,0.472,0.556,Cloudy,Partly Cloudy,67.0,24,0,0,0,,1,-3.0,1,5036.0,-0.0287,-142.0,-2.83,No giveaway,65-75F,2,Adjacent to a giveaway,1,3+ away
20260619,422,494,9890.0,1,night,Friday,4,June,6,13,1,0,,422-6,10,12,1.0,0.466,0.562,Cloudy,Partly Cloudy,68.0,15,0,0,0,,1,-2.0,1,7073.0,0.3352,2817.0,39.82,No giveaway,65-75F,2,Adjacent to a giveaway,1,-2 games
20260620,422,494,7026.0,1,night,Saturday,5,June,6,13,1,0,,422-6,11,12,1.0,0.473,0.554,Cloudy,Partly Cloudy,68.0,9,0,0,0,,1,-1.0,1,6690.0,0.049,336.0,5.02,No giveaway,65-75F,2,Adjacent to a giveaway,1,-1 games
20260621,422,494,12456.0,1,day,Sunday,6,June,6,13,1,1,Father's Day,422-6,12,12,1.0,0.467,0.56,Clear,Sunny,69.0,8,0,1,1,Logo Baseball (Father's Day) presented by ECMC,1,0.0,1,6062.0,0.7201,6394.0,105.47,Giveaway,65-75F,2,Giveaway,0,Giveaway
20260707,422,531,6892.0,1,night,Tuesday,1,July,7,15,0,0,,422-7,1,5,16.0,0.477,0.523,Cloudy,Partly Cloudy,80.0,8,0,0,0,,1,-2.0,1,4536.0,0.4184,2356.0,51.95,No giveaway,75-85F,3,Adjacent to a giveaway,1,-2 games
20260708,422,531,6091.0,1,night,Wednesday,2,July,7,15,0,0,,422-7,2,5,1.0,0.472,0.529,Clear,Clear,80.0,8,0,0,0,,1,-1.0,1,4851.0,0.2277,1240.0,25.57,No giveaway,75-85F,3,Adjacent to a giveaway,1,-1 games
20260710,422,531,10273.0,1,night,Friday,4,July,7,16,1,0,,422-7,3,5,2.0,0.467,0.534,Clear,Clear,81.0,6,0,1,1,Cookie Cutter (Christmas in July),1,0.0,1,7287.0,0.3434,2986.0,40.98,Giveaway,75-85F,3,Giveaway,0,Giveaway
20260711,422,531,5547.0,2,night,Saturday,5,July,7,16,1,0,,422-7,4,5,1.0,0.478,0.522,Clear,Clear,79.0,12,0,0,0,,1,1.0,1,7073.0,-0.2431,-1526.0,-21.58,No giveaway,75-85F,3,Adjacent to a giveaway,1,+1 games
20260712,422,531,7727.0,1,day,Sunday,6,July,7,16,1,0,,422-7,5,5,1.0,0.473,0.527,Clear,Sunny,80.0,4,0,1,1,Ernie Clement Bobble-Card presented by Equitable Advisors,1,0.0,1,5876.0,0.2738,1851.0,31.5,Giveaway,75-85F,3,Giveaway,0,Giveaway
20260721,422,534,6081.0,1,night,Tuesday,1,July,7,17,0,0,,422-8,1,6,9.0,0.474,0.6,Cloudy,Cloudy,72.0,12,0,0,0,,1,-3.0,1,4858.0,0.2246,1223.0,25.18,No giveaway,65-75F,2,Adjacent to a giveaway,1,3+ away
20260722,422,534,7218.0,1,day,Wednesday,2,July,7,17,0,0,,422-8,2,6,1.0,0.48,0.594,Cloudy,Overcast,66.0,11,0,0,0,,1,-2.0,1,5279.0,0.3129,1939.0,36.74,No giveaway,65-75F,2,Adjacent to a giveaway,1,-2 games
20260723,422,534,5829.0,1,night,Thursday,3,July,7,17,0,0,,422-8,3,6,1.0,0.475,0.598,Clear,Clear,73.0,9,0,0,0,,1,-1.0,1,5234.0,0.1077,595.0,11.37,No giveaway,65-75F,2,Adjacent to a giveaway,1,-1 games
20260724,422,534,10083.0,1,night,Friday,4,July,7,18,1,0,,422-8,4,6,1.0,0.48,0.592,Clear,Clear,80.0,5,0,1,1,Slippers (Pajama Night),1,0.0,1,7244.0,0.3306,2839.0,39.19,Giveaway,75-85F,3,Giveaway,0,Giveaway
20260725,422,534,9631.0,1,night,Saturday,5,July,7,18,1,0,,422-8,5,6,1.0,0.485,0.586,Cloudy,Partly Cloudy,78.0,8,0,0,0,,1,1.0,1,6900.0,0.3335,2731.0,39.59,No giveaway,75-85F,3,Adjacent to a giveaway,1,+1 games
20260726,422,534,7154.0,1,day,Sunday,6,July,7,18,1,0,,422-8,6,6,1.0,0.48,0.59,Cloudy,Overcast,76.0,7,0,0,0,,1,2.0,1,5779.0,0.2134,1375.0,23.79,No giveaway,75-85F,3,Adjacent to a giveaway,1,+2 games
20260804,422,568,6976.0,1,night,Tuesday,1,August,8,19,0,0,,422-9,1,6,9.0,0.477,0.355,Clear,Clear,81.0,6,0,0,0,,1,-5.0,1,5061.0,0.321,1915.0,37.85,No giveaway,75-85F,3,Adjacent to a giveaway,1,3+ away
20260805,422,568,6015.0,1,day,Wednesday,2,August,8,19,0,0,,422-9,2,6,1.0,0.482,0.352,Cloudy,Cloudy,86.0,10,0,0,0,,1,-4.0,1,5440.0,0.1004,575.0,10.56,No giveaway,85F+,4,Adjacent to a giveaway,1,3+ away
20260806,422,568,4673.0,1,night,Thursday,3,August,8,19,0,0,,422-9,3,6,1.0,0.486,0.349,Cloudy,Partly Cloudy,83.0,9,0,0,0,,1,-3.0,1,5381.0,-0.1411,-708.0,-13.16,No giveaway,75-85F,3,Adjacent to a giveaway,1,3+ away
20260807,422,568,11707.0,1,night,Friday,4,August,8,20,1,0,,422-9,4,6,1.0,0.482,0.355,Cloudy,Cloudy,78.0,5,0,0,0,,1,-2.0,1,7694.0,0.4197,4013.0,52.15,No giveaway,75-85F,3,Adjacent to a giveaway,1,-2 games
20260808,422,568,7151.0,1,night,Saturday,5,August,8,20,1,0,,422-9,5,6,1.0,0.487,0.351,Cloudy,Partly Cloudy,78.0,14,0,0,0,,1,-1.0,1,7271.0,-0.0166,-120.0,-1.64,No giveaway,75-85F,3,Adjacent to a giveaway,1,-1 games
20260809,422,568,6027.0,1,day,Sunday,6,August,8,20,1,0,,422-9,6,6,1.0,0.491,0.348,Clear,Sunny,79.0,7,0,1,1,Sliding Mitt presented by SUNY Erie,1,0.0,1,6052.0,-0.0041,-25.0,-0.41,Giveaway,75-85F,3,Giveaway,0,Giveaway
20260818,422,1410,6344.0,1,night,Tuesday,1,August,8,21,0,0,,422-10,1,6,9.0,0.496,0.483,Cloudy,Partly Cloudy,74.0,12,0,0,0,,1,-5.0,1,4927.0,0.2528,1417.0,28.76,No giveaway,65-75F,2,Adjacent to a giveaway,1,3+ away
20260819,422,1410,4491.0,1,day,Wednesday,2,August,8,21,0,0,,422-10,2,6,1.0,0.492,0.488,Cloudy,Cloudy,75.0,10,0,0,0,,1,-4.0,1,5481.0,-0.1992,-990.0,-18.06,No giveaway,65-75F,2,Adjacent to a giveaway,1,3+ away
20260820,422,1410,5939.0,1,night,Thursday,3,August,8,21,0,0,,422-10,3,6,1.0,0.488,0.492,Clear,Clear,76.0,9,0,0,0,,1,-3.0,1,5285.0,0.1166,654.0,12.37,No giveaway,75-85F,3,Adjacent to a giveaway,1,3+ away
20260821,422,1410,10042.0,1,night,Friday,4,August,8,22,1,0,,422-10,4,6,1.0,0.492,0.488,Cloudy,Partly Cloudy,80.0,4,0,0,0,,1,-2.0,1,7313.0,0.3172,2729.0,37.32,No giveaway,75-85F,3,Adjacent to a giveaway,1,-2 games
20260823,422,1410,7043.0,1,day,Sunday,6,August,8,22,1,0,,422-10,6,6,2.0,0.496,0.484,Cloudy,Overcast,66.0,13,0,1,1,Vlad Guerrero Jr. Jersey Lunch Bag,1,0.0,1,5588.0,0.2315,1455.0,26.05,Giveaway,65-75F,2,Giveaway,0,Giveaway
20260327,494,234,7164.0,1,night,Friday,4,March,3,1,1,0,,494-1,1,3,,1.0,0.0,Cloudy,Partly Cloudy,81.0,8,0,0,0,,0,,0,,,,,No giveaway,75-85F,3,Clean control,2,No giveaway in homestand
20260328,494,234,5305.0,1,night,Saturday,5,March,3,1,1,0,,494-1,2,3,1.0,1.0,0.0,Clear,Clear,59.0,11,0,0,0,,0,,0,,,,,No giveaway,55-65F,1,Clean control,2,No giveaway in homestand
20260329,494,234,4249.0,1,day,Sunday,6,March,3,1,1,0,,494-1,3,3,1.0,1.0,0.0,Clear,Sunny,60.0,6,0,0,0,,0,,0,,,,,No giveaway,55-65F,1,Clean control,2,No giveaway in homestand
20260407,494,235,3720.0,1,night,Tuesday,1,April,4,2,0,0,,494-2,1,6,9.0,0.444,0.9,Clear,Clear,66.0,8,0,0,0,,0,,0,,,,,No giveaway,65-75F,2,Clean control,2,No giveaway in homestand
20260408,494,235,3872.0,1,night,Wednesday,2,April,4,2,0,0,,494-2,2,6,1.0,0.5,0.818,Cloudy,Partly Cloudy,61.0,9,0,0,0,,0,,0,,,,,No giveaway,55-65F,1,Clean control,2,No giveaway in homestand
20260409,494,235,4114.0,1,night,Thursday,3,April,4,2,0,0,,494-2,3,6,1.0,0.455,0.833,Clear,Clear,64.0,4,0,0,0,,0,,0,,,,,No giveaway,55-65F,1,Clean control,2,No giveaway in homestand
20260410,494,235,6730.0,1,night,Friday,4,April,4,3,1,0,,494-2,4,6,1.0,0.5,0.769,Cloudy,Partly Cloudy,74.0,7,0,0,0,,0,,0,,,,,No giveaway,65-75F,2,Clean control,2,No giveaway in homestand
20260411,494,235,5043.0,1,night,Saturday,5,April,4,3,1,0,,494-2,5,6,1.0,0.462,0.786,Clear,Clear,81.0,2,0,0,0,,0,,0,,,,,No giveaway,75-85F,3,Clean control,2,No giveaway in homestand
20260412,494,235,3485.0,1,day,Sunday,6,April,4,3,1,0,,494-2,6,6,1.0,0.5,0.733,Clear,Sunny,80.0,5,0,0,0,,0,,0,,,,,No giveaway,75-85F,3,Clean control,2,No giveaway in homestand
20260421,494,556,7234.0,1,day,Tuesday,1,April,4,4,0,0,,494-3,1,12,9.0,0.429,0.571,Clear,Sunny,59.0,5,0,0,0,,0,,0,,,,,No giveaway,55-65F,1,Clean control,2,No giveaway in homestand
20260422,494,556,4186.0,1,night,Wednesday,2,April,4,4,0,0,,494-3,2,12,1.0,0.455,0.545,Clear,Clear,81.0,9,0,0,0,,0,,0,,,,,No giveaway,75-85F,3,Clean control,2,No giveaway in homestand
20260423,494,556,4444.0,1,night,Thursday,3,April,4,4,0,0,,494-3,3,12,1.0,0.478,0.522,Clear,Clear,81.0,6,0,0,0,,0,,0,,,,,No giveaway,75-85F,3,Clean control,2,No giveaway in homestand
20260424,494,556,8204.0,1,night,Friday,4,April,4,5,1,0,,494-3,4,12,1.0,0.5,0.5,Clear,Clear,81.0,8,0,0,0,,0,,0,,,,,No giveaway,75-85F,3,Clean control,2,No giveaway in homestand
20260425,494,556,5337.0,1,night,Saturday,5,April,4,5,1,0,,494-3,5,12,1.0,0.48,0.52,Cloudy,Cloudy,82.0,10,0,0,0,,0,,0,,,,,No giveaway,75-85F,3,Clean control,2,No giveaway in homestand
20260426,494,556,5070.0,1,day,Sunday,6,April,4,5,1,0,,494-3,6,12,1.0,0.481,0.519,Cloudy,Cloudy,71.0,12,0,0,0,,0,,0,,,,,No giveaway,65-75F,2,Clean control,2,No giveaway in homestand
20260428,494,431,4210.0,1,night,Tuesday,1,April,4,5,0,0,,494-3,7,12,2.0,0.464,0.643,Cloudy,Overcast,69.0,8,0,0,0,,0,,0,,,,,No giveaway,65-75F,2,Clean control,2,No giveaway in homestand
20260429,494,431,5218.0,1,day,Wednesday,2,April,4,5,0,0,,494-3,8,12,1.0,0.483,0.621,Cloudy,Cloudy,65.0,8,0,0,0,,0,,0,,,,,No giveaway,55-65F,1,Clean control,2,No giveaway in homestand
20260430,494,431,5246.0,1,night,Thursday,3,April,4,5,0,0,,494-3,9,12,1.0,0.467,0.633,Cloudy,Cloudy,71.0,5,0,0,0,,0,,0,,,,,No giveaway,65-75F,2,Clean control,2,No giveaway in homestand
20260501,494,431,7109.0,1,night,Friday,4,May,5,6,1,0,,494-3,10,12,1.0,0.452,0.645,Cloudy,Cloudy,62.0,6,0,0,0,,0,,0,,,,,No giveaway,55-65F,1,Clean control,2,No giveaway in homestand
20260502,494,431,6168.0,1,night,Saturday,5,May,5,6,1,0,,494-3,11,12,1.0,0.469,0.625,Cloudy,Partly Cloudy,62.0,2,0,0,0,,0,,0,,,,,No giveaway,55-65F,1,Clean control,2,No giveaway in homestand
20260503,494,431,5443.0,1,day,Sunday,6,May,5,6,1,0,,494-3,12,12,1.0,0.485,0.606,Clear,Sunny,65.0,7,0,0,0,,0,,0,,,,,No giveaway,55-65F,1,Clean control,2,No giveaway in homestand
20260512,494,568,4508.0,1,night,Tuesday,1,May,5,7,0,0,,494-4,1,6,9.0,0.475,0.4,Clear,Clear,70.0,7,0,0,0,,0,,0,,,,,No giveaway,65-75F,2,Clean control,2,No giveaway in homestand
20260513,494,568,4736.0,1,night,Wednesday,2,May,5,7,0,0,,494-4,2,6,1.0,0.463,0.415,Clear,Clear,76.0,6,0,0,0,,0,,0,,,,,No giveaway,75-85F,3,Clean control,2,No giveaway in homestand
20260514,494,568,5654.0,1,night,Thursday,3,May,5,7,0,0,,494-4,3,6,1.0,0.476,0.405,Cloudy,Partly Cloudy,67.0,13,0,0,0,,0,,0,,,,,No giveaway,65-75F,2,Clean control,2,No giveaway in homestand
20260515,494,568,6304.0,1,night,Friday,4,May,5,8,1,0,,494-4,4,6,1.0,0.488,0.395,Clear,Clear,74.0,3,0,0,0,,0,,0,,,,,No giveaway,65-75F,2,Clean control,2,No giveaway in homestand
20260516,494,568,6744.0,1,night,Saturday,5,May,5,8,1,0,,494-4,5,6,1.0,0.477,0.409,Cloudy,Partly Cloudy,81.0,7,0,0,0,,0,,0,,,,,No giveaway,75-85F,3,Clean control,2,No giveaway in homestand
20260517,494,568,6222.0,1,day,Sunday,6,May,5,8,1,0,,494-4,6,6,1.0,0.489,0.4,Cloudy,Partly Cloudy,84.0,8,0,0,0,,0,,0,,,,,No giveaway,75-85F,3,Clean control,2,No giveaway in homestand
20260526,494,564,3100.0,1,night,Tuesday,1,May,5,9,0,0,,494-5,1,6,9.0,0.519,0.558,Cloudy,Overcast,78.0,7,0,0,0,,0,,0,,,,,No giveaway,75-85F,3,Clean control,2,No giveaway in homestand
20260527,494,564,4045.0,1,night,Wednesday,2,May,5,9,0,0,,494-5,2,6,1.0,0.509,0.566,Cloudy,Partly Cloudy,84.0,4,0,0,0,,0,,0,,,,,No giveaway,75-85F,3,Clean control,2,No giveaway in homestand
20260528,494,564,4666.0,1,night,Thursday,3,May,5,9,0,0,,494-5,3,6,1.0,0.519,0.556,Cloudy,Partly Cloudy,86.0,5,0,0,0,,0,,0,,,,,No giveaway,85F+,4,Clean control,2,No giveaway in homestand
20260529,494,564,7686.0,1,night,Friday,4,May,5,10,1,0,,494-5,4,6,1.0,0.527,0.545,Cloudy,Partly Cloudy,82.0,2,0,0,0,,0,,0,,,,,No giveaway,75-85F,3,Clean control,2,No giveaway in homestand
20260530,494,564,6352.0,1,night,Saturday,5,May,5,10,1,0,,494-5,5,6,1.0,0.518,0.554,Cloudy,Partly Cloudy,81.0,3,0,0,0,,0,,0,,,,,No giveaway,75-85F,3,Clean control,2,No giveaway in homestand
20260531,494,564,4025.0,1,day,Sunday,6,May,5,10,1,0,,494-5,6,6,1.0,0.509,0.561,Cloudy,Partly Cloudy,71.0,5,0,0,0,,0,,0,,,,,No giveaway,65-75F,2,Clean control,2,No giveaway in homestand
20260609,494,238,4401.0,1,night,Tuesday,1,June,6,11,0,0,,494-6,1,6,9.0,0.547,0.571,Cloudy,Partly Cloudy,82.0,4,0,0,0,,1,-3.0,0,,,,,No giveaway,75-85F,3,Adjacent to a giveaway,1,3+ away
20260610,494,238,4002.0,1,day,Wednesday,2,June,6,11,0,0,,494-6,2,6,1.0,0.538,0.578,Cloudy,Cloudy,79.0,10,0,0,0,,1,-2.0,0,,,,,No giveaway,75-85F,3,Adjacent to a giveaway,1,-2 games
20260611,494,238,5364.0,1,night,Thursday,3,June,6,11,0,0,,494-6,3,6,1.0,0.545,0.569,Cloudy,Partly Cloudy,91.0,6,0,0,0,,1,-1.0,0,,,,,No giveaway,85F+,4,Adjacent to a giveaway,1,-1 games
20260612,494,238,6124.0,1,night,Friday,4,June,6,12,1,0,,494-6,4,6,1.0,0.552,0.561,Cloudy,Partly Cloudy,92.0,7,0,1,1,"Retro Knights basketball jersey, first 1000 fans",1,0.0,0,,,,,Giveaway,85F+,4,Giveaway,0,Giveaway
20260613,494,238,6161.0,1,night,Saturday,5,June,6,12,1,0,,494-6,5,6,1.0,0.544,0.567,Cloudy,Partly Cloudy,94.0,4,0,0,0,,1,1.0,0,,,,,No giveaway,85F+,4,Adjacent to a giveaway,1,+1 games
20260614,494,238,5628.0,1,night,Sunday,6,June,6,12,1,0,,494-6,6,6,1.0,0.551,0.559,Cloudy,Partly Cloudy,88.0,12,0,0,0,,1,2.0,0,,,,,No giveaway,85F+,4,Adjacent to a giveaway,1,+2 games
20260623,494,534,4577.0,1,night,Tuesday,1,June,6,13,0,0,,494-7,1,6,9.0,0.553,0.622,Clear,Clear,85.0,6,0,0,0,,1,-3.0,0,,,,,No giveaway,75-85F,3,Adjacent to a giveaway,1,3+ away
20260624,494,534,5509.0,1,night,Wednesday,2,June,6,13,0,0,,494-7,2,6,1.0,0.558,0.613,Cloudy,Partly Cloudy,82.0,3,0,0,0,,1,-2.0,0,,,,,No giveaway,75-85F,3,Adjacent to a giveaway,1,-2 games
20260625,494,534,5376.0,1,night,Thursday,3,June,6,13,0,0,,494-7,3,6,1.0,0.564,0.605,Cloudy,Partly Cloudy,85.0,5,0,0,0,,1,-1.0,0,,,,,No giveaway,75-85F,3,Adjacent to a giveaway,1,-1 games
20260626,494,534,7014.0,1,night,Friday,4,June,6,14,1,0,,494-7,4,6,1.0,0.557,0.61,Cloudy,Partly Cloudy,83.0,4,0,1,1,"Sweet Teas shirt, first 1000 fans",1,0.0,0,,,,,Giveaway,75-85F,3,Giveaway,0,Giveaway
20260627,494,534,5833.0,1,night,Saturday,5,June,6,14,1,0,,494-7,5,6,1.0,0.55,0.615,Cloudy,Cloudy,78.0,5,0,1,1,"Levine Children's Hospital youth jersey, first 1000 kids",1,0.0,0,,,,,Giveaway,75-85F,3,Giveaway,0,Giveaway
20260628,494,534,3932.0,1,night,Sunday,6,June,6,14,1,0,,494-7,6,6,1.0,0.543,0.62,Cloudy,Cloudy,84.0,8,0,0,0,,1,1.0,0,,,,,No giveaway,75-85F,3,Adjacent to a giveaway,1,+1 games
20260707,494,556,3468.0,1,night,Tuesday,1,July,7,15,0,0,,494-8,1,6,9.0,0.534,0.568,Cloudy,Partly Cloudy,88.0,8,0,0,0,,1,-2.0,0,,,,,No giveaway,85F+,4,Adjacent to a giveaway,1,-2 games
20260708,494,556,4310.0,1,night,Wednesday,2,July,7,15,0,0,,494-8,2,6,1.0,0.528,0.573,Cloudy,Partly Cloudy,92.0,11,0,0,0,,1,-1.0,0,,,,,No giveaway,85F+,4,Adjacent to a giveaway,1,-1 games
20260709,494,556,5577.0,1,night,Thursday,3,July,7,15,0,0,,494-8,3,6,1.0,0.533,0.567,Cloudy,Partly Cloudy,85.0,8,0,1,1,"NASCAR T-shirt, first 1000 fans",1,0.0,0,,,,,Giveaway,75-85F,3,Giveaway,0,Giveaway
20260710,494,556,7619.0,1,night,Friday,4,July,7,16,1,0,,494-8,4,6,1.0,0.527,0.571,Cloudy,Partly Cloudy,81.0,6,0,1,1,"Grateful Dead T-shirt, first 1000 fans",1,0.0,0,,,,,Giveaway,75-85F,3,Giveaway,0,Giveaway
20260711,494,556,5402.0,1,night,Saturday,5,July,7,16,1,0,,494-8,5,6,1.0,0.522,0.576,Cloudy,Cloudy,86.0,10,0,0,0,,1,1.0,0,,,,,No giveaway,85F+,4,Adjacent to a giveaway,1,+1 games
20260712,494,556,3480.0,1,day,Sunday,6,July,7,16,1,0,,494-8,6,6,1.0,0.527,0.57,Cloudy,Cloudy,86.0,5,0,0,0,,1,2.0,0,,,,,No giveaway,85F+,4,Adjacent to a giveaway,1,+2 games
20260721,494,568,5027.0,1,night,Tuesday,1,July,7,17,0,0,,494-9,1,5,9.0,0.526,0.368,Cloudy,Partly Cloudy,91.0,14,0,0,0,,1,-3.0,0,,,,,No giveaway,85F+,4,Adjacent to a giveaway,1,3+ away
20260722,494,568,4288.0,1,night,Wednesday,2,July,7,17,0,0,,494-9,2,5,1.0,0.531,0.365,Cloudy,Partly Cloudy,90.0,12,0,0,0,,1,-2.0,0,,,,,No giveaway,85F+,4,Adjacent to a giveaway,1,-2 games
20260724,494,568,6026.0,2,night,Friday,4,July,7,18,1,0,,494-9,3,5,2.0,0.53,0.367,Cloudy,Overcast,76.0,3,0,0,0,,1,-1.0,0,,,,,No giveaway,75-85F,3,Adjacent to a giveaway,1,-1 games
20260725,494,568,6391.0,1,night,Saturday,5,July,7,18,1,0,,494-9,4,5,1.0,0.535,0.364,Cloudy,Partly Cloudy,81.0,1,0,1,1,"Commemorative snow globe, first 1000 fans",1,0.0,0,,,,,Giveaway,75-85F,3,Giveaway,0,Giveaway
20260726,494,568,4002.0,1,day,Sunday,6,July,7,18,1,0,,494-9,5,5,1.0,0.539,0.36,Cloudy,Cloudy,79.0,2,0,0,0,,1,1.0,0,,,,,No giveaway,75-85F,3,Adjacent to a giveaway,1,+1 games
20260805,494,234,4443.0,2,night,Wednesday,2,August,8,19,0,0,,494-10,1,5,10.0,0.536,0.468,Cloudy,Partly Cloudy,80.0,6,0,0,0,,1,-1.0,0,,,,,No giveaway,75-85F,3,Adjacent to a giveaway,1,-1 games
20260806,494,234,6037.0,1,night,Thursday,3,August,8,19,0,0,,494-10,2,5,1.0,0.541,0.464,Cloudy,Cloudy,76.0,5,0,1,1,Knights hockey jersey courtesy of ACCHL,1,0.0,0,,,,,Giveaway,75-85F,3,Giveaway,0,Giveaway
20260807,494,234,6726.0,1,night,Friday,4,August,8,20,1,0,,494-10,3,5,1.0,0.545,0.459,Clear,Clear,86.0,6,0,0,0,,1,1.0,0,,,,,No giveaway,85F+,4,Adjacent to a giveaway,1,+1 games
20260808,494,234,11355.0,1,night,Saturday,5,August,8,20,1,0,,494-10,4,5,1.0,0.54,0.464,Cloudy,Partly Cloudy,90.0,8,0,1,1,"Knights pom pom, while supplies last",1,0.0,0,,,,,Giveaway,85F+,4,Giveaway,0,Giveaway
20260809,494,234,4121.0,1,night,Sunday,6,August,8,20,1,0,,494-10,5,5,1.0,0.544,0.46,Cloudy,Partly Cloudy,91.0,5,0,1,1,"Back-to-School giveaway, item unspecified",1,0.0,0,,,,,Giveaway,85F+,4,Giveaway,0,Giveaway
20260825,494,235,4419.0,1,night,Tuesday,1,August,8,22,0,0,,494-11,1,5,16.0,0.535,0.543,Cloudy,Partly Cloudy,85.0,4,0,0,0,,1,-2.0,0,,,,,No giveaway,75-85F,3,Adjacent to a giveaway,1,-2 games
20260826,494,235,4455.0,1,night,Wednesday,2,August,8,22,0,0,,494-11,2,5,1.0,0.531,0.547,Cloudy,Partly Cloudy,87.0,5,0,0,0,,1,-1.0,0,,,,,No giveaway,85F+,4,Adjacent to a giveaway,1,-1 games
20260827,494,235,5515.0,1,night,Thursday,3,August,8,22,0,0,,494-11,3,5,1.0,0.527,0.55,Cloudy,Cloudy,84.0,3,0,1,1,"Moonlight Graham player pin, first 1000 fans",1,0.0,0,,,,,Giveaway,75-85F,3,Giveaway,0,Giveaway
20260829,494,235,7443.0,2,night,Saturday,5,August,8,23,1,0,,494-11,4,5,2.0,0.534,0.542,Cloudy,Partly Cloudy,81.0,2,0,0,0,,1,1.0,0,,,,,No giveaway,75-85F,3,Adjacent to a giveaway,1,+1 games
20260830,494,235,4252.0,1,night,Sunday,6,August,8,23,1,0,,494-11,5,5,1.0,0.538,0.538,Cloudy,Partly Cloudy,86.0,4,0,0,0,,1,2.0,0,,,,,No giveaway,85F+,4,Adjacent to a giveaway,1,+2 games
20260331,445,484,8106.0,1,night,Tuesday,1,March,3,1,0,0,,445-1,1,6,,0.75,0.0,Cloudy,Partly Cloudy,76.0,16,0,0,0,,0,,0,,,,,No giveaway,75-85F,3,Clean control,2,No giveaway in homestand
20260401,445,484,2668.0,1,night,Wednesday,2,April,4,1,0,0,,445-1,2,6,1.0,0.8,0.0,Precipitation,Rain,48.0,9,1,0,0,,0,,0,,,,,No giveaway,Under 55F,0,Clean control,2,No giveaway in homestand
20260402,445,484,3652.0,1,night,Thursday,3,April,4,1,0,0,,445-1,3,6,1.0,0.833,0.0,Cloudy,Partly Cloudy,79.0,19,0,0,0,,0,,0,,,,,No giveaway,75-85F,3,Clean control,2,No giveaway in homestand
20260403,445,484,4084.0,1,night,Friday,4,April,4,2,1,0,,445-1,4,6,1.0,0.714,0.143,Cloudy,Partly Cloudy,77.0,12,0,0,0,,0,,0,,,,,No giveaway,75-85F,3,Clean control,2,No giveaway in homestand
20260404,445,484,4066.0,1,day,Saturday,5,April,4,2,1,0,,445-1,5,6,1.0,0.75,0.125,Cloudy,Cloudy,80.0,9,0,0,0,,0,,0,,,,,No giveaway,75-85F,3,Clean control,2,No giveaway in homestand
20260405,445,484,3492.0,1,day,Sunday,6,April,4,2,1,0,,445-1,6,6,1.0,0.667,0.222,Cloudy,Cloudy,47.0,15,0,0,0,,0,,0,,,,,No giveaway,Under 55F,0,Clean control,2,No giveaway in homestand
20260414,445,451,6060.0,1,night,Tuesday,1,April,4,3,0,0,,445-2,1,6,9.0,0.5,0.6,Cloudy,Partly Cloudy,84.0,7,0,0,0,,0,,0,,,,,No giveaway,75-85F,3,Clean control,2,No giveaway in homestand
20260415,445,451,3728.0,1,night,Wednesday,2,April,4,3,0,0,,445-2,2,6,1.0,0.529,0.562,Cloudy,Cloudy,81.0,14,0,0,0,,0,,0,,,,,No giveaway,75-85F,3,Clean control,2,No giveaway in homestand
20260416,445,451,4406.0,1,day,Thursday,3,April,4,3,0,0,,445-2,3,6,1.0,0.5,0.588,Cloudy,Partly Cloudy,78.0,15,0,0,0,,0,,0,,,,,No giveaway,75-85F,3,Clean control,2,No giveaway in homestand
20260417,445,451,6103.0,1,night,Friday,4,April,4,4,1,0,,445-2,4,6,1.0,0.526,0.556,Clear,Clear,81.0,10,0,0,0,,0,,0,,,,,No giveaway,75-85F,3,Clean control,2,No giveaway in homestand
20260418,445,451,4493.0,1,day,Saturday,5,April,4,4,1,0,,445-2,5,6,1.0,0.5,0.579,Cloudy,Cloudy,66.0,3,0,0,0,,0,,0,,,,,No giveaway,65-75F,2,Clean control,2,No giveaway in homestand
20260419,445,451,5219.0,1,day,Sunday,6,April,4,4,1,0,,445-2,6,6,1.0,0.524,0.55,Cloudy,Partly Cloudy,55.0,17,0,0,0,,0,,0,,,,,No giveaway,Under 55F,0,Clean control,2,No giveaway in homestand
20260428,445,512,8579.0,1,night,Tuesday,1,April,4,5,0,0,,445-3,1,6,9.0,0.536,0.5,Cloudy,Partly Cloudy,76.0,7,0,0,0,,0,,0,,,,,No giveaway,75-85F,3,Clean control,2,No giveaway in homestand
20260429,445,512,4355.0,1,night,Wednesday,2,April,4,5,0,0,,445-3,2,6,1.0,0.517,0.517,Cloudy,Partly Cloudy,60.0,11,0,0,0,,0,,0,,,,,No giveaway,55-65F,1,Clean control,2,No giveaway in homestand
20260430,445,512,5027.0,1,night,Thursday,3,April,4,5,0,0,,445-3,3,6,1.0,0.5,0.533,Cloudy,Partly Cloudy,57.0,8,0,0,0,,0,,0,,,,,No giveaway,55-65F,1,Clean control,2,No giveaway in homestand
20260501,445,512,5136.0,1,night,Friday,4,May,5,6,1,0,,445-3,4,6,1.0,0.484,0.548,Cloudy,Cloudy,51.0,5,0,0,0,,0,,0,,,,,No giveaway,Under 55F,0,Clean control,2,No giveaway in homestand
20260502,445,512,7112.0,1,day,Saturday,5,May,5,6,1,0,,445-3,5,6,1.0,0.5,0.531,Cloudy,Cloudy,49.0,9,0,0,0,,0,,0,,,,,No giveaway,Under 55F,0,Clean control,2,No giveaway in homestand
20260503,445,512,8252.0,1,day,Sunday,6,May,5,6,1,0,,445-3,6,6,1.0,0.515,0.515,Clear,Sunny,61.0,13,0,0,0,,0,,0,,,,,No giveaway,55-65F,1,Clean control,2,No giveaway in homestand
20260519,445,416,8515.0,1,night,Tuesday,1,May,5,8,0,0,,445-4,1,5,16.0,0.522,0.565,Clear,Clear,89.0,16,0,0,0,,0,,0,,,,,No giveaway,85F+,4,Clean control,2,No giveaway in homestand
20260520,445,416,6014.0,1,day,Wednesday,2,May,5,8,0,0,,445-4,2,5,1.0,0.532,0.553,Cloudy,Overcast,63.0,11,0,0,0,,0,,0,,,,,No giveaway,55-65F,1,Clean control,2,No giveaway in homestand
20260521,445,416,7610.0,1,day,Thursday,3,May,5,8,0,0,,445-4,3,5,1.0,0.521,0.562,Cloudy,Partly Cloudy,57.0,8,0,0,0,,0,,0,,,,,No giveaway,55-65F,1,Clean control,2,No giveaway in homestand
20260523,445,416,9152.0,2,night,Saturday,5,May,5,9,1,0,,445-4,4,5,2.0,0.52,0.56,Cloudy,Partly Cloudy,73.0,8,0,0,0,,0,,0,,,,,No giveaway,65-75F,2,Clean control,2,No giveaway in homestand
20260602,445,541,9647.0,1,night,Tuesday,1,June,6,10,0,0,,445-5,1,6,10.0,0.561,0.456,Cloudy,Partly Cloudy,77.0,4,0,0,0,,1,-4.0,0,,,,,No giveaway,75-85F,3,Adjacent to a giveaway,1,3+ away
20260603,445,541,8076.0,1,night,Wednesday,2,June,6,10,0,0,,445-5,2,6,1.0,0.569,0.448,Clear,Clear,82.0,3,0,0,0,,1,-3.0,0,,,,,No giveaway,75-85F,3,Adjacent to a giveaway,1,3+ away
20260604,445,541,6326.0,1,day,Thursday,3,June,6,10,0,0,,445-5,3,6,1.0,0.559,0.458,Cloudy,Partly Cloudy,83.0,3,0,0,0,,1,-2.0,0,,,,,No giveaway,75-85F,3,Adjacent to a giveaway,1,-2 games
20260605,445,541,9302.0,1,night,Friday,4,June,6,11,1,0,,445-5,4,6,1.0,0.55,0.467,Cloudy,Partly Cloudy,83.0,10,0,0,0,,1,-1.0,0,,,,,No giveaway,75-85F,3,Adjacent to a giveaway,1,-1 games
20260606,445,541,6419.0,1,night,Saturday,5,June,6,11,1,0,,445-5,5,6,1.0,0.557,0.459,Cloudy,Overcast,71.0,3,0,1,1,"Guardians-inspired Clippers jersey, first 1000 fans",1,0.0,0,,,,,Giveaway,65-75F,2,Giveaway,0,Giveaway
20260607,445,541,7459.0,1,day,Sunday,6,June,6,11,1,0,,445-5,6,6,1.0,0.565,0.452,Cloudy,Cloudy,87.0,4,0,0,0,,1,1.0,0,,,,,No giveaway,85F+,4,Adjacent to a giveaway,1,+1 games
20260616,445,531,9814.0,1,night,Tuesday,1,June,6,12,0,0,,445-6,1,5,9.0,0.551,0.507,Cloudy,Cloudy,75.0,11,0,0,0,,0,,0,,,,,No giveaway,65-75F,2,Clean control,2,No giveaway in homestand
20260618,445,531,10100.0,1,day,Thursday,3,June,6,12,0,0,,445-6,2,5,2.0,0.557,0.5,Cloudy,Partly Cloudy,78.0,17,0,0,0,,0,,0,,,,,No giveaway,75-85F,3,Clean control,2,No giveaway in homestand
20260619,445,531,9367.0,2,night,Friday,4,June,6,13,1,0,,445-6,3,5,1.0,0.556,0.5,Clear,Clear,76.0,3,0,0,0,,0,,0,,,,,No giveaway,75-85F,3,Clean control,2,No giveaway in homestand
20260620,445,531,8493.0,1,night,Saturday,5,June,6,13,1,0,,445-6,4,5,1.0,0.562,0.493,Cloudy,Partly Cloudy,79.0,11,0,0,0,,0,,0,,,,,No giveaway,75-85F,3,Clean control,2,No giveaway in homestand
20260621,445,531,9681.0,1,day,Sunday,6,June,6,13,1,1,Father's Day,445-6,5,5,1.0,0.554,0.5,Clear,Sunny,74.0,4,0,0,0,,0,,0,,,,,No giveaway,65-75F,2,Clean control,2,No giveaway in homestand
20260630,445,416,9841.0,1,night,Tuesday,1,June,6,14,0,0,,445-7,1,6,9.0,0.556,0.519,Cloudy,Partly Cloudy,91.0,7,0,0,0,,0,,0,,,,,No giveaway,85F+,4,Clean control,2,No giveaway in homestand
20260701,445,416,5879.0,1,night,Wednesday,2,July,7,14,0,0,,445-7,2,6,1.0,0.561,0.512,Clear,Clear,94.0,9,0,0,0,,0,,0,,,,,No giveaway,85F+,4,Clean control,2,No giveaway in homestand
20260702,445,416,6012.0,1,night,Thursday,3,July,7,14,0,0,,445-7,3,6,1.0,0.554,0.519,Clear,Clear,95.0,2,0,0,0,,0,,0,,,,,No giveaway,85F+,4,Clean control,2,No giveaway in homestand
20260703,445,416,5771.0,1,night,Friday,4,July,7,15,1,0,,445-7,4,6,1.0,0.548,0.524,Clear,Clear,97.0,10,0,0,0,,0,,0,,,,,No giveaway,85F+,4,Clean control,2,No giveaway in homestand
20260704,445,416,6548.0,1,night,Saturday,5,July,7,15,1,1,Independence Day,445-7,5,6,1.0,0.553,0.518,Cloudy,Cloudy,77.0,6,0,0,0,,0,,0,,,,,No giveaway,75-85F,3,Clean control,2,No giveaway in homestand
20260705,445,416,6110.0,1,day,Sunday,6,July,7,15,1,0,,445-7,6,6,1.0,0.558,0.512,Cloudy,Partly Cloudy,89.0,3,0,0,0,,0,,0,,,,,No giveaway,85F+,4,Clean control,2,No giveaway in homestand
20260717,445,484,9015.0,1,night,Friday,4,July,7,17,1,0,,445-8,1,3,12.0,0.538,0.457,Cloudy,Cloudy,88.0,10,0,0,0,,1,-1.0,0,,,,,No giveaway,85F+,4,Adjacent to a giveaway,1,-1 games
20260718,445,484,7118.0,1,night,Saturday,5,July,7,17,1,0,,445-8,2,3,1.0,0.532,0.463,Precipitation,Rain,77.0,8,1,1,1,Travis Bazzana bobblehead presented by Meijer,1,0.0,0,,,,,Giveaway,75-85F,3,Giveaway,0,Giveaway
20260719,445,484,7722.0,1,day,Sunday,6,July,7,17,1,0,,445-8,3,3,1.0,0.526,0.469,Cloudy,Cloudy,80.0,6,0,0,0,,1,1.0,0,,,,,No giveaway,75-85F,3,Adjacent to a giveaway,1,+1 games
20260728,445,512,10084.0,1,night,Tuesday,1,July,7,18,0,0,,445-9,1,6,9.0,0.52,0.49,Cloudy,Partly Cloudy,83.0,3,0,0,0,,0,,0,,,,,No giveaway,75-85F,3,Clean control,2,No giveaway in homestand
20260729,445,512,9653.0,1,night,Wednesday,2,July,7,18,0,0,,445-9,2,6,1.0,0.524,0.485,Clear,Clear,79.0,12,0,0,0,,0,,0,,,,,No giveaway,75-85F,3,Clean control,2,No giveaway in homestand
20260730,445,512,8324.0,1,day,Thursday,3,July,7,18,0,0,,445-9,3,6,1.0,0.529,0.481,Clear,Sunny,84.0,9,0,0,0,,0,,0,,,,,No giveaway,75-85F,3,Clean control,2,No giveaway in homestand
20260731,445,512,9104.0,1,night,Friday,4,July,7,19,1,0,,445-9,4,6,1.0,0.533,0.476,Cloudy,Cloudy,83.0,4,0,0,0,,0,,0,,,,,No giveaway,75-85F,3,Clean control,2,No giveaway in homestand
20260801,445,512,9007.0,1,night,Saturday,5,August,8,19,1,0,,445-9,5,6,1.0,0.528,0.481,Cloudy,Overcast,75.0,13,0,0,0,,0,,0,,,,,No giveaway,65-75F,2,Clean control,2,No giveaway in homestand
20260802,445,512,6950.0,1,day,Sunday,6,August,8,19,1,0,,445-9,6,6,1.0,0.533,0.477,Cloudy,Cloudy,79.0,7,0,0,0,,0,,0,,,,,No giveaway,75-85F,3,Clean control,2,No giveaway in homestand
20260812,445,541,6289.0,1,night,Wednesday,2,August,8,20,0,0,,445-10,2,12,10.0,0.535,0.482,Cloudy,Overcast,70.0,7,0,0,0,,0,,0,,,,,No giveaway,65-75F,2,Clean control,2,No giveaway in homestand
20260813,445,541,5365.0,1,night,Thursday,3,August,8,20,0,0,,445-10,3,12,1.0,0.53,0.487,Cloudy,Cloudy,84.0,3,0,0,0,,0,,0,,,,,No giveaway,75-85F,3,Clean control,2,No giveaway in homestand
20260814,445,541,7821.0,1,night,Friday,4,August,8,21,1,0,,445-10,4,12,1.0,0.534,0.483,Cloudy,Cloudy,81.0,6,0,0,0,,0,,0,,,,,No giveaway,75-85F,3,Clean control,2,No giveaway in homestand
20260815,445,541,7554.0,1,night,Saturday,5,August,8,21,1,0,,445-10,5,12,1.0,0.538,0.479,Cloudy,Cloudy,81.0,7,0,0,0,,0,,0,,,,,No giveaway,75-85F,3,Clean control,2,No giveaway in homestand
20260818,445,1960,8506.0,1,night,Tuesday,1,August,8,21,0,0,,445-10,7,12,3.0,0.542,0.575,Cloudy,Partly Cloudy,79.0,1,0,0,0,,0,,0,,,,,No giveaway,75-85F,3,Clean control,2,No giveaway in homestand
20260819,445,1960,5819.0,1,night,Wednesday,2,August,8,21,0,0,,445-10,8,12,1.0,0.538,0.579,Cloudy,Overcast,77.0,11,0,0,0,,0,,0,,,,,No giveaway,75-85F,3,Clean control,2,No giveaway in homestand
20260820,445,1960,6398.0,1,day,Thursday,3,August,8,21,0,0,,445-10,9,12,1.0,0.533,0.582,Cloudy,Cloudy,82.0,5,0,0,0,,0,,0,,,,,No giveaway,75-85F,3,Clean control,2,No giveaway in homestand
20260821,445,1960,8299.0,1,night,Friday,4,August,8,22,1,0,,445-10,10,12,1.0,0.537,0.577,Cloudy,Partly Cloudy,84.0,3,0,0,0,,0,,0,,,,,No giveaway,75-85F,3,Clean control,2,No giveaway in homestand
20260822,445,1960,8423.0,1,night,Saturday,5,August,8,22,1,0,,445-10,11,12,1.0,0.533,0.581,Cloudy,Partly Cloudy,79.0,4,0,0,0,,0,,0,,,,,No giveaway,75-85F,3,Clean control,2,No giveaway in homestand
20260823,445,1960,8175.0,1,day,Sunday,6,August,8,22,1,0,,445-10,12,12,1.0,0.537,0.576,Cloudy,Partly Cloudy,77.0,9,0,0,0,,0,,0,,,,,No giveaway,75-85F,3,Clean control,2,No giveaway in homestand
20260331,234,1410,7375.0,1,night,Tuesday,1,March,3,1,0,0,,234-1,1,6,,0.0,1.0,Cloudy,Partly Cloudy,78.0,8,0,0,0,,0,,0,,,,,No giveaway,75-85F,3,Clean control,2,No giveaway in homestand
20260401,234,1410,3074.0,1,night,Wednesday,2,April,4,1,0,0,,234-1,2,6,1.0,0.2,0.8,Cloudy,Partly Cloudy,82.0,8,0,0,0,,0,,0,,,,,No giveaway,75-85F,3,Clean control,2,No giveaway in homestand
20260402,234,1410,5346.0,1,night,Thursday,3,April,4,1,0,0,,234-1,3,6,1.0,0.167,0.833,Cloudy,Partly Cloudy,81.0,10,0,0,0,,0,,0,,,,,No giveaway,75-85F,3,Clean control,2,No giveaway in homestand
20260403,234,1410,8019.0,1,night,Friday,4,April,4,2,1,0,,234-1,4,6,1.0,0.143,0.857,Cloudy,Partly Cloudy,80.0,9,0,0,0,,0,,0,,,,,No giveaway,75-85F,3,Clean control,2,No giveaway in homestand
20260404,234,1410,6948.0,1,night,Saturday,5,April,4,2,1,0,,234-1,5,6,1.0,0.25,0.75,Cloudy,Partly Cloudy,80.0,10,0,0,0,,0,,0,,,,,No giveaway,75-85F,3,Clean control,2,No giveaway in homestand
20260405,234,1410,3995.0,1,night,Sunday,6,April,4,2,1,0,,234-1,6,6,1.0,0.222,0.778,Cloudy,Overcast,65.0,5,0,0,0,,0,,0,,,,,No giveaway,55-65F,1,Clean control,2,No giveaway in homestand
20260414,234,568,6830.0,1,day,Tuesday,1,April,4,3,0,0,,234-2,1,6,9.0,0.375,0.312,Clear,Sunny,76.0,6,0,0,0,,1,-5.0,0,,,,,No giveaway,75-85F,3,Adjacent to a giveaway,1,3+ away
20260415,234,568,3611.0,1,night,Wednesday,2,April,4,3,0,0,,234-2,2,6,1.0,0.353,0.353,Clear,Clear,87.0,10,0,0,0,,1,-4.0,0,,,,,No giveaway,85F+,4,Adjacent to a giveaway,1,3+ away
20260416,234,568,5929.0,1,night,Thursday,3,April,4,3,0,0,,234-2,3,6,1.0,0.333,0.389,Clear,Clear,88.0,11,0,0,0,,1,-3.0,0,,,,,No giveaway,85F+,4,Adjacent to a giveaway,1,3+ away
20260417,234,568,7055.0,1,night,Friday,4,April,4,4,1,0,,234-2,4,6,1.0,0.368,0.368,Cloudy,Partly Cloudy,83.0,5,0,0,0,,1,-2.0,0,,,,,No giveaway,75-85F,3,Adjacent to a giveaway,1,-2 games
20260418,234,568,7928.0,1,night,Saturday,5,April,4,4,1,0,,234-2,5,6,1.0,0.35,0.4,Cloudy,Partly Cloudy,87.0,8,0,0,0,,1,-1.0,0,,,,,No giveaway,85F+,4,Adjacent to a giveaway,1,-1 games
20260419,234,568,6559.0,1,day,Sunday,6,April,4,4,1,0,,234-2,6,6,1.0,0.381,0.381,Cloudy,Cloudy,55.0,11,0,1,1,"2026 team photo, first 1000 fans",1,0.0,0,,,,,Giveaway,Under 55F,0,Giveaway,0,Giveaway
20260428,234,564,8118.0,1,day,Tuesday,1,April,4,5,0,0,,234-3,1,12,9.0,0.357,0.464,Cloudy,Cloudy,59.0,7,0,0,0,,0,,0,,,,,No giveaway,55-65F,1,Clean control,2,No giveaway in homestand
20260429,234,564,3713.0,1,night,Wednesday,2,April,4,5,0,0,,234-3,2,12,1.0,0.345,0.483,Cloudy,Partly Cloudy,73.0,5,0,0,0,,0,,0,,,,,No giveaway,65-75F,2,Clean control,2,No giveaway in homestand
20260430,234,564,6277.0,1,night,Thursday,3,April,4,5,0,0,,234-3,3,12,1.0,0.367,0.467,Cloudy,Partly Cloudy,71.0,2,0,0,0,,0,,0,,,,,No giveaway,65-75F,2,Clean control,2,No giveaway in homestand
20260501,234,564,6851.0,1,night,Friday,4,May,5,6,1,0,,234-3,4,12,1.0,0.355,0.484,Cloudy,Partly Cloudy,63.0,7,0,0,0,,0,,0,,,,,No giveaway,55-65F,1,Clean control,2,No giveaway in homestand
20260502,234,564,6682.0,1,night,Saturday,5,May,5,6,1,0,,234-3,5,12,1.0,0.344,0.5,Cloudy,Partly Cloudy,59.0,4,0,0,0,,0,,0,,,,,No giveaway,55-65F,1,Clean control,2,No giveaway in homestand
20260503,234,564,6573.0,1,day,Sunday,6,May,5,6,1,0,,234-3,6,12,1.0,0.333,0.515,Clear,Sunny,59.0,8,0,0,0,,0,,0,,,,,No giveaway,55-65F,1,Clean control,2,No giveaway in homestand
20260505,234,102,3623.0,1,night,Tuesday,1,May,5,6,0,0,,234-3,7,12,2.0,0.353,0.382,Cloudy,Partly Cloudy,80.0,13,0,0,0,,0,,0,,,,,No giveaway,75-85F,3,Clean control,2,No giveaway in homestand
20260506,234,102,3355.0,1,night,Wednesday,2,May,5,6,0,0,,234-3,8,12,1.0,0.371,0.371,Cloudy,Partly Cloudy,73.0,9,0,0,0,,0,,0,,,,,No giveaway,65-75F,2,Clean control,2,No giveaway in homestand
20260507,234,102,4238.0,1,night,Thursday,3,May,5,6,0,0,,234-3,9,12,1.0,0.389,0.361,Cloudy,Overcast,56.0,7,0,0,0,,0,,0,,,,,No giveaway,55-65F,1,Clean control,2,No giveaway in homestand
20260508,234,102,7429.0,1,night,Friday,4,May,5,7,1,0,,234-3,10,12,1.0,0.405,0.351,Cloudy,Partly Cloudy,70.0,7,0,0,0,,0,,0,,,,,No giveaway,65-75F,2,Clean control,2,No giveaway in homestand
20260509,234,102,7298.0,1,night,Saturday,5,May,5,7,1,0,,234-3,11,12,1.0,0.395,0.368,Cloudy,Partly Cloudy,73.0,10,0,0,0,,0,,0,,,,,No giveaway,65-75F,2,Clean control,2,No giveaway in homestand
20260510,234,102,5285.0,1,day,Sunday,6,May,5,7,1,1,Mother's Day,234-3,12,12,1.0,0.385,0.385,Clear,Sunny,79.0,3,0,0,0,,0,,0,,,,,No giveaway,75-85F,3,Clean control,2,No giveaway in homestand
20260519,234,556,5968.0,1,day,Tuesday,1,May,5,8,0,0,,234-4,1,6,9.0,0.413,0.587,Clear,Sunny,85.0,8,0,0,0,,0,,0,,,,,No giveaway,75-85F,3,Clean control,2,No giveaway in homestand
20260520,234,556,3742.0,1,night,Wednesday,2,May,5,8,0,0,,234-4,2,6,1.0,0.404,0.596,Cloudy,Partly Cloudy,91.0,8,0,0,0,,0,,0,,,,,No giveaway,85F+,4,Clean control,2,No giveaway in homestand
20260521,234,556,5456.0,1,night,Thursday,3,May,5,8,0,0,,234-4,3,6,1.0,0.417,0.583,Cloudy,Partly Cloudy,91.0,8,0,0,0,,0,,0,,,,,No giveaway,85F+,4,Clean control,2,No giveaway in homestand
20260522,234,556,6140.0,1,night,Friday,4,May,5,9,1,0,,234-4,4,6,1.0,0.408,0.592,Cloudy,Overcast,64.0,8,0,0,0,,0,,0,,,,,No giveaway,55-65F,1,Clean control,2,No giveaway in homestand
20260523,234,556,5844.0,1,night,Saturday,5,May,5,9,1,0,,234-4,5,6,1.0,0.4,0.6,Cloudy,Overcast,63.0,5,0,0,0,,0,,0,,,,,No giveaway,55-65F,1,Clean control,2,No giveaway in homestand
20260524,234,556,7358.0,1,night,Sunday,6,May,5,9,1,0,,234-4,6,6,1.0,0.412,0.588,Cloudy,Partly Cloudy,78.0,3,0,0,0,,0,,0,,,,,No giveaway,75-85F,3,Clean control,2,No giveaway in homestand
20260602,234,494,4154.0,1,night,Tuesday,1,June,6,10,0,0,,234-5,1,6,9.0,0.414,0.517,Cloudy,Partly Cloudy,75.0,11,0,0,0,,0,,0,,,,,No giveaway,65-75F,2,Clean control,2,No giveaway in homestand
20260603,234,494,4293.0,1,night,Wednesday,2,June,6,10,0,0,,234-5,2,6,1.0,0.407,0.525,Clear,Clear,80.0,4,0,0,0,,0,,0,,,,,No giveaway,75-85F,3,Clean control,2,No giveaway in homestand
20260604,234,494,6460.0,1,night,Thursday,3,June,6,10,0,0,,234-5,3,6,1.0,0.4,0.533,Clear,Clear,88.0,3,0,0,0,,0,,0,,,,,No giveaway,85F+,4,Clean control,2,No giveaway in homestand
20260605,234,494,6649.0,1,night,Friday,4,June,6,11,1,0,,234-5,4,6,1.0,0.393,0.541,Clear,Clear,90.0,8,0,0,0,,0,,0,,,,,No giveaway,85F+,4,Clean control,2,No giveaway in homestand
20260606,234,494,7379.0,1,night,Saturday,5,June,6,11,1,0,,234-5,5,6,1.0,0.387,0.548,Cloudy,Partly Cloudy,92.0,9,0,0,0,,0,,0,,,,,No giveaway,85F+,4,Clean control,2,No giveaway in homestand
20260607,234,494,6708.0,1,night,Sunday,6,June,6,11,1,0,,234-5,6,6,1.0,0.381,0.556,Cloudy,Partly Cloudy,96.0,8,0,0,0,,0,,0,,,,,No giveaway,85F+,4,Clean control,2,No giveaway in homestand
20260616,234,564,5250.0,1,night,Tuesday,1,June,6,12,0,0,,234-6,1,6,9.0,0.4,0.536,Cloudy,Partly Cloudy,83.0,5,0,0,0,,0,,0,,,,,No giveaway,75-85F,3,Clean control,2,No giveaway in homestand
20260617,234,564,3876.0,1,day,Wednesday,2,June,6,12,0,0,,234-6,2,6,1.0,0.394,0.543,Clear,Sunny,85.0,4,0,0,0,,0,,0,,,,,No giveaway,75-85F,3,Clean control,2,No giveaway in homestand
20260618,234,564,6274.0,1,night,Thursday,3,June,6,12,0,0,,234-6,3,6,1.0,0.389,0.549,Cloudy,Partly Cloudy,85.0,7,0,0,0,,0,,0,,,,,No giveaway,75-85F,3,Clean control,2,No giveaway in homestand
20260619,234,564,7278.0,1,night,Friday,4,June,6,13,1,0,,234-6,4,6,1.0,0.384,0.556,Cloudy,Partly Cloudy,84.0,8,0,0,0,,0,,0,,,,,No giveaway,75-85F,3,Clean control,2,No giveaway in homestand
20260620,234,564,8574.0,1,night,Saturday,5,June,6,13,1,0,,234-6,5,6,1.0,0.378,0.562,Clear,Clear,88.0,6,0,0,0,,0,,0,,,,,No giveaway,85F+,4,Clean control,2,No giveaway in homestand
20260621,234,564,7664.0,1,night,Sunday,6,June,6,13,1,1,Father's Day,234-6,6,6,1.0,0.373,0.568,Cloudy,Partly Cloudy,94.0,6,0,0,0,,0,,0,,,,,No giveaway,85F+,4,Clean control,2,No giveaway in homestand
20260630,234,431,5621.0,1,night,Tuesday,1,June,6,14,0,0,,234-7,1,5,9.0,0.415,0.506,Clear,Clear,90.0,5,0,0,0,,0,,0,,,,,No giveaway,85F+,4,Clean control,2,No giveaway in homestand
20260701,234,431,3598.0,1,night,Wednesday,2,July,7,14,0,0,,234-7,2,5,1.0,0.41,0.512,Clear,Clear,92.0,5,0,0,0,,0,,0,,,,,No giveaway,85F+,4,Clean control,2,No giveaway in homestand
20260702,234,431,5005.0,1,night,Thursday,3,July,7,14,0,0,,234-7,3,5,1.0,0.417,0.506,Clear,Clear,95.0,6,0,0,0,,0,,0,,,,,No giveaway,85F+,4,Clean control,2,No giveaway in homestand
20260703,234,431,7780.0,1,night,Friday,4,July,7,15,1,0,,234-7,4,5,1.0,0.424,0.5,Clear,Clear,98.0,4,0,0,0,,0,,0,,,,,No giveaway,85F+,4,Clean control,2,No giveaway in homestand
20260704,234,431,10184.0,1,night,Saturday,5,July,7,15,1,1,Independence Day,234-7,5,5,1.0,0.43,0.494,Cloudy,Partly Cloudy,97.0,8,0,0,0,,0,,0,,,,,No giveaway,85F+,4,Clean control,2,No giveaway in homestand
20260717,234,494,8168.0,1,night,Friday,4,July,7,17,1,0,,234-8,1,3,13.0,0.457,0.521,Clear,Clear,93.0,6,0,0,0,,0,,0,,,,,No giveaway,85F+,4,Clean control,2,No giveaway in homestand
20260718,234,494,7986.0,1,night,Saturday,5,July,7,17,1,0,,234-8,2,3,1.0,0.452,0.526,Cloudy,Partly Cloudy,95.0,10,0,0,0,,0,,0,,,,,No giveaway,85F+,4,Clean control,2,No giveaway in homestand
20260719,234,494,5703.0,1,night,Sunday,6,July,7,17,1,0,,234-8,3,3,1.0,0.457,0.521,Cloudy,Partly Cloudy,91.0,5,0,0,0,,0,,0,,,,,No giveaway,85F+,4,Clean control,2,No giveaway in homestand
20260729,234,431,4850.0,2,night,Wednesday,2,July,7,18,0,0,,234-9,1,5,10.0,0.461,0.52,Clear,Clear,80.0,3,0,0,0,,0,,0,,,,,No giveaway,75-85F,3,Clean control,2,No giveaway in homestand
20260730,234,431,6193.0,1,night,Thursday,3,July,7,18,0,0,,234-9,2,5,1.0,0.456,0.524,Clear,Clear,84.0,5,0,0,0,,0,,0,,,,,No giveaway,75-85F,3,Clean control,2,No giveaway in homestand
20260731,234,431,7342.0,1,night,Friday,4,July,7,19,1,0,,234-9,3,5,1.0,0.462,0.519,Clear,Clear,85.0,1,0,0,0,,0,,0,,,,,No giveaway,75-85F,3,Clean control,2,No giveaway in homestand
20260801,234,431,11682.0,2,night,Saturday,5,August,8,19,1,0,,234-9,4,5,1.0,0.462,0.519,Cloudy,Cloudy,84.0,11,0,0,0,,0,,0,,,,,No giveaway,75-85F,3,Clean control,2,No giveaway in homestand
20260802,234,431,4767.0,1,night,Sunday,6,August,8,19,1,0,,234-9,5,5,1.0,0.467,0.514,Cloudy,Partly Cloudy,90.0,8,0,0,0,,0,,0,,,,,No giveaway,85F+,4,Clean control,2,No giveaway in homestand
20260811,234,235,4582.0,1,night,Tuesday,1,August,8,20,0,0,,234-10,1,6,9.0,0.456,0.557,Cloudy,Partly Cloudy,89.0,6,0,0,0,,0,,0,,,,,No giveaway,85F+,4,Clean control,2,No giveaway in homestand
20260812,234,235,3624.0,1,night,Wednesday,2,August,8,20,0,0,,234-10,2,6,1.0,0.452,0.56,Cloudy,Partly Cloudy,88.0,4,0,0,0,,0,,0,,,,,No giveaway,85F+,4,Clean control,2,No giveaway in homestand
20260813,234,235,5124.0,1,night,Thursday,3,August,8,20,0,0,,234-10,3,6,1.0,0.457,0.556,Clear,Clear,91.0,7,0,0,0,,0,,0,,,,,No giveaway,85F+,4,Clean control,2,No giveaway in homestand
20260814,234,235,7042.0,1,night,Friday,4,August,8,21,1,0,,234-10,4,6,1.0,0.453,0.559,Cloudy,Cloudy,89.0,4,0,0,0,,0,,0,,,,,No giveaway,85F+,4,Clean control,2,No giveaway in homestand
20260815,234,235,7694.0,1,night,Saturday,5,August,8,21,1,0,,234-10,5,6,1.0,0.458,0.555,Cloudy,Partly Cloudy,86.0,4,0,0,0,,0,,0,,,,,No giveaway,85F+,4,Clean control,2,No giveaway in homestand
20260816,234,235,6027.0,1,night,Sunday,6,August,8,21,1,0,,234-10,6,6,1.0,0.454,0.558,Cloudy,Partly Cloudy,83.0,4,0,0,0,,0,,0,,,,,No giveaway,75-85F,3,Clean control,2,No giveaway in homestand
20260825,234,568,7304.0,1,night,Tuesday,1,August,8,22,0,0,,234-11,1,6,9.0,0.46,0.371,Clear,Clear,82.0,1,0,0,0,,0,,0,,,,,No giveaway,75-85F,3,Clean control,2,No giveaway in homestand
20260826,234,568,3467.0,1,night,Wednesday,2,August,8,22,0,0,,234-11,2,6,1.0,0.457,0.376,Cloudy,Partly Cloudy,84.0,4,0,0,0,,0,,0,,,,,No giveaway,75-85F,3,Clean control,2,No giveaway in homestand
20260827,234,568,5299.0,1,night,Thursday,3,August,8,22,0,0,,234-11,3,6,1.0,0.453,0.381,Cloudy,Cloudy,76.0,5,0,0,0,,0,,0,,,,,No giveaway,75-85F,3,Clean control,2,No giveaway in homestand
20260828,234,568,7349.0,1,night,Friday,4,August,8,23,1,0,,234-11,4,6,1.0,0.457,0.378,Cloudy,Cloudy,82.0,2,0,0,0,,0,,0,,,,,No giveaway,75-85F,3,Clean control,2,No giveaway in homestand
20260829,234,568,8181.0,1,night,Saturday,5,August,8,23,1,0,,234-11,5,6,1.0,0.462,0.375,Cloudy,Partly Cloudy,79.0,5,0,0,0,,0,,0,,,,,No giveaway,75-85F,3,Clean control,2,No giveaway in homestand
20260830,234,568,5793.0,1,day,Sunday,6,August,8,23,1,0,,234-11,6,6,1.0,0.458,0.38,Cloudy,Partly Cloudy,79.0,4,0,0,0,,0,,0,,,,,No giveaway,75-85F,3,Clean control,2,No giveaway in homestand
20260407,4904,342,7237.0,1,night,Tuesday,1,April,4,2,0,0,,4904-1,1,6,,0.5,0.4,Clear,Clear,71.0,5,0,1,2,Rally Towel Giveaway | Magnet Schedule exit giveaway presented by Southwest University,1,0.0,1,4749.0,0.4213,2488.0,52.4,Giveaway,65-75F,2,Giveaway,0,Giveaway
20260408,4904,342,6984.0,1,day,Wednesday,2,April,4,2,0,0,,4904-1,2,6,1.0,0.455,0.455,Clear,Sunny,74.0,3,0,0,0,,1,1.0,1,4605.0,0.4165,2379.0,51.67,No giveaway,65-75F,2,Adjacent to a giveaway,1,+1 games
20260409,4904,342,5359.0,1,night,Thursday,3,April,4,2,0,0,,4904-1,3,6,1.0,0.417,0.5,Clear,Clear,84.0,6,0,0,0,,1,2.0,1,4255.0,0.2307,1104.0,25.95,No giveaway,75-85F,3,Adjacent to a giveaway,1,+2 games
20260410,4904,342,7314.0,1,night,Friday,4,April,4,3,1,0,,4904-1,4,6,1.0,0.462,0.462,Precipitation,Rain,83.0,15,1,0,0,,1,3.0,1,5567.0,0.2729,1747.0,31.37,No giveaway,75-85F,3,Adjacent to a giveaway,1,3+ away
20260411,4904,342,8672.0,1,night,Saturday,5,April,4,3,1,0,,4904-1,5,6,1.0,0.429,0.5,Cloudy,Partly Cloudy,71.0,10,0,0,0,,1,4.0,1,5786.0,0.4046,2886.0,49.87,No giveaway,65-75F,2,Adjacent to a giveaway,1,3+ away
20260412,4904,342,5583.0,1,day,Sunday,6,April,4,3,1,0,,4904-1,6,6,1.0,0.4,0.533,Cloudy,Partly Cloudy,75.0,12,0,0,0,,1,5.0,1,4822.0,0.1466,761.0,15.79,No giveaway,65-75F,2,Adjacent to a giveaway,1,3+ away
20260421,4904,2310,4811.0,1,night,Tuesday,1,April,4,4,0,0,,4904-2,1,6,9.0,0.409,0.5,Cloudy,Partly Cloudy,83.0,7,0,0,0,,1,-3.0,1,3990.0,0.1872,821.0,20.59,No giveaway,75-85F,3,Adjacent to a giveaway,1,3+ away
20260422,4904,2310,6034.0,1,day,Wednesday,2,April,4,4,0,0,,4904-2,2,6,1.0,0.435,0.478,Clear,Sunny,79.0,13,0,0,0,,1,-2.0,1,4547.0,0.2829,1487.0,32.7,No giveaway,75-85F,3,Adjacent to a giveaway,1,-2 games
20260423,4904,2310,4954.0,1,night,Thursday,3,April,4,4,0,0,,4904-2,3,6,1.0,0.458,0.458,Cloudy,Cloudy,81.0,14,0,0,0,,1,-1.0,1,4366.0,0.1264,588.0,13.48,No giveaway,75-85F,3,Adjacent to a giveaway,1,-1 games
20260424,4904,2310,8020.0,1,night,Friday,4,April,4,5,1,0,,4904-2,4,6,1.0,0.44,0.48,Clear,Clear,83.0,12,0,1,1,Reversible Jersey presented by GECU,1,0.0,1,6008.0,0.2889,2012.0,33.49,Giveaway,75-85F,3,Giveaway,0,Giveaway
20260425,4904,2310,7664.0,1,night,Saturday,5,April,4,5,1,0,,4904-2,5,6,1.0,0.423,0.5,Cloudy,Cloudy,83.0,15,0,0,0,,1,1.0,1,5654.0,0.3042,2010.0,35.55,No giveaway,75-85F,3,Adjacent to a giveaway,1,+1 games
20260426,4904,2310,7805.0,1,day,Sunday,6,April,4,5,1,0,,4904-2,6,6,1.0,0.444,0.481,Clear,Sunny,82.0,17,0,0,0,,1,2.0,1,4762.0,0.4941,3043.0,63.91,No giveaway,75-85F,3,Adjacent to a giveaway,1,+2 games
20260505,4904,529,5881.0,1,night,Tuesday,1,May,5,6,0,0,,4904-3,1,6,9.0,0.471,0.471,Cloudy,Cloudy,74.0,18,0,0,0,,0,,1,5441.0,0.0778,440.0,8.09,No giveaway,65-75F,2,Clean control,2,No giveaway in homestand
20260506,4904,529,6962.0,1,day,Wednesday,2,May,5,6,0,0,,4904-3,2,6,1.0,0.486,0.457,Clear,Sunny,68.0,12,0,0,0,,0,,1,5973.0,0.1532,989.0,16.56,No giveaway,65-75F,2,Clean control,2,No giveaway in homestand
20260507,4904,529,6562.0,1,night,Thursday,3,May,5,6,0,0,,4904-3,3,6,1.0,0.5,0.444,Clear,Clear,79.0,5,0,0,0,,0,,1,5826.0,0.119,736.0,12.64,No giveaway,75-85F,3,Clean control,2,No giveaway in homestand
20260508,4904,529,7937.0,1,night,Friday,4,May,5,7,1,0,,4904-3,4,6,1.0,0.486,0.459,Clear,Clear,88.0,6,0,0,0,,0,,1,7623.0,0.0404,314.0,4.12,No giveaway,85F+,4,Clean control,2,No giveaway in homestand
20260509,4904,529,7908.0,1,night,Saturday,5,May,5,7,1,0,,4904-3,5,6,1.0,0.474,0.474,Clear,Clear,90.0,6,0,0,0,,0,,1,7021.0,0.119,887.0,12.63,No giveaway,85F+,4,Clean control,2,No giveaway in homestand
20260510,4904,529,4159.0,1,day,Sunday,6,May,5,7,1,1,Mother's Day,4904-3,6,6,1.0,0.487,0.462,Clear,Sunny,89.0,6,0,0,0,,0,,1,6425.0,-0.4349,-2266.0,-35.27,No giveaway,85F+,4,Clean control,2,No giveaway in homestand
20260519,4904,102,4863.0,1,night,Tuesday,1,May,5,8,0,0,,4904-4,1,6,9.0,0.478,0.348,Clear,Clear,91.0,10,0,0,0,,0,,1,5078.0,-0.0432,-215.0,-4.23,No giveaway,85F+,4,Clean control,2,No giveaway in homestand
20260520,4904,102,8482.0,1,day,Wednesday,2,May,5,8,0,0,,4904-4,2,6,1.0,0.468,0.362,Cloudy,Partly Cloudy,81.0,7,0,0,0,,0,,1,6169.0,0.3185,2313.0,37.5,No giveaway,75-85F,3,Clean control,2,No giveaway in homestand
20260521,4904,102,4907.0,1,night,Thursday,3,May,5,8,0,0,,4904-4,3,6,1.0,0.458,0.375,Cloudy,Partly Cloudy,79.0,12,0,0,0,,0,,1,5993.0,-0.2,-1086.0,-18.12,No giveaway,75-85F,3,Clean control,2,No giveaway in homestand
20260522,4904,102,7854.0,1,night,Friday,4,May,5,9,1,0,,4904-4,4,6,1.0,0.469,0.367,Clear,Clear,84.0,9,0,0,0,,0,,1,8158.0,-0.038,-304.0,-3.73,No giveaway,75-85F,3,Clean control,2,No giveaway in homestand
20260523,4904,102,7620.0,1,night,Saturday,5,May,5,9,1,0,,4904-4,5,6,1.0,0.46,0.38,Clear,Clear,85.0,8,0,0,0,,0,,1,7626.0,-0.0008,-6.0,-0.08,No giveaway,75-85F,3,Clean control,2,No giveaway in homestand
20260524,4904,102,7915.0,1,night,Sunday,6,May,5,9,1,0,,4904-4,6,6,1.0,0.451,0.392,Clear,Clear,90.0,7,0,0,0,,0,,1,5343.0,0.3931,2572.0,48.15,No giveaway,85F+,4,Clean control,2,No giveaway in homestand
20260602,4904,5434,4094.0,1,night,Tuesday,1,June,6,10,0,0,,4904-5,1,6,9.0,0.431,0.414,Cloudy,Overcast,87.0,16,0,0,0,,1,-3.0,1,5624.0,-0.3175,-1530.0,-27.2,No giveaway,85F+,4,Adjacent to a giveaway,1,3+ away
20260603,4904,5434,3957.0,1,night,Wednesday,2,June,6,10,0,0,,4904-5,2,6,1.0,0.424,0.424,Cloudy,Overcast,86.0,10,0,0,0,,1,-2.0,1,5583.0,-0.3443,-1626.0,-29.13,No giveaway,85F+,4,Adjacent to a giveaway,1,-2 games
20260604,4904,5434,4566.0,1,night,Thursday,3,June,6,10,0,0,,4904-5,3,6,1.0,0.417,0.433,Cloudy,Partly Cloudy,84.0,3,0,0,0,,1,-1.0,1,6180.0,-0.3027,-1614.0,-26.12,No giveaway,75-85F,3,Adjacent to a giveaway,1,-1 games
20260605,4904,5434,5752.0,1,night,Friday,4,June,6,11,1,0,,4904-5,4,6,1.0,0.41,0.443,Cloudy,Cloudy,81.0,6,0,1,1,Retro Hat presented by Fred Loya,1,0.0,1,8789.0,-0.424,-3037.0,-34.55,Giveaway,75-85F,3,Giveaway,0,Giveaway
20260606,4904,5434,8002.0,1,night,Saturday,5,June,6,11,1,0,,4904-5,5,6,1.0,0.419,0.435,Clear,Clear,93.0,3,0,0,0,,1,1.0,1,7388.0,0.0798,614.0,8.31,No giveaway,85F+,4,Adjacent to a giveaway,1,+1 games
20260607,4904,5434,7031.0,1,night,Sunday,6,June,6,11,1,0,,4904-5,6,6,1.0,0.429,0.429,Clear,Clear,95.0,11,0,0,0,,1,2.0,1,5300.0,0.2827,1731.0,32.67,No giveaway,85F+,4,Adjacent to a giveaway,1,+2 games
20260616,4904,2310,5109.0,1,night,Tuesday,1,June,6,12,0,0,,4904-6,1,6,9.0,0.457,0.429,Clear,Clear,96.0,5,0,0,0,,0,,1,4947.0,0.0323,162.0,3.28,No giveaway,85F+,4,Clean control,2,No giveaway in homestand
20260617,4904,2310,4973.0,1,night,Wednesday,2,June,6,12,0,0,,4904-6,2,6,1.0,0.465,0.423,Cloudy,Cloudy,92.0,19,0,0,0,,0,,1,5185.0,-0.0418,-212.0,-4.09,No giveaway,85F+,4,Clean control,2,No giveaway in homestand
20260618,4904,2310,4954.0,1,night,Thursday,3,June,6,12,0,0,,4904-6,3,6,1.0,0.458,0.431,Cloudy,Partly Cloudy,94.0,7,0,0,0,,0,,1,5488.0,-0.1023,-534.0,-9.72,No giveaway,85F+,4,Clean control,2,No giveaway in homestand
20260619,4904,2310,6133.0,1,night,Friday,4,June,6,13,1,0,,4904-6,4,6,1.0,0.466,0.425,Cloudy,Partly Cloudy,90.0,13,0,0,0,,0,,1,8110.0,-0.2794,-1977.0,-24.38,No giveaway,85F+,4,Clean control,2,No giveaway in homestand
20260620,4904,2310,7642.0,1,night,Saturday,5,June,6,13,1,0,,4904-6,5,6,1.0,0.459,0.432,Clear,Clear,98.0,6,0,0,0,,0,,1,6772.0,0.1209,870.0,12.85,No giveaway,85F+,4,Clean control,2,No giveaway in homestand
20260621,4904,2310,6587.0,1,night,Sunday,6,June,6,13,1,1,Father's Day,4904-6,6,6,1.0,0.467,0.427,Clear,Clear,97.0,14,0,0,0,,0,,1,5514.0,0.1779,1073.0,19.47,No giveaway,85F+,4,Clean control,2,No giveaway in homestand
20260630,4904,105,3877.0,1,night,Tuesday,1,June,6,14,0,0,,4904-7,1,6,9.0,0.439,0.557,Cloudy,Partly Cloudy,88.0,11,0,0,0,,0,,1,5313.0,-0.3151,-1436.0,-27.03,No giveaway,85F+,4,Clean control,2,No giveaway in homestand
20260701,4904,105,3932.0,1,night,Wednesday,2,July,7,14,0,0,,4904-7,2,6,1.0,0.446,0.55,Cloudy,Partly Cloudy,90.0,7,0,0,0,,0,,1,5079.0,-0.2559,-1147.0,-22.58,No giveaway,85F+,4,Clean control,2,No giveaway in homestand
20260702,4904,105,4905.0,1,night,Thursday,3,July,7,14,0,0,,4904-7,3,6,1.0,0.44,0.556,Cloudy,Partly Cloudy,95.0,4,0,0,0,,0,,1,5160.0,-0.0506,-255.0,-4.93,No giveaway,85F+,4,Clean control,2,No giveaway in homestand
20260703,4904,105,8715.0,1,night,Friday,4,July,7,15,1,0,,4904-7,4,6,1.0,0.447,0.549,Cloudy,Cloudy,96.0,6,0,0,0,,0,,1,7105.0,0.2043,1610.0,22.66,No giveaway,85F+,4,Clean control,2,No giveaway in homestand
20260704,4904,105,9213.0,1,night,Saturday,5,July,7,15,1,1,Independence Day,4904-7,5,6,1.0,0.453,0.542,Cloudy,Partly Cloudy,97.0,9,0,0,0,,0,,1,7143.0,0.2545,2070.0,28.99,No giveaway,85F+,4,Clean control,2,No giveaway in homestand
20260705,4904,105,4161.0,1,night,Sunday,6,July,7,15,1,0,,4904-7,6,6,1.0,0.46,0.536,Precipitation,Drizzle,95.0,9,1,0,0,,0,,1,4670.0,-0.1154,-509.0,-10.9,No giveaway,85F+,4,Clean control,2,No giveaway in homestand
20260717,4904,5434,6881.0,1,night,Friday,4,July,7,17,1,0,,4904-8,1,3,12.0,0.441,0.495,Cloudy,Cloudy,84.0,7,0,0,0,,1,-1.0,1,7120.0,-0.0341,-239.0,-3.36,No giveaway,75-85F,3,Adjacent to a giveaway,1,-1 games
20260718,4904,5434,6570.0,1,night,Saturday,5,July,7,17,1,0,,4904-8,2,3,1.0,0.436,0.5,Cloudy,Cloudy,87.0,5,0,1,1,Chico Nutcracker (Christmas in July),1,0.0,1,7853.0,-0.1784,-1283.0,-16.34,Giveaway,85F+,4,Giveaway,0,Giveaway
20260719,4904,5434,6153.0,1,night,Sunday,6,July,7,17,1,0,,4904-8,3,3,1.0,0.442,0.495,Precipitation,Drizzle,81.0,10,1,0,0,,1,1.0,1,5613.0,0.0918,540.0,9.62,No giveaway,75-85F,3,Adjacent to a giveaway,1,+1 games
20260728,4904,342,3923.0,1,night,Tuesday,1,July,7,18,0,0,,4904-9,1,6,9.0,0.431,0.485,Clear,Clear,100.0,8,0,0,0,,0,,1,4491.0,-0.1353,-568.0,-12.65,No giveaway,85F+,4,Clean control,2,No giveaway in homestand
20260729,4904,342,4708.0,1,night,Wednesday,2,July,7,18,0,0,,4904-9,2,6,1.0,0.427,0.49,Clear,Clear,100.0,7,0,0,0,,0,,1,4422.0,0.0627,286.0,6.47,No giveaway,85F+,4,Clean control,2,No giveaway in homestand
20260730,4904,342,4925.0,1,night,Thursday,3,July,7,18,0,0,,4904-9,3,6,1.0,0.423,0.495,Clear,Clear,101.0,11,0,0,0,,0,,1,4723.0,0.0418,202.0,4.27,No giveaway,85F+,4,Clean control,2,No giveaway in homestand
20260731,4904,342,7975.0,1,night,Friday,4,July,7,19,1,0,,4904-9,4,6,1.0,0.419,0.5,Cloudy,Partly Cloudy,102.0,9,0,0,0,,0,,1,6461.0,0.2106,1514.0,23.44,No giveaway,85F+,4,Clean control,2,No giveaway in homestand
20260801,4904,342,8630.0,1,night,Saturday,5,August,8,19,1,0,,4904-9,5,6,1.0,0.415,0.505,Cloudy,Partly Cloudy,93.0,9,0,0,0,,0,,1,7013.0,0.2075,1617.0,23.06,No giveaway,85F+,4,Clean control,2,No giveaway in homestand
20260802,4904,342,4265.0,1,day,Sunday,6,August,8,19,1,0,,4904-9,6,6,1.0,0.411,0.509,Clear,Sunny,87.0,6,0,0,0,,0,,1,6290.0,-0.3886,-2025.0,-32.2,No giveaway,85F+,4,Clean control,2,No giveaway in homestand
20260811,4904,561,3934.0,1,night,Tuesday,1,August,8,20,0,0,,4904-10,1,12,9.0,0.412,0.447,Cloudy,Cloudy,92.0,10,0,0,0,,0,,1,5102.0,-0.26,-1168.0,-22.89,No giveaway,85F+,4,Clean control,2,No giveaway in homestand
20260812,4904,561,4959.0,1,day,Wednesday,2,August,8,20,0,0,,4904-10,2,12,1.0,0.417,0.443,Cloudy,Partly Cloudy,87.0,9,0,0,0,,0,,1,6026.0,-0.1949,-1067.0,-17.71,No giveaway,85F+,4,Clean control,2,No giveaway in homestand
20260813,4904,561,5254.0,1,night,Thursday,3,August,8,20,0,0,,4904-10,3,12,1.0,0.422,0.44,Cloudy,Cloudy,89.0,12,0,0,0,,0,,1,5701.0,-0.0817,-447.0,-7.84,No giveaway,85F+,4,Clean control,2,No giveaway in homestand
20260814,4904,561,6477.0,1,night,Friday,4,August,8,21,1,0,,4904-10,4,12,1.0,0.419,0.444,Cloudy,Partly Cloudy,91.0,7,0,0,0,,0,,1,7773.0,-0.1824,-1296.0,-16.67,No giveaway,85F+,4,Clean control,2,No giveaway in homestand
20260815,4904,561,6985.0,1,night,Saturday,5,August,8,21,1,0,,4904-10,5,12,1.0,0.415,0.449,Cloudy,Cloudy,87.0,9,0,0,0,,0,,1,7676.0,-0.0943,-691.0,-9.0,No giveaway,85F+,4,Clean control,2,No giveaway in homestand
20260816,4904,561,5956.0,1,day,Sunday,6,August,8,21,1,0,,4904-10,6,12,1.0,0.412,0.454,Clear,Sunny,91.0,4,0,0,0,,0,,1,6117.0,-0.0267,-161.0,-2.64,No giveaway,85F+,4,Clean control,2,No giveaway in homestand
20260818,4904,102,4498.0,1,night,Tuesday,1,August,8,21,0,0,,4904-10,7,12,2.0,0.408,0.471,Clear,Clear,93.0,3,0,0,0,,0,,1,5385.0,-0.1801,-887.0,-16.48,No giveaway,85F+,4,Clean control,2,No giveaway in homestand
20260819,4904,102,4668.0,1,day,Wednesday,2,August,8,21,0,0,,4904-10,8,12,1.0,0.405,0.475,Clear,Sunny,93.0,4,0,0,0,,0,,1,5336.0,-0.1337,-668.0,-12.52,No giveaway,85F+,4,Clean control,2,No giveaway in homestand
20260820,4904,102,6560.0,1,night,Thursday,3,August,8,21,0,0,,4904-10,9,12,1.0,0.41,0.472,Cloudy,Cloudy,97.0,4,0,0,0,,0,,1,4836.0,0.3049,1724.0,35.65,No giveaway,85F+,4,Clean control,2,No giveaway in homestand
20260821,4904,102,7253.0,1,night,Friday,4,August,8,22,1,0,,4904-10,10,12,1.0,0.407,0.476,Cloudy,Partly Cloudy,97.0,11,0,0,0,,0,,1,6756.0,0.071,497.0,7.36,No giveaway,85F+,4,Clean control,2,No giveaway in homestand
20260822,4904,102,6771.0,1,night,Saturday,5,August,8,22,1,0,,4904-10,11,12,1.0,0.403,0.48,Clear,Clear,98.0,11,0,0,0,,0,,1,6263.0,0.078,508.0,8.11,No giveaway,85F+,4,Clean control,2,No giveaway in homestand
20260823,4904,102,4999.0,1,day,Sunday,6,August,8,22,1,0,,4904-10,12,12,1.0,0.4,0.484,Clear,Sunny,93.0,7,0,0,0,,0,,1,5670.0,-0.126,-671.0,-11.84,No giveaway,85F+,4,Clean control,2,No giveaway in homestand
20260327,431,235,3303.0,1,night,Friday,4,March,3,1,1,0,,431-1,1,3,,0.0,1.0,Cloudy,Partly Cloudy,80.0,11,0,1,1,2026 Magnet Schedule,1,0.0,1,2039.0,0.4821,1264.0,61.95,Giveaway,75-85F,3,Giveaway,0,Giveaway
20260328,431,235,2100.0,1,night,Saturday,5,March,3,1,1,0,,431-1,2,3,1.0,0.0,1.0,Clear,Clear,66.0,10,0,1,1,2026 Schedule T-Shirt,1,0.0,1,1897.0,0.1018,203.0,10.71,Giveaway,65-75F,2,Giveaway,0,Giveaway
20260329,431,235,2617.0,1,day,Sunday,6,March,3,1,1,0,,431-1,3,3,1.0,0.0,1.0,Cloudy,Partly Cloudy,59.0,10,0,0,0,,1,1.0,1,1484.0,0.5675,1133.0,76.39,No giveaway,55-65F,1,Adjacent to a giveaway,1,+1 games
20260407,431,556,1760.0,1,night,Tuesday,1,April,4,2,0,0,,431-2,1,6,9.0,0.6,0.556,Clear,Clear,75.0,5,0,0,0,,0,,1,1373.0,0.248,387.0,28.15,No giveaway,65-75F,2,Clean control,2,No giveaway in homestand
20260408,431,556,1260.0,1,night,Wednesday,2,April,4,2,0,0,,431-2,2,6,1.0,0.636,0.5,Clear,Clear,64.0,5,0,0,0,,0,,1,1313.0,-0.0415,-53.0,-4.06,No giveaway,55-65F,1,Clean control,2,No giveaway in homestand
20260409,431,556,1614.0,1,night,Thursday,3,April,4,2,0,0,,431-2,3,6,1.0,0.583,0.545,Clear,Clear,69.0,10,0,0,0,,0,,1,1468.0,0.0945,146.0,9.91,No giveaway,65-75F,2,Clean control,2,No giveaway in homestand
20260410,431,556,3514.0,1,night,Friday,4,April,4,3,1,0,,431-2,4,6,1.0,0.615,0.5,Clear,Clear,76.0,3,0,0,0,,0,,1,2095.0,0.5173,1419.0,67.75,No giveaway,75-85F,3,Clean control,2,No giveaway in homestand
20260411,431,556,2298.0,1,night,Saturday,5,April,4,3,1,0,,431-2,5,6,1.0,0.643,0.462,Clear,Clear,84.0,7,0,0,0,,0,,1,1927.0,0.1762,371.0,19.27,No giveaway,75-85F,3,Clean control,2,No giveaway in homestand
20260412,431,556,1277.0,1,day,Sunday,6,April,4,3,1,0,,431-2,6,6,1.0,0.667,0.429,Clear,Sunny,84.0,10,0,0,0,,0,,1,1619.0,-0.2375,-342.0,-21.14,No giveaway,75-85F,3,Clean control,2,No giveaway in homestand
20260421,431,564,2146.0,1,night,Tuesday,1,April,4,4,0,0,,431-3,1,6,9.0,0.636,0.5,Clear,Clear,78.0,6,0,0,0,,1,-4.0,1,1383.0,0.4391,763.0,55.12,No giveaway,75-85F,3,Adjacent to a giveaway,1,3+ away
20260422,431,564,3549.0,1,day,Wednesday,2,April,4,4,0,0,,431-3,2,6,1.0,0.652,0.478,Clear,Sunny,72.0,9,0,0,0,,1,-3.0,1,1551.0,0.8276,1998.0,128.79,No giveaway,65-75F,2,Adjacent to a giveaway,1,3+ away
20260423,431,564,1846.0,1,night,Thursday,3,April,4,4,0,0,,431-3,3,6,1.0,0.667,0.458,Cloudy,Partly Cloudy,82.0,7,0,0,0,,1,-2.0,1,1475.0,0.2247,371.0,25.19,No giveaway,75-85F,3,Adjacent to a giveaway,1,-2 games
20260424,431,564,3009.0,1,night,Friday,4,April,4,5,1,0,,431-3,4,6,1.0,0.64,0.48,Cloudy,Partly Cloudy,80.0,6,0,0,0,,1,-1.0,1,2077.0,0.3707,932.0,44.87,No giveaway,75-85F,3,Adjacent to a giveaway,1,-1 games
20260425,431,564,3037.0,1,night,Saturday,5,April,4,5,1,0,,431-3,5,6,1.0,0.654,0.462,Cloudy,Overcast,67.0,8,0,1,1,Georgia Peaches Replica Jersey,1,0.0,1,1951.0,0.4425,1086.0,55.67,Giveaway,65-75F,2,Giveaway,0,Giveaway
20260426,431,564,2501.0,1,day,Sunday,6,April,4,5,1,0,,431-3,6,6,1.0,0.63,0.481,Clear,Sunny,76.0,2,0,0,0,,1,1.0,1,1658.0,0.4111,843.0,50.85,No giveaway,75-85F,3,Adjacent to a giveaway,1,+1 games
20260512,431,234,1060.0,1,night,Tuesday,1,May,5,7,0,0,,431-4,1,12,16.0,0.625,0.375,Clear,Clear,72.0,9,0,0,0,,1,-4.0,1,1764.0,-0.5094,-704.0,-39.91,No giveaway,65-75F,2,Adjacent to a giveaway,1,3+ away
20260513,431,234,7267.0,1,day,Wednesday,2,May,5,7,0,0,,431-4,2,12,1.0,0.61,0.39,Clear,Sunny,68.0,2,0,0,0,,1,-3.0,1,2099.0,1.242,5168.0,246.25,No giveaway,65-75F,2,Adjacent to a giveaway,1,3+ away
20260514,431,234,1372.0,1,night,Thursday,3,May,5,7,0,0,,431-4,3,12,1.0,0.595,0.405,Clear,Clear,73.0,12,0,0,0,,1,-2.0,1,2053.0,-0.4032,-681.0,-33.18,No giveaway,65-75F,2,Adjacent to a giveaway,1,-2 games
20260515,431,234,4861.0,1,night,Friday,4,May,5,8,1,0,,431-4,4,12,1.0,0.605,0.395,Clear,Clear,77.0,4,0,0,0,,1,-1.0,1,2870.0,0.5268,1991.0,69.36,No giveaway,75-85F,3,Adjacent to a giveaway,1,-1 games
20260516,431,234,4879.0,1,night,Saturday,5,May,5,8,1,0,,431-4,5,12,1.0,0.591,0.409,Cloudy,Partly Cloudy,84.0,5,0,1,1,Salute to Armed Forces Replica Jersey,1,0.0,1,2617.0,0.6229,2262.0,86.43,Giveaway,75-85F,3,Giveaway,0,Giveaway
20260517,431,234,2894.0,1,day,Sunday,6,May,5,8,1,0,,431-4,6,12,1.0,0.578,0.422,Cloudy,Partly Cloudy,90.0,9,0,0,0,,1,1.0,1,2056.0,0.3421,838.0,40.79,No giveaway,85F+,4,Adjacent to a giveaway,1,+1 games
20260519,431,494,1346.0,1,night,Tuesday,1,May,5,8,0,0,,431-4,7,12,2.0,0.565,0.5,Cloudy,Partly Cloudy,87.0,5,0,0,0,,1,2.0,1,1888.0,-0.3384,-542.0,-28.71,No giveaway,85F+,4,Adjacent to a giveaway,1,+2 games
20260520,431,494,1487.0,1,night,Wednesday,2,May,5,8,0,0,,431-4,8,12,1.0,0.553,0.511,Cloudy,Partly Cloudy,81.0,3,0,0,0,,1,3.0,1,1731.0,-0.1517,-244.0,-14.07,No giveaway,75-85F,3,Adjacent to a giveaway,1,3+ away
20260521,431,494,1255.0,1,night,Thursday,3,May,5,8,0,0,,431-4,9,12,1.0,0.562,0.5,Cloudy,Partly Cloudy,80.0,1,0,0,0,,1,4.0,1,1901.0,-0.4151,-646.0,-33.97,No giveaway,75-85F,3,Adjacent to a giveaway,1,3+ away
20260522,431,494,1515.0,1,night,Friday,4,May,5,9,1,0,,431-4,10,12,1.0,0.551,0.51,Cloudy,Partly Cloudy,70.0,9,0,0,0,,1,5.0,1,2665.0,-0.565,-1150.0,-43.16,No giveaway,65-75F,2,Adjacent to a giveaway,1,3+ away
20260523,431,494,2573.0,1,night,Saturday,5,May,5,9,1,0,,431-4,11,12,1.0,0.56,0.5,Cloudy,Cloudy,72.0,8,0,0,0,,1,6.0,1,2536.0,0.0145,37.0,1.46,No giveaway,65-75F,2,Adjacent to a giveaway,1,3+ away
20260524,431,494,1566.0,1,day,Sunday,6,May,5,9,1,0,,431-4,12,12,1.0,0.549,0.51,Cloudy,Overcast,70.0,7,0,0,0,,1,7.0,1,2103.0,-0.2947,-537.0,-25.52,No giveaway,65-75F,2,Adjacent to a giveaway,1,3+ away
20260602,431,568,1385.0,1,night,Tuesday,1,June,6,10,0,0,,431-5,1,6,9.0,0.517,0.379,Cloudy,Partly Cloudy,73.0,11,0,0,0,,1,-4.0,1,2090.0,-0.4116,-705.0,-33.74,No giveaway,65-75F,2,Adjacent to a giveaway,1,3+ away
20260603,431,568,3426.0,1,day,Wednesday,2,June,6,10,0,0,,431-5,2,6,1.0,0.508,0.39,Clear,Sunny,70.0,8,0,0,0,,1,-3.0,1,2307.0,0.3956,1119.0,48.53,No giveaway,65-75F,2,Adjacent to a giveaway,1,3+ away
20260604,431,568,1593.0,1,night,Thursday,3,June,6,10,0,0,,431-5,3,6,1.0,0.5,0.4,Clear,Clear,82.0,5,0,0,0,,1,-2.0,1,2191.0,-0.3188,-598.0,-27.3,No giveaway,75-85F,3,Adjacent to a giveaway,1,-2 games
20260605,431,568,2603.0,1,night,Friday,4,June,6,11,1,0,,431-5,4,6,1.0,0.508,0.393,Cloudy,Partly Cloudy,83.0,3,0,0,0,,1,-1.0,1,3047.0,-0.1574,-444.0,-14.57,No giveaway,75-85F,3,Adjacent to a giveaway,1,-1 games
20260606,431,568,3723.0,1,night,Saturday,5,June,6,11,1,0,,431-5,5,6,1.0,0.516,0.387,Cloudy,Partly Cloudy,86.0,6,0,1,1,Drake Baldwin Bobblehead,1,0.0,1,2813.0,0.2801,910.0,32.33,Giveaway,85F+,4,Giveaway,0,Giveaway
20260607,431,568,2056.0,1,day,Sunday,6,June,6,11,1,0,,431-5,6,6,1.0,0.508,0.397,Cloudy,Overcast,82.0,6,0,0,0,,1,1.0,1,2415.0,-0.161,-359.0,-14.87,No giveaway,75-85F,3,Adjacent to a giveaway,1,+1 games
20260616,431,416,1162.0,1,night,Tuesday,1,June,6,12,0,0,,431-6,1,5,9.0,0.507,0.544,Precipitation,Drizzle,68.0,2,1,0,0,,1,-3.0,1,1808.0,-0.4424,-646.0,-35.75,No giveaway,65-75F,2,Adjacent to a giveaway,1,3+ away
20260617,431,416,1301.0,1,night,Wednesday,2,June,6,12,0,0,,431-6,2,5,1.0,0.514,0.536,Cloudy,Partly Cloudy,84.0,8,0,0,0,,1,-2.0,1,1894.0,-0.3754,-593.0,-31.3,No giveaway,75-85F,3,Adjacent to a giveaway,1,-2 games
20260619,431,416,3004.0,2,night,Friday,4,June,6,13,1,0,,431-6,3,5,2.0,0.514,0.535,Cloudy,Partly Cloudy,80.0,6,0,0,0,,1,-1.0,1,2930.0,0.0249,74.0,2.52,No giveaway,75-85F,3,Adjacent to a giveaway,1,-1 games
20260620,431,416,2953.0,1,night,Saturday,5,June,6,13,1,0,,431-6,4,5,1.0,0.507,0.542,Cloudy,Overcast,83.0,6,0,1,1,Atlanta Black Crackers Hat,1,0.0,1,2765.0,0.0657,188.0,6.79,Giveaway,75-85F,3,Giveaway,0,Giveaway
20260621,431,416,2738.0,1,day,Sunday,6,June,6,13,1,1,Father's Day,431-6,5,5,1.0,0.514,0.534,Cloudy,Partly Cloudy,84.0,6,0,0,0,,1,1.0,1,2482.0,0.0981,256.0,10.31,No giveaway,75-85F,3,Adjacent to a giveaway,1,+1 games
20260707,431,235,1344.0,1,night,Tuesday,1,July,7,15,0,0,,431-7,1,6,16.0,0.488,0.602,Clear,Clear,90.0,8,0,0,0,,1,-3.0,1,1625.0,-0.19,-281.0,-17.3,No giveaway,85F+,4,Adjacent to a giveaway,1,3+ away
20260708,431,235,1327.0,1,night,Wednesday,2,July,7,15,0,0,,431-7,2,6,1.0,0.483,0.607,Cloudy,Partly Cloudy,90.0,9,0,0,0,,1,-2.0,1,1739.0,-0.2702,-412.0,-23.68,No giveaway,85F+,4,Adjacent to a giveaway,1,-2 games
20260709,431,235,1822.0,1,night,Thursday,3,July,7,15,0,0,,431-7,3,6,1.0,0.489,0.6,Cloudy,Cloudy,73.0,5,0,0,0,,1,-1.0,1,2086.0,-0.1352,-264.0,-12.65,No giveaway,65-75F,2,Adjacent to a giveaway,1,-1 games
20260710,431,235,3734.0,1,night,Friday,4,July,7,16,1,0,,431-7,4,6,1.0,0.494,0.593,Cloudy,Partly Cloudy,80.0,7,0,1,1,Stripers Toy Car,1,0.0,1,2887.0,0.2572,847.0,29.33,Giveaway,75-85F,3,Giveaway,0,Giveaway
20260711,431,235,5635.0,1,night,Saturday,5,July,7,16,1,0,,431-7,5,6,1.0,0.5,0.587,Cloudy,Partly Cloudy,77.0,2,0,0,0,,1,1.0,1,2757.0,0.715,2878.0,104.42,No giveaway,75-85F,3,Adjacent to a giveaway,1,+1 games
20260712,431,235,1591.0,1,day,Sunday,6,July,7,16,1,0,,431-7,6,6,1.0,0.505,0.581,Cloudy,Cloudy,88.0,8,0,0,0,,1,2.0,1,2150.0,-0.301,-559.0,-25.99,No giveaway,85F+,4,Adjacent to a giveaway,1,+2 games
20260721,431,451,2200.0,1,night,Tuesday,1,July,7,17,0,0,,431-8,1,5,9.0,0.505,0.447,Cloudy,Partly Cloudy,91.0,8,0,0,0,,0,,1,1827.0,0.1859,373.0,20.43,No giveaway,85F+,4,Clean control,2,No giveaway in homestand
20260722,431,451,2023.0,1,night,Wednesday,2,July,7,17,0,0,,431-8,2,5,1.0,0.51,0.442,Cloudy,Cloudy,90.0,8,0,0,0,,0,,1,1824.0,0.1034,199.0,10.89,No giveaway,85F+,4,Clean control,2,No giveaway in homestand
20260723,431,451,2041.0,1,night,Thursday,3,July,7,17,0,0,,431-8,3,5,1.0,0.515,0.438,Cloudy,Cloudy,82.0,5,0,0,0,,0,,1,2141.0,-0.0477,-100.0,-4.65,No giveaway,75-85F,3,Clean control,2,No giveaway in homestand
20260725,431,451,4319.0,2,day,Saturday,5,July,7,18,1,0,,431-8,4,5,2.0,0.525,0.429,Cloudy,Cloudy,86.0,7,0,0,0,,0,,1,3074.0,0.34,1245.0,40.5,No giveaway,85F+,4,Clean control,2,No giveaway in homestand
20260726,431,451,1943.0,1,day,Sunday,6,July,7,18,1,0,,431-8,5,5,1.0,0.52,0.434,Cloudy,Partly Cloudy,86.0,9,0,0,0,,0,,1,2307.0,-0.1717,-364.0,-15.78,No giveaway,85F+,4,Clean control,2,No giveaway in homestand
20260804,431,564,899.0,1,night,Tuesday,1,August,8,19,0,0,,431-9,1,5,9.0,0.519,0.505,Cloudy,Partly Cloudy,77.0,4,0,0,0,,1,-3.0,1,1944.0,-0.7712,-1045.0,-53.75,No giveaway,75-85F,3,Adjacent to a giveaway,1,3+ away
20260805,431,564,632.0,1,night,Wednesday,2,August,8,19,0,0,,431-9,2,5,1.0,0.514,0.509,Cloudy,Cloudy,74.0,4,0,0,0,,1,-2.0,1,1919.0,-1.1108,-1287.0,-67.07,No giveaway,65-75F,2,Adjacent to a giveaway,1,-2 games
20260806,431,564,1135.0,1,night,Thursday,3,August,8,19,0,0,,431-9,3,5,1.0,0.518,0.505,Cloudy,Partly Cloudy,86.0,4,0,0,0,,1,-1.0,1,1989.0,-0.5611,-854.0,-42.94,No giveaway,85F+,4,Adjacent to a giveaway,1,-1 games
20260808,431,564,5250.0,2,day,Saturday,5,August,8,20,1,0,,431-9,4,5,2.0,0.518,0.505,Cloudy,Partly Cloudy,90.0,3,0,1,1,Chris Sale Bobblehead,1,0.0,1,2818.0,0.6223,2432.0,86.31,Giveaway,85F+,4,Giveaway,0,Giveaway
20260809,431,564,1565.0,1,day,Sunday,6,August,8,20,1,0,,431-9,5,5,1.0,0.513,0.509,Cloudy,Partly Cloudy,82.0,3,0,0,0,,1,1.0,1,2274.0,-0.3734,-709.0,-31.16,No giveaway,75-85F,3,Adjacent to a giveaway,1,+1 games
20260819,431,234,1091.0,2,night,Wednesday,2,August,8,21,0,0,,431-10,1,5,10.0,0.504,0.455,Clear,Clear,91.0,5,0,0,0,,1,-3.0,1,1525.0,-0.3348,-434.0,-28.45,No giveaway,85F+,4,Adjacent to a giveaway,1,3+ away
20260820,431,234,1205.0,1,night,Thursday,3,August,8,21,0,0,,431-10,2,5,1.0,0.5,0.459,Clear,Clear,94.0,4,0,0,0,,1,-2.0,1,1849.0,-0.4283,-644.0,-34.84,No giveaway,85F+,4,Adjacent to a giveaway,1,-2 games
20260821,431,234,2314.0,1,night,Friday,4,August,8,22,1,0,,431-10,3,5,1.0,0.496,0.463,Cloudy,Partly Cloudy,86.0,1,0,0,0,,1,-1.0,1,2847.0,-0.2072,-533.0,-18.71,No giveaway,85F+,4,Adjacent to a giveaway,1,-1 games
20260822,431,234,4475.0,1,night,Saturday,5,August,8,22,1,0,,431-10,4,5,1.0,0.492,0.468,Cloudy,Partly Cloudy,91.0,8,0,1,1,Chopper the Groundhog Building Blocks,1,0.0,1,2544.0,0.5648,1931.0,75.92,Giveaway,85F+,4,Giveaway,0,Giveaway
20260823,431,234,1754.0,1,day,Sunday,6,August,8,22,1,0,,431-10,5,5,1.0,0.496,0.464,Clear,Sunny,89.0,8,0,0,0,,1,1.0,1,2177.0,-0.216,-423.0,-19.42,No giveaway,85F+,4,Adjacent to a giveaway,1,+1 games
20260327,484,1960,8996.0,1,night,Friday,4,March,3,1,1,0,,484-1,1,3,,0.0,1.0,Cloudy,Partly Cloudy,45.0,12,0,0,0,,0,,1,5193.0,0.5495,3803.0,73.23,No giveaway,Under 55F,0,Clean control,2,No giveaway in homestand
20260328,484,1960,3431.0,1,day,Saturday,5,March,3,1,1,0,,484-1,2,3,1.0,0.0,1.0,Clear,Sunny,48.0,2,0,0,0,,0,,1,5915.0,-0.5447,-2484.0,-42.0,No giveaway,Under 55F,0,Clean control,2,No giveaway in homestand
20260329,484,1960,4333.0,1,day,Sunday,6,March,3,1,1,0,,484-1,3,3,1.0,0.0,1.0,Clear,Sunny,54.0,2,0,0,0,,0,,1,4877.0,-0.1182,-544.0,-11.15,No giveaway,Under 55F,0,Clean control,2,No giveaway in homestand
20260407,484,416,3001.0,1,night,Tuesday,1,April,4,2,0,0,,484-2,1,6,9.0,0.2,0.5,Clear,Clear,49.0,9,0,0,0,,1,-4.0,1,4071.0,-0.3048,-1070.0,-26.27,No giveaway,Under 55F,0,Adjacent to a giveaway,1,3+ away
20260408,484,416,5971.0,1,day,Wednesday,2,April,4,2,0,0,,484-2,2,6,1.0,0.273,0.455,Clear,Sunny,48.0,9,0,0,0,,1,-3.0,1,4456.0,0.2926,1515.0,33.99,No giveaway,Under 55F,0,Adjacent to a giveaway,1,3+ away
20260409,484,416,4415.0,1,night,Thursday,3,April,4,2,0,0,,484-2,3,6,1.0,0.25,0.5,Clear,Clear,75.0,8,0,0,0,,1,-2.0,1,5587.0,-0.2353,-1172.0,-20.97,No giveaway,65-75F,2,Adjacent to a giveaway,1,-2 games
20260410,484,416,4066.0,1,night,Friday,4,April,4,3,1,0,,484-2,4,6,1.0,0.231,0.538,Cloudy,Cloudy,62.0,5,0,0,0,,1,-1.0,1,7288.0,-0.5836,-3222.0,-44.21,No giveaway,55-65F,1,Adjacent to a giveaway,1,-1 games
20260411,484,416,5866.0,1,night,Saturday,5,April,4,3,1,0,,484-2,5,6,1.0,0.214,0.571,Cloudy,Partly Cloudy,64.0,5,0,1,1,Bubba Chandler Bobblehead presented by Hoosier Lottery,1,0.0,1,6953.0,-0.1699,-1087.0,-15.63,Giveaway,55-65F,1,Giveaway,0,Giveaway
20260412,484,416,5064.0,1,day,Sunday,6,April,4,3,1,0,,484-2,6,6,1.0,0.267,0.533,Clear,Sunny,78.0,13,0,0,0,,1,1.0,1,6050.0,-0.1778,-986.0,-16.29,No giveaway,75-85F,3,Adjacent to a giveaway,1,+1 games
20260421,484,1960,5300.0,1,night,Tuesday,1,April,4,4,0,0,,484-3,1,6,9.0,0.318,0.429,Clear,Clear,75.0,11,0,0,0,,1,-4.0,1,5260.0,0.0076,40.0,0.76,No giveaway,65-75F,2,Adjacent to a giveaway,1,3+ away
20260422,484,1960,3976.0,1,night,Wednesday,2,April,4,4,0,0,,484-3,2,6,1.0,0.348,0.409,Clear,Clear,79.0,12,0,0,0,,1,-3.0,1,5151.0,-0.2589,-1175.0,-22.81,No giveaway,75-85F,3,Adjacent to a giveaway,1,3+ away
20260423,484,1960,9202.0,1,day,Thursday,3,April,4,4,0,0,,484-3,3,6,1.0,0.375,0.391,Clear,Sunny,70.0,6,0,0,0,,1,-2.0,1,6362.0,0.3692,2840.0,44.65,No giveaway,65-75F,2,Adjacent to a giveaway,1,-2 games
20260424,484,1960,5181.0,1,night,Friday,4,April,4,5,1,0,,484-3,4,6,1.0,0.4,0.375,Cloudy,Overcast,63.0,3,0,0,0,,1,-1.0,1,7551.0,-0.3767,-2370.0,-31.39,No giveaway,55-65F,1,Adjacent to a giveaway,1,-1 games
20260425,484,1960,7271.0,1,day,Saturday,5,April,4,5,1,0,,484-3,5,6,1.0,0.385,0.4,Cloudy,Partly Cloudy,70.0,7,0,1,1,Indians x IMS Flag presented by Indianapolis Motor Speedway,1,0.0,1,8367.0,-0.1404,-1096.0,-13.1,Giveaway,65-75F,2,Giveaway,0,Giveaway
20260426,484,1960,6340.0,1,day,Sunday,6,April,4,5,1,0,,484-3,6,6,1.0,0.37,0.423,Clear,Sunny,61.0,4,0,0,0,,1,1.0,1,5778.0,0.0929,562.0,9.73,No giveaway,55-65F,1,Adjacent to a giveaway,1,+1 games
20260506,484,541,4840.0,2,day,Wednesday,2,May,5,6,0,0,,484-4,1,4,10.0,0.371,0.441,Cloudy,Cloudy,57.0,6,0,0,0,,0,,1,5912.0,-0.2,-1072.0,-18.13,No giveaway,55-65F,1,Clean control,2,No giveaway in homestand
20260507,484,541,13675.0,1,day,Thursday,3,May,5,6,0,0,,484-4,2,4,1.0,0.389,0.429,Clear,Sunny,50.0,6,0,0,0,,0,,1,6687.0,0.7154,6988.0,104.51,No giveaway,Under 55F,0,Clean control,2,No giveaway in homestand
20260509,484,541,9391.0,2,night,Saturday,5,May,5,7,1,0,,484-4,3,4,2.0,0.395,0.432,Cloudy,Partly Cloudy,74.0,13,0,0,0,,0,,1,9746.0,-0.0371,-355.0,-3.64,No giveaway,65-75F,2,Clean control,2,No giveaway in homestand
20260510,484,541,5711.0,1,day,Sunday,6,May,5,7,1,1,Mother's Day,484-4,4,4,1.0,0.385,0.447,Clear,Sunny,66.0,6,0,0,0,,0,,1,8674.0,-0.4179,-2963.0,-34.16,No giveaway,65-75F,2,Clean control,2,No giveaway in homestand
20260525,484,451,7156.0,1,night,Monday,0,May,5,9,0,1,Memorial Day,484-5,1,6,15.0,0.404,0.431,Cloudy,Partly Cloudy,80.0,2,0,0,0,,1,-4.0,1,7156.0,0.0,0.0,0.0,No giveaway,75-85F,3,Adjacent to a giveaway,1,3+ away
20260527,484,451,6788.0,1,night,Wednesday,2,May,5,9,0,0,,484-5,2,6,2.0,0.396,0.442,Cloudy,Partly Cloudy,75.0,7,0,0,0,,1,-3.0,1,6649.0,0.0207,139.0,2.09,No giveaway,65-75F,2,Adjacent to a giveaway,1,3+ away
20260528,484,451,6742.0,1,night,Thursday,3,May,5,9,0,0,,484-5,3,6,1.0,0.407,0.434,Cloudy,Partly Cloudy,82.0,9,0,0,0,,1,-2.0,1,7221.0,-0.0686,-479.0,-6.63,No giveaway,75-85F,3,Adjacent to a giveaway,1,-2 games
20260529,484,451,9621.0,1,night,Friday,4,May,5,10,1,0,,484-5,4,6,1.0,0.4,0.444,Clear,Clear,81.0,2,0,0,0,,1,-1.0,1,10129.0,-0.0515,-508.0,-5.02,No giveaway,75-85F,3,Adjacent to a giveaway,1,-1 games
20260530,484,451,8992.0,1,night,Saturday,5,May,5,10,1,0,,484-5,5,6,1.0,0.411,0.436,Cloudy,Partly Cloudy,82.0,10,0,1,1,Rowdie Bobblehead,1,0.0,1,9525.0,-0.0575,-533.0,-5.59,Giveaway,75-85F,3,Giveaway,0,Giveaway
20260531,484,451,9059.0,1,day,Sunday,6,May,5,10,1,0,,484-5,6,6,1.0,0.421,0.429,Cloudy,Partly Cloudy,74.0,2,0,0,0,,1,1.0,1,8137.0,0.1074,922.0,11.33,No giveaway,65-75F,2,Adjacent to a giveaway,1,+1 games
20260609,484,445,7149.0,1,night,Tuesday,1,June,6,11,0,0,,484-6,1,6,9.0,0.391,0.571,Cloudy,Partly Cloudy,88.0,10,0,0,0,,1,-4.0,1,6582.0,0.0826,567.0,8.61,No giveaway,85F+,4,Adjacent to a giveaway,1,3+ away
20260610,484,445,9712.0,1,day,Wednesday,2,June,6,11,0,0,,484-6,2,6,1.0,0.4,0.562,Cloudy,Cloudy,84.0,10,0,0,0,,1,-3.0,1,7608.0,0.2442,2104.0,27.66,No giveaway,75-85F,3,Adjacent to a giveaway,1,3+ away
20260611,484,445,6200.0,1,night,Thursday,3,June,6,11,0,0,,484-6,3,6,1.0,0.409,0.554,Cloudy,Partly Cloudy,92.0,9,0,0,0,,1,-2.0,1,6761.0,-0.0867,-561.0,-8.3,No giveaway,85F+,4,Adjacent to a giveaway,1,-2 games
20260612,484,445,9739.0,1,night,Friday,4,June,6,12,1,0,,484-6,4,6,1.0,0.418,0.545,Clear,Clear,81.0,9,0,0,0,,1,-1.0,1,10497.0,-0.075,-758.0,-7.22,No giveaway,75-85F,3,Adjacent to a giveaway,1,-1 games
20260613,484,445,8740.0,1,night,Saturday,5,June,6,12,1,0,,484-6,5,6,1.0,0.412,0.552,Cloudy,Partly Cloudy,78.0,7,0,1,1,TBA Prospect Bobblehead presented by Hoosier Lottery,1,0.0,1,10022.0,-0.1369,-1282.0,-12.79,Giveaway,75-85F,3,Giveaway,0,Giveaway
20260614,484,445,7706.0,1,day,Sunday,6,June,6,12,1,0,,484-6,6,6,1.0,0.406,0.559,Cloudy,Overcast,73.0,6,0,0,0,,1,1.0,1,8391.0,-0.0851,-685.0,-8.16,No giveaway,65-75F,2,Adjacent to a giveaway,1,+1 games
20260623,484,531,9706.0,1,night,Tuesday,1,June,6,13,0,0,,484-7,1,6,9.0,0.408,0.507,Clear,Clear,78.0,11,0,0,0,,1,-4.0,1,7164.0,0.3037,2542.0,35.48,No giveaway,75-85F,3,Adjacent to a giveaway,1,3+ away
20260624,484,531,9137.0,1,day,Wednesday,2,June,6,13,0,0,,484-7,2,6,1.0,0.416,0.5,Cloudy,Partly Cloudy,76.0,4,0,0,0,,1,-3.0,1,8015.0,0.131,1122.0,13.99,No giveaway,75-85F,3,Adjacent to a giveaway,1,3+ away
20260625,484,531,7523.0,1,night,Thursday,3,June,6,13,0,0,,484-7,3,6,1.0,0.41,0.506,Cloudy,Partly Cloudy,82.0,9,0,0,0,,1,-2.0,1,7568.0,-0.006,-45.0,-0.6,No giveaway,75-85F,3,Adjacent to a giveaway,1,-2 games
20260626,484,531,8437.0,1,night,Friday,4,June,6,14,1,0,,484-7,4,6,1.0,0.405,0.513,Cloudy,Overcast,71.0,4,0,0,0,,1,-1.0,1,10758.0,-0.243,-2321.0,-21.58,No giveaway,65-75F,2,Adjacent to a giveaway,1,-1 games
20260627,484,531,10324.0,1,night,Saturday,5,June,6,14,1,0,,484-7,5,6,1.0,0.412,0.506,Cloudy,Cloudy,77.0,2,0,1,1,Hogwarts Hat,1,0.0,1,10192.0,0.0129,132.0,1.29,Giveaway,75-85F,3,Giveaway,0,Giveaway
20260628,484,531,6548.0,1,day,Sunday,6,June,6,14,1,0,,484-7,6,6,1.0,0.42,0.5,Cloudy,Partly Cloudy,82.0,2,0,0,0,,1,1.0,1,8349.0,-0.243,-1801.0,-21.57,No giveaway,75-85F,3,Adjacent to a giveaway,1,+1 games
20260707,484,512,8200.0,1,night,Tuesday,1,July,7,15,0,0,,484-8,1,6,9.0,0.443,0.483,Cloudy,Partly Cloudy,85.0,2,0,0,0,,1,-4.0,1,6846.0,0.1804,1354.0,19.77,No giveaway,75-85F,3,Adjacent to a giveaway,1,3+ away
20260708,484,512,7453.0,1,night,Wednesday,2,July,7,15,0,0,,484-8,2,6,1.0,0.438,0.489,Cloudy,Partly Cloudy,85.0,4,0,0,0,,1,-3.0,1,6740.0,0.1006,713.0,10.58,No giveaway,75-85F,3,Adjacent to a giveaway,1,3+ away
20260709,484,512,8124.0,1,night,Thursday,3,July,7,15,0,0,,484-8,3,6,1.0,0.444,0.483,Cloudy,Partly Cloudy,86.0,9,0,0,0,,1,-2.0,1,7296.0,0.1075,828.0,11.35,No giveaway,85F+,4,Adjacent to a giveaway,1,-2 games
20260710,484,512,8472.0,1,night,Friday,4,July,7,16,1,0,,484-8,4,6,1.0,0.451,0.478,Cloudy,Cloudy,85.0,7,0,0,0,,1,-1.0,1,10297.0,-0.1951,-1825.0,-17.73,No giveaway,75-85F,3,Adjacent to a giveaway,1,-1 games
20260711,484,512,12719.0,1,night,Saturday,5,July,7,16,1,0,,484-8,5,6,1.0,0.446,0.484,Cloudy,Overcast,78.0,6,0,1,1,Victory Field Replica,1,0.0,1,10099.0,0.2307,2620.0,25.95,Giveaway,75-85F,3,Giveaway,0,Giveaway
20260712,484,512,7194.0,1,day,Sunday,6,July,7,16,1,0,,484-8,6,6,1.0,0.452,0.478,Cloudy,Partly Cloudy,84.0,10,0,0,0,,1,1.0,1,8181.0,-0.1286,-987.0,-12.07,No giveaway,75-85F,3,Adjacent to a giveaway,1,+1 games
20260721,484,1410,7777.0,1,night,Tuesday,1,July,7,17,0,0,,484-9,1,6,9.0,0.474,0.464,Cloudy,Partly Cloudy,88.0,13,0,0,0,,1,-4.0,1,6664.0,0.1544,1113.0,16.7,No giveaway,85F+,4,Adjacent to a giveaway,1,3+ away
20260722,484,1410,7612.0,1,day,Wednesday,2,July,7,17,0,0,,484-9,2,6,1.0,0.48,0.459,Cloudy,Partly Cloudy,73.0,10,0,0,0,,1,-3.0,1,7970.0,-0.046,-358.0,-4.49,No giveaway,65-75F,2,Adjacent to a giveaway,1,3+ away
20260723,484,1410,8457.0,1,night,Thursday,3,July,7,17,0,0,,484-9,3,6,1.0,0.475,0.465,Cloudy,Partly Cloudy,78.0,7,0,0,0,,1,-2.0,1,7658.0,0.0992,799.0,10.43,No giveaway,75-85F,3,Adjacent to a giveaway,1,-2 games
20260724,484,1410,11279.0,1,night,Friday,4,July,7,18,1,0,,484-9,4,6,1.0,0.47,0.47,Cloudy,Cloudy,78.0,2,0,0,0,,1,-1.0,1,10697.0,0.053,582.0,5.44,No giveaway,75-85F,3,Adjacent to a giveaway,1,-1 games
20260725,484,1410,9727.0,1,night,Saturday,5,July,7,18,1,0,,484-9,5,6,1.0,0.475,0.465,Cloudy,Overcast,75.0,8,0,1,1,Spiderman Hat,1,0.0,1,10160.0,-0.0436,-433.0,-4.27,Giveaway,65-75F,2,Giveaway,0,Giveaway
20260726,484,1410,6934.0,1,day,Sunday,6,July,7,18,1,0,,484-9,6,6,1.0,0.471,0.471,Cloudy,Partly Cloudy,83.0,2,0,0,0,,1,1.0,1,8235.0,-0.172,-1301.0,-15.8,No giveaway,75-85F,3,Adjacent to a giveaway,1,+1 games
20260804,484,451,6936.0,1,night,Tuesday,1,August,8,19,0,0,,484-10,1,6,9.0,0.486,0.406,Clear,Clear,85.0,5,0,0,0,,1,-4.0,1,6820.0,0.0169,116.0,1.71,No giveaway,75-85F,3,Adjacent to a giveaway,1,3+ away
20260805,484,451,5821.0,1,day,Wednesday,2,August,8,19,0,0,,484-10,2,6,1.0,0.482,0.411,Cloudy,Partly Cloudy,81.0,1,0,0,0,,1,-3.0,1,7789.0,-0.2913,-1968.0,-25.27,No giveaway,75-85F,3,Adjacent to a giveaway,1,3+ away
20260806,484,451,5562.0,1,night,Thursday,3,August,8,19,0,0,,484-10,3,6,1.0,0.486,0.407,Cloudy,Partly Cloudy,83.0,3,0,0,0,,1,-2.0,1,7439.0,-0.2907,-1877.0,-25.23,No giveaway,75-85F,3,Adjacent to a giveaway,1,-2 games
20260807,484,451,10429.0,1,night,Friday,4,August,8,20,1,0,,484-10,4,6,1.0,0.482,0.413,Cloudy,Partly Cloudy,86.0,9,0,0,0,,1,-1.0,1,10148.0,0.0273,281.0,2.77,No giveaway,85F+,4,Adjacent to a giveaway,1,-1 games
20260808,484,451,9026.0,1,night,Saturday,5,August,8,20,1,0,,484-10,5,6,1.0,0.487,0.409,Clear,Clear,86.0,4,0,1,1,8-Bit Rowdie Hat,1,0.0,1,9591.0,-0.0607,-565.0,-5.89,Giveaway,85F+,4,Giveaway,0,Giveaway
20260809,484,451,6314.0,1,day,Sunday,6,August,8,20,1,0,,484-10,6,6,1.0,0.491,0.405,Clear,Sunny,86.0,3,0,0,0,,1,1.0,1,8010.0,-0.2379,-1696.0,-21.17,No giveaway,85F+,4,Adjacent to a giveaway,1,+1 games
20260818,484,416,5724.0,1,night,Tuesday,1,August,8,21,0,0,,484-11,1,12,9.0,0.488,0.462,Clear,Clear,82.0,6,0,0,0,,1,-4.0,1,6841.0,-0.1782,-1117.0,-16.32,No giveaway,75-85F,3,Adjacent to a giveaway,1,3+ away
20260819,484,416,4939.0,1,night,Wednesday,2,August,8,21,0,0,,484-11,2,12,1.0,0.492,0.458,Cloudy,Partly Cloudy,80.0,3,0,0,0,,1,-3.0,1,6815.0,-0.3219,-1876.0,-27.53,No giveaway,75-85F,3,Adjacent to a giveaway,1,3+ away
20260820,484,416,5369.0,1,night,Thursday,3,August,8,21,0,0,,484-11,3,12,1.0,0.488,0.463,Cloudy,Partly Cloudy,80.0,3,0,0,0,,1,-2.0,1,7429.0,-0.3248,-2060.0,-27.73,No giveaway,75-85F,3,Adjacent to a giveaway,1,-2 games
20260821,484,416,8316.0,1,night,Friday,4,August,8,22,1,0,,484-11,4,12,1.0,0.492,0.459,Cloudy,Partly Cloudy,84.0,9,0,0,0,,1,-1.0,1,10151.0,-0.1994,-1835.0,-18.08,No giveaway,75-85F,3,Adjacent to a giveaway,1,-1 games
20260822,484,416,8467.0,1,night,Saturday,5,August,8,22,1,0,,484-11,5,12,1.0,0.488,0.463,Cloudy,Partly Cloudy,79.0,9,0,1,1,ABCs Tote Bag,1,0.0,1,9849.0,-0.1512,-1382.0,-14.03,Giveaway,75-85F,3,Giveaway,0,Giveaway
20260823,484,416,7793.0,1,day,Sunday,6,August,8,22,1,0,,484-11,6,12,1.0,0.492,0.46,Clear,Sunny,77.0,2,0,0,0,,1,1.0,1,8272.0,-0.0596,-479.0,-5.79,No giveaway,75-85F,3,Adjacent to a giveaway,1,+1 games
20260825,484,445,7245.0,1,night,Tuesday,1,August,8,22,0,0,,484-11,7,12,2.0,0.496,0.532,Clear,Clear,83.0,5,0,0,0,,1,2.0,1,7157.0,0.0122,88.0,1.23,No giveaway,75-85F,3,Adjacent to a giveaway,1,+2 games
20260826,484,445,6662.0,1,day,Wednesday,2,August,8,22,0,0,,484-11,8,12,1.0,0.5,0.528,Cloudy,Cloudy,80.0,7,0,0,0,,1,3.0,1,7221.0,-0.0806,-559.0,-7.74,No giveaway,75-85F,3,Adjacent to a giveaway,1,3+ away
20260827,484,445,6087.0,1,night,Thursday,3,August,8,22,0,0,,484-11,9,12,1.0,0.504,0.524,Cloudy,Partly Cloudy,83.0,8,0,0,0,,1,-2.0,1,6865.0,-0.1203,-778.0,-11.33,No giveaway,75-85F,3,Adjacent to a giveaway,1,-2 games
20260828,484,445,9855.0,1,night,Friday,4,August,8,23,1,0,,484-11,10,12,1.0,0.5,0.528,Clear,Clear,83.0,6,0,0,0,,1,-1.0,1,9593.0,0.027,262.0,2.73,No giveaway,75-85F,3,Adjacent to a giveaway,1,-1 games
20260829,484,445,10114.0,1,night,Saturday,5,August,8,23,1,0,,484-11,11,12,1.0,0.496,0.531,Cloudy,Partly Cloudy,84.0,5,0,1,1,Rowdie WWE Bobblehead,1,0.0,1,8992.0,0.1175,1122.0,12.47,Giveaway,75-85F,3,Giveaway,0,Giveaway
20260830,484,445,9245.0,1,day,Sunday,6,August,8,23,1,0,,484-11,12,12,1.0,0.492,0.535,Cloudy,Cloudy,83.0,2,0,0,0,,1,1.0,1,7555.0,0.2018,1690.0,22.36,No giveaway,75-85F,3,Adjacent to a giveaway,1,+1 games
20260327,451,445,3243.0,1,night,Friday,4,March,3,1,1,0,,451-1,1,3,,1.0,0.0,Clear,Clear,49.0,23,0,0,0,,0,,1,4348.0,-0.2932,-1105.0,-25.42,No giveaway,Under 55F,0,Clean control,2,No giveaway in homestand
20260328,451,445,2953.0,1,day,Saturday,5,March,3,1,1,0,,451-1,2,3,1.0,0.5,0.5,Clear,Sunny,51.0,15,0,0,0,,0,,1,4437.0,-0.4072,-1484.0,-33.45,No giveaway,Under 55F,0,Clean control,2,No giveaway in homestand
20260329,451,445,3882.0,1,day,Sunday,6,March,3,1,1,0,,451-1,3,3,1.0,0.333,0.667,Cloudy,Partly Cloudy,64.0,14,0,0,0,,0,,1,3786.0,0.025,96.0,2.53,No giveaway,55-65F,1,Clean control,2,No giveaway in homestand
20260407,451,541,2319.0,1,night,Tuesday,1,April,4,2,0,0,,451-2,1,5,9.0,0.6,0.5,Cloudy,Overcast,44.0,14,0,0,0,,0,,1,2239.0,0.0352,80.0,3.59,No giveaway,Under 55F,0,Clean control,2,No giveaway in homestand
20260408,451,541,2688.0,1,day,Wednesday,2,April,4,2,0,0,,451-2,2,5,1.0,0.636,0.455,Cloudy,Partly Cloudy,64.0,26,0,0,0,,0,,1,3457.0,-0.2515,-769.0,-22.24,No giveaway,55-65F,1,Clean control,2,No giveaway in homestand
20260410,451,541,3145.0,2,night,Friday,4,April,4,3,1,0,,451-2,3,5,2.0,0.538,0.538,Cloudy,Partly Cloudy,51.0,6,0,0,0,,0,,1,3849.0,-0.202,-704.0,-18.29,No giveaway,Under 55F,0,Clean control,2,No giveaway in homestand
20260411,451,541,2555.0,1,day,Saturday,5,April,4,3,1,0,,451-2,4,5,1.0,0.571,0.5,Cloudy,Overcast,54.0,14,0,0,0,,0,,1,4427.0,-0.5497,-1872.0,-42.29,No giveaway,Under 55F,0,Clean control,2,No giveaway in homestand
20260421,451,416,2807.0,1,night,Tuesday,1,April,4,4,0,0,,451-3,1,6,10.0,0.524,0.591,Cloudy,Partly Cloudy,84.0,10,0,0,0,,0,,1,2995.0,-0.0648,-188.0,-6.28,No giveaway,75-85F,3,Clean control,2,No giveaway in homestand
20260422,451,416,3275.0,1,day,Wednesday,2,April,4,4,0,0,,451-3,2,6,1.0,0.545,0.565,Cloudy,Partly Cloudy,68.0,9,0,0,0,,0,,1,3474.0,-0.0589,-199.0,-5.72,No giveaway,65-75F,2,Clean control,2,No giveaway in homestand
20260423,451,416,3007.0,1,day,Thursday,3,April,4,4,0,0,,451-3,3,6,1.0,0.522,0.583,Cloudy,Overcast,67.0,16,0,0,0,,0,,1,3762.0,-0.2239,-755.0,-20.06,No giveaway,65-75F,2,Clean control,2,No giveaway in homestand
20260424,451,416,4869.0,1,night,Friday,4,April,4,5,1,0,,451-3,4,6,1.0,0.5,0.6,Clear,Clear,64.0,8,0,0,0,,0,,1,4551.0,0.0676,318.0,7.0,No giveaway,55-65F,1,Clean control,2,No giveaway in homestand
20260425,451,416,4230.0,1,day,Saturday,5,April,4,5,1,0,,451-3,5,6,1.0,0.52,0.577,Cloudy,Partly Cloudy,71.0,9,0,0,0,,0,,1,5064.0,-0.18,-834.0,-16.48,No giveaway,65-75F,2,Clean control,2,No giveaway in homestand
20260426,451,416,4046.0,1,day,Sunday,6,April,4,5,1,0,,451-3,6,6,1.0,0.5,0.593,Cloudy,Cloudy,57.0,13,0,0,0,,0,,1,3334.0,0.1936,712.0,21.37,No giveaway,55-65F,1,Clean control,2,No giveaway in homestand
20260505,451,445,2805.0,1,night,Tuesday,1,May,5,6,0,0,,451-4,1,6,9.0,0.455,0.529,Cloudy,Cloudy,58.0,22,0,0,0,,0,,1,3880.0,-0.3244,-1075.0,-27.7,No giveaway,55-65F,1,Clean control,2,No giveaway in homestand
20260506,451,445,3678.0,1,day,Wednesday,2,May,5,6,0,0,,451-4,2,6,1.0,0.471,0.514,Cloudy,Cloudy,52.0,14,0,0,0,,0,,1,3954.0,-0.0724,-276.0,-6.98,No giveaway,Under 55F,0,Clean control,2,No giveaway in homestand
20260507,451,445,5012.0,1,day,Thursday,3,May,5,6,0,0,,451-4,3,6,1.0,0.457,0.528,Cloudy,Cloudy,52.0,5,0,0,0,,0,,1,4304.0,0.1522,708.0,16.44,No giveaway,Under 55F,0,Clean control,2,No giveaway in homestand
20260508,451,445,5086.0,1,night,Friday,4,May,5,7,1,0,,451-4,4,6,1.0,0.472,0.514,Cloudy,Partly Cloudy,75.0,14,0,0,0,,0,,1,6494.0,-0.2444,-1408.0,-21.68,No giveaway,65-75F,2,Clean control,2,No giveaway in homestand
20260509,451,445,5339.0,1,day,Saturday,5,May,5,7,1,0,,451-4,5,6,1.0,0.486,0.5,Cloudy,Cloudy,73.0,17,0,0,0,,0,,1,6940.0,-0.2622,-1601.0,-23.06,No giveaway,65-75F,2,Clean control,2,No giveaway in homestand
20260510,451,445,4467.0,1,day,Sunday,6,May,5,7,1,1,Mother's Day,451-4,6,6,1.0,0.474,0.513,Cloudy,Partly Cloudy,62.0,6,0,0,0,,0,,1,5215.0,-0.1549,-748.0,-14.35,No giveaway,55-65F,1,Clean control,2,No giveaway in homestand
20260519,451,235,4024.0,1,night,Tuesday,1,May,5,8,0,0,,451-5,1,6,9.0,0.4,0.609,Cloudy,Overcast,54.0,12,0,0,0,,0,,1,3602.0,0.1107,422.0,11.71,No giveaway,Under 55F,0,Clean control,2,No giveaway in homestand
20260520,451,235,5349.0,1,day,Wednesday,2,May,5,8,0,0,,451-5,2,6,1.0,0.413,0.596,Cloudy,Partly Cloudy,58.0,10,0,0,0,,0,,1,4256.0,0.2285,1093.0,25.67,No giveaway,55-65F,1,Clean control,2,No giveaway in homestand
20260521,451,235,5634.0,1,day,Thursday,3,May,5,8,0,0,,451-5,3,6,1.0,0.404,0.604,Cloudy,Overcast,55.0,12,0,0,0,,0,,1,4447.0,0.2365,1187.0,26.68,No giveaway,Under 55F,0,Clean control,2,No giveaway in homestand
20260522,451,235,6124.0,1,night,Friday,4,May,5,9,1,0,,451-5,4,6,1.0,0.396,0.612,Cloudy,Partly Cloudy,67.0,14,0,0,0,,0,,1,6232.0,-0.0176,-108.0,-1.74,No giveaway,65-75F,2,Clean control,2,No giveaway in homestand
20260523,451,235,5239.0,1,night,Saturday,5,May,5,9,1,0,,451-5,5,6,1.0,0.408,0.6,Cloudy,Cloudy,71.0,8,0,0,0,,0,,1,6000.0,-0.1356,-761.0,-12.68,No giveaway,65-75F,2,Clean control,2,No giveaway in homestand
20260524,451,235,6235.0,1,day,Sunday,6,May,5,9,1,0,,451-5,6,6,1.0,0.42,0.588,Clear,Sunny,76.0,10,0,0,0,,0,,1,5036.0,0.2135,1199.0,23.8,No giveaway,75-85F,3,Clean control,2,No giveaway in homestand
20260602,451,512,5120.0,1,night,Tuesday,1,June,6,10,0,0,,451-6,1,5,9.0,0.421,0.466,Cloudy,Partly Cloudy,80.0,9,0,0,0,,0,,1,4686.0,0.0885,434.0,9.26,No giveaway,75-85F,3,Clean control,2,No giveaway in homestand
20260603,451,512,4973.0,1,day,Wednesday,2,June,6,10,0,0,,451-6,2,5,1.0,0.414,0.475,Cloudy,Cloudy,79.0,10,0,0,0,,0,,1,5229.0,-0.0501,-256.0,-4.89,No giveaway,75-85F,3,Clean control,2,No giveaway in homestand
20260605,451,512,10876.0,1,night,Friday,4,June,6,11,1,0,,451-6,3,5,2.0,0.407,0.483,Cloudy,Partly Cloudy,84.0,6,0,0,0,,0,,1,6791.0,0.471,4085.0,60.16,No giveaway,75-85F,3,Clean control,2,No giveaway in homestand
20260606,451,512,11041.0,2,night,Saturday,5,June,6,11,1,0,,451-6,4,5,1.0,0.41,0.484,Cloudy,Cloudy,87.0,8,0,0,0,,0,,1,6351.0,0.553,4690.0,73.85,No giveaway,85F+,4,Clean control,2,No giveaway in homestand
20260616,451,484,5395.0,1,night,Tuesday,1,June,6,12,0,0,,451-7,1,12,10.0,0.418,0.4,Cloudy,Partly Cloudy,75.0,13,0,0,0,,1,-10.0,1,4765.0,0.1242,630.0,13.22,No giveaway,65-75F,2,Adjacent to a giveaway,1,3+ away
20260617,451,484,4982.0,1,day,Wednesday,2,June,6,12,0,0,,451-7,2,12,1.0,0.426,0.394,Cloudy,Overcast,66.0,18,0,0,0,,1,-9.0,1,5250.0,-0.0523,-268.0,-5.1,No giveaway,65-75F,2,Adjacent to a giveaway,1,3+ away
20260618,451,484,5874.0,1,night,Thursday,3,June,6,12,0,0,,451-7,3,12,1.0,0.42,0.403,Cloudy,Partly Cloudy,76.0,1,0,0,0,,1,-8.0,1,5198.0,0.1222,676.0,13.0,No giveaway,75-85F,3,Adjacent to a giveaway,1,3+ away
20260619,451,484,8978.0,1,night,Friday,4,June,6,13,1,0,,451-7,4,12,1.0,0.429,0.397,Precipitation,Drizzle,67.0,3,1,0,0,,1,-7.0,1,6585.0,0.31,2393.0,36.35,No giveaway,65-75F,2,Adjacent to a giveaway,1,3+ away
20260620,451,484,6134.0,1,night,Saturday,5,June,6,13,1,0,,451-7,5,12,1.0,0.423,0.405,Cloudy,Cloudy,79.0,1,0,0,0,,1,-6.0,1,6809.0,-0.1043,-675.0,-9.91,No giveaway,75-85F,3,Adjacent to a giveaway,1,3+ away
20260621,451,484,4238.0,1,day,Sunday,6,June,6,13,1,1,Father's Day,451-7,6,12,1.0,0.417,0.413,Precipitation,Rain,61.0,14,1,0,0,,1,-5.0,1,5331.0,-0.2294,-1093.0,-20.5,No giveaway,55-65F,1,Adjacent to a giveaway,1,3+ away
20260623,451,422,6766.0,1,night,Tuesday,1,June,6,13,0,0,,451-7,7,12,2.0,0.411,0.474,Cloudy,Cloudy,77.0,8,0,0,0,,1,-4.0,1,5094.0,0.2838,1672.0,32.81,No giveaway,75-85F,3,Adjacent to a giveaway,1,3+ away
20260624,451,422,6085.0,1,day,Wednesday,2,June,6,13,0,0,,451-7,8,12,1.0,0.419,0.468,Cloudy,Partly Cloudy,77.0,12,0,0,0,,1,-3.0,1,5056.0,0.1853,1029.0,20.36,No giveaway,75-85F,3,Adjacent to a giveaway,1,3+ away
20260625,451,422,4186.0,1,night,Thursday,3,June,6,13,0,0,,451-7,9,12,1.0,0.413,0.474,Cloudy,Cloudy,77.0,3,0,0,0,,1,-2.0,1,4876.0,-0.1526,-690.0,-14.16,No giveaway,75-85F,3,Adjacent to a giveaway,1,-2 games
20260626,451,422,11508.0,1,night,Friday,4,June,6,14,1,0,,451-7,10,12,1.0,0.421,0.468,Cloudy,Partly Cloudy,74.0,10,0,0,0,,1,-1.0,1,6840.0,0.5202,4668.0,68.24,No giveaway,65-75F,2,Adjacent to a giveaway,1,-1 games
20260627,451,422,9697.0,1,night,Saturday,5,June,6,14,1,0,,451-7,11,12,1.0,0.416,0.475,Cloudy,Partly Cloudy,76.0,9,0,1,1,"Replica 2016 World Series trophy, first 1000 fans",1,0.0,1,6447.0,0.4082,3250.0,50.4,Giveaway,75-85F,3,Giveaway,0,Giveaway
20260628,451,422,4641.0,1,day,Sunday,6,June,6,14,1,0,,451-7,12,12,1.0,0.41,0.481,Cloudy,Cloudy,87.0,15,0,0,0,,1,1.0,1,5059.0,-0.0863,-418.0,-8.27,No giveaway,85F+,4,Adjacent to a giveaway,1,+1 games
20260707,451,1960,3528.0,1,night,Tuesday,1,July,7,15,0,0,,451-8,1,6,9.0,0.412,0.57,Cloudy,Partly Cloudy,88.0,6,0,0,0,,1,-3.0,1,4239.0,-0.1836,-711.0,-16.77,No giveaway,85F+,4,Adjacent to a giveaway,1,3+ away
20260708,451,1960,5777.0,1,day,Wednesday,2,July,7,15,0,0,,451-8,2,6,1.0,0.419,0.563,Cloudy,Partly Cloudy,85.0,12,0,0,0,,1,-2.0,1,4859.0,0.173,918.0,18.89,No giveaway,75-85F,3,Adjacent to a giveaway,1,-2 games
20260709,451,1960,4051.0,1,night,Thursday,3,July,7,15,0,0,,451-8,3,6,1.0,0.425,0.557,Cloudy,Cloudy,84.0,1,0,0,0,,1,-1.0,1,4735.0,-0.156,-684.0,-14.44,No giveaway,75-85F,3,Adjacent to a giveaway,1,-1 games
20260710,451,1960,8217.0,1,night,Friday,4,July,7,16,1,0,,451-8,4,6,1.0,0.432,0.551,Cloudy,Partly Cloudy,80.0,7,0,1,1,Sam Bernabe bobblehead,1,0.0,1,6785.0,0.1915,1432.0,21.11,Giveaway,75-85F,3,Giveaway,0,Giveaway
20260711,451,1960,5234.0,1,night,Saturday,5,July,7,16,1,0,,451-8,5,6,1.0,0.438,0.544,Clear,Clear,85.0,8,0,0,0,,1,1.0,1,6217.0,-0.1721,-983.0,-15.81,No giveaway,75-85F,3,Adjacent to a giveaway,1,+1 games
20260712,451,1960,4562.0,1,day,Sunday,6,July,7,16,1,0,,451-8,6,6,1.0,0.433,0.549,Cloudy,Partly Cloudy,87.0,7,0,0,0,,1,2.0,1,5093.0,-0.11,-531.0,-10.42,No giveaway,85F+,4,Adjacent to a giveaway,1,+2 games
20260728,451,531,4654.0,1,night,Tuesday,1,July,7,18,0,0,,451-9,1,6,16.0,0.43,0.54,Cloudy,Overcast,86.0,8,0,0,0,,0,,1,4006.0,0.1498,648.0,16.16,No giveaway,85F+,4,Clean control,2,No giveaway in homestand
20260729,451,531,4301.0,1,day,Wednesday,2,July,7,18,0,0,,451-9,2,6,1.0,0.426,0.545,Cloudy,Partly Cloudy,83.0,8,0,0,0,,0,,1,4956.0,-0.1418,-655.0,-13.22,No giveaway,75-85F,3,Clean control,2,No giveaway in homestand
20260730,451,531,4813.0,1,night,Thursday,3,July,7,18,0,0,,451-9,3,6,1.0,0.422,0.549,Cloudy,Cloudy,81.0,13,0,0,0,,0,,1,4840.0,-0.0055,-27.0,-0.55,No giveaway,75-85F,3,Clean control,2,No giveaway in homestand
20260731,451,531,8949.0,1,night,Friday,4,July,7,19,1,0,,451-9,4,6,1.0,0.417,0.553,Cloudy,Overcast,68.0,22,0,0,0,,0,,1,6766.0,0.2796,2183.0,32.26,No giveaway,65-75F,2,Clean control,2,No giveaway in homestand
20260801,451,531,6123.0,1,night,Saturday,5,August,8,19,1,0,,451-9,5,6,1.0,0.413,0.558,Cloudy,Partly Cloudy,81.0,11,0,0,0,,0,,1,6245.0,-0.0197,-122.0,-1.95,No giveaway,75-85F,3,Clean control,2,No giveaway in homestand
20260802,451,531,5656.0,1,day,Sunday,6,August,8,19,1,0,,451-9,6,6,1.0,0.41,0.562,Cloudy,Partly Cloudy,82.0,5,0,0,0,,0,,1,5180.0,0.0879,476.0,9.18,No giveaway,75-85F,3,Clean control,2,No giveaway in homestand
20260811,451,1960,7096.0,1,night,Tuesday,1,August,8,20,0,0,,451-10,1,5,9.0,0.411,0.579,Cloudy,Partly Cloudy,83.0,7,0,0,0,,0,,1,4318.0,0.4967,2778.0,64.33,No giveaway,75-85F,3,Clean control,2,No giveaway in homestand
20260812,451,1960,3998.0,1,night,Wednesday,2,August,8,20,0,0,,451-10,2,5,1.0,0.416,0.574,Cloudy,Partly Cloudy,85.0,8,0,0,0,,0,,1,4196.0,-0.0484,-198.0,-4.72,No giveaway,75-85F,3,Clean control,2,No giveaway in homestand
20260813,451,1960,5674.0,1,night,Thursday,3,August,8,20,0,0,,451-10,3,5,1.0,0.421,0.569,Cloudy,Cloudy,83.0,10,0,0,0,,0,,1,4651.0,0.1989,1023.0,22.01,No giveaway,75-85F,3,Clean control,2,No giveaway in homestand
20260815,451,1960,4838.0,2,night,Saturday,5,August,8,21,1,0,,451-10,4,5,2.0,0.414,0.576,Cloudy,Cloudy,83.0,7,0,0,0,,0,,1,6075.0,-0.2277,-1237.0,-20.37,No giveaway,75-85F,3,Clean control,2,No giveaway in homestand
20260816,451,1960,8695.0,1,day,Sunday,6,August,8,21,1,0,,451-10,5,5,1.0,0.41,0.58,Cloudy,Cloudy,74.0,20,0,0,0,,0,,1,5302.0,0.4947,3393.0,63.99,No giveaway,65-75F,2,Clean control,2,No giveaway in homestand
20260825,451,541,3895.0,1,night,Tuesday,1,August,8,22,0,0,,451-11,1,6,9.0,0.419,0.468,Cloudy,Partly Cloudy,83.0,6,0,0,0,,0,,1,4467.0,-0.1371,-572.0,-12.81,No giveaway,75-85F,3,Clean control,2,No giveaway in homestand
20260826,451,541,4122.0,1,day,Wednesday,2,August,8,22,0,0,,451-11,2,6,1.0,0.424,0.464,Clear,Sunny,79.0,10,0,0,0,,0,,1,5079.0,-0.2088,-957.0,-18.84,No giveaway,75-85F,3,Clean control,2,No giveaway in homestand
20260827,451,541,4326.0,1,night,Thursday,3,August,8,22,0,0,,451-11,3,6,1.0,0.429,0.46,Cloudy,Partly Cloudy,80.0,7,0,0,0,,0,,1,4888.0,-0.1222,-562.0,-11.5,No giveaway,75-85F,3,Clean control,2,No giveaway in homestand
20260828,451,541,6178.0,1,night,Friday,4,August,8,23,1,0,,451-11,4,6,1.0,0.433,0.457,Cloudy,Partly Cloudy,83.0,8,0,0,0,,0,,1,6726.0,-0.085,-548.0,-8.15,No giveaway,75-85F,3,Clean control,2,No giveaway in homestand
20260829,451,541,6361.0,1,night,Saturday,5,August,8,23,1,0,,451-11,5,6,1.0,0.438,0.453,Cloudy,Partly Cloudy,84.0,12,0,0,0,,0,,1,6312.0,0.0078,49.0,0.78,No giveaway,75-85F,3,Clean control,2,No giveaway in homestand
20260830,451,541,5107.0,1,day,Sunday,6,August,8,23,1,0,,451-11,6,6,1.0,0.434,0.457,Cloudy,Overcast,79.0,14,0,0,0,,0,,1,5411.0,-0.0579,-304.0,-5.62,No giveaway,75-85F,3,Clean control,2,No giveaway in homestand
20260327,564,534,8177.0,1,night,Friday,4,March,3,1,1,0,,564-1,1,9,,0.0,1.0,Cloudy,Partly Cloudy,82.0,9,0,0,0,,1,-1.0,1,4464.0,0.6053,3713.0,83.19,No giveaway,75-85F,3,Adjacent to a giveaway,1,-1 games
20260328,564,534,6595.0,1,night,Saturday,5,March,3,1,1,0,,564-1,2,9,1.0,0.0,1.0,Cloudy,Overcast,59.0,18,0,1,1,Replica championship ring presented by Birken Construction,1,0.0,1,3930.0,0.5177,2665.0,67.81,Giveaway,55-65F,1,Giveaway,0,Giveaway
20260329,564,534,5635.0,1,day,Sunday,6,March,3,1,1,0,,564-1,3,9,1.0,0.333,0.667,Cloudy,Cloudy,70.0,24,0,0,0,,1,1.0,1,3774.0,0.4008,1861.0,49.3,No giveaway,65-75F,2,Adjacent to a giveaway,1,+1 games
20260331,564,5434,2241.0,1,night,Tuesday,1,March,3,1,0,0,,564-1,4,9,2.0,0.25,0.75,Clear,Clear,74.0,11,0,0,0,,1,2.0,1,3411.0,-0.4199,-1170.0,-34.29,No giveaway,65-75F,2,Adjacent to a giveaway,1,+2 games
20260401,564,5434,2780.0,1,day,Wednesday,2,April,4,1,0,0,,564-1,5,9,1.0,0.2,0.8,Cloudy,Overcast,75.0,5,0,0,0,,1,3.0,1,3258.0,-0.1586,-478.0,-14.66,No giveaway,65-75F,2,Adjacent to a giveaway,1,3+ away
20260402,564,5434,5060.0,1,night,Thursday,3,April,4,1,0,0,,564-1,6,9,1.0,0.167,0.833,Cloudy,Partly Cloudy,75.0,11,0,0,0,,1,-2.0,1,3129.0,0.4807,1931.0,61.71,No giveaway,65-75F,2,Adjacent to a giveaway,1,-2 games
20260403,564,5434,4788.0,1,night,Friday,4,April,4,2,1,0,,564-1,7,9,1.0,0.143,0.857,Clear,Clear,79.0,15,0,0,0,,1,-1.0,1,4323.0,0.1022,465.0,10.76,No giveaway,75-85F,3,Adjacent to a giveaway,1,-1 games
20260404,564,5434,6614.0,1,night,Saturday,5,April,4,2,1,0,,564-1,8,9,1.0,0.25,0.75,Cloudy,Partly Cloudy,79.0,10,0,1,1,Southpaw Onesie,1,0.0,1,4157.0,0.4645,2457.0,59.12,Giveaway,75-85F,3,Giveaway,0,Giveaway
20260405,564,5434,3973.0,1,day,Sunday,6,April,4,2,1,0,,564-1,9,9,1.0,0.333,0.667,Cloudy,Partly Cloudy,84.0,6,0,0,0,,1,1.0,1,3422.0,0.1492,551.0,16.09,No giveaway,75-85F,3,Adjacent to a giveaway,1,+1 games
20260414,564,494,5438.0,1,day,Tuesday,1,April,4,3,0,0,,564-2,1,6,9.0,0.5,0.467,Clear,Sunny,75.0,2,0,0,0,,1,-1.0,1,3583.0,0.4173,1855.0,51.79,No giveaway,65-75F,2,Adjacent to a giveaway,1,-1 games
20260415,564,494,3397.0,1,night,Wednesday,2,April,4,3,0,0,,564-2,2,6,1.0,0.529,0.438,Clear,Clear,77.0,10,0,1,1,"Wear It Home Wednesdays T-shirt, first 500 fans",1,0.0,1,3133.0,0.081,264.0,8.43,Giveaway,75-85F,3,Giveaway,0,Giveaway
20260416,564,494,6212.0,1,night,Thursday,3,April,4,3,0,0,,564-2,3,6,1.0,0.556,0.412,Clear,Clear,85.0,8,0,0,0,,1,1.0,1,3295.0,0.6341,2917.0,88.54,No giveaway,75-85F,3,Adjacent to a giveaway,1,+1 games
20260417,564,494,6847.0,1,night,Friday,4,April,4,4,1,0,,564-2,4,6,1.0,0.579,0.389,Clear,Clear,82.0,12,0,0,0,,1,-1.0,1,4723.0,0.3714,2124.0,44.98,No giveaway,75-85F,3,Adjacent to a giveaway,1,-1 games
20260418,564,494,10768.0,1,night,Saturday,5,April,4,4,1,0,,564-2,5,6,1.0,0.55,0.421,Clear,Clear,85.0,7,0,1,1,Replica Jumbo Shrimp jersey presented by VyStar Credit Union,1,0.0,1,4342.0,0.9081,6426.0,147.97,Giveaway,75-85F,3,Giveaway,0,Giveaway
20260419,564,494,5531.0,1,day,Sunday,6,April,4,4,1,0,,564-2,6,6,1.0,0.524,0.45,Cloudy,Partly Cloudy,83.0,9,0,0,0,,1,1.0,1,3660.0,0.4128,1871.0,51.11,No giveaway,75-85F,3,Adjacent to a giveaway,1,+1 games
20260505,564,494,7732.0,1,night,Tuesday,1,May,5,6,0,0,,564-3,1,6,16.0,0.5,0.5,Clear,Clear,76.0,13,0,0,0,,1,-4.0,1,3826.0,0.7035,3906.0,102.09,No giveaway,75-85F,3,Adjacent to a giveaway,1,3+ away
20260506,564,494,4217.0,1,day,Wednesday,2,May,5,6,0,0,,564-3,2,6,1.0,0.514,0.486,Cloudy,Cloudy,82.0,8,0,0,0,,1,-3.0,1,4540.0,-0.0737,-323.0,-7.11,No giveaway,75-85F,3,Adjacent to a giveaway,1,3+ away
20260507,564,494,5356.0,1,night,Thursday,3,May,5,6,0,0,,564-3,3,6,1.0,0.5,0.5,Cloudy,Cloudy,90.0,12,0,0,0,,1,-2.0,1,4070.0,0.2746,1286.0,31.6,No giveaway,85F+,4,Adjacent to a giveaway,1,-2 games
20260508,564,494,6389.0,1,night,Friday,4,May,5,7,1,0,,564-3,4,6,1.0,0.486,0.514,Cloudy,Cloudy,74.0,11,0,0,0,,1,-1.0,1,6239.0,0.0237,150.0,2.4,No giveaway,65-75F,2,Adjacent to a giveaway,1,-1 games
20260509,564,494,5810.0,1,night,Saturday,5,May,5,7,1,0,,564-3,5,6,1.0,0.5,0.5,Precipitation,Drizzle,73.0,6,1,1,1,Championship socks presented by VyStar Credit Union,1,0.0,1,5456.0,0.0629,354.0,6.49,Giveaway,65-75F,2,Giveaway,0,Giveaway
20260510,564,494,4305.0,1,day,Sunday,6,May,5,7,1,1,Mother's Day,564-3,6,6,1.0,0.513,0.487,Cloudy,Cloudy,82.0,4,0,0,0,,1,1.0,1,5227.0,-0.194,-922.0,-17.63,No giveaway,75-85F,3,Adjacent to a giveaway,1,+1 games
20260519,564,568,4133.0,1,night,Tuesday,1,May,5,8,0,0,,564-4,1,6,9.0,0.543,0.391,Cloudy,Partly Cloudy,81.0,11,0,0,0,,1,-4.0,1,4206.0,-0.0175,-73.0,-1.74,No giveaway,75-85F,3,Adjacent to a giveaway,1,3+ away
20260520,564,568,3166.0,1,day,Wednesday,2,May,5,8,0,0,,564-4,2,6,1.0,0.553,0.383,Cloudy,Partly Cloudy,84.0,4,0,0,0,,1,-3.0,1,4601.0,-0.3737,-1435.0,-31.18,No giveaway,75-85F,3,Adjacent to a giveaway,1,3+ away
20260521,564,568,6843.0,1,night,Thursday,3,May,5,8,0,0,,564-4,3,6,1.0,0.562,0.375,Cloudy,Partly Cloudy,82.0,10,0,0,0,,1,-2.0,1,4508.0,0.4174,2335.0,51.8,No giveaway,75-85F,3,Adjacent to a giveaway,1,-2 games
20260522,564,568,6670.0,1,night,Friday,4,May,5,9,1,0,,564-4,4,6,1.0,0.551,0.388,Cloudy,Cloudy,83.0,11,0,0,0,,1,-1.0,1,6249.0,0.0652,421.0,6.73,No giveaway,75-85F,3,Adjacent to a giveaway,1,-1 games
20260523,564,568,7938.0,1,night,Saturday,5,May,5,9,1,0,,564-4,5,6,1.0,0.56,0.38,Cloudy,Cloudy,82.0,10,0,1,1,Honey Drippers double-sided sunshield,1,0.0,1,5947.0,0.2888,1991.0,33.48,Giveaway,75-85F,3,Giveaway,0,Giveaway
20260524,564,568,9201.0,1,night,Sunday,6,May,5,9,1,0,,564-4,6,6,1.0,0.569,0.373,Cloudy,Overcast,83.0,10,0,0,0,,1,1.0,1,4371.0,0.7442,4830.0,110.48,No giveaway,75-85F,3,Adjacent to a giveaway,1,+1 games
20260602,564,556,3416.0,1,night,Tuesday,1,June,6,10,0,0,,564-5,1,12,9.0,0.569,0.603,Cloudy,Cloudy,82.0,13,0,0,0,,1,-1.0,1,4180.0,-0.2018,-764.0,-18.28,No giveaway,75-85F,3,Adjacent to a giveaway,1,-1 games
20260603,564,556,3577.0,1,night,Wednesday,2,June,6,10,0,0,,564-5,2,12,1.0,0.576,0.593,Clear,Clear,75.0,15,0,1,1,"Wear It Home Wednesdays T-shirt, first 500 fans",1,0.0,1,4221.0,-0.1655,-644.0,-15.26,Giveaway,65-75F,2,Giveaway,0,Giveaway
20260604,564,556,7680.0,1,night,Thursday,3,June,6,10,0,0,,564-5,3,12,1.0,0.567,0.6,Cloudy,Partly Cloudy,77.0,12,0,0,0,,1,1.0,1,4591.0,0.5146,3089.0,67.29,No giveaway,75-85F,3,Adjacent to a giveaway,1,+1 games
20260605,564,556,6408.0,1,night,Friday,4,June,6,11,1,0,,564-5,4,12,1.0,0.574,0.59,Cloudy,Partly Cloudy,80.0,12,0,0,0,,1,-1.0,1,6371.0,0.0058,37.0,0.58,No giveaway,75-85F,3,Adjacent to a giveaway,1,-1 games
20260606,564,556,7556.0,1,night,Saturday,5,June,6,11,1,0,,564-5,5,12,1.0,0.565,0.597,Cloudy,Partly Cloudy,83.0,13,0,1,1,Jacob Berry bobblehead presented by VyStar Credit Union,1,0.0,1,5916.0,0.2448,1640.0,27.73,Giveaway,75-85F,3,Giveaway,0,Giveaway
20260607,564,556,4593.0,1,day,Sunday,6,June,6,11,1,0,,564-5,6,12,1.0,0.556,0.603,Cloudy,Partly Cloudy,84.0,5,0,0,0,,1,1.0,1,4900.0,-0.0647,-307.0,-6.27,No giveaway,75-85F,3,Adjacent to a giveaway,1,+1 games
20260609,564,431,5338.0,1,night,Tuesday,1,June,6,11,0,0,,564-5,7,12,2.0,0.547,0.516,Cloudy,Partly Cloudy,82.0,11,0,0,0,,1,-1.0,1,4649.0,0.1383,689.0,14.83,No giveaway,75-85F,3,Adjacent to a giveaway,1,-1 games
20260610,564,431,3417.0,1,night,Wednesday,2,June,6,11,0,0,,564-5,8,12,1.0,0.554,0.508,Cloudy,Partly Cloudy,84.0,9,0,1,1,"Wear It Home Wednesdays T-shirt, first 500 fans",1,0.0,1,4032.0,-0.1656,-615.0,-15.26,Giveaway,75-85F,3,Giveaway,0,Giveaway
20260611,564,431,5926.0,1,night,Thursday,3,June,6,11,0,0,,564-5,9,12,1.0,0.545,0.515,Clear,Clear,87.0,8,0,0,0,,1,1.0,1,4283.0,0.3248,1643.0,38.37,No giveaway,85F+,4,Adjacent to a giveaway,1,+1 games
20260612,564,431,6344.0,1,night,Friday,4,June,6,12,1,0,,564-5,10,12,1.0,0.537,0.522,Cloudy,Cloudy,87.0,10,0,0,0,,1,-1.0,1,5982.0,0.0588,362.0,6.06,No giveaway,85F+,4,Adjacent to a giveaway,1,-1 games
20260613,564,431,6795.0,1,night,Saturday,5,June,6,12,1,0,,564-5,11,12,1.0,0.544,0.515,Cloudy,Cloudy,78.0,8,0,1,1,Jumbo Shrimp beach bag presented by Ascension St. Vincent's,1,0.0,1,5988.0,0.1265,807.0,13.49,Giveaway,75-85F,3,Giveaway,0,Giveaway
20260623,564,235,3671.0,1,night,Tuesday,1,June,6,13,0,0,,564-6,1,6,10.0,0.56,0.632,Cloudy,Cloudy,75.0,6,0,0,0,,0,,1,4172.0,-0.1279,-501.0,-12.01,No giveaway,65-75F,2,Clean control,2,No giveaway in homestand
20260624,564,235,4136.0,1,day,Wednesday,2,June,6,13,0,0,,564-6,2,6,1.0,0.566,0.623,Clear,Sunny,85.0,3,0,0,0,,0,,1,4530.0,-0.0909,-394.0,-8.69,No giveaway,75-85F,3,Clean control,2,No giveaway in homestand
20260625,564,235,6341.0,1,night,Thursday,3,June,6,13,0,0,,564-6,3,6,1.0,0.571,0.615,Cloudy,Partly Cloudy,86.0,9,0,0,0,,0,,1,4344.0,0.3781,1997.0,45.96,No giveaway,85F+,4,Clean control,2,No giveaway in homestand
20260626,564,235,6128.0,1,night,Friday,4,June,6,14,1,0,,564-6,4,6,1.0,0.577,0.608,Cloudy,Cloudy,85.0,5,0,0,0,,0,,1,6137.0,-0.0015,-9.0,-0.15,No giveaway,75-85F,3,Clean control,2,No giveaway in homestand
20260627,564,235,6179.0,1,night,Saturday,5,June,6,14,1,0,,564-6,5,6,1.0,0.582,0.6,Cloudy,Overcast,78.0,4,0,0,0,,0,,1,6035.0,0.0237,144.0,2.39,No giveaway,75-85F,3,Clean control,2,No giveaway in homestand
20260628,564,235,3922.0,1,day,Sunday,6,June,6,14,1,0,,564-6,6,6,1.0,0.588,0.593,Cloudy,Cloudy,92.0,3,0,0,0,,0,,1,4496.0,-0.1366,-574.0,-12.77,No giveaway,85F+,4,Clean control,2,No giveaway in homestand
20260707,564,234,2946.0,1,night,Tuesday,1,July,7,15,0,0,,564-7,1,6,9.0,0.563,0.437,Cloudy,Cloudy,92.0,9,0,0,0,,1,-1.0,1,3964.0,-0.2967,-1018.0,-25.67,No giveaway,85F+,4,Adjacent to a giveaway,1,-1 games
20260708,564,234,3357.0,1,night,Wednesday,2,July,7,15,0,0,,564-7,2,6,1.0,0.568,0.432,Clear,Clear,97.0,7,0,1,1,"Wear It Home Wednesdays T-shirt, first 500 fans",1,0.0,1,3616.0,-0.0742,-259.0,-7.15,Giveaway,85F+,4,Giveaway,0,Giveaway
20260709,564,234,6302.0,1,night,Thursday,3,July,7,15,0,0,,564-7,3,6,1.0,0.562,0.438,Cloudy,Cloudy,90.0,7,0,0,0,,1,1.0,1,4372.0,0.3656,1930.0,44.14,No giveaway,85F+,4,Adjacent to a giveaway,1,+1 games
20260710,564,234,5488.0,1,night,Friday,4,July,7,16,1,0,,564-7,4,6,1.0,0.556,0.444,Cloudy,Partly Cloudy,87.0,9,0,0,0,,1,2.0,1,6311.0,-0.1397,-823.0,-13.04,No giveaway,85F+,4,Adjacent to a giveaway,1,+2 games
20260712,564,234,3279.0,1,day,Sunday,6,July,7,16,1,0,,564-7,6,6,2.0,0.549,0.451,Cloudy,Cloudy,92.0,8,0,0,0,,1,4.0,1,4611.0,-0.3409,-1332.0,-28.89,No giveaway,85F+,4,Adjacent to a giveaway,1,3+ away
20260728,564,235,2538.0,1,night,Tuesday,1,July,7,18,0,0,,564-8,1,5,16.0,0.505,0.563,Cloudy,Partly Cloudy,96.0,10,0,0,0,,1,-3.0,1,3328.0,-0.2709,-790.0,-23.73,No giveaway,85F+,4,Adjacent to a giveaway,1,3+ away
20260730,564,235,6078.0,2,night,Thursday,3,July,7,18,0,0,,564-8,2,5,2.0,0.505,0.562,Cloudy,Partly Cloudy,84.0,4,0,0,0,,1,-2.0,1,4453.0,0.311,1625.0,36.48,No giveaway,75-85F,3,Adjacent to a giveaway,1,-2 games
20260731,564,235,6132.0,1,night,Friday,4,July,7,19,1,0,,564-8,3,5,1.0,0.51,0.557,Cloudy,Overcast,79.0,7,0,0,0,,1,-1.0,1,6513.0,-0.0603,-381.0,-5.85,No giveaway,75-85F,3,Adjacent to a giveaway,1,-1 games
20260801,564,235,6097.0,1,night,Saturday,5,August,8,19,1,0,,564-8,4,5,1.0,0.505,0.561,Cloudy,Cloudy,81.0,10,0,1,1,Jumbo Shrimp water bottle presented by Baptist Health,1,0.0,1,5964.0,0.022,133.0,2.22,Giveaway,75-85F,3,Giveaway,0,Giveaway
20260802,564,235,6454.0,1,night,Sunday,6,August,8,19,1,0,,564-8,5,5,1.0,0.509,0.556,Cloudy,Cloudy,87.0,14,0,0,0,,1,1.0,1,4219.0,0.4252,2235.0,52.99,No giveaway,85F+,4,Adjacent to a giveaway,1,+1 games
20260811,564,552,2687.0,1,night,Tuesday,1,August,8,20,0,0,,564-9,1,6,9.0,0.504,0.491,Cloudy,Partly Cloudy,97.0,7,0,0,0,,1,-1.0,1,3557.0,-0.2804,-870.0,-24.45,No giveaway,85F+,4,Adjacent to a giveaway,1,-1 games
20260812,564,552,2214.0,1,night,Wednesday,2,August,8,20,0,0,,564-9,2,6,1.0,0.5,0.496,Cloudy,Overcast,77.0,8,0,1,1,"Wear It Home Wednesdays T-shirt, first 500 fans",1,0.0,1,4260.0,-0.6545,-2046.0,-48.03,Giveaway,75-85F,3,Giveaway,0,Giveaway
20260813,564,552,4371.0,1,night,Thursday,3,August,8,20,0,0,,564-9,3,6,1.0,0.504,0.491,Cloudy,Cloudy,88.0,5,0,0,0,,1,1.0,1,4341.0,0.007,30.0,0.7,No giveaway,85F+,4,Adjacent to a giveaway,1,+1 games
20260814,564,552,5811.0,1,night,Friday,4,August,8,21,1,0,,564-9,4,6,1.0,0.509,0.487,Cloudy,Partly Cloudy,84.0,5,0,0,0,,1,-1.0,1,6296.0,-0.0802,-485.0,-7.7,No giveaway,75-85F,3,Adjacent to a giveaway,1,-1 games
20260815,564,552,7435.0,1,night,Saturday,5,August,8,21,1,0,,564-9,5,6,1.0,0.504,0.492,Clear,Clear,94.0,4,0,1,1,Safari hat giveaway,1,0.0,1,5306.0,0.3374,2129.0,40.14,Giveaway,85F+,4,Giveaway,0,Giveaway
20260816,564,552,4075.0,1,night,Sunday,6,August,8,21,1,0,,564-9,6,6,1.0,0.5,0.496,Cloudy,Partly Cloudy,96.0,0,0,0,0,,1,1.0,1,3794.0,0.0714,281.0,7.4,No giveaway,85F+,4,Adjacent to a giveaway,1,+1 games
20260825,564,556,2816.0,1,night,Tuesday,1,August,8,22,0,0,,564-10,1,6,9.0,0.504,0.548,Cloudy,Overcast,79.0,8,0,0,0,,1,-1.0,1,4226.0,-0.4059,-1410.0,-33.36,No giveaway,75-85F,3,Adjacent to a giveaway,1,-1 games
20260826,564,556,2573.0,1,night,Wednesday,2,August,8,22,0,0,,564-10,2,6,1.0,0.508,0.543,Cloudy,Cloudy,80.0,8,0,1,1,"Wear It Home Wednesdays T-shirt, first 500 fans",1,0.0,1,4151.0,-0.4784,-1578.0,-38.02,Giveaway,75-85F,3,Giveaway,0,Giveaway
20260827,564,556,4113.0,1,night,Thursday,3,August,8,22,0,0,,564-10,3,6,1.0,0.512,0.539,Cloudy,Partly Cloudy,8.0,5,0,0,0,,1,1.0,1,823.0,1.6088,3290.0,399.66,No giveaway,Under 55F,0,Adjacent to a giveaway,1,+1 games
20260828,564,556,2644.0,1,day,Friday,4,August,8,23,1,0,,564-10,4,6,1.0,0.508,0.543,Cloudy,Partly Cloudy,87.0,10,0,0,0,,1,2.0,1,6811.0,-0.9462,-4167.0,-61.18,No giveaway,85F+,4,Adjacent to a giveaway,1,+2 games
20260829,564,556,8676.0,1,night,Saturday,5,August,8,23,1,0,,564-10,5,6,1.0,0.504,0.546,Cloudy,Partly Cloudy,86.0,8,0,0,0,,1,3.0,1,5746.0,0.4121,2930.0,51.0,No giveaway,85F+,4,Adjacent to a giveaway,1,3+ away
20260830,564,556,4959.0,1,day,Sunday,6,August,8,23,1,0,,564-10,6,6,1.0,0.508,0.542,Cloudy,Partly Cloudy,90.0,8,0,0,0,,1,4.0,1,4601.0,0.0749,358.0,7.77,No giveaway,85F+,4,Adjacent to a giveaway,1,3+ away
20260327,400,561,8350.0,1,night,Friday,4,March,3,1,1,0,,400-1,1,9,,1.0,0.0,Clear,Clear,84.0,2,0,0,0,,1,-1.0,0,,,,,No giveaway,75-85F,3,Adjacent to a giveaway,1,-1 games
20260328,400,561,7318.0,1,night,Saturday,5,March,3,1,1,0,,400-1,2,9,1.0,1.0,0.0,Clear,Clear,83.0,7,0,1,1,"PCL Championship Replica Ring, first 2000 fans",1,0.0,0,,,,,Giveaway,75-85F,3,Giveaway,0,Giveaway
20260329,400,561,5517.0,1,day,Sunday,6,March,3,1,1,0,,400-1,3,9,1.0,1.0,0.0,Cloudy,Partly Cloudy,87.0,4,0,0,0,,1,1.0,0,,,,,No giveaway,85F+,4,Adjacent to a giveaway,1,+1 games
20260331,400,238,4496.0,1,night,Tuesday,1,March,3,1,0,0,,400-1,4,9,2.0,0.75,0.75,Cloudy,Cloudy,72.0,15,0,0,0,,1,2.0,0,,,,,No giveaway,65-75F,2,Adjacent to a giveaway,1,+2 games
20260401,400,238,7750.0,1,day,Wednesday,2,April,4,1,0,0,,400-1,5,9,1.0,0.8,0.6,Clear,Sunny,65.0,6,0,0,0,,1,-2.0,0,,,,,No giveaway,55-65F,1,Adjacent to a giveaway,1,-2 games
20260402,400,238,7512.0,1,night,Thursday,3,April,4,1,0,0,,400-1,6,9,1.0,0.833,0.5,Clear,Clear,70.0,4,0,0,0,,1,-1.0,0,,,,,No giveaway,65-75F,2,Adjacent to a giveaway,1,-1 games
20260403,400,238,8061.0,1,night,Friday,4,April,4,2,1,0,,400-1,7,9,1.0,0.714,0.571,Clear,Clear,66.0,7,0,1,1,"Las Vegas Aces WNBA Baseball Jersey, first 2000 fans",1,0.0,0,,,,,Giveaway,65-75F,2,Giveaway,0,Giveaway
20260404,400,238,6937.0,1,night,Saturday,5,April,4,2,1,0,,400-1,8,9,1.0,0.75,0.5,Clear,Clear,72.0,4,0,1,1,"Aviators 25 PCL Champs Cap, first 2000 fans",1,0.0,0,,,,,Giveaway,65-75F,2,Giveaway,0,Giveaway
20260405,400,238,5549.0,1,day,Sunday,6,April,4,2,1,0,,400-1,9,9,1.0,0.778,0.444,Clear,Sunny,79.0,4,0,0,0,,1,1.0,0,,,,,No giveaway,75-85F,3,Adjacent to a giveaway,1,+1 games
20260421,400,561,4554.0,1,night,Tuesday,1,April,4,4,0,0,,400-2,1,6,16.0,0.55,0.409,Clear,Clear,75.0,14,0,0,0,,0,,0,,,,,No giveaway,65-75F,2,Clean control,2,No giveaway in homestand
20260422,400,561,5576.0,1,night,Wednesday,2,April,4,4,0,0,,400-2,2,6,1.0,0.524,0.435,Clear,Clear,72.0,6,0,0,0,,0,,0,,,,,No giveaway,65-75F,2,Clean control,2,No giveaway in homestand
20260423,400,561,5483.0,1,night,Thursday,3,April,4,4,0,0,,400-2,3,6,1.0,0.5,0.458,Clear,Clear,72.0,2,0,0,0,,0,,0,,,,,No giveaway,65-75F,2,Clean control,2,No giveaway in homestand
20260424,400,561,9762.0,1,night,Friday,4,April,4,5,1,0,,400-2,4,6,1.0,0.522,0.44,Cloudy,Partly Cloudy,75.0,8,0,0,0,,0,,0,,,,,No giveaway,65-75F,2,Clean control,2,No giveaway in homestand
20260425,400,561,12390.0,1,night,Saturday,5,April,4,5,1,0,,400-2,5,6,1.0,0.542,0.423,Cloudy,Cloudy,68.0,11,0,0,0,,0,,0,,,,,No giveaway,65-75F,2,Clean control,2,No giveaway in homestand
20260426,400,561,8731.0,1,day,Sunday,6,April,4,5,1,0,,400-2,6,6,1.0,0.56,0.407,Cloudy,Partly Cloudy,63.0,10,0,0,0,,0,,0,,,,,No giveaway,55-65F,1,Clean control,2,No giveaway in homestand
20260505,400,1960,5934.0,1,night,Tuesday,1,May,5,6,0,0,,400-3,1,6,9.0,0.562,0.485,Clear,Clear,72.0,4,0,0,0,,0,,0,,,,,No giveaway,65-75F,2,Clean control,2,No giveaway in homestand
20260506,400,1960,4357.0,1,night,Wednesday,2,May,5,6,0,0,,400-3,2,6,1.0,0.545,0.5,Clear,Clear,80.0,2,0,0,0,,0,,0,,,,,No giveaway,75-85F,3,Clean control,2,No giveaway in homestand
20260507,400,1960,7506.0,1,night,Thursday,3,May,5,6,0,0,,400-3,3,6,1.0,0.559,0.486,Clear,Clear,87.0,3,0,0,0,,0,,0,,,,,No giveaway,85F+,4,Clean control,2,No giveaway in homestand
20260508,400,1960,8015.0,1,night,Friday,4,May,5,7,1,0,,400-3,4,6,1.0,0.543,0.5,Clear,Clear,93.0,5,0,0,0,,0,,0,,,,,No giveaway,85F+,4,Clean control,2,No giveaway in homestand
20260509,400,1960,6539.0,1,night,Saturday,5,May,5,7,1,0,,400-3,5,6,1.0,0.528,0.514,Clear,Clear,93.0,3,0,0,0,,0,,0,,,,,No giveaway,85F+,4,Clean control,2,No giveaway in homestand
20260510,400,1960,5158.0,1,day,Sunday,6,May,5,7,1,1,Mother's Day,400-3,6,6,1.0,0.514,0.526,Clear,Sunny,94.0,6,0,0,0,,0,,0,,,,,No giveaway,85F+,4,Clean control,2,No giveaway in homestand
20260519,400,342,5599.0,1,night,Tuesday,1,May,5,8,0,0,,400-4,1,6,9.0,0.545,0.543,Clear,Clear,75.0,4,0,0,0,,0,,0,,,,,No giveaway,65-75F,2,Clean control,2,No giveaway in homestand
20260520,400,342,5625.0,1,night,Wednesday,2,May,5,8,0,0,,400-4,2,6,1.0,0.533,0.553,Clear,Clear,80.0,2,0,0,0,,0,,0,,,,,No giveaway,75-85F,3,Clean control,2,No giveaway in homestand
20260521,400,342,6794.0,1,night,Thursday,3,May,5,8,0,0,,400-4,3,6,1.0,0.543,0.542,Clear,Clear,88.0,4,0,0,0,,0,,0,,,,,No giveaway,85F+,4,Clean control,2,No giveaway in homestand
20260522,400,342,6378.0,1,night,Friday,4,May,5,9,1,0,,400-4,4,6,1.0,0.532,0.551,Clear,Clear,88.0,5,0,0,0,,0,,0,,,,,No giveaway,85F+,4,Clean control,2,No giveaway in homestand
20260523,400,342,8258.0,1,night,Saturday,5,May,5,9,1,0,,400-4,5,6,1.0,0.521,0.56,Clear,Clear,88.0,9,0,0,0,,0,,0,,,,,No giveaway,85F+,4,Clean control,2,No giveaway in homestand
20260524,400,342,4412.0,1,day,Sunday,6,May,5,9,1,0,,400-4,6,6,1.0,0.531,0.549,Clear,Sunny,90.0,7,0,0,0,,0,,0,,,,,No giveaway,85F+,4,Clean control,2,No giveaway in homestand
20260602,400,2310,4548.0,1,night,Tuesday,1,June,6,10,0,0,,400-5,1,6,9.0,0.571,0.466,Clear,Clear,94.0,5,0,0,0,,0,,0,,,,,No giveaway,85F+,4,Clean control,2,No giveaway in homestand
20260603,400,2310,4644.0,1,night,Wednesday,2,June,6,10,0,0,,400-5,2,6,1.0,0.561,0.475,Clear,Clear,97.0,5,0,0,0,,0,,0,,,,,No giveaway,85F+,4,Clean control,2,No giveaway in homestand
20260604,400,2310,5308.0,1,night,Thursday,3,June,6,10,0,0,,400-5,3,6,1.0,0.569,0.467,Clear,Clear,98.0,7,0,0,0,,0,,0,,,,,No giveaway,85F+,4,Clean control,2,No giveaway in homestand
20260605,400,2310,7659.0,1,night,Friday,4,June,6,11,1,0,,400-5,4,6,1.0,0.576,0.459,Clear,Clear,98.0,9,0,0,0,,0,,0,,,,,No giveaway,85F+,4,Clean control,2,No giveaway in homestand
20260606,400,2310,6815.0,1,night,Saturday,5,June,6,11,1,0,,400-5,5,6,1.0,0.583,0.452,Clear,Clear,94.0,13,0,0,0,,0,,0,,,,,No giveaway,85F+,4,Clean control,2,No giveaway in homestand
20260607,400,2310,7556.0,1,day,Sunday,6,June,6,11,1,0,,400-5,6,6,1.0,0.59,0.444,Clear,Sunny,92.0,11,0,0,0,,0,,0,,,,,No giveaway,85F+,4,Clean control,2,No giveaway in homestand
20260616,400,102,4239.0,1,night,Tuesday,1,June,6,12,0,0,,400-6,1,6,9.0,0.588,0.429,Clear,Clear,103.0,6,0,0,0,,0,,0,,,,,No giveaway,85F+,4,Clean control,2,No giveaway in homestand
20260617,400,102,4066.0,1,night,Wednesday,2,June,6,12,0,0,,400-6,2,6,1.0,0.594,0.423,Clear,Clear,103.0,9,0,0,0,,0,,0,,,,,No giveaway,85F+,4,Clean control,2,No giveaway in homestand
20260618,400,102,5026.0,1,night,Thursday,3,June,6,12,0,0,,400-6,3,6,1.0,0.6,0.417,Clear,Clear,99.0,10,0,0,0,,0,,0,,,,,No giveaway,85F+,4,Clean control,2,No giveaway in homestand
20260619,400,102,5510.0,1,night,Friday,4,June,6,13,1,0,,400-6,4,6,1.0,0.606,0.411,Clear,Clear,95.0,9,0,0,0,,0,,0,,,,,No giveaway,85F+,4,Clean control,2,No giveaway in homestand
20260620,400,102,7100.0,1,night,Saturday,5,June,6,13,1,0,,400-6,5,6,1.0,0.611,0.405,Clear,Clear,97.0,9,0,0,0,,0,,0,,,,,No giveaway,85F+,4,Clean control,2,No giveaway in homestand
20260621,400,102,4709.0,1,day,Sunday,6,June,6,13,1,1,Father's Day,400-6,6,6,1.0,0.603,0.413,Clear,Sunny,96.0,4,0,0,0,,0,,0,,,,,No giveaway,85F+,4,Clean control,2,No giveaway in homestand
20260707,400,529,4543.0,1,night,Tuesday,1,July,7,15,0,0,,400-7,1,6,16.0,0.628,0.42,Clear,Clear,101.0,8,0,0,0,,0,,0,,,,,No giveaway,85F+,4,Clean control,2,No giveaway in homestand
20260708,400,529,4458.0,1,night,Wednesday,2,July,7,15,0,0,,400-7,2,6,1.0,0.621,0.427,Clear,Clear,103.0,9,0,0,0,,0,,0,,,,,No giveaway,85F+,4,Clean control,2,No giveaway in homestand
20260709,400,529,4930.0,1,night,Thursday,3,July,7,15,0,0,,400-7,3,6,1.0,0.614,0.433,Clear,Clear,104.0,8,0,0,0,,0,,0,,,,,No giveaway,85F+,4,Clean control,2,No giveaway in homestand
20260710,400,529,6932.0,1,night,Friday,4,July,7,16,1,0,,400-7,4,6,1.0,0.607,0.44,Clear,Clear,104.0,7,0,0,0,,0,,0,,,,,No giveaway,85F+,4,Clean control,2,No giveaway in homestand
20260711,400,529,6783.0,1,night,Saturday,5,July,7,16,1,0,,400-7,5,6,1.0,0.611,0.435,Clear,Clear,103.0,7,0,0,0,,0,,0,,,,,No giveaway,85F+,4,Clean control,2,No giveaway in homestand
20260712,400,529,4218.0,1,day,Sunday,6,July,7,16,1,0,,400-7,6,6,1.0,0.615,0.43,Clear,Sunny,101.0,6,0,0,0,,0,,0,,,,,No giveaway,85F+,4,Clean control,2,No giveaway in homestand
20260721,400,4904,5097.0,1,night,Tuesday,1,July,7,17,0,0,,400-8,1,6,9.0,0.6,0.448,Cloudy,Partly Cloudy,98.0,6,0,0,0,,0,,0,,,,,No giveaway,85F+,4,Clean control,2,No giveaway in homestand
20260722,400,4904,4298.0,1,night,Wednesday,2,July,7,17,0,0,,400-8,2,6,1.0,0.604,0.443,Clear,Clear,103.0,4,0,0,0,,0,,0,,,,,No giveaway,85F+,4,Clean control,2,No giveaway in homestand
20260723,400,4904,5070.0,1,night,Thursday,3,July,7,17,0,0,,400-8,3,6,1.0,0.608,0.439,Clear,Clear,106.0,4,0,0,0,,0,,0,,,,,No giveaway,85F+,4,Clean control,2,No giveaway in homestand
20260724,400,4904,6259.0,1,night,Friday,4,July,7,18,1,0,,400-8,4,6,1.0,0.612,0.434,Clear,Clear,107.0,6,0,0,0,,0,,0,,,,,No giveaway,85F+,4,Clean control,2,No giveaway in homestand
20260725,400,4904,7877.0,1,night,Saturday,5,July,7,18,1,0,,400-8,5,6,1.0,0.616,0.43,Clear,Clear,107.0,7,0,0,0,,0,,0,,,,,No giveaway,85F+,4,Clean control,2,No giveaway in homestand
20260726,400,4904,4962.0,1,night,Sunday,6,July,7,18,1,0,,400-8,6,6,1.0,0.61,0.436,Cloudy,Partly Cloudy,106.0,9,0,0,0,,0,,0,,,,,No giveaway,85F+,4,Clean control,2,No giveaway in homestand
20260804,400,529,4373.0,1,night,Tuesday,1,August,8,19,0,0,,400-9,1,12,9.0,0.589,0.413,Clear,Clear,105.0,8,0,0,0,,1,-10.0,0,,,,,No giveaway,85F+,4,Adjacent to a giveaway,1,3+ away
20260805,400,529,4075.0,1,night,Wednesday,2,August,8,19,0,0,,400-9,2,12,1.0,0.583,0.418,Clear,Clear,106.0,7,0,0,0,,1,-9.0,0,,,,,No giveaway,85F+,4,Adjacent to a giveaway,1,3+ away
20260806,400,529,4586.0,1,night,Thursday,3,August,8,19,0,0,,400-9,3,12,1.0,0.578,0.423,Cloudy,Partly Cloudy,101.0,5,0,0,0,,1,-8.0,0,,,,,No giveaway,85F+,4,Adjacent to a giveaway,1,3+ away
20260807,400,529,5528.0,1,night,Friday,4,August,8,20,1,0,,400-9,4,12,1.0,0.582,0.42,Cloudy,Partly Cloudy,104.0,4,0,0,0,,1,-7.0,0,,,,,No giveaway,85F+,4,Adjacent to a giveaway,1,3+ away
20260808,400,529,5387.0,1,night,Saturday,5,August,8,20,1,0,,400-9,5,12,1.0,0.577,0.425,Clear,Clear,107.0,4,0,0,0,,1,-6.0,0,,,,,No giveaway,85F+,4,Adjacent to a giveaway,1,3+ away
20260809,400,529,4585.0,1,night,Sunday,6,August,8,20,1,0,,400-9,6,12,1.0,0.571,0.43,Cloudy,Cloudy,102.0,5,0,0,0,,1,-5.0,0,,,,,No giveaway,85F+,4,Adjacent to a giveaway,1,3+ away
20260811,400,105,4039.0,1,night,Tuesday,1,August,8,20,0,0,,400-9,7,12,2.0,0.575,0.571,Cloudy,Cloudy,95.0,7,0,0,0,,1,-4.0,0,,,,,No giveaway,85F+,4,Adjacent to a giveaway,1,3+ away
20260812,400,105,4200.0,1,night,Wednesday,2,August,8,20,0,0,,400-9,8,12,1.0,0.57,0.575,Cloudy,Cloudy,88.0,6,0,0,0,,1,-3.0,0,,,,,No giveaway,85F+,4,Adjacent to a giveaway,1,3+ away
20260813,400,105,5041.0,1,night,Thursday,3,August,8,20,0,0,,400-9,9,12,1.0,0.565,0.579,Cloudy,Partly Cloudy,86.0,5,0,0,0,,1,-2.0,0,,,,,No giveaway,85F+,4,Adjacent to a giveaway,1,-2 games
20260814,400,105,6163.0,1,night,Friday,4,August,8,21,1,0,,400-9,10,12,1.0,0.569,0.574,Cloudy,Partly Cloudy,83.0,6,0,0,0,,1,-1.0,0,,,,,No giveaway,75-85F,3,Adjacent to a giveaway,1,-1 games
20260815,400,105,5888.0,1,night,Saturday,5,August,8,21,1,0,,400-9,11,12,1.0,0.564,0.578,Cloudy,Partly Cloudy,87.0,2,0,1,1,Bobblehead and baseball card hybrid giveaway,1,0.0,0,,,,,Giveaway,85F+,4,Giveaway,0,Giveaway
20260816,400,105,5356.0,1,night,Sunday,6,August,8,21,1,0,,400-9,12,12,1.0,0.559,0.581,Cloudy,Partly Cloudy,97.0,3,0,0,0,,1,1.0,0,,,,,No giveaway,85F+,4,Adjacent to a giveaway,1,+1 games
20260825,400,5434,4546.0,1,night,Tuesday,1,August,8,22,0,0,,400-10,1,6,9.0,0.576,0.524,Clear,Clear,101.0,3,0,0,0,,1,-3.0,0,,,,,No giveaway,85F+,4,Adjacent to a giveaway,1,3+ away
20260826,400,5434,4551.0,1,night,Wednesday,2,August,8,22,0,0,,400-10,2,6,1.0,0.579,0.52,Clear,Clear,104.0,5,0,0,0,,1,-2.0,0,,,,,No giveaway,85F+,4,Adjacent to a giveaway,1,-2 games
20260827,400,5434,6151.0,1,night,Thursday,3,August,8,22,0,0,,400-10,3,6,1.0,0.583,0.516,Cloudy,Partly Cloudy,102.0,6,0,0,0,,1,-1.0,0,,,,,No giveaway,85F+,4,Adjacent to a giveaway,1,-1 games
20260828,400,5434,6279.0,1,night,Friday,4,August,8,23,1,0,,400-10,4,6,1.0,0.586,0.512,Cloudy,Partly Cloudy,99.0,7,0,1,1,Blue Collar Button Down Shirt presented by LiUNA,1,0.0,0,,,,,Giveaway,85F+,4,Giveaway,0,Giveaway
20260829,400,5434,6369.0,1,night,Saturday,5,August,8,23,1,0,,400-10,5,6,1.0,0.581,0.515,Cloudy,Partly Cloudy,97.0,9,0,1,1,"Giveaway Surprise Night, item unspecified, first 2000 fans",1,0.0,0,,,,,Giveaway,85F+,4,Giveaway,0,Giveaway
20260830,400,5434,10640.0,1,night,Sunday,6,August,8,23,1,0,,400-10,6,6,1.0,0.577,0.519,Cloudy,Partly Cloudy,94.0,10,0,0,0,,1,1.0,0,,,,,No giveaway,85F+,4,Adjacent to a giveaway,1,+1 games
20260327,1410,512,7459.0,1,night,Friday,4,March,3,1,1,0,,1410-1,1,3,,1.0,0.0,Cloudy,Partly Cloudy,43.0,8,0,1,1,Drinking Glass presented by Service Electric Network,1,0.0,1,6852.0,0.0849,607.0,8.86,Giveaway,Under 55F,0,Giveaway,0,Giveaway
20260328,1410,512,6740.0,1,day,Saturday,5,March,3,1,1,0,,1410-1,2,3,1.0,1.0,0.0,Clear,Sunny,45.0,18,0,1,1,"2026 IronPigs Magnet Schedule, first 5000 fans",1,0.0,1,7667.0,-0.1288,-927.0,-12.09,Giveaway,Under 55F,0,Giveaway,0,Giveaway
20260329,1410,512,5003.0,1,day,Sunday,6,March,3,1,1,0,,1410-1,3,3,1.0,1.0,0.0,Clear,Sunny,50.0,11,0,0,0,,1,1.0,1,6291.0,-0.2292,-1288.0,-20.48,No giveaway,Under 55F,0,Adjacent to a giveaway,1,+1 games
20260407,1410,534,4851.0,1,night,Tuesday,1,April,4,2,0,0,,1410-2,1,6,9.0,0.7,0.5,Clear,Clear,43.0,12,0,0,0,,0,,1,3874.0,0.2249,977.0,25.22,No giveaway,Under 55F,0,Clean control,2,No giveaway in homestand
20260408,1410,534,4304.0,1,night,Wednesday,2,April,4,2,0,0,,1410-2,2,6,1.0,0.636,0.545,Clear,Clear,49.0,12,0,0,0,,0,,1,4339.0,-0.0082,-35.0,-0.82,No giveaway,Under 55F,0,Clean control,2,No giveaway in homestand
20260409,1410,534,4319.0,1,night,Thursday,3,April,4,2,0,0,,1410-2,3,6,1.0,0.667,0.5,Clear,Clear,57.0,10,0,0,0,,0,,1,5464.0,-0.2352,-1145.0,-20.96,No giveaway,55-65F,1,Clean control,2,No giveaway in homestand
20260410,1410,534,7494.0,1,night,Friday,4,April,4,3,1,0,,1410-2,4,6,1.0,0.692,0.462,Cloudy,Partly Cloudy,68.0,8,0,0,0,,0,,1,8532.0,-0.1297,-1038.0,-12.17,No giveaway,65-75F,2,Clean control,2,No giveaway in homestand
20260411,1410,534,6955.0,1,night,Saturday,5,April,4,3,1,0,,1410-2,5,6,1.0,0.643,0.5,Clear,Clear,61.0,9,0,0,0,,0,,1,7599.0,-0.0886,-644.0,-8.48,No giveaway,55-65F,1,Clean control,2,No giveaway in homestand
20260412,1410,534,7776.0,1,day,Sunday,6,April,4,3,1,0,,1410-2,6,6,1.0,0.6,0.533,Clear,Sunny,62.0,7,0,0,0,,0,,1,6382.0,0.1976,1394.0,21.85,No giveaway,55-65F,1,Clean control,2,No giveaway in homestand
20260421,1410,234,4119.0,1,night,Tuesday,1,April,4,4,0,0,,1410-3,1,5,9.0,0.545,0.364,Cloudy,Partly Cloudy,56.0,6,0,0,0,,1,-1.0,1,5330.0,-0.2577,-1211.0,-22.72,No giveaway,55-65F,1,Adjacent to a giveaway,1,-1 games
20260422,1410,234,4845.0,1,night,Wednesday,2,April,4,4,0,0,,1410-3,2,5,1.0,0.565,0.348,Clear,Clear,66.0,4,0,1,1,Rubix Cube presented by US Cold Storage,1,0.0,1,5844.0,-0.1874,-999.0,-17.09,Giveaway,65-75F,2,Giveaway,0,Giveaway
20260423,1410,234,5223.0,1,night,Thursday,3,April,4,4,0,0,,1410-3,3,5,1.0,0.583,0.333,Clear,Clear,74.0,4,0,0,0,,1,1.0,1,6566.0,-0.2288,-1343.0,-20.45,No giveaway,65-75F,2,Adjacent to a giveaway,1,+1 games
20260424,1410,234,8345.0,1,night,Friday,4,April,4,5,1,0,,1410-3,4,5,1.0,0.56,0.36,Cloudy,Partly Cloudy,73.0,2,0,0,0,,1,2.0,1,9129.0,-0.0898,-784.0,-8.59,No giveaway,65-75F,2,Adjacent to a giveaway,1,+2 games
20260426,1410,234,8812.0,2,day,Sunday,6,April,4,5,1,0,,1410-3,5,5,2.0,0.593,0.333,Cloudy,Partly Cloudy,53.0,11,0,0,0,,1,3.0,1,5987.0,0.3865,2825.0,47.18,No giveaway,Under 55F,0,Adjacent to a giveaway,1,3+ away
20260505,1410,422,10000.0,1,day,Tuesday,1,May,5,6,0,0,,1410-4,1,6,9.0,0.529,0.441,Clear,Sunny,73.0,7,0,0,0,,1,-2.0,1,8902.0,0.1163,1098.0,12.34,No giveaway,65-75F,2,Adjacent to a giveaway,1,-2 games
20260506,1410,422,5432.0,1,night,Wednesday,2,May,5,6,0,0,,1410-4,2,6,1.0,0.514,0.457,Cloudy,Cloudy,65.0,6,0,0,0,,1,-1.0,1,7487.0,-0.3209,-2055.0,-27.45,No giveaway,55-65F,1,Adjacent to a giveaway,1,-1 games
20260507,1410,422,5901.0,1,night,Thursday,3,May,5,6,0,0,,1410-4,3,6,1.0,0.5,0.472,Clear,Clear,63.0,4,0,1,1,Scrub Jersey presented by St. Luke's University Health Network,1,0.0,1,8016.0,-0.3063,-2115.0,-26.39,Giveaway,55-65F,1,Giveaway,0,Giveaway
20260508,1410,422,7838.0,1,night,Friday,4,May,5,7,1,0,,1410-4,4,6,1.0,0.514,0.459,Cloudy,Overcast,61.0,2,0,0,0,,1,1.0,1,11015.0,-0.3403,-3177.0,-28.84,No giveaway,55-65F,1,Adjacent to a giveaway,1,+1 games
20260509,1410,422,8525.0,1,night,Saturday,5,May,5,7,1,0,,1410-4,5,6,1.0,0.5,0.474,Cloudy,Partly Cloudy,60.0,4,0,0,0,,1,-1.0,1,10268.0,-0.186,-1743.0,-16.97,No giveaway,55-65F,1,Adjacent to a giveaway,1,-1 games
20260510,1410,422,8725.0,1,day,Sunday,6,May,5,7,1,1,Mother's Day,1410-4,6,6,1.0,0.487,0.487,Cloudy,Partly Cloudy,69.0,11,0,1,1,"Wine Tumbler, first 1500 women 18 and over",1,0.0,1,9914.0,-0.1278,-1189.0,-11.99,Giveaway,65-75F,2,Giveaway,0,Giveaway
20260519,1410,531,6659.0,1,night,Tuesday,1,May,5,8,0,0,,1410-5,1,6,9.0,0.435,0.545,Clear,Clear,88.0,8,0,1,1,Umbrella presented by The Morning Call,1,0.0,1,7205.0,-0.0788,-546.0,-7.57,Giveaway,85F+,4,Giveaway,0,Giveaway
20260520,1410,531,10000.0,1,day,Wednesday,2,May,5,8,0,0,,1410-5,2,6,1.0,0.447,0.533,Clear,Sunny,84.0,11,0,0,0,,1,1.0,1,8332.0,0.1825,1668.0,20.02,No giveaway,75-85F,3,Adjacent to a giveaway,1,+1 games
20260521,1410,531,7353.0,1,night,Thursday,3,May,5,8,0,0,,1410-5,3,6,1.0,0.438,0.543,Cloudy,Cloudy,59.0,2,0,0,0,,1,2.0,1,7588.0,-0.0314,-235.0,-3.09,No giveaway,55-65F,1,Adjacent to a giveaway,1,+2 games
20260522,1410,531,8688.0,1,night,Friday,4,May,5,9,1,0,,1410-5,4,6,1.0,0.449,0.532,Cloudy,Cloudy,63.0,10,0,0,0,,1,-2.0,1,11083.0,-0.2435,-2395.0,-21.61,No giveaway,55-65F,1,Adjacent to a giveaway,1,-2 games
20260523,1410,531,6998.0,1,night,Saturday,5,May,5,9,1,0,,1410-5,5,6,1.0,0.46,0.521,Precipitation,Rain,49.0,15,1,0,0,,1,-1.0,1,7930.0,-0.125,-932.0,-11.75,No giveaway,Under 55F,0,Adjacent to a giveaway,1,-1 games
20260524,1410,531,8088.0,1,night,Sunday,6,May,5,9,1,0,,1410-5,6,6,1.0,0.451,0.531,Cloudy,Cloudy,58.0,11,0,1,1,Memorial Day Cap presented by Nacci Printing,1,0.0,1,7329.0,0.0986,759.0,10.36,Giveaway,55-65F,1,Giveaway,0,Giveaway
20260602,1410,534,6142.0,1,night,Tuesday,1,June,6,10,0,0,,1410-6,1,6,9.0,0.466,0.614,Clear,Clear,74.0,10,0,0,0,,1,-1.0,1,8088.0,-0.2753,-1946.0,-24.06,No giveaway,65-75F,2,Adjacent to a giveaway,1,-1 games
20260603,1410,534,6409.0,1,night,Wednesday,2,June,6,10,0,0,,1410-6,2,6,1.0,0.458,0.621,Clear,Clear,82.0,3,0,1,1,Aidan Miller Bobblehead presented by St. Luke's,1,0.0,1,7789.0,-0.195,-1380.0,-17.71,Giveaway,75-85F,3,Giveaway,0,Giveaway
20260604,1410,534,7345.0,1,night,Thursday,3,June,6,10,0,0,,1410-6,3,6,1.0,0.45,0.627,Clear,Clear,84.0,8,0,1,1,Ice Cream Cap presented by Lehigh Valley Health Network,1,0.0,1,8378.0,-0.1315,-1033.0,-12.33,Giveaway,75-85F,3,Giveaway,0,Giveaway
20260605,1410,534,9059.0,1,night,Friday,4,June,6,11,1,0,,1410-6,4,6,1.0,0.459,0.617,Clear,Clear,86.0,8,0,0,0,,1,1.0,1,11545.0,-0.2425,-2486.0,-21.53,No giveaway,85F+,4,Adjacent to a giveaway,1,+1 games
20260606,1410,534,9875.0,1,night,Saturday,5,June,6,11,1,0,,1410-6,5,6,1.0,0.468,0.607,Cloudy,Partly Cloudy,67.0,4,0,1,1,"Rally Towel presented by Shammy Shine, first 5000 fans",1,0.0,1,11266.0,-0.1318,-1391.0,-12.35,Giveaway,65-75F,2,Giveaway,0,Giveaway
20260607,1410,534,9812.0,1,day,Sunday,6,June,6,11,1,0,,1410-6,6,6,1.0,0.46,0.613,Clear,Sunny,82.0,7,0,0,0,,1,1.0,1,9388.0,0.0442,424.0,4.51,No giveaway,75-85F,3,Adjacent to a giveaway,1,+1 games
20260616,1410,533,7786.0,1,night,Tuesday,1,June,6,12,0,0,,1410-7,1,12,9.0,0.457,0.515,Clear,Clear,73.0,2,0,0,0,,1,-1.0,1,8351.0,-0.07,-565.0,-6.76,No giveaway,65-75F,2,Adjacent to a giveaway,1,-1 games
20260617,1410,533,7192.0,1,night,Wednesday,2,June,6,12,0,0,,1410-7,2,12,1.0,0.451,0.522,Cloudy,Partly Cloudy,78.0,2,0,1,1,Soccer Youth Cap presented by Berks Packings,1,0.0,1,8185.0,-0.1293,-993.0,-12.13,Giveaway,75-85F,3,Giveaway,0,Giveaway
20260618,1410,533,6755.0,1,night,Thursday,3,June,6,12,0,0,,1410-7,3,12,1.0,0.458,0.515,Cloudy,Partly Cloudy,84.0,18,0,1,1,Duffle Bag presented by Air Products,1,0.0,1,8671.0,-0.2497,-1916.0,-22.1,Giveaway,75-85F,3,Giveaway,0,Giveaway
20260619,1410,533,10000.0,1,night,Friday,4,June,6,13,1,0,,1410-7,4,12,1.0,0.466,0.507,Cloudy,Partly Cloudy,7.0,11,0,0,0,,1,1.0,1,2142.0,1.5407,7858.0,366.79,No giveaway,Under 55F,0,Adjacent to a giveaway,1,+1 games
20260620,1410,533,10000.0,1,night,Saturday,5,June,6,13,1,0,,1410-7,5,12,1.0,0.473,0.5,Clear,Clear,76.0,6,0,0,0,,1,-1.0,1,11885.0,-0.1727,-1885.0,-15.86,No giveaway,75-85F,3,Adjacent to a giveaway,1,-1 games
20260621,1410,533,10000.0,1,day,Sunday,6,June,6,13,1,1,Father's Day,1410-7,6,12,1.0,0.467,0.507,Clear,Sunny,79.0,12,0,1,1,"Necktie presented by Capital Blue Cross, first 1500 men",1,0.0,1,10640.0,-0.062,-640.0,-6.01,Giveaway,75-85F,3,Giveaway,0,Giveaway
20260623,1410,552,6165.0,1,night,Tuesday,1,June,6,13,0,0,,1410-7,7,12,2.0,0.461,0.513,Clear,Clear,74.0,7,0,1,1,Clack Fans presented by The Novus Foundation,1,0.0,1,9009.0,-0.3793,-2844.0,-31.57,Giveaway,65-75F,2,Giveaway,0,Giveaway
20260624,1410,552,5959.0,1,night,Wednesday,2,June,6,13,0,0,,1410-7,8,12,1.0,0.455,0.519,Clear,Clear,81.0,2,0,0,0,,1,1.0,1,7768.0,-0.2652,-1809.0,-23.29,No giveaway,75-85F,3,Adjacent to a giveaway,1,+1 games
20260625,1410,552,6535.0,1,night,Thursday,3,June,6,13,0,0,,1410-7,9,12,1.0,0.462,0.513,Cloudy,Cloudy,80.0,9,0,1,1,Margaritaville Cap presented by Coca-Cola,1,0.0,1,8525.0,-0.2658,-1990.0,-23.34,Giveaway,75-85F,3,Giveaway,0,Giveaway
20260626,1410,552,9305.0,1,night,Friday,4,June,6,14,1,0,,1410-7,10,12,1.0,0.456,0.519,Cloudy,Partly Cloudy,80.0,9,0,1,1,Corn Cob Holder presented by Newhard Farms Cornshed,1,0.0,1,11907.0,-0.2465,-2602.0,-21.85,Giveaway,75-85F,3,Giveaway,0,Giveaway
20260627,1410,552,9300.0,1,night,Saturday,5,June,6,14,1,0,,1410-7,11,12,1.0,0.462,0.512,Cloudy,Overcast,69.0,2,0,1,1,T-Shirt presented by Teamsters Local 773,1,0.0,1,11266.0,-0.1917,-1966.0,-17.45,Giveaway,65-75F,2,Giveaway,0,Giveaway
20260628,1410,552,8929.0,1,day,Sunday,6,June,6,14,1,0,,1410-7,12,12,1.0,0.457,0.519,Clear,Sunny,79.0,2,0,1,1,TBA presented by Hatfield,1,0.0,1,9426.0,-0.0541,-497.0,-5.27,Giveaway,75-85F,3,Giveaway,0,Giveaway
20260707,1410,445,8121.0,1,day,Tuesday,1,July,7,15,0,0,,1410-8,1,6,9.0,0.477,0.552,Cloudy,Cloudy,69.0,7,0,0,0,,1,-2.0,1,9114.0,-0.1154,-993.0,-10.9,No giveaway,65-75F,2,Adjacent to a giveaway,1,-2 games
20260708,1410,445,6305.0,1,night,Wednesday,2,July,7,15,0,0,,1410-8,2,6,1.0,0.472,0.557,Clear,Clear,84.0,4,0,0,0,,1,-1.0,1,7755.0,-0.207,-1450.0,-18.7,No giveaway,75-85F,3,Adjacent to a giveaway,1,-1 games
20260709,1410,445,7660.0,1,night,Thursday,3,July,7,15,0,0,,1410-8,3,6,1.0,0.478,0.551,Cloudy,Cloudy,79.0,4,0,1,1,Rubber Duck presented by Lehigh Valley Reilly Children's Hospital,1,0.0,1,8707.0,-0.1281,-1047.0,-12.02,Giveaway,75-85F,3,Giveaway,0,Giveaway
20260710,1410,445,8959.0,1,night,Friday,4,July,7,16,1,0,,1410-8,4,6,1.0,0.473,0.556,Cloudy,Overcast,79.0,2,0,0,0,,1,1.0,1,12164.0,-0.3059,-3205.0,-26.35,No giveaway,75-85F,3,Adjacent to a giveaway,1,+1 games
20260711,1410,445,10000.0,1,night,Saturday,5,July,7,16,1,0,,1410-8,5,6,1.0,0.478,0.549,Cloudy,Partly Cloudy,80.0,7,0,1,1,Pickleball Paddle presented by St. Luke's,1,0.0,1,11458.0,-0.1361,-1458.0,-12.72,Giveaway,75-85F,3,Giveaway,0,Giveaway
20260712,1410,445,7488.0,1,day,Sunday,6,July,7,16,1,0,,1410-8,6,6,1.0,0.484,0.543,Clear,Sunny,83.0,2,0,0,0,,1,1.0,1,9418.0,-0.2293,-1930.0,-20.49,No giveaway,75-85F,3,Adjacent to a giveaway,1,+1 games
20260729,1410,422,6560.0,1,night,Wednesday,2,July,7,18,0,0,,1410-9,1,5,17.0,0.466,0.485,Cloudy,Partly Cloudy,75.0,4,0,1,1,Festers Cap presented by Service Electric Network,1,0.0,1,6681.0,-0.0183,-121.0,-1.82,Giveaway,65-75F,2,Giveaway,0,Giveaway
20260730,1410,422,7171.0,2,night,Thursday,3,July,7,18,0,0,,1410-9,2,5,1.0,0.467,0.486,Cloudy,Partly Cloudy,76.0,2,0,0,0,,1,1.0,1,9028.0,-0.2303,-1857.0,-20.57,No giveaway,75-85F,3,Adjacent to a giveaway,1,+1 games
20260731,1410,422,10000.0,1,night,Friday,4,July,7,19,1,0,,1410-9,3,5,1.0,0.472,0.481,Clear,Clear,83.0,2,0,0,0,,1,2.0,1,12287.0,-0.206,-2287.0,-18.62,No giveaway,75-85F,3,Adjacent to a giveaway,1,+2 games
20260801,1410,422,10000.0,1,night,Saturday,5,August,8,19,1,0,,1410-9,4,5,1.0,0.477,0.477,Cloudy,Partly Cloudy,84.0,9,0,0,0,,1,3.0,1,11284.0,-0.1208,-1284.0,-11.38,No giveaway,75-85F,3,Adjacent to a giveaway,1,3+ away
20260802,1410,422,7605.0,1,day,Sunday,6,August,8,19,1,0,,1410-9,5,5,1.0,0.472,0.481,Cloudy,Cloudy,82.0,11,0,0,0,,1,4.0,1,9538.0,-0.2265,-1933.0,-20.27,No giveaway,75-85F,3,Adjacent to a giveaway,1,3+ away
20260811,1410,531,8497.0,1,night,Tuesday,1,August,8,20,0,0,,1410-10,1,6,9.0,0.47,0.545,Cloudy,Partly Cloudy,82.0,5,0,1,1,Collapsible Dog Bowl presented by Abby Road Veterinary Hospital,1,0.0,1,7836.0,0.081,661.0,8.44,Giveaway,75-85F,3,Giveaway,0,Giveaway
20260812,1410,531,7404.0,1,night,Wednesday,2,August,8,20,0,0,,1410-10,2,6,1.0,0.474,0.54,Cloudy,Cloudy,83.0,8,0,0,0,,1,1.0,1,7680.0,-0.0367,-276.0,-3.6,No giveaway,75-85F,3,Adjacent to a giveaway,1,+1 games
20260813,1410,531,7959.0,1,night,Thursday,3,August,8,20,0,0,,1410-10,3,6,1.0,0.47,0.544,Cloudy,Cloudy,79.0,2,0,1,1,Chris P. Bacon Bobblehead presented by Provident Bank,1,0.0,1,8547.0,-0.0713,-588.0,-6.88,Giveaway,75-85F,3,Giveaway,0,Giveaway
20260814,1410,531,10000.0,1,night,Friday,4,August,8,21,1,0,,1410-10,4,6,1.0,0.475,0.539,Cloudy,Partly Cloudy,85.0,2,0,0,0,,1,1.0,1,11545.0,-0.1437,-1545.0,-13.38,No giveaway,75-85F,3,Adjacent to a giveaway,1,+1 games
20260815,1410,531,10000.0,1,night,Saturday,5,August,8,21,1,0,,1410-10,5,6,1.0,0.479,0.534,Clear,Clear,83.0,8,0,1,1,TBA presented by Lehigh Valley Health Network,1,0.0,1,11078.0,-0.1024,-1078.0,-9.73,Giveaway,75-85F,3,Giveaway,0,Giveaway
20260825,1410,552,6912.0,1,night,Tuesday,1,August,8,22,0,0,,1410-11,1,5,10.0,0.488,0.508,Cloudy,Partly Cloudy,75.0,4,0,1,1,Patriotic Hambone Poster,1,0.0,1,7950.0,-0.14,-1038.0,-13.06,Giveaway,65-75F,2,Giveaway,0,Giveaway
20260826,1410,552,6048.0,1,night,Wednesday,2,August,8,22,0,0,,1410-11,2,5,1.0,0.484,0.512,Cloudy,Partly Cloudy,80.0,5,0,0,0,,1,1.0,1,7866.0,-0.2628,-1818.0,-23.11,No giveaway,75-85F,3,Adjacent to a giveaway,1,+1 games
20260828,1410,552,10000.0,1,night,Friday,4,August,8,23,1,0,,1410-11,3,5,2.0,0.488,0.508,Clear,Clear,80.0,3,0,1,1,Clear Tote Bag presented by AARP Lehigh Valley,1,0.0,1,11891.0,-0.1732,-1891.0,-15.9,Giveaway,75-85F,3,Giveaway,0,Giveaway
20260829,1410,552,10000.0,2,night,Saturday,5,August,8,23,1,0,,1410-11,4,5,1.0,0.481,0.515,Clear,Clear,76.0,4,0,0,0,,1,1.0,1,11533.0,-0.1426,-1533.0,-13.29,No giveaway,75-85F,3,Adjacent to a giveaway,1,+1 games
20260830,1410,552,9377.0,1,day,Sunday,6,August,8,23,1,0,,1410-11,5,5,1.0,0.477,0.519,Cloudy,Cloudy,74.0,4,0,0,0,,1,2.0,1,9630.0,-0.0266,-253.0,-2.63,No giveaway,65-75F,2,Adjacent to a giveaway,1,+2 games
20260327,416,541,4274.0,1,night,Friday,4,March,3,1,1,0,,416-1,1,9,,1.0,0.0,Cloudy,Cloudy,47.0,13,0,0,0,,0,,0,,,,,No giveaway,Under 55F,0,Clean control,2,No giveaway in homestand
20260328,416,541,3240.0,1,day,Saturday,5,March,3,1,1,0,,416-1,2,9,1.0,1.0,0.0,Clear,Sunny,47.0,7,0,0,0,,0,,0,,,,,No giveaway,Under 55F,0,Clean control,2,No giveaway in homestand
20260329,416,541,3135.0,1,day,Sunday,6,March,3,1,1,0,,416-1,3,9,1.0,1.0,0.0,Clear,Sunny,66.0,13,0,0,0,,0,,0,,,,,No giveaway,65-75F,2,Clean control,2,No giveaway in homestand
20260331,416,451,3062.0,1,night,Tuesday,1,March,3,1,0,0,,416-1,4,9,2.0,1.0,0.25,Cloudy,Cloudy,82.0,19,0,0,0,,0,,0,,,,,No giveaway,75-85F,3,Clean control,2,No giveaway in homestand
20260401,416,451,2153.0,1,day,Wednesday,2,April,4,1,0,0,,416-1,5,9,1.0,0.8,0.4,Cloudy,Cloudy,78.0,11,0,0,0,,0,,0,,,,,No giveaway,75-85F,3,Clean control,2,No giveaway in homestand
20260402,416,451,2929.0,1,night,Thursday,3,April,4,1,0,0,,416-1,6,9,1.0,0.667,0.5,Cloudy,Partly Cloudy,81.0,18,0,0,0,,0,,0,,,,,No giveaway,75-85F,3,Clean control,2,No giveaway in homestand
20260403,416,451,3770.0,1,night,Friday,4,April,4,2,1,0,,416-1,7,9,1.0,0.571,0.571,Cloudy,Partly Cloudy,82.0,11,0,0,0,,0,,0,,,,,No giveaway,75-85F,3,Clean control,2,No giveaway in homestand
20260404,416,451,4319.0,1,day,Saturday,5,April,4,2,1,0,,416-1,8,9,1.0,0.5,0.625,Cloudy,Partly Cloudy,81.0,19,0,0,0,,0,,0,,,,,No giveaway,75-85F,3,Clean control,2,No giveaway in homestand
20260405,416,451,2667.0,1,day,Sunday,6,April,4,2,1,0,,416-1,9,9,1.0,0.444,0.667,Clear,Sunny,54.0,14,0,0,0,,0,,0,,,,,No giveaway,Under 55F,0,Clean control,2,No giveaway in homestand
20260414,416,512,2832.0,1,night,Tuesday,1,April,4,3,0,0,,416-2,1,6,9.0,0.562,0.438,Cloudy,Partly Cloudy,83.0,16,0,0,0,,0,,0,,,,,No giveaway,75-85F,3,Clean control,2,No giveaway in homestand
20260415,416,512,5645.0,1,day,Wednesday,2,April,4,3,0,0,,416-2,2,6,1.0,0.588,0.412,Cloudy,Overcast,75.0,11,0,0,0,,0,,0,,,,,No giveaway,65-75F,2,Clean control,2,No giveaway in homestand
20260416,416,512,4025.0,1,night,Thursday,3,April,4,3,0,0,,416-2,3,6,1.0,0.556,0.444,Cloudy,Partly Cloudy,81.0,14,0,0,0,,0,,0,,,,,No giveaway,75-85F,3,Clean control,2,No giveaway in homestand
20260417,416,512,4085.0,1,night,Friday,4,April,4,4,1,0,,416-2,4,6,1.0,0.526,0.474,Cloudy,Partly Cloudy,83.0,13,0,0,0,,0,,0,,,,,No giveaway,75-85F,3,Clean control,2,No giveaway in homestand
20260418,416,512,7743.0,1,day,Saturday,5,April,4,4,1,0,,416-2,5,6,1.0,0.55,0.45,Cloudy,Cloudy,70.0,10,0,0,0,,0,,0,,,,,No giveaway,65-75F,2,Clean control,2,No giveaway in homestand
20260419,416,512,3112.0,1,day,Sunday,6,April,4,4,1,0,,416-2,6,6,1.0,0.571,0.429,Clear,Sunny,59.0,13,0,0,0,,0,,0,,,,,No giveaway,55-65F,1,Clean control,2,No giveaway in homestand
20260506,416,556,4802.0,1,day,Wednesday,2,May,5,6,0,0,,416-3,1,10,17.0,0.618,0.5,Cloudy,Partly Cloudy,51.0,7,0,0,0,,0,,0,,,,,No giveaway,Under 55F,0,Clean control,2,No giveaway in homestand
20260507,416,556,4422.0,2,night,Thursday,3,May,5,6,0,0,,416-3,2,10,1.0,0.583,0.528,Clear,Clear,65.0,10,0,0,0,,0,,0,,,,,No giveaway,55-65F,1,Clean control,2,No giveaway in homestand
20260508,416,556,6534.0,1,night,Friday,4,May,5,7,1,0,,416-3,3,10,1.0,0.595,0.514,Clear,Clear,67.0,10,0,0,0,,0,,0,,,,,No giveaway,65-75F,2,Clean control,2,No giveaway in homestand
20260509,416,556,5467.0,1,night,Saturday,5,May,5,7,1,0,,416-3,4,10,1.0,0.605,0.5,Clear,Clear,79.0,10,0,0,0,,0,,0,,,,,No giveaway,75-85F,3,Clean control,2,No giveaway in homestand
20260510,416,556,4067.0,1,day,Sunday,6,May,5,7,1,1,Mother's Day,416-3,5,10,1.0,0.59,0.513,Clear,Sunny,76.0,7,0,0,0,,0,,0,,,,,No giveaway,75-85F,3,Clean control,2,No giveaway in homestand
20260512,416,484,2595.0,1,night,Tuesday,1,May,5,7,0,0,,416-3,6,10,2.0,0.575,0.4,Clear,Clear,78.0,5,0,0,0,,0,,0,,,,,No giveaway,75-85F,3,Clean control,2,No giveaway in homestand
20260513,416,484,6639.0,1,day,Wednesday,2,May,5,7,0,0,,416-3,7,10,1.0,0.585,0.39,Clear,Sunny,72.0,11,0,0,0,,0,,0,,,,,No giveaway,65-75F,2,Clean control,2,No giveaway in homestand
20260514,416,484,3418.0,1,night,Thursday,3,May,5,7,0,0,,416-3,8,10,1.0,0.595,0.381,Clear,Clear,66.0,7,0,0,0,,0,,0,,,,,No giveaway,65-75F,2,Clean control,2,No giveaway in homestand
20260515,416,484,5020.0,1,night,Friday,4,May,5,8,1,0,,416-3,9,10,1.0,0.581,0.395,Clear,Clear,75.0,8,0,0,0,,0,,0,,,,,No giveaway,65-75F,2,Clean control,2,No giveaway in homestand
20260517,416,484,4195.0,2,day,Sunday,6,May,5,8,1,0,,416-3,10,10,2.0,0.578,0.4,Clear,Sunny,81.0,9,0,0,0,,0,,0,,,,,No giveaway,75-85F,3,Clean control,2,No giveaway in homestand
20260526,416,1960,2518.0,1,night,Tuesday,1,May,5,9,0,0,,416-4,1,6,9.0,0.549,0.51,Precipitation,Rain,71.0,5,1,0,0,,0,,0,,,,,No giveaway,65-75F,2,Clean control,2,No giveaway in homestand
20260527,416,1960,2590.0,1,day,Wednesday,2,May,5,9,0,0,,416-4,2,6,1.0,0.558,0.5,Cloudy,Overcast,78.0,8,0,0,0,,0,,0,,,,,No giveaway,75-85F,3,Clean control,2,No giveaway in homestand
20260528,416,1960,3948.0,1,night,Thursday,3,May,5,9,0,0,,416-4,3,6,1.0,0.547,0.509,Cloudy,Partly Cloudy,83.0,7,0,0,0,,0,,0,,,,,No giveaway,75-85F,3,Clean control,2,No giveaway in homestand
20260529,416,1960,4799.0,1,night,Friday,4,May,5,10,1,0,,416-4,4,6,1.0,0.556,0.5,Cloudy,Cloudy,79.0,3,0,0,0,,0,,0,,,,,No giveaway,75-85F,3,Clean control,2,No giveaway in homestand
20260530,416,1960,5151.0,1,night,Saturday,5,May,5,10,1,0,,416-4,5,6,1.0,0.545,0.509,Clear,Clear,84.0,9,0,0,0,,0,,0,,,,,No giveaway,75-85F,3,Clean control,2,No giveaway in homestand
20260531,416,1960,3643.0,1,day,Sunday,6,May,5,10,1,0,,416-4,6,6,1.0,0.536,0.518,Clear,Sunny,79.0,2,0,0,0,,0,,0,,,,,No giveaway,75-85F,3,Clean control,2,No giveaway in homestand
20260609,416,451,3223.0,1,night,Tuesday,1,June,6,11,0,0,,416-5,1,6,9.0,0.524,0.419,Cloudy,Cloudy,84.0,9,0,0,0,,0,,0,,,,,No giveaway,75-85F,3,Clean control,2,No giveaway in homestand
20260610,416,451,2889.0,1,night,Wednesday,2,June,6,11,0,0,,416-5,2,6,1.0,0.531,0.413,Cloudy,Partly Cloudy,91.0,9,0,0,0,,0,,0,,,,,No giveaway,85F+,4,Clean control,2,No giveaway in homestand
20260611,416,451,4124.0,1,night,Thursday,3,June,6,11,0,0,,416-5,3,6,1.0,0.538,0.406,Cloudy,Partly Cloudy,88.0,11,0,0,0,,0,,0,,,,,No giveaway,85F+,4,Clean control,2,No giveaway in homestand
20260612,416,451,5855.0,1,night,Friday,4,June,6,12,1,0,,416-5,4,6,1.0,0.53,0.415,Clear,Clear,86.0,8,0,0,0,,0,,0,,,,,No giveaway,85F+,4,Clean control,2,No giveaway in homestand
20260613,416,451,5112.0,1,night,Saturday,5,June,6,12,1,0,,416-5,5,6,1.0,0.537,0.409,Cloudy,Partly Cloudy,82.0,5,0,0,0,,0,,0,,,,,No giveaway,75-85F,3,Clean control,2,No giveaway in homestand
20260614,416,451,3788.0,1,day,Sunday,6,June,6,12,1,0,,416-5,6,6,1.0,0.537,0.409,Cloudy,Cloudy,79.0,12,0,0,0,,0,,0,,,,,No giveaway,75-85F,3,Clean control,2,No giveaway in homestand
20260623,416,1960,4623.0,1,night,Tuesday,1,June,6,13,0,0,,416-6,1,5,9.0,0.541,0.56,Cloudy,Partly Cloudy,83.0,9,0,0,0,,0,,0,,,,,No giveaway,75-85F,3,Clean control,2,No giveaway in homestand
20260624,416,1960,4486.0,1,day,Wednesday,2,June,6,13,0,0,,416-6,2,5,1.0,0.533,0.566,Clear,Sunny,78.0,2,0,0,0,,0,,0,,,,,No giveaway,75-85F,3,Clean control,2,No giveaway in homestand
20260626,416,1960,4712.0,1,night,Friday,4,June,6,14,1,0,,416-6,3,5,2.0,0.526,0.571,Cloudy,Cloudy,75.0,7,0,0,0,,0,,0,,,,,No giveaway,65-75F,2,Clean control,2,No giveaway in homestand
20260627,416,1960,5301.0,1,day,Saturday,5,June,6,14,1,0,,416-6,4,5,1.0,0.519,0.577,Cloudy,Cloudy,77.0,11,0,0,0,,0,,0,,,,,No giveaway,75-85F,3,Clean control,2,No giveaway in homestand
20260628,416,1960,3705.0,1,day,Sunday,6,June,6,14,1,0,,416-6,5,5,1.0,0.526,0.57,Cloudy,Partly Cloudy,82.0,5,0,0,0,,0,,0,,,,,No giveaway,75-85F,3,Clean control,2,No giveaway in homestand
20260707,416,541,3177.0,1,night,Tuesday,1,July,7,15,0,0,,416-7,1,6,9.0,0.518,0.437,Cloudy,Cloudy,84.0,5,0,0,0,,0,,0,,,,,No giveaway,75-85F,3,Clean control,2,No giveaway in homestand
20260708,416,541,3131.0,1,night,Wednesday,2,July,7,15,0,0,,416-7,2,6,1.0,0.523,0.432,Cloudy,Cloudy,84.0,3,0,0,0,,0,,0,,,,,No giveaway,75-85F,3,Clean control,2,No giveaway in homestand
20260709,416,541,4748.0,1,night,Thursday,3,July,7,15,0,0,,416-7,3,6,1.0,0.529,0.427,Cloudy,Partly Cloudy,87.0,7,0,0,0,,0,,0,,,,,No giveaway,85F+,4,Clean control,2,No giveaway in homestand
20260710,416,541,5745.0,1,night,Friday,4,July,7,16,1,0,,416-7,4,6,1.0,0.523,0.433,Cloudy,Partly Cloudy,86.0,12,0,0,0,,0,,0,,,,,No giveaway,85F+,4,Clean control,2,No giveaway in homestand
20260711,416,541,4921.0,1,night,Saturday,5,July,7,16,1,0,,416-7,5,6,1.0,0.528,0.429,Cloudy,Cloudy,83.0,4,0,0,0,,0,,0,,,,,No giveaway,75-85F,3,Clean control,2,No giveaway in homestand
20260712,416,541,3838.0,1,day,Sunday,6,July,7,16,1,0,,416-7,6,6,1.0,0.522,0.435,Cloudy,Cloudy,80.0,13,0,0,0,,0,,0,,,,,No giveaway,75-85F,3,Clean control,2,No giveaway in homestand
20260728,416,484,3294.0,1,night,Tuesday,1,July,7,18,0,0,,416-9,1,6,16.0,0.475,0.476,Clear,Clear,87.0,8,0,0,0,,0,,0,,,,,No giveaway,85F+,4,Clean control,2,No giveaway in homestand
20260729,416,484,3019.0,1,night,Wednesday,2,July,7,18,0,0,,416-9,2,6,1.0,0.48,0.471,Clear,Clear,86.0,9,0,0,0,,0,,0,,,,,No giveaway,85F+,4,Clean control,2,No giveaway in homestand
20260730,416,484,4791.0,1,night,Thursday,3,July,7,18,0,0,,416-9,3,6,1.0,0.476,0.476,Clear,Clear,84.0,4,0,0,0,,0,,0,,,,,No giveaway,75-85F,3,Clean control,2,No giveaway in homestand
20260731,416,484,6800.0,1,night,Friday,4,July,7,19,1,0,,416-9,4,6,1.0,0.471,0.481,Cloudy,Cloudy,84.0,6,0,0,0,,0,,0,,,,,No giveaway,75-85F,3,Clean control,2,No giveaway in homestand
20260801,416,484,5554.0,1,night,Saturday,5,August,8,19,1,0,,416-9,5,6,1.0,0.467,0.486,Cloudy,Partly Cloudy,75.0,10,0,0,0,,0,,0,,,,,No giveaway,65-75F,2,Clean control,2,No giveaway in homestand
20260802,416,484,3464.0,1,day,Sunday,6,August,8,19,1,0,,416-9,6,6,1.0,0.472,0.481,Cloudy,Cloudy,74.0,3,0,0,0,,0,,0,,,,,No giveaway,65-75F,2,Clean control,2,No giveaway in homestand
20260811,416,512,9802.0,1,night,Tuesday,1,August,8,20,0,0,,416-10,1,5,9.0,0.451,0.474,Cloudy,Cloudy,80.0,5,0,0,0,,1,-3.0,0,,,,,No giveaway,75-85F,3,Adjacent to a giveaway,1,3+ away
20260813,416,512,3531.0,2,night,Thursday,3,August,8,20,0,0,,416-10,2,5,2.0,0.452,0.474,Cloudy,Cloudy,88.0,5,0,0,0,,1,-2.0,0,,,,,No giveaway,85F+,4,Adjacent to a giveaway,1,-2 games
20260814,416,512,5191.0,1,night,Friday,4,August,8,21,1,0,,416-10,3,5,1.0,0.457,0.47,Clear,Clear,87.0,4,0,0,0,,1,-1.0,0,,,,,No giveaway,85F+,4,Adjacent to a giveaway,1,-1 games
20260815,416,512,5832.0,1,night,Saturday,5,August,8,21,1,0,,416-10,4,5,1.0,0.453,0.475,Clear,Clear,91.0,6,0,1,1,"Terry Francona bobblehead, first 1500 fans",1,0.0,0,,,,,Giveaway,85F+,4,Giveaway,0,Giveaway
20260816,416,512,3400.0,1,day,Sunday,6,August,8,21,1,0,,416-10,5,5,1.0,0.458,0.471,Clear,Sunny,92.0,7,0,0,0,,1,1.0,0,,,,,No giveaway,85F+,4,Adjacent to a giveaway,1,+1 games
20260825,416,431,3128.0,1,night,Tuesday,1,August,8,22,0,0,,416-11,1,6,9.0,0.456,0.5,Clear,Clear,81.0,2,0,0,0,,1,-3.0,0,,,,,No giveaway,75-85F,3,Adjacent to a giveaway,1,3+ away
20260826,416,431,2735.0,1,night,Wednesday,2,August,8,22,0,0,,416-11,2,6,1.0,0.452,0.504,Cloudy,Partly Cloudy,88.0,8,0,0,0,,1,-2.0,0,,,,,No giveaway,85F+,4,Adjacent to a giveaway,1,-2 games
20260827,416,431,3983.0,1,night,Thursday,3,August,8,22,0,0,,416-11,3,6,1.0,0.449,0.508,Clear,Clear,82.0,7,0,0,0,,1,-1.0,0,,,,,No giveaway,75-85F,3,Adjacent to a giveaway,1,-1 games
20260828,416,431,5496.0,1,night,Friday,4,August,8,23,1,0,,416-11,4,6,1.0,0.445,0.512,Clear,Clear,83.0,8,0,1,1,"Pat Kelsey bobblehead, first 2000 fans",1,0.0,0,,,,,Giveaway,75-85F,3,Giveaway,0,Giveaway
20260829,416,431,6140.0,1,night,Saturday,5,August,8,23,1,0,,416-11,5,6,1.0,0.442,0.515,Cloudy,Partly Cloudy,88.0,5,0,0,0,,1,1.0,0,,,,,No giveaway,85F+,4,Adjacent to a giveaway,1,+1 games
20260830,416,431,4079.0,1,day,Sunday,6,August,8,23,1,0,,416-11,6,6,1.0,0.446,0.511,Clear,Sunny,91.0,9,0,0,0,,1,2.0,0,,,,,No giveaway,85F+,4,Adjacent to a giveaway,1,+2 games
20260331,235,568,2026.0,1,night,Tuesday,1,March,3,1,0,0,,235-1,1,5,,1.0,0.5,Cloudy,Partly Cloudy,80.0,10,0,0,0,,1,-4.0,0,,,,,No giveaway,75-85F,3,Adjacent to a giveaway,1,3+ away
20260401,235,568,1467.0,1,day,Wednesday,2,April,4,1,0,0,,235-1,2,5,1.0,1.0,0.4,Cloudy,Partly Cloudy,80.0,5,0,0,0,,1,-3.0,0,,,,,No giveaway,75-85F,3,Adjacent to a giveaway,1,3+ away
20260402,235,568,1286.0,1,night,Thursday,3,April,4,1,0,0,,235-1,3,5,1.0,1.0,0.333,Cloudy,Cloudy,77.0,14,0,0,0,,1,-2.0,0,,,,,No giveaway,75-85F,3,Adjacent to a giveaway,1,-2 games
20260403,235,568,2500.0,1,day,Friday,4,April,4,2,1,0,,235-1,4,5,1.0,1.0,0.286,Cloudy,Partly Cloudy,78.0,15,0,0,0,,1,-1.0,0,,,,,No giveaway,75-85F,3,Adjacent to a giveaway,1,-1 games
20260405,235,568,2824.0,2,day,Sunday,6,April,4,2,1,0,,235-1,5,5,2.0,0.889,0.333,Clear,Sunny,61.0,3,0,1,1,"Redbirds Easter bucket, first 500 kids",1,0.0,0,,,,,Giveaway,55-65F,1,Giveaway,0,Giveaway
20260414,235,431,1274.0,1,night,Tuesday,1,April,4,3,0,0,,235-2,1,6,9.0,0.75,0.625,Cloudy,Partly Cloudy,84.0,13,0,0,0,,1,-3.0,0,,,,,No giveaway,75-85F,3,Adjacent to a giveaway,1,3+ away
20260415,235,431,1796.0,1,day,Wednesday,2,April,4,3,0,0,,235-2,2,6,1.0,0.706,0.647,Cloudy,Partly Cloudy,77.0,10,0,0,0,,1,-2.0,0,,,,,No giveaway,75-85F,3,Adjacent to a giveaway,1,-2 games
20260416,235,431,1415.0,1,night,Thursday,3,April,4,3,0,0,,235-2,3,6,1.0,0.667,0.667,Clear,Clear,82.0,6,0,0,0,,1,-1.0,0,,,,,No giveaway,75-85F,3,Adjacent to a giveaway,1,-1 games
20260417,235,431,3527.0,1,night,Friday,4,April,4,4,1,0,,235-2,4,6,1.0,0.684,0.632,Clear,Clear,84.0,15,0,1,1,Redbirds dri-fit hoodie presented by Southern College of Optometry,1,0.0,0,,,,,Giveaway,75-85F,3,Giveaway,0,Giveaway
20260418,235,431,3027.0,1,day,Saturday,5,April,4,4,1,0,,235-2,5,6,1.0,0.65,0.65,Cloudy,Cloudy,72.0,9,0,1,1,"T-shirt giveaway, County Fair Day",1,0.0,0,,,,,Giveaway,65-75F,2,Giveaway,0,Giveaway
20260419,235,431,2480.0,1,day,Sunday,6,April,4,4,1,0,,235-2,6,6,1.0,0.667,0.619,Clear,Sunny,66.0,4,0,0,0,,1,1.0,0,,,,,No giveaway,65-75F,2,Adjacent to a giveaway,1,+1 games
20260429,235,484,4010.0,2,day,Wednesday,2,April,4,5,0,0,,235-3,1,5,10.0,0.655,0.379,Cloudy,Overcast,75.0,8,0,0,0,,1,-3.0,0,,,,,No giveaway,65-75F,2,Adjacent to a giveaway,1,3+ away
20260430,235,484,1428.0,1,night,Thursday,3,April,4,5,0,0,,235-3,2,5,1.0,0.667,0.367,Cloudy,Cloudy,63.0,7,0,0,0,,1,-2.0,0,,,,,No giveaway,55-65F,1,Adjacent to a giveaway,1,-2 games
20260501,235,484,2352.0,1,night,Friday,4,May,5,6,1,0,,235-3,3,5,1.0,0.677,0.355,Cloudy,Partly Cloudy,61.0,6,0,0,0,,1,-1.0,0,,,,,No giveaway,55-65F,1,Adjacent to a giveaway,1,-1 games
20260502,235,484,4568.0,1,day,Saturday,5,May,5,6,1,0,,235-3,4,5,1.0,0.688,0.344,Cloudy,Partly Cloudy,66.0,9,0,1,1,"Memphis Musica jersey, first 1500 fans",1,0.0,0,,,,,Giveaway,65-75F,2,Giveaway,0,Giveaway
20260503,235,484,3389.0,1,day,Sunday,6,May,5,6,1,0,,235-3,5,5,1.0,0.667,0.364,Clear,Sunny,67.0,10,0,1,1,"Redbirds Lightsaber, first 500 kids",1,0.0,0,,,,,Giveaway,65-75F,2,Giveaway,0,Giveaway
20260512,235,564,1790.0,1,night,Tuesday,1,May,5,7,0,0,,235-4,1,6,9.0,0.625,0.525,Clear,Clear,79.0,4,0,0,0,,1,-4.0,0,,,,,No giveaway,75-85F,3,Adjacent to a giveaway,1,3+ away
20260513,235,564,4504.0,1,day,Wednesday,2,May,5,7,0,0,,235-4,2,6,1.0,0.61,0.537,Clear,Sunny,79.0,5,0,0,0,,1,-3.0,0,,,,,No giveaway,75-85F,3,Adjacent to a giveaway,1,3+ away
20260514,235,564,10269.0,1,day,Thursday,3,May,5,7,0,0,,235-4,3,6,1.0,0.595,0.548,Clear,Sunny,69.0,6,0,0,0,,1,-2.0,0,,,,,No giveaway,65-75F,2,Adjacent to a giveaway,1,-2 games
20260515,235,564,2388.0,1,night,Friday,4,May,5,8,1,0,,235-4,4,6,1.0,0.605,0.535,Cloudy,Partly Cloudy,83.0,12,0,0,0,,1,-1.0,0,,,,,No giveaway,75-85F,3,Adjacent to a giveaway,1,-1 games
20260516,235,564,8501.0,1,night,Saturday,5,May,5,8,1,0,,235-4,5,6,1.0,0.614,0.523,Cloudy,Partly Cloudy,83.0,12,0,1,1,BBQ Nacho Oven Mitt presented by Memphis BBQ,1,0.0,0,,,,,Giveaway,75-85F,3,Giveaway,0,Giveaway
20260517,235,564,2355.0,1,day,Sunday,6,May,5,8,1,0,,235-4,6,6,1.0,0.6,0.533,Cloudy,Partly Cloudy,84.0,5,0,0,0,,1,1.0,0,,,,,No giveaway,75-85F,3,Adjacent to a giveaway,1,+1 games
20260602,235,416,1534.0,1,night,Tuesday,1,June,6,10,0,0,,235-5,1,6,16.0,0.603,0.544,Cloudy,Partly Cloudy,84.0,7,0,0,0,,1,-3.0,0,,,,,No giveaway,75-85F,3,Adjacent to a giveaway,1,3+ away
20260603,235,416,1558.0,1,day,Wednesday,2,June,6,10,0,0,,235-5,2,6,1.0,0.61,0.534,Clear,Sunny,80.0,8,0,0,0,,1,-2.0,0,,,,,No giveaway,75-85F,3,Adjacent to a giveaway,1,-2 games
20260604,235,416,2411.0,1,night,Thursday,3,June,6,10,0,0,,235-5,3,6,1.0,0.617,0.525,Cloudy,Partly Cloudy,80.0,4,0,0,0,,1,-1.0,0,,,,,No giveaway,75-85F,3,Adjacent to a giveaway,1,-1 games
20260605,235,416,3232.0,1,night,Friday,4,June,6,11,1,0,,235-5,4,6,1.0,0.607,0.533,Clear,Clear,82.0,3,0,1,1,Redbirds Beach Towel presented by Welcome to Memphis,1,0.0,0,,,,,Giveaway,75-85F,3,Giveaway,0,Giveaway
20260606,235,416,6320.0,1,night,Saturday,5,June,6,11,1,0,,235-5,5,6,1.0,0.597,0.541,Cloudy,Cloudy,86.0,9,0,1,1,Redbirds soccer jersey presented by Embassy Suites,1,0.0,0,,,,,Giveaway,85F+,4,Giveaway,0,Giveaway
20260607,235,416,3267.0,1,day,Sunday,6,June,6,11,1,0,,235-5,6,6,1.0,0.603,0.532,Cloudy,Cloudy,81.0,7,0,0,0,,1,1.0,0,,,,,No giveaway,75-85F,3,Adjacent to a giveaway,1,+1 games
20260616,235,556,1853.0,1,night,Tuesday,1,June,6,12,0,0,,235-6,1,6,9.0,0.629,0.586,Cloudy,Partly Cloudy,83.0,3,0,0,0,,1,-4.0,0,,,,,No giveaway,75-85F,3,Adjacent to a giveaway,1,3+ away
20260617,235,556,3841.0,1,day,Wednesday,2,June,6,12,0,0,,235-6,2,6,1.0,0.62,0.592,Cloudy,Overcast,82.0,20,0,0,0,,1,-3.0,0,,,,,No giveaway,75-85F,3,Adjacent to a giveaway,1,3+ away
20260618,235,556,2392.0,1,night,Thursday,3,June,6,12,0,0,,235-6,3,6,1.0,0.625,0.583,Cloudy,Partly Cloudy,84.0,4,0,0,0,,1,-2.0,0,,,,,No giveaway,75-85F,3,Adjacent to a giveaway,1,-2 games
20260619,235,556,3176.0,1,night,Friday,4,June,6,13,1,0,,235-6,4,6,1.0,0.63,0.575,Cloudy,Cloudy,83.0,4,0,0,0,,1,-1.0,0,,,,,No giveaway,75-85F,3,Adjacent to a giveaway,1,-1 games
20260620,235,556,6830.0,1,night,Saturday,5,June,6,13,1,0,,235-6,5,6,1.0,0.622,0.581,Cloudy,Partly Cloudy,82.0,1,0,1,1,Basketball jersey presented by Beale St.,1,0.0,0,,,,,Giveaway,75-85F,3,Giveaway,0,Giveaway
20260621,235,556,2518.0,1,day,Sunday,6,June,6,13,1,1,Father's Day,235-6,6,6,1.0,0.627,0.573,Cloudy,Partly Cloudy,86.0,6,0,1,1,"Melonheads themed bucket hat, first 1500 fans",1,0.0,0,,,,,Giveaway,85F+,4,Giveaway,0,Giveaway
20260630,235,494,1834.0,1,night,Tuesday,1,June,6,14,0,0,,235-7,1,6,9.0,0.598,0.537,Cloudy,Partly Cloudy,93.0,5,0,0,0,,1,-5.0,0,,,,,No giveaway,85F+,4,Adjacent to a giveaway,1,3+ away
20260701,235,494,1086.0,1,night,Wednesday,2,July,7,14,0,0,,235-7,2,6,1.0,0.59,0.542,Clear,Clear,94.0,3,0,0,0,,1,-4.0,0,,,,,No giveaway,85F+,4,Adjacent to a giveaway,1,3+ away
20260702,235,494,2240.0,1,night,Thursday,3,July,7,14,0,0,,235-7,3,6,1.0,0.595,0.536,Clear,Clear,93.0,5,0,0,0,,1,-3.0,0,,,,,No giveaway,85F+,4,Adjacent to a giveaway,1,3+ away
20260703,235,494,6551.0,1,night,Friday,4,July,7,15,1,0,,235-7,4,6,1.0,0.6,0.529,Clear,Clear,91.0,3,0,0,0,,1,-2.0,0,,,,,No giveaway,85F+,4,Adjacent to a giveaway,1,-2 games
20260704,235,494,8876.0,1,night,Saturday,5,July,7,15,1,1,Independence Day,235-7,5,6,1.0,0.593,0.535,Cloudy,Cloudy,86.0,9,0,0,0,,1,-1.0,0,,,,,No giveaway,85F+,4,Adjacent to a giveaway,1,-1 games
20260705,235,494,2005.0,1,day,Sunday,6,July,7,15,1,0,,235-7,6,6,1.0,0.598,0.529,Cloudy,Partly Cloudy,88.0,2,0,1,1,"Kids dinosaur jersey, first 500 kids",1,0.0,0,,,,,Giveaway,85F+,4,Giveaway,0,Giveaway
20260717,235,451,3821.0,1,night,Friday,4,July,7,17,1,0,,235-8,1,9,12.0,0.585,0.429,Clear,Clear,89.0,3,0,0,0,,1,-2.0,0,,,,,No giveaway,85F+,4,Adjacent to a giveaway,1,-2 games
20260718,235,451,7568.0,1,night,Saturday,5,July,7,17,1,0,,235-8,2,9,1.0,0.579,0.435,Cloudy,Partly Cloudy,93.0,7,0,0,0,,1,-1.0,0,,,,,No giveaway,85F+,4,Adjacent to a giveaway,1,-1 games
20260719,235,451,1651.0,1,day,Sunday,6,July,7,17,1,0,,235-8,3,9,1.0,0.573,0.441,Cloudy,Partly Cloudy,93.0,12,0,1,1,"Redbirds ugly sweater t-shirt, first 500 kids",1,0.0,0,,,,,Giveaway,85F+,4,Giveaway,0,Giveaway
20260721,235,234,1331.0,1,night,Tuesday,1,July,7,17,0,0,,235-8,4,9,2.0,0.567,0.463,Clear,Clear,93.0,1,0,0,0,,1,1.0,0,,,,,No giveaway,85F+,4,Adjacent to a giveaway,1,+1 games
20260722,235,234,1775.0,1,night,Wednesday,2,July,7,17,0,0,,235-8,5,9,1.0,0.561,0.469,Clear,Clear,87.0,11,0,0,0,,1,2.0,0,,,,,No giveaway,85F+,4,Adjacent to a giveaway,1,+2 games
20260723,235,234,2200.0,1,night,Thursday,3,July,7,17,0,0,,235-8,6,9,1.0,0.566,0.464,Cloudy,Partly Cloudy,85.0,8,0,0,0,,1,3.0,0,,,,,No giveaway,75-85F,3,Adjacent to a giveaway,1,3+ away
20260724,235,234,2441.0,1,night,Friday,4,July,7,18,1,0,,235-8,7,9,1.0,0.57,0.459,Cloudy,Cloudy,85.0,4,0,0,0,,1,4.0,0,,,,,No giveaway,75-85F,3,Adjacent to a giveaway,1,3+ away
20260725,235,234,8589.0,1,night,Saturday,5,July,7,18,1,0,,235-8,8,9,1.0,0.564,0.465,Precipitation,Rain,88.0,5,1,0,0,,1,5.0,0,,,,,No giveaway,85F+,4,Adjacent to a giveaway,1,3+ away
20260726,235,234,1679.0,1,day,Sunday,6,July,7,18,1,0,,235-8,9,9,1.0,0.569,0.46,Clear,Sunny,93.0,5,0,0,0,,1,6.0,0,,,,,No giveaway,85F+,4,Adjacent to a giveaway,1,3+ away
20260804,235,556,1356.0,1,night,Tuesday,1,August,8,19,0,0,,235-9,1,6,9.0,0.56,0.541,Clear,Clear,87.0,4,0,0,0,,0,,0,,,,,No giveaway,85F+,4,Clean control,2,No giveaway in homestand
20260805,235,556,1781.0,1,night,Wednesday,2,August,8,19,0,0,,235-9,2,6,1.0,0.564,0.536,Clear,Clear,92.0,3,0,0,0,,0,,0,,,,,No giveaway,85F+,4,Clean control,2,No giveaway in homestand
20260806,235,556,1581.0,1,night,Thursday,3,August,8,19,0,0,,235-9,3,6,1.0,0.559,0.541,Clear,Clear,90.0,7,0,0,0,,0,,0,,,,,No giveaway,85F+,4,Clean control,2,No giveaway in homestand
20260807,235,556,3946.0,1,night,Friday,4,August,8,20,1,0,,235-9,4,6,1.0,0.554,0.545,Cloudy,Partly Cloudy,91.0,4,0,0,0,,0,,0,,,,,No giveaway,85F+,4,Clean control,2,No giveaway in homestand
20260808,235,556,5431.0,1,night,Saturday,5,August,8,20,1,0,,235-9,5,6,1.0,0.549,0.549,Cloudy,Partly Cloudy,86.0,3,0,0,0,,0,,0,,,,,No giveaway,85F+,4,Clean control,2,No giveaway in homestand
20260809,235,556,1941.0,1,day,Sunday,6,August,8,20,1,0,,235-9,6,6,1.0,0.553,0.544,Cloudy,Partly Cloudy,90.0,4,0,0,0,,0,,0,,,,,No giveaway,85F+,4,Clean control,2,No giveaway in homestand
20260818,235,564,1186.0,1,night,Tuesday,1,August,8,21,0,0,,235-10,1,6,9.0,0.554,0.504,Clear,Clear,89.0,6,0,0,0,,0,,0,,,,,No giveaway,85F+,4,Clean control,2,No giveaway in homestand
20260819,235,564,1154.0,1,night,Wednesday,2,August,8,21,0,0,,235-10,2,6,1.0,0.549,0.508,Cloudy,Cloudy,95.0,6,0,0,0,,0,,0,,,,,No giveaway,85F+,4,Clean control,2,No giveaway in homestand
20260820,235,564,1174.0,1,night,Thursday,3,August,8,21,0,0,,235-10,3,6,1.0,0.545,0.512,Cloudy,Partly Cloudy,95.0,3,0,0,0,,0,,0,,,,,No giveaway,85F+,4,Clean control,2,No giveaway in homestand
20260821,235,564,2582.0,1,night,Friday,4,August,8,22,1,0,,235-10,4,6,1.0,0.548,0.508,Clear,Clear,91.0,9,0,0,0,,0,,0,,,,,No giveaway,85F+,4,Clean control,2,No giveaway in homestand
20260822,235,564,5280.0,1,night,Saturday,5,August,8,22,1,0,,235-10,5,6,1.0,0.552,0.504,Precipitation,Rain,76.0,7,1,0,0,,0,,0,,,,,No giveaway,75-85F,3,Clean control,2,No giveaway in homestand
20260823,235,564,1809.0,1,day,Sunday,6,August,8,22,1,0,,235-10,6,6,1.0,0.548,0.508,Clear,Sunny,88.0,4,0,0,0,,0,,0,,,,,No giveaway,85F+,4,Clean control,2,No giveaway in homestand
20260331,556,494,7678.0,1,night,Tuesday,1,March,3,1,0,0,,556-1,1,5,,0.5,0.75,Cloudy,Partly Cloudy,79.0,11,0,1,1,2026 Tour T-shirt,1,0.0,1,4783.0,0.4734,2895.0,60.54,Giveaway,75-85F,3,Giveaway,0,Giveaway
20260401,556,494,4002.0,1,night,Wednesday,2,April,4,1,0,0,,556-1,2,5,1.0,0.4,0.8,Cloudy,Partly Cloudy,78.0,9,0,1,1,2026 Schedule Concert Poster,1,0.0,1,4021.0,-0.0047,-19.0,-0.47,Giveaway,75-85F,3,Giveaway,0,Giveaway
20260402,556,494,5217.0,1,night,Thursday,3,April,4,1,0,0,,556-1,3,5,1.0,0.5,0.667,Cloudy,Partly Cloudy,81.0,15,0,0,0,,1,1.0,1,4454.0,0.158,763.0,17.12,No giveaway,75-85F,3,Adjacent to a giveaway,1,+1 games
20260403,556,494,7892.0,1,night,Friday,4,April,4,2,1,0,,556-1,4,5,1.0,0.571,0.571,Clear,Clear,82.0,8,0,0,0,,1,2.0,1,6315.0,0.2229,1577.0,24.97,No giveaway,75-85F,3,Adjacent to a giveaway,1,+2 games
20260405,556,494,4881.0,1,day,Sunday,6,April,4,2,1,0,,556-1,5,5,2.0,0.625,0.5,Cloudy,Partly Cloudy,57.0,10,0,0,0,,1,3.0,1,4546.0,0.0712,335.0,7.38,No giveaway,55-65F,1,Adjacent to a giveaway,1,3+ away
20260414,556,533,5029.0,1,night,Tuesday,1,April,4,3,0,0,,556-2,1,6,9.0,0.467,0.667,Clear,Clear,82.0,10,0,0,0,,1,-1.0,1,4141.0,0.1943,888.0,21.45,No giveaway,75-85F,3,Adjacent to a giveaway,1,-1 games
20260415,556,533,5255.0,1,night,Wednesday,2,April,4,3,0,0,,556-2,2,6,1.0,0.5,0.625,Clear,Clear,84.0,13,0,1,1,Jackie Robinson Replica Jersey,1,0.0,1,4060.0,0.2581,1195.0,29.44,Giveaway,75-85F,3,Giveaway,0,Giveaway
20260416,556,533,6144.0,1,night,Thursday,3,April,4,3,0,0,,556-2,3,6,1.0,0.529,0.588,Cloudy,Partly Cloudy,82.0,8,0,0,0,,1,1.0,1,4521.0,0.3067,1623.0,35.89,No giveaway,75-85F,3,Adjacent to a giveaway,1,+1 games
20260417,556,533,7789.0,1,night,Friday,4,April,4,4,1,0,,556-2,4,6,1.0,0.556,0.556,Clear,Clear,79.0,5,0,0,0,,1,-1.0,1,6453.0,0.1882,1336.0,20.7,No giveaway,75-85F,3,Adjacent to a giveaway,1,-1 games
20260418,556,533,5997.0,1,night,Saturday,5,April,4,4,1,0,,556-2,5,6,1.0,0.579,0.526,Cloudy,Overcast,54.0,15,0,1,1,"Jacob Misiorowski Skyline Bobblehead, first 2000 fans",1,0.0,1,5254.0,0.1323,743.0,14.15,Giveaway,Under 55F,0,Giveaway,0,Giveaway
20260419,556,533,8812.0,1,day,Sunday,6,April,4,4,1,0,,556-2,6,6,1.0,0.55,0.55,Clear,Sunny,64.0,11,0,1,1,"Sounds Ice Cream Jersey, first 500 kids",1,0.0,1,4930.0,0.5808,3882.0,78.74,Giveaway,55-65F,1,Giveaway,0,Giveaway
20260429,556,568,4514.0,1,night,Wednesday,2,April,4,5,0,0,,556-4,1,5,10.0,0.536,0.357,Cloudy,Partly Cloudy,68.0,7,0,1,1,Country Legends Coasters presented by First Horizon,1,0.0,1,3889.0,0.1489,625.0,16.06,Giveaway,65-75F,2,Giveaway,0,Giveaway
20260430,556,568,6426.0,2,night,Thursday,3,April,4,5,0,0,,556-4,2,5,1.0,0.533,0.367,Cloudy,Partly Cloudy,63.0,7,0,0,0,,1,1.0,1,4743.0,0.3036,1683.0,35.47,No giveaway,55-65F,1,Adjacent to a giveaway,1,+1 games
20260501,556,568,6607.0,1,night,Friday,4,May,5,6,1,0,,556-4,3,5,1.0,0.516,0.387,Clear,Clear,62.0,9,0,0,0,,1,-1.0,1,8675.0,-0.2724,-2068.0,-23.84,No giveaway,55-65F,1,Adjacent to a giveaway,1,-1 games
20260502,556,568,9019.0,1,night,Saturday,5,May,5,6,1,0,,556-4,4,5,1.0,0.5,0.406,Cloudy,Partly Cloudy,54.0,9,0,1,1,Tune Squad Jersey,1,0.0,1,7371.0,0.2018,1648.0,22.36,Giveaway,Under 55F,0,Giveaway,0,Giveaway
20260503,556,568,7511.0,1,day,Sunday,6,May,5,6,1,0,,556-4,5,5,1.0,0.515,0.394,Clear,Sunny,66.0,7,0,1,1,Booster Building Block Set presented by First Horizon,1,0.0,1,7052.0,0.063,459.0,6.5,Giveaway,65-75F,2,Giveaway,0,Giveaway
20260512,556,451,5687.0,1,night,Tuesday,1,May,5,7,0,0,,556-5,1,6,9.0,0.525,0.462,Clear,Clear,81.0,6,0,0,0,,1,-1.0,1,5838.0,-0.0262,-151.0,-2.58,No giveaway,75-85F,3,Adjacent to a giveaway,1,-1 games
20260513,556,451,5677.0,1,night,Wednesday,2,May,5,7,0,0,,556-5,2,6,1.0,0.537,0.45,Clear,Clear,79.0,14,0,1,1,Vihuelas Sunglasses,1,0.0,1,5814.0,-0.0239,-137.0,-2.36,Giveaway,75-85F,3,Giveaway,0,Giveaway
20260514,556,451,6044.0,1,night,Thursday,3,May,5,7,0,0,,556-5,3,6,1.0,0.548,0.439,Clear,Clear,70.0,6,0,0,0,,1,1.0,1,6358.0,-0.0507,-314.0,-4.94,No giveaway,65-75F,2,Adjacent to a giveaway,1,+1 games
20260515,556,451,8644.0,1,night,Friday,4,May,5,8,1,0,,556-5,4,6,1.0,0.558,0.429,Cloudy,Partly Cloudy,79.0,9,0,0,0,,1,-1.0,1,8901.0,-0.0293,-257.0,-2.89,No giveaway,75-85F,3,Adjacent to a giveaway,1,-1 games
20260516,556,451,10078.0,1,night,Saturday,5,May,5,8,1,0,,556-5,5,6,1.0,0.568,0.419,Cloudy,Partly Cloudy,83.0,10,0,1,1,Sleeveless Hoodie presented by RJ Young,1,0.0,1,8251.0,0.2,1827.0,22.14,Giveaway,75-85F,3,Giveaway,0,Giveaway
20260517,556,451,6513.0,1,day,Sunday,6,May,5,8,1,0,,556-5,6,6,1.0,0.578,0.409,Cloudy,Partly Cloudy,88.0,10,0,1,1,"Ice Cream Batter Sleeve, first 500 kids",1,0.0,1,6608.0,-0.0144,-95.0,-1.43,Giveaway,85F+,4,Giveaway,0,Giveaway
20260526,556,431,4919.0,1,night,Tuesday,1,May,5,9,0,0,,556-6,1,6,9.0,0.596,0.538,Cloudy,Cloudy,79.0,7,0,0,0,,1,-1.0,1,5685.0,-0.1447,-766.0,-13.47,No giveaway,75-85F,3,Adjacent to a giveaway,1,-1 games
20260527,556,431,5247.0,1,night,Wednesday,2,May,5,9,0,0,,556-6,2,6,1.0,0.585,0.547,Cloudy,Partly Cloudy,85.0,5,0,1,1,Denim Bucket Hat presented by First Horizon,1,0.0,1,5402.0,-0.0291,-155.0,-2.87,Giveaway,75-85F,3,Giveaway,0,Giveaway
20260528,556,431,6421.0,1,night,Thursday,3,May,5,9,0,0,,556-6,3,6,1.0,0.593,0.537,Cloudy,Partly Cloudy,85.0,8,0,0,0,,1,1.0,1,5906.0,0.0836,515.0,8.72,No giveaway,75-85F,3,Adjacent to a giveaway,1,+1 games
20260529,556,431,6219.0,1,night,Friday,4,May,5,10,1,0,,556-6,4,6,1.0,0.6,0.527,Cloudy,Cloudy,75.0,4,0,0,0,,1,2.0,1,8641.0,-0.3289,-2422.0,-28.03,No giveaway,65-75F,2,Adjacent to a giveaway,1,+2 games
20260530,556,431,7873.0,1,night,Saturday,5,May,5,10,1,0,,556-6,5,6,1.0,0.607,0.518,Cloudy,Overcast,77.0,7,0,0,0,,1,3.0,1,8158.0,-0.0355,-285.0,-3.49,No giveaway,75-85F,3,Adjacent to a giveaway,1,3+ away
20260531,556,431,5311.0,1,day,Sunday,6,May,5,10,1,0,,556-6,6,6,1.0,0.614,0.509,Cloudy,Partly Cloudy,84.0,1,0,0,0,,1,4.0,1,6600.0,-0.2173,-1289.0,-19.53,No giveaway,75-85F,3,Adjacent to a giveaway,1,3+ away
20260609,556,234,5012.0,1,night,Tuesday,1,June,6,11,0,0,,556-7,1,6,9.0,0.609,0.375,Cloudy,Cloudy,80.0,4,0,0,0,,1,-1.0,1,6386.0,-0.2423,-1374.0,-21.52,No giveaway,75-85F,3,Adjacent to a giveaway,1,-1 games
20260610,556,234,6569.0,1,night,Wednesday,2,June,6,11,0,0,,556-7,2,6,1.0,0.615,0.369,Cloudy,Partly Cloudy,91.0,8,0,1,1,Brewmaster Shirt presented by Nobody Trashes TN,1,0.0,1,5730.0,0.1367,839.0,14.65,Giveaway,85F+,4,Giveaway,0,Giveaway
20260611,556,234,6886.0,1,night,Thursday,3,June,6,11,0,0,,556-7,3,6,1.0,0.621,0.364,Clear,Clear,90.0,9,0,1,1,Vintage Panel Throwback Hat presented by Advance Financial,1,0.0,1,6336.0,0.0833,550.0,8.68,Giveaway,85F+,4,Giveaway,0,Giveaway
20260612,556,234,7677.0,1,night,Friday,4,June,6,12,1,0,,556-7,4,6,1.0,0.612,0.373,Cloudy,Partly Cloudy,82.0,6,0,0,0,,1,1.0,1,9506.0,-0.2137,-1829.0,-19.24,No giveaway,75-85F,3,Adjacent to a giveaway,1,+1 games
20260613,556,234,8815.0,1,night,Saturday,5,June,6,12,1,0,,556-7,5,6,1.0,0.603,0.382,Cloudy,Partly Cloudy,87.0,4,0,1,1,Sulphur Dell Replica,1,0.0,1,8620.0,0.0223,195.0,2.26,Giveaway,85F+,4,Giveaway,0,Giveaway
20260614,556,234,5007.0,1,day,Sunday,6,June,6,12,1,0,,556-7,6,6,1.0,0.594,0.391,Precipitation,Rain,81.0,7,1,0,0,,1,1.0,1,6945.0,-0.3272,-1938.0,-27.9,No giveaway,75-85F,3,Adjacent to a giveaway,1,+1 games
20260623,556,431,6581.0,1,night,Tuesday,1,June,6,13,0,0,,556-8,1,11,9.0,0.579,0.507,Cloudy,Partly Cloudy,80.0,7,0,0,0,,1,-1.0,1,6154.0,0.0672,427.0,6.95,No giveaway,75-85F,3,Adjacent to a giveaway,1,-1 games
20260624,556,431,7591.0,1,night,Wednesday,2,June,6,13,0,0,,556-8,2,11,1.0,0.571,0.513,Cloudy,Partly Cloudy,82.0,3,0,1,1,"Brice Turang Skyline Bobblehead, first 2000 fans",1,0.0,1,5997.0,0.2357,1594.0,26.58,Giveaway,75-85F,3,Giveaway,0,Giveaway
20260625,556,431,5761.0,1,night,Thursday,3,June,6,13,0,0,,556-8,3,11,1.0,0.577,0.506,Cloudy,Partly Cloudy,84.0,9,0,0,0,,1,1.0,1,6465.0,-0.1152,-704.0,-10.89,No giveaway,75-85F,3,Adjacent to a giveaway,1,+1 games
20260626,556,431,8167.0,1,night,Friday,4,June,6,14,1,0,,556-8,4,11,1.0,0.57,0.513,Cloudy,Cloudy,86.0,7,0,0,0,,1,-1.0,1,8883.0,-0.0841,-716.0,-8.06,No giveaway,85F+,4,Adjacent to a giveaway,1,-1 games
20260627,556,431,8119.0,1,night,Saturday,5,June,6,14,1,0,,556-8,5,11,1.0,0.562,0.519,Cloudy,Overcast,80.0,7,0,1,1,"Hawaiian Shirt, first 2000 fans",1,0.0,1,8727.0,-0.0722,-608.0,-6.96,Giveaway,75-85F,3,Giveaway,0,Giveaway
20260628,556,431,5237.0,1,night,Sunday,6,June,6,14,1,0,,556-8,6,11,1.0,0.568,0.512,Clear,Clear,90.0,10,0,0,0,,1,1.0,1,5946.0,-0.127,-709.0,-11.93,No giveaway,85F+,4,Adjacent to a giveaway,1,+1 games
20260630,556,564,5338.0,1,night,Tuesday,1,June,6,14,0,0,,556-8,7,11,2.0,0.573,0.58,Clear,Clear,95.0,4,0,0,0,,1,-1.0,1,5567.0,-0.0421,-229.0,-4.12,No giveaway,85F+,4,Adjacent to a giveaway,1,-1 games
20260701,556,564,5076.0,1,night,Wednesday,2,July,7,14,0,0,,556-8,8,11,1.0,0.566,0.585,Cloudy,Partly Cloudy,94.0,6,0,1,1,Hot Chickens Cooling Towel,1,0.0,1,4917.0,0.0319,159.0,3.24,Giveaway,85F+,4,Giveaway,0,Giveaway
20260702,556,564,5074.0,1,night,Thursday,3,July,7,14,0,0,,556-8,9,11,1.0,0.56,0.59,Cloudy,Cloudy,83.0,6,0,0,0,,1,1.0,1,6048.0,-0.1756,-974.0,-16.11,No giveaway,75-85F,3,Adjacent to a giveaway,1,+1 games
20260704,556,564,9823.0,2,night,Saturday,5,July,7,15,1,1,Independence Day,556-8,10,11,2.0,0.57,0.576,Cloudy,Partly Cloudy,91.0,3,0,0,0,,1,2.0,1,7933.0,0.2136,1890.0,23.82,No giveaway,85F+,4,Adjacent to a giveaway,1,+2 games
20260705,556,564,7242.0,1,night,Sunday,6,July,7,15,1,0,,556-8,11,11,1.0,0.575,0.57,Cloudy,Partly Cloudy,81.0,7,0,0,0,,1,3.0,1,6039.0,0.1817,1203.0,19.92,No giveaway,75-85F,3,Adjacent to a giveaway,1,3+ away
20260717,556,568,10154.0,1,night,Friday,4,July,7,17,1,0,,556-9,1,3,12.0,0.564,0.37,Cloudy,Cloudy,81.0,6,0,0,0,,1,-1.0,1,8128.0,0.2226,2026.0,24.93,No giveaway,75-85F,3,Adjacent to a giveaway,1,-1 games
20260718,556,568,9811.0,1,night,Saturday,5,July,7,17,1,0,,556-9,2,3,1.0,0.558,0.376,Cloudy,Partly Cloudy,83.0,5,0,1,1,Spider-Man Funko Pop,1,0.0,1,9089.0,0.0764,722.0,7.94,Giveaway,75-85F,3,Giveaway,0,Giveaway
20260719,556,568,6771.0,1,night,Sunday,6,July,7,17,1,0,,556-9,3,3,1.0,0.562,0.372,Cloudy,Cloudy,83.0,4,0,1,1,"Sounds Ice Cream Jersey, first 500 kids",1,0.0,1,6720.0,0.0075,51.0,0.75,Giveaway,75-85F,3,Giveaway,0,Giveaway
20260728,556,494,5518.0,1,night,Tuesday,1,July,7,18,0,0,,556-10,1,6,9.0,0.544,0.544,Cloudy,Partly Cloudy,90.0,11,0,0,0,,1,-1.0,1,5581.0,-0.0113,-63.0,-1.12,No giveaway,85F+,4,Adjacent to a giveaway,1,-1 games
20260729,556,494,6466.0,1,night,Wednesday,2,July,7,18,0,0,,556-10,2,6,1.0,0.538,0.548,Cloudy,Partly Cloudy,86.0,8,0,1,1,Country Legends Coasters presented by First Horizon,1,0.0,1,5734.0,0.1202,732.0,12.77,Giveaway,85F+,4,Giveaway,0,Giveaway
20260730,556,494,7001.0,1,night,Thursday,3,July,7,18,0,0,,556-10,3,6,1.0,0.533,0.552,Cloudy,Partly Cloudy,84.0,8,0,0,0,,1,1.0,1,6356.0,0.0967,645.0,10.15,No giveaway,75-85F,3,Adjacent to a giveaway,1,+1 games
20260731,556,494,10557.0,1,night,Friday,4,July,7,19,1,0,,556-10,4,6,1.0,0.538,0.547,Cloudy,Partly Cloudy,87.0,4,0,0,0,,1,-1.0,1,8668.0,0.1971,1889.0,21.79,No giveaway,85F+,4,Adjacent to a giveaway,1,-1 games
20260801,556,494,11559.0,1,night,Saturday,5,August,8,19,1,0,,556-10,5,6,1.0,0.542,0.542,Cloudy,Partly Cloudy,83.0,14,0,1,1,Denim Bucket Hat presented by First Horizon,1,0.0,1,8288.0,0.3327,3271.0,39.47,Giveaway,75-85F,3,Giveaway,0,Giveaway
20260802,556,494,5501.0,1,night,Sunday,6,August,8,19,1,0,,556-10,6,6,1.0,0.546,0.537,Cloudy,Overcast,75.0,8,0,0,0,,1,1.0,1,6307.0,-0.1368,-806.0,-12.78,No giveaway,65-75F,2,Adjacent to a giveaway,1,+1 games
20260811,556,484,4989.0,1,night,Tuesday,1,August,8,20,0,0,,556-11,1,6,9.0,0.548,0.487,Clear,Clear,90.0,6,0,0,0,,1,-1.0,1,5556.0,-0.1076,-567.0,-10.2,No giveaway,85F+,4,Adjacent to a giveaway,1,-1 games
20260812,556,484,4711.0,1,night,Wednesday,2,August,8,20,0,0,,556-11,2,6,1.0,0.543,0.491,Cloudy,Partly Cloudy,90.0,6,0,1,1,Booster Building Block Set presented by First Horizon,1,0.0,1,5472.0,-0.1497,-761.0,-13.9,Giveaway,85F+,4,Giveaway,0,Giveaway
20260813,556,484,4981.0,1,night,Thursday,3,August,8,20,0,0,,556-11,3,6,1.0,0.538,0.496,Cloudy,Partly Cloudy,93.0,6,0,0,0,,1,1.0,1,5733.0,-0.1405,-752.0,-13.11,No giveaway,85F+,4,Adjacent to a giveaway,1,+1 games
20260814,556,484,7513.0,1,night,Friday,4,August,8,21,1,0,,556-11,4,6,1.0,0.542,0.492,Clear,Clear,95.0,7,0,0,0,,1,-1.0,1,7780.0,-0.035,-267.0,-3.44,No giveaway,85F+,4,Adjacent to a giveaway,1,-1 games
20260815,556,484,8945.0,1,night,Saturday,5,August,8,21,1,0,,556-11,5,6,1.0,0.538,0.496,Clear,Clear,96.0,7,0,1,1,Brewmaster Shirt presented by Nobody Trashes TN,1,0.0,1,7225.0,0.2135,1720.0,23.8,Giveaway,85F+,4,Giveaway,0,Giveaway
20260816,556,484,6186.0,1,night,Sunday,6,August,8,21,1,0,,556-11,6,6,1.0,0.542,0.492,Clear,Clear,97.0,9,0,0,0,,1,1.0,1,5252.0,0.1637,934.0,17.79,No giveaway,85F+,4,Adjacent to a giveaway,1,+1 games
20260327,568,556,6519.0,1,night,Friday,4,March,3,1,1,0,,568-1,1,3,,1.0,0.0,Cloudy,Overcast,53.0,17,0,0,0,,0,,0,,,,,No giveaway,Under 55F,0,Clean control,2,No giveaway in homestand
20260328,568,556,3813.0,1,night,Saturday,5,March,3,1,1,0,,568-1,2,3,1.0,1.0,0.0,Clear,Clear,46.0,11,0,0,0,,0,,0,,,,,No giveaway,Under 55F,0,Clean control,2,No giveaway in homestand
20260329,568,556,4541.0,1,day,Sunday,6,March,3,1,1,0,,568-1,3,3,1.0,0.667,0.333,Cloudy,Partly Cloudy,52.0,9,0,0,0,,0,,0,,,,,No giveaway,Under 55F,0,Clean control,2,No giveaway in homestand
20260407,568,564,4555.0,1,night,Tuesday,1,April,4,2,0,0,,568-2,1,6,9.0,0.3,0.4,Cloudy,Cloudy,57.0,12,0,0,0,,0,,0,,,,,No giveaway,55-65F,1,Clean control,2,No giveaway in homestand
20260408,568,564,2736.0,1,night,Wednesday,2,April,4,2,0,0,,568-2,2,6,1.0,0.273,0.455,Cloudy,Partly Cloudy,47.0,12,0,0,0,,0,,0,,,,,No giveaway,Under 55F,0,Clean control,2,No giveaway in homestand
20260409,568,564,4777.0,1,day,Thursday,3,April,4,2,0,0,,568-2,3,6,1.0,0.25,0.5,Cloudy,Partly Cloudy,55.0,10,0,0,0,,0,,0,,,,,No giveaway,Under 55F,0,Clean control,2,No giveaway in homestand
20260410,568,564,4516.0,1,night,Friday,4,April,4,3,1,0,,568-2,4,6,1.0,0.308,0.462,Clear,Clear,68.0,7,0,0,0,,0,,0,,,,,No giveaway,65-75F,2,Clean control,2,No giveaway in homestand
20260411,568,564,6728.0,1,night,Saturday,5,April,4,3,1,0,,568-2,5,6,1.0,0.357,0.429,Clear,Clear,65.0,9,0,0,0,,0,,0,,,,,No giveaway,55-65F,1,Clean control,2,No giveaway in homestand
20260412,568,564,4057.0,1,day,Sunday,6,April,4,3,1,0,,568-2,6,6,1.0,0.333,0.467,Clear,Sunny,67.0,12,0,0,0,,0,,0,,,,,No giveaway,65-75F,2,Clean control,2,No giveaway in homestand
20260421,568,235,3466.0,1,night,Tuesday,1,April,4,4,0,0,,568-3,1,6,9.0,0.409,0.636,Clear,Clear,56.0,9,0,0,0,,0,,0,,,,,No giveaway,55-65F,1,Clean control,2,No giveaway in homestand
20260422,568,235,3509.0,1,night,Wednesday,2,April,4,4,0,0,,568-3,2,6,1.0,0.391,0.652,Cloudy,Cloudy,78.0,11,0,0,0,,0,,0,,,,,No giveaway,75-85F,3,Clean control,2,No giveaway in homestand
20260423,568,235,5185.0,1,day,Thursday,3,April,4,4,0,0,,568-3,3,6,1.0,0.375,0.667,Clear,Sunny,79.0,5,0,0,0,,0,,0,,,,,No giveaway,75-85F,3,Clean control,2,No giveaway in homestand
20260424,568,235,5432.0,1,night,Friday,4,April,4,5,1,0,,568-3,4,6,1.0,0.4,0.64,Clear,Clear,77.0,10,0,0,0,,0,,0,,,,,No giveaway,75-85F,3,Clean control,2,No giveaway in homestand
20260425,568,235,7010.0,1,night,Saturday,5,April,4,5,1,0,,568-3,5,6,1.0,0.385,0.654,Cloudy,Partly Cloudy,69.0,10,0,0,0,,0,,0,,,,,No giveaway,65-75F,2,Clean control,2,No giveaway in homestand
20260426,568,235,4822.0,1,day,Sunday,6,April,4,5,1,0,,568-3,6,6,1.0,0.37,0.667,Cloudy,Overcast,54.0,13,0,0,0,,0,,0,,,,,No giveaway,Under 55F,0,Clean control,2,No giveaway in homestand
20260505,568,431,3471.0,1,night,Tuesday,1,May,5,6,0,0,,568-4,1,5,9.0,0.382,0.618,Cloudy,Partly Cloudy,80.0,17,0,0,0,,0,,0,,,,,No giveaway,75-85F,3,Clean control,2,No giveaway in homestand
20260506,568,431,3538.0,1,night,Wednesday,2,May,5,6,0,0,,568-4,2,5,1.0,0.371,0.629,Cloudy,Cloudy,78.0,11,0,0,0,,0,,0,,,,,No giveaway,75-85F,3,Clean control,2,No giveaway in homestand
20260508,568,431,11026.0,2,night,Friday,4,May,5,7,1,0,,568-4,3,5,2.0,0.378,0.622,Clear,Clear,68.0,10,0,0,0,,0,,0,,,,,No giveaway,65-75F,2,Clean control,2,No giveaway in homestand
20260509,568,431,7382.0,1,night,Saturday,5,May,5,7,1,0,,568-4,4,5,1.0,0.368,0.632,Cloudy,Cloudy,75.0,9,0,0,0,,0,,0,,,,,No giveaway,65-75F,2,Clean control,2,No giveaway in homestand
20260510,568,431,5010.0,1,day,Sunday,6,May,5,7,1,1,Mother's Day,568-4,5,5,1.0,0.385,0.615,Clear,Sunny,70.0,1,0,0,0,,0,,0,,,,,No giveaway,65-75F,2,Clean control,2,No giveaway in homestand
20260526,568,234,4118.0,1,night,Tuesday,1,May,5,9,0,0,,568-5,1,6,16.0,0.365,0.423,Cloudy,Cloudy,73.0,6,0,0,0,,0,,0,,,,,No giveaway,65-75F,2,Clean control,2,No giveaway in homestand
20260527,568,234,3856.0,1,night,Wednesday,2,May,5,9,0,0,,568-5,2,6,1.0,0.377,0.415,Cloudy,Partly Cloudy,86.0,9,0,0,0,,0,,0,,,,,No giveaway,85F+,4,Clean control,2,No giveaway in homestand
20260528,568,234,5684.0,1,day,Thursday,3,May,5,9,0,0,,568-5,3,6,1.0,0.389,0.407,Cloudy,Partly Cloudy,82.0,9,0,0,0,,0,,0,,,,,No giveaway,75-85F,3,Clean control,2,No giveaway in homestand
20260529,568,234,6763.0,1,night,Friday,4,May,5,10,1,0,,568-5,4,6,1.0,0.382,0.418,Clear,Clear,79.0,7,0,0,0,,0,,0,,,,,No giveaway,75-85F,3,Clean control,2,No giveaway in homestand
20260530,568,234,10149.0,1,night,Saturday,5,May,5,10,1,0,,568-5,5,6,1.0,0.393,0.411,Clear,Clear,71.0,8,0,0,0,,0,,0,,,,,No giveaway,65-75F,2,Clean control,2,No giveaway in homestand
20260531,568,234,6795.0,1,day,Sunday,6,May,5,10,1,0,,568-5,6,6,1.0,0.386,0.421,Cloudy,Partly Cloudy,71.0,8,0,0,0,,0,,0,,,,,No giveaway,65-75F,2,Clean control,2,No giveaway in homestand
20260609,568,235,4399.0,1,night,Tuesday,1,June,6,11,0,0,,568-6,1,5,9.0,0.391,0.609,Cloudy,Partly Cloudy,78.0,7,0,0,0,,0,,0,,,,,No giveaway,75-85F,3,Clean control,2,No giveaway in homestand
20260611,568,235,4567.0,2,day,Thursday,3,June,6,11,0,0,,568-6,2,5,2.0,0.379,0.621,Cloudy,Partly Cloudy,90.0,8,0,0,0,,0,,0,,,,,No giveaway,85F+,4,Clean control,2,No giveaway in homestand
20260612,568,235,5071.0,1,night,Friday,4,June,6,12,1,0,,568-6,3,5,1.0,0.373,0.627,Cloudy,Partly Cloudy,97.0,9,0,0,0,,0,,0,,,,,No giveaway,85F+,4,Clean control,2,No giveaway in homestand
20260613,568,235,7185.0,1,night,Saturday,5,June,6,12,1,0,,568-6,4,5,1.0,0.382,0.618,Cloudy,Cloudy,87.0,7,0,0,0,,0,,0,,,,,No giveaway,85F+,4,Clean control,2,No giveaway in homestand
20260614,568,235,3722.0,1,day,Sunday,6,June,6,12,1,0,,568-6,5,5,1.0,0.377,0.623,Cloudy,Partly Cloudy,92.0,8,0,0,0,,0,,0,,,,,No giveaway,85F+,4,Clean control,2,No giveaway in homestand
20260624,568,234,7012.0,2,night,Wednesday,2,June,6,13,0,0,,568-7,1,4,10.0,0.364,0.39,Cloudy,Cloudy,81.0,5,0,0,0,,0,,0,,,,,No giveaway,75-85F,3,Clean control,2,No giveaway in homestand
20260625,568,234,5213.0,1,day,Thursday,3,June,6,13,0,0,,568-7,2,4,1.0,0.359,0.397,Cloudy,Cloudy,80.0,9,0,0,0,,0,,0,,,,,No giveaway,75-85F,3,Clean control,2,No giveaway in homestand
20260626,568,234,6042.0,1,night,Friday,4,June,6,14,1,0,,568-7,3,4,1.0,0.354,0.405,Cloudy,Cloudy,86.0,10,0,0,0,,0,,0,,,,,No giveaway,85F+,4,Clean control,2,No giveaway in homestand
20260628,568,234,4593.0,2,day,Sunday,6,June,6,14,1,0,,568-7,4,4,2.0,0.358,0.407,Cloudy,Overcast,80.0,4,0,0,0,,0,,0,,,,,No giveaway,75-85F,3,Clean control,2,No giveaway in homestand
20260708,568,552,4002.0,2,night,Wednesday,2,July,7,15,0,0,,568-8,1,5,10.0,0.352,0.506,Cloudy,Cloudy,79.0,9,0,0,0,,0,,0,,,,,No giveaway,75-85F,3,Clean control,2,No giveaway in homestand
20260709,568,552,3039.0,1,night,Thursday,3,July,7,15,0,0,,568-8,2,5,1.0,0.36,0.5,Cloudy,Partly Cloudy,92.0,10,0,0,0,,0,,0,,,,,No giveaway,85F+,4,Clean control,2,No giveaway in homestand
20260710,568,552,5437.0,1,night,Friday,4,July,7,16,1,0,,568-8,3,5,1.0,0.356,0.505,Cloudy,Cloudy,81.0,3,0,0,0,,0,,0,,,,,No giveaway,75-85F,3,Clean control,2,No giveaway in homestand
20260711,568,552,7678.0,1,night,Saturday,5,July,7,16,1,0,,568-8,4,5,1.0,0.363,0.5,Cloudy,Partly Cloudy,88.0,8,0,0,0,,0,,0,,,,,No giveaway,85F+,4,Clean control,2,No giveaway in homestand
20260728,568,533,5165.0,1,night,Tuesday,1,July,7,18,0,0,,568-9,1,6,17.0,0.366,0.52,Cloudy,Cloudy,84.0,13,0,0,0,,0,,0,,,,,No giveaway,75-85F,3,Clean control,2,No giveaway in homestand
20260729,568,533,4343.0,1,night,Wednesday,2,July,7,18,0,0,,568-9,2,6,1.0,0.363,0.525,Cloudy,Partly Cloudy,85.0,10,0,0,0,,0,,0,,,,,No giveaway,75-85F,3,Clean control,2,No giveaway in homestand
20260730,568,533,4172.0,1,night,Thursday,3,July,7,18,0,0,,568-9,3,6,1.0,0.359,0.53,Cloudy,Partly Cloudy,85.0,7,0,0,0,,0,,0,,,,,No giveaway,75-85F,3,Clean control,2,No giveaway in homestand
20260731,568,533,9504.0,1,night,Friday,4,July,7,19,1,0,,568-9,4,6,1.0,0.356,0.535,Cloudy,Partly Cloudy,88.0,7,0,0,0,,0,,0,,,,,No giveaway,85F+,4,Clean control,2,No giveaway in homestand
20260801,568,533,8529.0,1,night,Saturday,5,August,8,19,1,0,,568-9,5,6,1.0,0.352,0.539,Cloudy,Partly Cloudy,84.0,11,0,0,0,,0,,0,,,,,No giveaway,75-85F,3,Clean control,2,No giveaway in homestand
20260802,568,533,5496.0,1,day,Sunday,6,August,8,19,1,0,,568-9,6,6,1.0,0.349,0.544,Cloudy,Cloudy,88.0,11,0,0,0,,0,,0,,,,,No giveaway,85F+,4,Clean control,2,No giveaway in homestand
20260811,568,431,6088.0,1,night,Tuesday,1,August,8,20,0,0,,568-10,1,11,9.0,0.354,0.509,Cloudy,Partly Cloudy,89.0,8,0,0,0,,0,,0,,,,,No giveaway,85F+,4,Clean control,2,No giveaway in homestand
20260812,568,431,3260.0,1,night,Wednesday,2,August,8,20,0,0,,568-10,2,11,1.0,0.36,0.504,Cloudy,Partly Cloudy,86.0,8,0,0,0,,0,,0,,,,,No giveaway,85F+,4,Clean control,2,No giveaway in homestand
20260813,568,431,4008.0,1,day,Thursday,3,August,8,20,0,0,,568-10,3,11,1.0,0.357,0.509,Clear,Sunny,86.0,7,0,0,0,,0,,0,,,,,No giveaway,85F+,4,Clean control,2,No giveaway in homestand
20260814,568,431,5228.0,1,night,Friday,4,August,8,21,1,0,,568-10,4,11,1.0,0.362,0.504,Cloudy,Partly Cloudy,93.0,6,0,0,0,,0,,0,,,,,No giveaway,85F+,4,Clean control,2,No giveaway in homestand
20260815,568,431,8078.0,1,night,Saturday,5,August,8,21,1,0,,568-10,5,11,1.0,0.359,0.508,Cloudy,Partly Cloudy,82.0,8,0,0,0,,0,,0,,,,,No giveaway,75-85F,3,Clean control,2,No giveaway in homestand
20260816,568,431,4438.0,1,day,Sunday,6,August,8,21,1,0,,568-10,6,11,1.0,0.364,0.504,Cloudy,Cloudy,85.0,9,0,0,0,,0,,0,,,,,No giveaway,75-85F,3,Clean control,2,No giveaway in homestand
20260818,568,556,7015.0,1,night,Tuesday,1,August,8,21,0,0,,568-10,7,11,2.0,0.37,0.537,Cloudy,Partly Cloudy,86.0,9,0,0,0,,0,,0,,,,,No giveaway,85F+,4,Clean control,2,No giveaway in homestand
20260819,568,556,3672.0,1,night,Wednesday,2,August,8,21,0,0,,568-10,8,11,1.0,0.375,0.533,Cloudy,Partly Cloudy,90.0,8,0,0,0,,0,,0,,,,,No giveaway,85F+,4,Clean control,2,No giveaway in homestand
20260820,568,556,3416.0,1,day,Thursday,3,August,8,21,0,0,,568-10,9,11,1.0,0.372,0.537,Cloudy,Partly Cloudy,88.0,8,0,0,0,,0,,0,,,,,No giveaway,85F+,4,Clean control,2,No giveaway in homestand
20260822,568,556,6384.0,1,night,Saturday,5,August,8,22,1,0,,568-10,10,11,2.0,0.369,0.54,Cloudy,Partly Cloudy,84.0,6,0,0,0,,0,,0,,,,,No giveaway,75-85F,3,Clean control,2,No giveaway in homestand
20260823,568,556,5118.0,1,day,Sunday,6,August,8,22,1,0,,568-10,11,11,1.0,0.366,0.544,Cloudy,Partly Cloudy,84.0,9,0,0,0,,0,,0,,,,,No giveaway,75-85F,3,Clean control,2,No giveaway in homestand
20260327,238,342,6834.0,1,night,Friday,4,March,3,1,1,0,,238-1,1,3,,0.0,1.0,Cloudy,Overcast,58.0,18,0,0,0,,1,-1.0,1,4924.0,0.3278,1910.0,38.79,No giveaway,55-65F,1,Adjacent to a giveaway,1,-1 games
20260328,238,342,5386.0,1,night,Saturday,5,March,3,1,1,0,,238-1,2,3,1.0,0.5,0.5,Cloudy,Partly Cloudy,60.0,7,0,1,1,"Comets hat, first 1000 fans",1,0.0,1,5175.0,0.04,211.0,4.08,Giveaway,55-65F,1,Giveaway,0,Giveaway
20260329,238,342,4022.0,1,day,Sunday,6,March,3,1,1,0,,238-1,3,3,1.0,0.667,0.333,Clear,Sunny,75.0,22,0,0,0,,1,1.0,1,4815.0,-0.1799,-793.0,-16.47,No giveaway,65-75F,2,Adjacent to a giveaway,1,+1 games
20260407,238,102,3898.0,1,night,Tuesday,1,April,4,2,0,0,,238-2,1,6,9.0,0.5,0.2,Clear,Clear,70.0,8,0,0,0,,0,,1,4105.0,-0.0517,-207.0,-5.04,No giveaway,65-75F,2,Clean control,2,No giveaway in homestand
20260408,238,102,6328.0,1,day,Wednesday,2,April,4,2,0,0,,238-2,2,6,1.0,0.455,0.273,Clear,Sunny,66.0,13,0,0,0,,0,,1,4408.0,0.3617,1920.0,43.57,No giveaway,65-75F,2,Clean control,2,No giveaway in homestand
20260409,238,102,3649.0,1,night,Thursday,3,April,4,2,0,0,,238-2,3,6,1.0,0.417,0.333,Clear,Clear,78.0,21,0,0,0,,0,,1,4296.0,-0.1633,-647.0,-15.07,No giveaway,75-85F,3,Clean control,2,No giveaway in homestand
20260410,238,102,5429.0,1,night,Friday,4,April,4,3,1,0,,238-2,4,6,1.0,0.462,0.308,Cloudy,Partly Cloudy,73.0,11,0,0,0,,0,,1,6040.0,-0.1067,-611.0,-10.12,No giveaway,65-75F,2,Clean control,2,No giveaway in homestand
20260411,238,102,5988.0,1,night,Saturday,5,April,4,3,1,0,,238-2,5,6,1.0,0.5,0.286,Cloudy,Partly Cloudy,77.0,9,0,0,0,,0,,1,5702.0,0.049,286.0,5.02,No giveaway,75-85F,3,Clean control,2,No giveaway in homestand
20260412,238,102,4167.0,1,day,Sunday,6,April,4,3,1,0,,238-2,6,6,1.0,0.533,0.267,Cloudy,Partly Cloudy,74.0,12,0,0,0,,0,,1,4776.0,-0.1365,-609.0,-12.76,No giveaway,65-75F,2,Clean control,2,No giveaway in homestand
20260421,238,529,3628.0,1,night,Tuesday,1,April,4,4,0,0,,238-3,1,6,9.0,0.5,0.455,Cloudy,Overcast,60.0,7,0,0,0,,1,-3.0,1,3518.0,0.0307,110.0,3.12,No giveaway,55-65F,1,Adjacent to a giveaway,1,3+ away
20260422,238,529,3438.0,1,night,Wednesday,2,April,4,4,0,0,,238-3,2,6,1.0,0.522,0.435,Cloudy,Cloudy,68.0,13,0,0,0,,1,-2.0,1,3711.0,-0.0764,-273.0,-7.36,No giveaway,65-75F,2,Adjacent to a giveaway,1,-2 games
20260423,238,529,6488.0,1,day,Thursday,3,April,4,4,0,0,,238-3,3,6,1.0,0.5,0.458,Cloudy,Partly Cloudy,71.0,20,0,0,0,,1,-1.0,1,4608.0,0.3422,1880.0,40.81,No giveaway,65-75F,2,Adjacent to a giveaway,1,-1 games
20260424,238,529,6367.0,1,night,Friday,4,April,4,5,1,0,,238-3,4,6,1.0,0.48,0.48,Cloudy,Cloudy,69.0,11,0,1,1,"Los Angeles Dodgers Celebration Night Poster, first 1000 fans",1,0.0,1,5642.0,0.1209,725.0,12.85,Giveaway,65-75F,2,Giveaway,0,Giveaway
20260425,238,529,5839.0,1,night,Saturday,5,April,4,5,1,0,,238-3,5,6,1.0,0.462,0.5,Cloudy,Partly Cloudy,72.0,5,0,0,0,,1,1.0,1,5360.0,0.0856,479.0,8.94,No giveaway,65-75F,2,Adjacent to a giveaway,1,+1 games
20260426,238,529,4639.0,1,day,Sunday,6,April,4,5,1,0,,238-3,6,6,1.0,0.444,0.519,Cloudy,Partly Cloudy,85.0,16,0,0,0,,1,2.0,1,4279.0,0.0807,360.0,8.4,No giveaway,75-85F,3,Adjacent to a giveaway,1,+2 games
20260505,238,561,5004.0,1,night,Tuesday,1,May,5,6,0,0,,238-4,1,6,9.0,0.5,0.441,Cloudy,Cloudy,52.0,15,0,0,0,,0,,1,4175.0,0.1811,829.0,19.85,No giveaway,Under 55F,0,Clean control,2,No giveaway in homestand
20260506,238,561,9436.0,1,day,Wednesday,2,May,5,6,0,0,,238-4,2,6,1.0,0.514,0.429,Cloudy,Partly Cloudy,54.0,14,0,0,0,,0,,1,4815.0,0.6728,4621.0,95.98,No giveaway,Under 55F,0,Clean control,2,No giveaway in homestand
20260507,238,561,3633.0,1,night,Thursday,3,May,5,6,0,0,,238-4,3,6,1.0,0.528,0.417,Clear,Clear,74.0,4,0,0,0,,0,,1,5480.0,-0.411,-1847.0,-33.7,No giveaway,65-75F,2,Clean control,2,No giveaway in homestand
20260508,238,561,8586.0,1,night,Friday,4,May,5,7,1,0,,238-4,4,6,1.0,0.514,0.432,Cloudy,Partly Cloudy,65.0,6,0,0,0,,0,,1,7381.0,0.1513,1205.0,16.33,No giveaway,55-65F,1,Clean control,2,No giveaway in homestand
20260509,238,561,10050.0,1,night,Saturday,5,May,5,7,1,0,,238-4,5,6,1.0,0.526,0.421,Clear,Clear,84.0,8,0,0,0,,0,,1,6976.0,0.3651,3074.0,44.06,No giveaway,75-85F,3,Clean control,2,No giveaway in homestand
20260519,238,2310,3213.0,1,night,Tuesday,1,May,5,8,0,0,,238-5,1,6,10.0,0.556,0.478,Cloudy,Overcast,54.0,9,0,0,0,,1,-4.0,1,4161.0,-0.2586,-948.0,-22.79,No giveaway,Under 55F,0,Adjacent to a giveaway,1,3+ away
20260520,238,2310,3034.0,1,night,Wednesday,2,May,5,8,0,0,,238-5,2,6,1.0,0.565,0.468,Cloudy,Overcast,60.0,9,0,0,0,,1,-3.0,1,4531.0,-0.401,-1497.0,-33.04,No giveaway,55-65F,1,Adjacent to a giveaway,1,3+ away
20260521,238,2310,3529.0,1,night,Thursday,3,May,5,8,0,0,,238-5,3,6,1.0,0.574,0.458,Cloudy,Overcast,65.0,4,0,0,0,,1,-2.0,1,5187.0,-0.3852,-1658.0,-31.97,No giveaway,55-65F,1,Adjacent to a giveaway,1,-2 games
20260522,238,2310,6324.0,1,night,Friday,4,May,5,9,1,0,,238-5,4,6,1.0,0.562,0.469,Cloudy,Partly Cloudy,78.0,7,0,0,0,,1,-1.0,1,7458.0,-0.165,-1134.0,-15.21,No giveaway,75-85F,3,Adjacent to a giveaway,1,-1 games
20260523,238,2310,6958.0,1,night,Saturday,5,May,5,9,1,0,,238-5,5,6,1.0,0.551,0.48,Cloudy,Partly Cloudy,78.0,8,0,1,1,"Y2K bucket hat, first 1000 fans",1,0.0,1,7034.0,-0.0108,-76.0,-1.08,Giveaway,75-85F,3,Giveaway,0,Giveaway
20260524,238,2310,6005.0,1,day,Sunday,6,May,5,9,1,0,,238-5,6,6,1.0,0.56,0.471,Clear,Sunny,81.0,5,0,0,0,,1,1.0,1,5812.0,0.0327,193.0,3.32,No giveaway,75-85F,3,Adjacent to a giveaway,1,+1 games
20260602,238,102,5023.0,1,night,Tuesday,1,June,6,10,0,0,,238-6,1,6,9.0,0.579,0.414,Cloudy,Partly Cloudy,83.0,10,0,0,0,,0,,1,5278.0,-0.0495,-255.0,-4.83,No giveaway,75-85F,3,Clean control,2,No giveaway in homestand
20260603,238,102,3524.0,1,night,Wednesday,2,June,6,10,0,0,,238-6,2,6,1.0,0.569,0.424,Cloudy,Partly Cloudy,81.0,11,0,0,0,,0,,1,5255.0,-0.3995,-1731.0,-32.94,No giveaway,75-85F,3,Clean control,2,No giveaway in homestand
20260604,238,102,4249.0,1,night,Thursday,3,June,6,10,0,0,,238-6,3,6,1.0,0.576,0.417,Cloudy,Partly Cloudy,86.0,13,0,0,0,,0,,1,5541.0,-0.2654,-1292.0,-23.31,No giveaway,85F+,4,Clean control,2,No giveaway in homestand
20260605,238,102,7728.0,1,night,Friday,4,June,6,11,1,0,,238-6,4,6,1.0,0.567,0.426,Cloudy,Cloudy,82.0,4,0,0,0,,0,,1,7969.0,-0.0307,-241.0,-3.02,No giveaway,75-85F,3,Clean control,2,No giveaway in homestand
20260606,238,102,7860.0,1,night,Saturday,5,June,6,11,1,0,,238-6,5,6,1.0,0.557,0.435,Cloudy,Cloudy,82.0,12,0,0,0,,0,,1,7516.0,0.0448,344.0,4.58,No giveaway,75-85F,3,Clean control,2,No giveaway in homestand
20260607,238,102,6343.0,1,day,Sunday,6,June,6,11,1,0,,238-6,6,6,1.0,0.565,0.429,Cloudy,Cloudy,79.0,10,0,0,0,,0,,1,6371.0,-0.0043,-28.0,-0.43,No giveaway,75-85F,3,Clean control,2,No giveaway in homestand
20260616,238,105,5012.0,1,night,Tuesday,1,June,6,12,0,0,,238-7,1,6,9.0,0.551,0.597,Clear,Clear,87.0,7,0,0,0,,0,,1,4839.0,0.035,173.0,3.56,No giveaway,85F+,4,Clean control,2,No giveaway in homestand
20260617,238,105,3426.0,1,night,Wednesday,2,June,6,12,0,0,,238-7,2,6,1.0,0.543,0.603,Clear,Clear,92.0,16,0,0,0,,0,,1,4495.0,-0.2715,-1069.0,-23.77,No giveaway,85F+,4,Clean control,2,No giveaway in homestand
20260618,238,105,5028.0,1,day,Thursday,3,June,6,12,0,0,,238-7,3,6,1.0,0.549,0.594,Cloudy,Cloudy,80.0,11,0,0,0,,0,,1,6183.0,-0.2068,-1155.0,-18.68,No giveaway,75-85F,3,Clean control,2,No giveaway in homestand
20260619,238,105,8322.0,1,night,Friday,4,June,6,13,1,0,,238-7,4,6,1.0,0.556,0.586,Clear,Clear,82.0,5,0,0,0,,0,,1,7588.0,0.0923,734.0,9.67,No giveaway,75-85F,3,Clean control,2,No giveaway in homestand
20260620,238,105,10210.0,1,night,Saturday,5,June,6,13,1,0,,238-7,5,6,1.0,0.562,0.577,Clear,Clear,85.0,16,0,0,0,,0,,1,7030.0,0.3732,3180.0,45.24,No giveaway,75-85F,3,Clean control,2,No giveaway in homestand
20260621,238,105,5472.0,1,night,Sunday,6,June,6,13,1,1,Father's Day,238-7,6,6,1.0,0.554,0.583,Cloudy,Partly Cloudy,91.0,13,0,0,0,,0,,1,5269.0,0.0378,203.0,3.85,No giveaway,85F+,4,Clean control,2,No giveaway in homestand
20260630,238,5434,4648.0,1,night,Tuesday,1,June,6,14,0,0,,238-8,1,11,9.0,0.556,0.457,Clear,Clear,91.0,8,0,0,0,,1,-3.0,1,4832.0,-0.0387,-184.0,-3.8,No giveaway,85F+,4,Adjacent to a giveaway,1,3+ away
20260701,238,5434,3893.0,1,night,Wednesday,2,July,7,14,0,0,,238-8,2,11,1.0,0.549,0.463,Cloudy,Partly Cloudy,91.0,15,0,0,0,,1,-2.0,1,4714.0,-0.1913,-821.0,-17.41,No giveaway,85F+,4,Adjacent to a giveaway,1,-2 games
20260702,238,5434,5102.0,1,night,Thursday,3,July,7,14,0,0,,238-8,3,11,1.0,0.542,0.47,Clear,Clear,91.0,9,0,0,0,,1,-1.0,1,5138.0,-0.0069,-36.0,-0.69,No giveaway,85F+,4,Adjacent to a giveaway,1,-1 games
20260703,238,5434,7263.0,1,night,Friday,4,July,7,15,1,0,,238-8,4,11,1.0,0.548,0.464,Clear,Clear,91.0,6,0,1,1,"Comets luggage tag, first 1000 fans",1,0.0,1,7190.0,0.0101,73.0,1.01,Giveaway,85F+,4,Giveaway,0,Giveaway
20260704,238,5434,11290.0,1,night,Saturday,5,July,7,15,1,1,Independence Day,238-8,5,11,1.0,0.541,0.471,Cloudy,Cloudy,95.0,12,0,0,0,,1,1.0,1,6925.0,0.4887,4365.0,63.02,No giveaway,85F+,4,Adjacent to a giveaway,1,+1 games
20260705,238,5434,4448.0,1,night,Sunday,6,July,7,15,1,0,,238-8,6,11,1.0,0.547,0.465,Cloudy,Partly Cloudy,88.0,4,0,0,0,,1,2.0,1,5198.0,-0.1558,-750.0,-14.43,No giveaway,85F+,4,Adjacent to a giveaway,1,+2 games
20260707,238,4904,4013.0,1,night,Tuesday,1,July,7,15,0,0,,238-8,7,11,2.0,0.54,0.466,Clear,Clear,91.0,4,0,0,0,,1,3.0,1,5158.0,-0.2511,-1145.0,-22.2,No giveaway,85F+,4,Adjacent to a giveaway,1,3+ away
20260708,238,4904,3265.0,1,night,Wednesday,2,July,7,15,0,0,,238-8,8,11,1.0,0.545,0.461,Clear,Clear,95.0,5,0,0,0,,1,4.0,1,4277.0,-0.2701,-1012.0,-23.67,No giveaway,85F+,4,Adjacent to a giveaway,1,3+ away
20260709,238,4904,4254.0,1,night,Thursday,3,July,7,15,0,0,,238-8,9,11,1.0,0.551,0.456,Clear,Clear,95.0,14,0,0,0,,1,5.0,1,4671.0,-0.0935,-417.0,-8.92,No giveaway,85F+,4,Adjacent to a giveaway,1,3+ away
20260710,238,4904,9126.0,1,night,Friday,4,July,7,16,1,0,,238-8,10,11,1.0,0.556,0.451,Clear,Clear,95.0,10,0,0,0,,1,6.0,1,6536.0,0.3338,2590.0,39.63,No giveaway,85F+,4,Adjacent to a giveaway,1,3+ away
20260712,238,4904,4896.0,1,day,Sunday,6,July,7,16,1,0,,238-8,11,11,2.0,0.56,0.446,Clear,Sunny,81.0,6,0,0,0,,1,7.0,1,5922.0,-0.1903,-1026.0,-17.33,No giveaway,75-85F,3,Adjacent to a giveaway,1,3+ away
20260728,238,400,4987.0,1,night,Tuesday,1,July,7,18,0,0,,238-9,1,6,16.0,0.525,0.614,Clear,Clear,99.0,6,0,0,0,,1,-3.0,1,3707.0,0.2966,1280.0,34.53,No giveaway,85F+,4,Adjacent to a giveaway,1,3+ away
20260729,238,400,3960.0,1,night,Wednesday,2,July,7,18,0,0,,238-9,2,6,1.0,0.529,0.608,Cloudy,Partly Cloudy,99.0,11,0,0,0,,1,-2.0,1,3973.0,-0.0032,-13.0,-0.32,No giveaway,85F+,4,Adjacent to a giveaway,1,-2 games
20260730,238,400,4087.0,1,night,Thursday,3,July,7,18,0,0,,238-9,3,6,1.0,0.534,0.602,Clear,Clear,100.0,6,0,0,0,,1,-1.0,1,4256.0,-0.0404,-169.0,-3.96,No giveaway,85F+,4,Adjacent to a giveaway,1,-1 games
20260731,238,400,8988.0,1,night,Friday,4,July,7,19,1,0,,238-9,4,6,1.0,0.538,0.596,Clear,Clear,102.0,12,0,1,1,"Harry Potter scarf, first 1000 fans",1,0.0,1,5716.0,0.4527,3272.0,57.25,Giveaway,85F+,4,Giveaway,0,Giveaway
20260801,238,400,7586.0,1,night,Saturday,5,August,8,19,1,0,,238-9,5,6,1.0,0.543,0.59,Clear,Clear,90.0,12,0,1,1,"Player bobblehead presented by Lime, first 1000 fans",1,0.0,1,6470.0,0.1592,1116.0,17.26,Giveaway,85F+,4,Giveaway,0,Giveaway
20260802,238,400,5189.0,1,night,Sunday,6,August,8,19,1,0,,238-9,6,6,1.0,0.547,0.585,Clear,Clear,92.0,5,0,0,0,,1,1.0,1,4664.0,0.1067,525.0,11.25,No giveaway,85F+,4,Adjacent to a giveaway,1,+1 games
20260811,238,342,4012.0,1,night,Tuesday,1,August,8,20,0,0,,238-10,1,6,9.0,0.558,0.522,Clear,Clear,100.0,9,0,0,0,,0,,1,3958.0,0.0135,54.0,1.36,No giveaway,85F+,4,Clean control,2,No giveaway in homestand
20260812,238,342,3405.0,1,night,Wednesday,2,August,8,20,0,0,,238-10,2,6,1.0,0.561,0.517,Clear,Clear,101.0,8,0,0,0,,0,,1,3826.0,-0.1165,-421.0,-10.99,No giveaway,85F+,4,Clean control,2,No giveaway in homestand
20260813,238,342,3755.0,1,night,Thursday,3,August,8,20,0,0,,238-10,3,6,1.0,0.565,0.513,Clear,Clear,102.0,9,0,0,0,,0,,1,4090.0,-0.0855,-335.0,-8.2,No giveaway,85F+,4,Clean control,2,No giveaway in homestand
20260814,238,342,7358.0,1,night,Friday,4,August,8,21,1,0,,238-10,4,6,1.0,0.56,0.517,Clear,Clear,100.0,10,0,0,0,,0,,1,5957.0,0.2112,1401.0,23.52,No giveaway,85F+,4,Clean control,2,No giveaway in homestand
20260815,238,342,7012.0,1,night,Saturday,5,August,8,21,1,0,,238-10,5,6,1.0,0.564,0.513,Clear,Clear,99.0,8,0,0,0,,0,,1,5743.0,0.1997,1269.0,22.1,No giveaway,85F+,4,Clean control,2,No giveaway in homestand
20260816,238,342,4108.0,1,night,Sunday,6,August,8,21,1,0,,238-10,6,6,1.0,0.568,0.508,Cloudy,Partly Cloudy,103.0,6,0,0,0,,0,,1,3910.0,0.0495,198.0,5.07,No giveaway,85F+,4,Clean control,2,No giveaway in homestand
20260825,238,4904,4269.0,1,night,Tuesday,1,August,8,22,0,0,,238-11,1,6,9.0,0.56,0.405,Cloudy,Partly Cloudy,95.0,12,0,0,0,,0,,1,4492.0,-0.0509,-223.0,-4.97,No giveaway,85F+,4,Clean control,2,No giveaway in homestand
20260826,238,4904,3522.0,2,night,Wednesday,2,August,8,22,0,0,,238-11,2,6,1.0,0.559,0.406,Cloudy,Partly Cloudy,92.0,6,0,0,0,,0,,1,4627.0,-0.2729,-1105.0,-23.89,No giveaway,85F+,4,Clean control,2,No giveaway in homestand
20260827,238,4904,3788.0,1,night,Thursday,3,August,8,22,0,0,,238-11,3,6,1.0,0.555,0.411,Clear,Clear,95.0,9,0,0,0,,0,,1,4825.0,-0.2419,-1037.0,-21.49,No giveaway,85F+,4,Clean control,2,No giveaway in homestand
20260828,238,4904,8108.0,1,night,Friday,4,August,8,23,1,0,,238-11,4,6,1.0,0.558,0.408,Clear,Clear,97.0,10,0,0,0,,0,,1,6526.0,0.217,1582.0,24.24,No giveaway,85F+,4,Clean control,2,No giveaway in homestand
20260829,238,4904,8364.0,1,night,Saturday,5,August,8,23,1,0,,238-11,5,6,1.0,0.562,0.405,Cloudy,Partly Cloudy,100.0,9,0,0,0,,0,,1,5830.0,0.3609,2534.0,43.46,No giveaway,85F+,4,Clean control,2,No giveaway in homestand
20260830,238,4904,5650.0,1,night,Sunday,6,August,8,23,1,0,,238-11,6,6,1.0,0.565,0.402,Clear,Clear,101.0,7,0,0,0,,0,,1,4224.0,0.2909,1426.0,33.77,No giveaway,85F+,4,Clean control,2,No giveaway in homestand
20260331,541,422,3002.0,1,night,Tuesday,1,March,3,1,0,0,,541-1,1,5,,0.0,0.5,Cloudy,Partly Cloudy,60.0,14,0,1,1,2026 Magnet Schedule presented by Great Plains Communication,1,0.0,1,2378.0,0.233,624.0,26.24,Giveaway,55-65F,1,Giveaway,0,Giveaway
20260401,541,422,1470.0,1,day,Wednesday,2,April,4,1,0,0,,541-1,2,5,1.0,0.2,0.4,Cloudy,Overcast,46.0,5,0,0,0,,1,1.0,1,1786.0,-0.1947,-316.0,-17.69,No giveaway,Under 55F,0,Adjacent to a giveaway,1,+1 games
20260402,541,422,1332.0,1,night,Thursday,3,April,4,1,0,0,,541-1,3,5,1.0,0.333,0.333,Cloudy,Overcast,46.0,9,0,0,0,,1,2.0,1,1726.0,-0.2594,-394.0,-22.85,No giveaway,Under 55F,0,Adjacent to a giveaway,1,+2 games
20260404,541,422,1390.0,2,day,Saturday,5,April,4,2,1,0,,541-1,4,5,2.0,0.375,0.375,Cloudy,Partly Cloudy,44.0,21,0,0,0,,1,3.0,1,2389.0,-0.5418,-999.0,-41.83,No giveaway,Under 55F,0,Adjacent to a giveaway,1,3+ away
20260405,541,422,2192.0,1,day,Sunday,6,April,4,2,1,0,,541-1,5,5,1.0,0.444,0.333,Clear,Sunny,59.0,10,0,0,0,,1,4.0,1,2353.0,-0.0707,-161.0,-6.83,No giveaway,55-65F,1,Adjacent to a giveaway,1,3+ away
20260414,541,484,1699.0,1,day,Tuesday,1,April,4,3,0,0,,541-2,1,6,9.0,0.533,0.25,Cloudy,Partly Cloudy,73.0,2,0,0,0,,0,,1,2473.0,-0.3753,-774.0,-31.29,No giveaway,65-75F,2,Clean control,2,No giveaway in homestand
20260415,541,484,7690.0,1,day,Wednesday,2,April,4,3,0,0,,541-2,2,6,1.0,0.562,0.235,Cloudy,Cloudy,65.0,2,0,0,0,,0,,1,2357.0,1.1827,5333.0,226.33,No giveaway,55-65F,1,Clean control,2,No giveaway in homestand
20260416,541,484,2621.0,1,night,Thursday,3,April,4,3,0,0,,541-2,3,6,1.0,0.529,0.278,Clear,Clear,80.0,15,0,0,0,,0,,1,2308.0,0.1271,313.0,13.55,No giveaway,75-85F,3,Clean control,2,No giveaway in homestand
20260417,541,484,2069.0,1,night,Friday,4,April,4,4,1,0,,541-2,4,6,1.0,0.556,0.263,Cloudy,Overcast,53.0,19,0,0,0,,0,,1,2734.0,-0.2786,-665.0,-24.31,No giveaway,Under 55F,0,Clean control,2,No giveaway in homestand
20260418,541,484,2052.0,1,day,Saturday,5,April,4,4,1,0,,541-2,5,6,1.0,0.526,0.3,Cloudy,Partly Cloudy,52.0,7,0,0,0,,0,,1,2847.0,-0.3274,-795.0,-27.92,No giveaway,Under 55F,0,Clean control,2,No giveaway in homestand
20260419,541,484,2604.0,1,day,Sunday,6,April,4,4,1,0,,541-2,6,6,1.0,0.55,0.286,Clear,Sunny,61.0,8,0,0,0,,0,,1,2388.0,0.0867,216.0,9.06,No giveaway,55-65F,1,Clean control,2,No giveaway in homestand
20260428,541,416,2776.0,1,day,Tuesday,1,April,4,5,0,0,,541-3,1,6,9.0,0.444,0.607,Cloudy,Overcast,51.0,5,0,0,0,,0,,1,1809.0,0.4284,967.0,53.48,No giveaway,Under 55F,0,Clean control,2,No giveaway in homestand
20260429,541,416,2406.0,1,night,Wednesday,2,April,4,5,0,0,,541-3,2,6,1.0,0.429,0.621,Clear,Clear,62.0,3,0,0,0,,0,,1,1836.0,0.2702,570.0,31.02,No giveaway,55-65F,1,Clean control,2,No giveaway in homestand
20260430,541,416,2243.0,1,night,Thursday,3,April,4,5,0,0,,541-3,3,6,1.0,0.448,0.6,Cloudy,Partly Cloudy,56.0,12,0,0,0,,0,,1,1871.0,0.1814,372.0,19.89,No giveaway,55-65F,1,Clean control,2,No giveaway in homestand
20260501,541,416,4640.0,1,night,Friday,4,May,5,6,1,0,,541-3,4,6,1.0,0.433,0.613,Clear,Clear,56.0,12,0,0,0,,0,,1,3461.0,0.2932,1179.0,34.07,No giveaway,55-65F,1,Clean control,2,No giveaway in homestand
20260502,541,416,3146.0,1,night,Saturday,5,May,5,6,1,0,,541-3,5,6,1.0,0.452,0.594,Clear,Clear,67.0,7,0,0,0,,0,,1,3664.0,-0.1524,-518.0,-14.14,No giveaway,65-75F,2,Clean control,2,No giveaway in homestand
20260503,541,416,2549.0,1,day,Sunday,6,May,5,6,1,0,,541-3,6,6,1.0,0.438,0.606,Clear,Sunny,72.0,7,0,0,0,,0,,1,3112.0,-0.1997,-563.0,-18.1,No giveaway,65-75F,2,Clean control,2,No giveaway in homestand
20260512,541,512,2045.0,1,night,Tuesday,1,May,5,7,0,0,,541-4,1,6,9.0,0.436,0.525,Clear,Clear,79.0,15,0,0,0,,0,,1,2679.0,-0.27,-634.0,-23.66,No giveaway,75-85F,3,Clean control,2,No giveaway in homestand
20260513,541,512,3506.0,1,day,Wednesday,2,May,5,7,0,0,,541-4,2,6,1.0,0.45,0.512,Clear,Sunny,73.0,3,0,0,0,,0,,1,3010.0,0.1525,496.0,16.48,No giveaway,65-75F,2,Clean control,2,No giveaway in homestand
20260514,541,512,2682.0,1,night,Thursday,3,May,5,7,0,0,,541-4,3,6,1.0,0.463,0.5,Cloudy,Partly Cloudy,79.0,15,0,0,0,,0,,1,2891.0,-0.0751,-209.0,-7.24,No giveaway,75-85F,3,Clean control,2,No giveaway in homestand
20260515,541,512,3842.0,1,night,Friday,4,May,5,8,1,0,,541-4,4,6,1.0,0.452,0.512,Cloudy,Overcast,86.0,12,0,0,0,,0,,1,3861.0,-0.0049,-19.0,-0.48,No giveaway,85F+,4,Clean control,2,No giveaway in homestand
20260516,541,512,5075.0,1,night,Saturday,5,May,5,8,1,0,,541-4,5,6,1.0,0.465,0.5,Cloudy,Overcast,78.0,11,0,0,0,,0,,1,3830.0,0.2815,1245.0,32.52,No giveaway,75-85F,3,Clean control,2,No giveaway in homestand
20260517,541,512,4274.0,1,day,Sunday,6,May,5,8,1,0,,541-4,6,6,1.0,0.477,0.489,Cloudy,Cloudy,83.0,12,0,0,0,,0,,1,3127.0,0.3123,1147.0,36.66,No giveaway,75-85F,3,Clean control,2,No giveaway in homestand
20260526,541,235,1798.0,1,night,Tuesday,1,May,5,9,0,0,,541-5,1,6,9.0,0.49,0.596,Clear,Clear,88.0,10,0,0,0,,1,-4.0,1,2438.0,-0.3043,-640.0,-26.24,No giveaway,85F+,4,Adjacent to a giveaway,1,3+ away
20260527,541,235,2766.0,1,night,Wednesday,2,May,5,9,0,0,,541-5,2,6,1.0,0.481,0.604,Cloudy,Overcast,86.0,5,0,0,0,,1,-3.0,1,2447.0,0.1224,319.0,13.02,No giveaway,85F+,4,Adjacent to a giveaway,1,3+ away
20260528,541,235,3282.0,1,night,Thursday,3,May,5,9,0,0,,541-5,3,6,1.0,0.472,0.611,Cloudy,Overcast,82.0,10,0,0,0,,1,-2.0,1,2748.0,0.1775,534.0,19.42,No giveaway,75-85F,3,Adjacent to a giveaway,1,-2 games
20260529,541,235,3872.0,1,night,Friday,4,May,5,10,1,0,,541-5,4,6,1.0,0.481,0.6,Cloudy,Partly Cloudy,74.0,10,0,0,0,,1,-1.0,1,3937.0,-0.0167,-65.0,-1.65,No giveaway,65-75F,2,Adjacent to a giveaway,1,-1 games
20260530,541,235,6330.0,1,night,Saturday,5,May,5,10,1,0,,541-5,5,6,1.0,0.473,0.607,Cloudy,Cloudy,80.0,14,0,1,1,Runza Hockey Jersey presented by Runza,1,0.0,1,3671.0,0.5448,2659.0,72.42,Giveaway,75-85F,3,Giveaway,0,Giveaway
20260531,541,235,4060.0,1,night,Sunday,6,May,5,10,1,0,,541-5,6,6,1.0,0.464,0.614,Cloudy,Overcast,86.0,5,0,0,0,,1,1.0,1,2604.0,0.4441,1456.0,55.92,No giveaway,85F+,4,Adjacent to a giveaway,1,+1 games
20260609,541,400,3089.0,1,night,Tuesday,1,June,6,11,0,0,,541-6,1,6,9.0,0.444,0.597,Cloudy,Cloudy,88.0,16,0,0,0,,0,,1,2633.0,0.1596,456.0,17.31,No giveaway,85F+,4,Clean control,2,No giveaway in homestand
20260610,541,400,3105.0,1,day,Wednesday,2,June,6,11,0,0,,541-6,2,6,1.0,0.453,0.587,Cloudy,Partly Cloudy,85.0,8,0,0,0,,0,,1,3021.0,0.0276,84.0,2.8,No giveaway,75-85F,3,Clean control,2,No giveaway in homestand
20260611,541,400,3275.0,1,night,Thursday,3,June,6,11,0,0,,541-6,3,6,1.0,0.446,0.594,Clear,Clear,78.0,17,0,0,0,,0,,1,3029.0,0.0781,246.0,8.13,No giveaway,75-85F,3,Clean control,2,No giveaway in homestand
20260612,541,400,4057.0,1,night,Friday,4,June,6,12,1,0,,541-6,4,6,1.0,0.455,0.585,Cloudy,Partly Cloudy,80.0,10,0,0,0,,0,,1,4212.0,-0.0374,-155.0,-3.67,No giveaway,75-85F,3,Clean control,2,No giveaway in homestand
20260613,541,400,3074.0,1,night,Saturday,5,June,6,12,1,0,,541-6,5,6,1.0,0.448,0.591,Cloudy,Overcast,73.0,15,0,0,0,,0,,1,4020.0,-0.2682,-946.0,-23.53,No giveaway,65-75F,2,Clean control,2,No giveaway in homestand
20260614,541,400,4660.0,1,day,Sunday,6,June,6,12,1,0,,541-6,6,6,1.0,0.441,0.597,Cloudy,Partly Cloudy,69.0,14,0,0,0,,0,,1,3317.0,0.34,1343.0,40.5,No giveaway,65-75F,2,Clean control,2,No giveaway in homestand
20260623,541,445,2083.0,1,night,Tuesday,1,June,6,13,0,0,,541-7,1,12,9.0,0.453,0.547,Cloudy,Partly Cloudy,76.0,4,0,0,0,,1,-3.0,1,2868.0,-0.3197,-785.0,-27.36,No giveaway,75-85F,3,Adjacent to a giveaway,1,3+ away
20260624,541,445,2933.0,1,night,Wednesday,2,June,6,13,0,0,,541-7,2,12,1.0,0.447,0.553,Clear,Clear,81.0,5,0,0,0,,1,-2.0,1,2779.0,0.054,154.0,5.54,No giveaway,75-85F,3,Adjacent to a giveaway,1,-2 games
20260625,541,445,3666.0,1,night,Thursday,3,June,6,13,0,0,,541-7,3,12,1.0,0.455,0.545,Cloudy,Cloudy,71.0,5,0,0,0,,1,-1.0,1,3073.0,0.1765,593.0,19.3,No giveaway,65-75F,2,Adjacent to a giveaway,1,-1 games
20260626,541,445,4685.0,1,night,Friday,4,June,6,14,1,0,,541-7,4,12,1.0,0.449,0.551,Cloudy,Partly Cloudy,80.0,4,0,1,1,Pink out the Park Storm Chasers T-Shirt,1,0.0,1,4260.0,0.095,425.0,9.97,Giveaway,75-85F,3,Giveaway,0,Giveaway
20260627,541,445,4111.0,1,night,Saturday,5,June,6,14,1,0,,541-7,5,12,1.0,0.456,0.544,Cloudy,Cloudy,79.0,5,0,0,0,,1,1.0,1,4045.0,0.0162,66.0,1.63,No giveaway,75-85F,3,Adjacent to a giveaway,1,+1 games
20260628,541,445,4997.0,1,night,Sunday,6,June,6,14,1,0,,541-7,6,12,1.0,0.45,0.55,Clear,Clear,95.0,17,0,0,0,,1,2.0,1,2553.0,0.6715,2444.0,95.71,No giveaway,85F+,4,Adjacent to a giveaway,1,+2 games
20260630,541,484,1531.0,1,night,Tuesday,1,June,6,14,0,0,,541-7,7,12,2.0,0.444,0.427,Cloudy,Partly Cloudy,88.0,8,0,0,0,,1,3.0,1,2996.0,-0.6712,-1465.0,-48.89,No giveaway,85F+,4,Adjacent to a giveaway,1,3+ away
20260701,541,484,2087.0,1,night,Wednesday,2,July,7,14,0,0,,541-7,8,12,1.0,0.451,0.422,Cloudy,Partly Cloudy,86.0,12,0,0,0,,1,4.0,1,2659.0,-0.2423,-572.0,-21.52,No giveaway,85F+,4,Adjacent to a giveaway,1,3+ away
20260702,541,484,2767.0,1,night,Thursday,3,July,7,14,0,0,,541-7,9,12,1.0,0.446,0.429,Clear,Clear,91.0,10,0,0,0,,1,5.0,1,2743.0,0.0088,24.0,0.88,No giveaway,85F+,4,Adjacent to a giveaway,1,3+ away
20260703,541,484,6540.0,1,night,Friday,4,July,7,15,1,0,,541-7,10,12,1.0,0.44,0.435,Cloudy,Cloudy,74.0,2,0,0,0,,1,6.0,1,4262.0,0.4283,2278.0,53.46,No giveaway,65-75F,2,Adjacent to a giveaway,1,3+ away
20260704,541,484,7775.0,1,night,Saturday,5,July,7,15,1,1,Independence Day,541-7,11,12,1.0,0.435,0.442,Clear,Clear,83.0,2,0,0,0,,1,7.0,1,4226.0,0.6097,3549.0,83.98,No giveaway,75-85F,3,Adjacent to a giveaway,1,3+ away
20260705,541,484,2139.0,1,day,Sunday,6,July,7,15,1,0,,541-7,12,12,1.0,0.442,0.437,Cloudy,Partly Cloudy,87.0,2,0,0,0,,1,8.0,1,3158.0,-0.3896,-1019.0,-32.27,No giveaway,85F+,4,Adjacent to a giveaway,1,3+ away
20260717,541,1410,4863.0,1,night,Friday,4,July,7,17,1,0,,541-8,1,3,12.0,0.441,0.479,Cloudy,Partly Cloudy,92.0,9,0,1,1,Storm Chasers Ice Cream Jersey,1,0.0,1,3303.0,0.3868,1560.0,47.22,Giveaway,85F+,4,Giveaway,0,Giveaway
20260718,541,1410,5065.0,1,night,Saturday,5,July,7,17,1,0,,541-8,2,3,1.0,0.447,0.474,Cloudy,Partly Cloudy,90.0,4,0,1,1,Jac Caglianone Bobblehead presented by IAMS Wealth Management,1,0.0,1,3843.0,0.2761,1222.0,31.8,Giveaway,85F+,4,Giveaway,0,Giveaway
20260719,541,1410,5072.0,1,night,Sunday,6,July,7,17,1,0,,541-8,3,3,1.0,0.453,0.469,Cloudy,Cloudy,95.0,4,0,0,0,,1,1.0,1,2649.0,0.6497,2423.0,91.49,No giveaway,85F+,4,Adjacent to a giveaway,1,+1 games
20260728,541,1960,2373.0,1,night,Tuesday,1,July,7,18,0,0,,541-9,1,6,9.0,0.48,0.569,Clear,Clear,92.0,7,0,0,0,,1,-4.0,1,2495.0,-0.05,-122.0,-4.88,No giveaway,85F+,4,Adjacent to a giveaway,1,3+ away
20260729,541,1960,2727.0,1,day,Wednesday,2,July,7,18,0,0,,541-9,2,6,1.0,0.476,0.573,Cloudy,Cloudy,80.0,3,0,0,0,,1,-3.0,1,3092.0,-0.1258,-365.0,-11.82,No giveaway,75-85F,3,Adjacent to a giveaway,1,3+ away
20260730,541,1960,4046.0,1,night,Thursday,3,July,7,18,0,0,,541-9,3,6,1.0,0.471,0.577,Cloudy,Cloudy,83.0,5,0,0,0,,1,-2.0,1,2936.0,0.3207,1110.0,37.81,No giveaway,75-85F,3,Adjacent to a giveaway,1,-2 games
20260731,541,1960,6058.0,1,night,Friday,4,July,7,19,1,0,,541-9,4,6,1.0,0.476,0.571,Cloudy,Cloudy,73.0,18,0,0,0,,1,-1.0,1,4225.0,0.3604,1833.0,43.38,No giveaway,65-75F,2,Adjacent to a giveaway,1,-1 games
20260801,541,1960,5035.0,1,night,Saturday,5,August,8,19,1,0,,541-9,5,6,1.0,0.481,0.566,Clear,Clear,84.0,5,0,1,1,Storm Chasers Hawaiian Shirt,1,0.0,1,3775.0,0.2881,1260.0,33.39,Giveaway,75-85F,3,Giveaway,0,Giveaway
20260802,541,1960,6055.0,1,night,Sunday,6,August,8,19,1,0,,541-9,6,6,1.0,0.477,0.57,Clear,Clear,88.0,3,0,0,0,,1,1.0,1,2689.0,0.8117,3366.0,125.18,No giveaway,85F+,4,Adjacent to a giveaway,1,+1 games
20260818,541,534,2032.0,1,night,Tuesday,1,August,8,21,0,0,,541-10,1,6,16.0,0.475,0.605,Cloudy,Partly Cloudy,84.0,5,0,0,0,,1,-4.0,1,2419.0,-0.1745,-387.0,-16.01,No giveaway,75-85F,3,Adjacent to a giveaway,1,3+ away
20260819,541,534,2145.0,1,night,Wednesday,2,August,8,21,0,0,,541-10,2,6,1.0,0.471,0.608,Clear,Clear,80.0,3,0,0,0,,1,-3.0,1,2651.0,-0.2116,-506.0,-19.07,No giveaway,75-85F,3,Adjacent to a giveaway,1,3+ away
20260820,541,534,3831.0,1,night,Thursday,3,August,8,21,0,0,,541-10,3,6,1.0,0.467,0.612,Cloudy,Partly Cloudy,82.0,5,0,0,0,,1,-2.0,1,2861.0,0.2919,970.0,33.9,No giveaway,75-85F,3,Adjacent to a giveaway,1,-2 games
20260821,541,534,4810.0,1,night,Friday,4,August,8,22,1,0,,541-10,4,6,1.0,0.471,0.607,Clear,Clear,84.0,1,0,0,0,,1,-1.0,1,3951.0,0.1967,859.0,21.74,No giveaway,75-85F,3,Adjacent to a giveaway,1,-1 games
20260822,541,534,6089.0,1,night,Saturday,5,August,8,22,1,0,,541-10,5,6,1.0,0.467,0.61,Clear,Clear,84.0,6,0,1,1,Noah Cameron Bobblehead,1,0.0,1,3731.0,0.4899,2358.0,63.22,Giveaway,75-85F,3,Giveaway,0,Giveaway
20260823,541,534,3077.0,1,night,Sunday,6,August,8,22,1,0,,541-10,6,6,1.0,0.463,0.613,Cloudy,Cloudy,74.0,6,0,0,0,,1,1.0,1,2855.0,0.0747,222.0,7.76,No giveaway,65-75F,2,Adjacent to a giveaway,1,+1 games
20260327,2310,529,6055.0,1,day,Friday,4,March,3,1,1,0,,2310-1,1,3,,0.0,1.0,Cloudy,Partly Cloudy,68.0,4,0,1,1,2026 magnet schedule at all gates,1,0.0,0,,,,,Giveaway,65-75F,2,Giveaway,0,Giveaway
20260328,2310,529,5682.0,1,day,Saturday,5,March,3,1,1,0,,2310-1,2,3,1.0,0.5,0.5,Cloudy,Partly Cloudy,75.0,9,0,0,0,,1,1.0,0,,,,,No giveaway,65-75F,2,Adjacent to a giveaway,1,+1 games
20260329,2310,529,4663.0,1,day,Sunday,6,March,3,1,1,0,,2310-1,3,3,1.0,0.333,0.667,Clear,Sunny,68.0,2,0,0,0,,1,2.0,0,,,,,No giveaway,65-75F,2,Adjacent to a giveaway,1,+2 games
20260407,2310,561,2910.0,1,night,Tuesday,1,April,4,2,0,0,,2310-2,1,12,9.0,0.6,0.3,Cloudy,Partly Cloudy,65.0,12,0,0,0,,0,,0,,,,,No giveaway,55-65F,1,Clean control,2,No giveaway in homestand
20260408,2310,561,2994.0,1,night,Wednesday,2,April,4,2,0,0,,2310-2,2,12,1.0,0.636,0.273,Cloudy,Partly Cloudy,68.0,13,0,0,0,,0,,0,,,,,No giveaway,65-75F,2,Clean control,2,No giveaway in homestand
20260409,2310,561,2933.0,1,night,Thursday,3,April,4,2,0,0,,2310-2,3,12,1.0,0.667,0.25,Cloudy,Cloudy,58.0,10,0,0,0,,0,,0,,,,,No giveaway,55-65F,1,Clean control,2,No giveaway in homestand
20260410,2310,561,3889.0,1,night,Friday,4,April,4,3,1,0,,2310-2,4,12,1.0,0.615,0.308,Cloudy,Cloudy,53.0,13,0,0,0,,0,,0,,,,,No giveaway,Under 55F,0,Clean control,2,No giveaway in homestand
20260411,2310,561,4316.0,1,day,Saturday,5,April,4,3,1,0,,2310-2,5,12,1.0,0.643,0.286,Cloudy,Cloudy,55.0,10,0,0,0,,0,,0,,,,,No giveaway,Under 55F,0,Clean control,2,No giveaway in homestand
20260412,2310,561,2715.0,1,day,Sunday,6,April,4,3,1,0,,2310-2,6,12,1.0,0.6,0.333,Cloudy,Cloudy,45.0,9,0,0,0,,0,,0,,,,,No giveaway,Under 55F,0,Clean control,2,No giveaway in homestand
20260414,2310,400,2849.0,1,night,Tuesday,1,April,4,3,0,0,,2310-2,7,12,2.0,0.562,0.571,Clear,Clear,58.0,14,0,0,0,,0,,0,,,,,No giveaway,55-65F,1,Clean control,2,No giveaway in homestand
20260415,2310,400,2500.0,1,night,Wednesday,2,April,4,3,0,0,,2310-2,8,12,1.0,0.529,0.6,Cloudy,Partly Cloudy,58.0,18,0,0,0,,0,,0,,,,,No giveaway,55-65F,1,Clean control,2,No giveaway in homestand
20260416,2310,400,2590.0,1,night,Thursday,3,April,4,3,0,0,,2310-2,9,12,1.0,0.5,0.625,Clear,Clear,49.0,14,0,0,0,,0,,0,,,,,No giveaway,Under 55F,0,Clean control,2,No giveaway in homestand
20260417,2310,400,5212.0,1,night,Friday,4,April,4,4,1,0,,2310-2,10,12,1.0,0.526,0.588,Cloudy,Partly Cloudy,53.0,5,0,0,0,,0,,0,,,,,No giveaway,Under 55F,0,Clean control,2,No giveaway in homestand
20260418,2310,400,6580.0,1,day,Saturday,5,April,4,4,1,0,,2310-2,11,12,1.0,0.5,0.611,Clear,Sunny,70.0,3,0,0,0,,0,,0,,,,,No giveaway,65-75F,2,Clean control,2,No giveaway in homestand
20260419,2310,400,5136.0,1,day,Sunday,6,April,4,4,1,0,,2310-2,12,12,1.0,0.524,0.579,Cloudy,Cloudy,69.0,9,0,0,0,,0,,0,,,,,No giveaway,65-75F,2,Clean control,2,No giveaway in homestand
20260428,2310,5434,5412.0,1,day,Tuesday,1,April,4,5,0,0,,2310-3,1,6,9.0,0.464,0.571,Cloudy,Partly Cloudy,53.0,5,0,0,0,,1,-4.0,0,,,,,No giveaway,Under 55F,0,Adjacent to a giveaway,1,3+ away
20260429,2310,5434,2946.0,1,night,Wednesday,2,April,4,5,0,0,,2310-3,2,6,1.0,0.483,0.552,Cloudy,Partly Cloudy,69.0,5,0,0,0,,1,-3.0,0,,,,,No giveaway,65-75F,2,Adjacent to a giveaway,1,3+ away
20260430,2310,5434,3106.0,1,night,Thursday,3,April,4,5,0,0,,2310-3,3,6,1.0,0.5,0.533,Cloudy,Partly Cloudy,70.0,10,0,0,0,,1,-2.0,0,,,,,No giveaway,65-75F,2,Adjacent to a giveaway,1,-2 games
20260501,2310,5434,5112.0,1,night,Friday,4,May,5,6,1,0,,2310-3,4,6,1.0,0.516,0.516,Cloudy,Cloudy,72.0,8,0,0,0,,1,-1.0,0,,,,,No giveaway,65-75F,2,Adjacent to a giveaway,1,-1 games
20260502,2310,5434,6709.0,1,day,Saturday,5,May,5,6,1,0,,2310-3,5,6,1.0,0.5,0.531,Cloudy,Overcast,72.0,10,0,1,1,Dog bandana (Scooby Doo Night),1,0.0,0,,,,,Giveaway,65-75F,2,Giveaway,0,Giveaway
20260503,2310,5434,4508.0,1,day,Sunday,6,May,5,6,1,0,,2310-3,6,6,1.0,0.515,0.515,Cloudy,Partly Cloudy,69.0,8,0,0,0,,1,1.0,0,,,,,No giveaway,65-75F,2,Adjacent to a giveaway,1,+1 games
20260512,2310,400,2879.0,1,night,Tuesday,1,May,5,7,0,0,,2310-4,1,6,9.0,0.525,0.5,Cloudy,Partly Cloudy,83.0,14,0,0,0,,1,-4.0,0,,,,,No giveaway,75-85F,3,Adjacent to a giveaway,1,3+ away
20260513,2310,400,3173.0,1,night,Wednesday,2,May,5,7,0,0,,2310-4,2,6,1.0,0.512,0.513,Clear,Clear,75.0,13,0,0,0,,1,-3.0,0,,,,,No giveaway,65-75F,2,Adjacent to a giveaway,1,3+ away
20260514,2310,400,6112.0,1,day,Thursday,3,May,5,7,0,0,,2310-4,3,6,1.0,0.5,0.525,Clear,Sunny,67.0,3,0,0,0,,1,-2.0,0,,,,,No giveaway,65-75F,2,Adjacent to a giveaway,1,-2 games
20260515,2310,400,6771.0,1,night,Friday,4,May,5,8,1,0,,2310-4,4,6,1.0,0.512,0.512,Cloudy,Partly Cloudy,76.0,18,0,0,0,,1,-1.0,0,,,,,No giveaway,75-85F,3,Adjacent to a giveaway,1,-1 games
20260516,2310,400,6266.0,1,day,Saturday,5,May,5,8,1,0,,2310-4,5,6,1.0,0.5,0.524,Cloudy,Partly Cloudy,70.0,11,0,1,1,Aces Rope Hat (Top Gun Night),1,0.0,0,,,,,Giveaway,65-75F,2,Giveaway,0,Giveaway
20260517,2310,400,4476.0,1,day,Sunday,6,May,5,8,1,0,,2310-4,6,6,1.0,0.489,0.535,Cloudy,Cloudy,46.0,13,0,1,1,Flower for moms (Mother's Day),1,0.0,0,,,,,Giveaway,Under 55F,0,Giveaway,0,Giveaway
20260526,2310,105,6694.0,1,day,Tuesday,1,May,5,9,0,0,,2310-5,1,6,9.0,0.462,0.6,Cloudy,Partly Cloudy,54.0,16,0,0,0,,1,-4.0,0,,,,,No giveaway,Under 55F,0,Adjacent to a giveaway,1,3+ away
20260527,2310,105,2812.0,1,night,Wednesday,2,May,5,9,0,0,,2310-5,2,6,1.0,0.453,0.608,Cloudy,Partly Cloudy,51.0,11,0,0,0,,1,-3.0,0,,,,,No giveaway,Under 55F,0,Adjacent to a giveaway,1,3+ away
20260528,2310,105,2537.0,1,night,Thursday,3,May,5,9,0,0,,2310-5,3,6,1.0,0.444,0.615,Cloudy,Partly Cloudy,58.0,6,0,0,0,,1,-2.0,0,,,,,No giveaway,55-65F,1,Adjacent to a giveaway,1,-2 games
20260529,2310,105,6936.0,1,night,Friday,4,May,5,10,1,0,,2310-5,4,6,1.0,0.455,0.604,Cloudy,Partly Cloudy,60.0,10,0,0,0,,1,-1.0,0,,,,,No giveaway,55-65F,1,Adjacent to a giveaway,1,-1 games
20260530,2310,105,6197.0,1,night,Saturday,5,May,5,10,1,0,,2310-5,5,6,1.0,0.464,0.593,Cloudy,Partly Cloudy,69.0,8,0,1,1,Rally towel (Harry Potter Night),1,0.0,0,,,,,Giveaway,65-75F,2,Giveaway,0,Giveaway
20260531,2310,105,4744.0,1,day,Sunday,6,May,5,10,1,0,,2310-5,6,6,1.0,0.456,0.6,Clear,Sunny,69.0,3,0,0,0,,1,1.0,0,,,,,No giveaway,65-75F,2,Adjacent to a giveaway,1,+1 games
20260609,2310,561,3372.0,1,night,Tuesday,1,June,6,11,0,0,,2310-6,1,6,9.0,0.453,0.508,Clear,Clear,75.0,12,0,0,0,,1,-5.0,0,,,,,No giveaway,65-75F,2,Adjacent to a giveaway,1,3+ away
20260610,2310,561,3750.0,1,night,Wednesday,2,June,6,11,0,0,,2310-6,2,6,1.0,0.446,0.516,Clear,Clear,80.0,9,0,0,0,,1,-4.0,0,,,,,No giveaway,75-85F,3,Adjacent to a giveaway,1,3+ away
20260611,2310,561,3201.0,1,night,Thursday,3,June,6,11,0,0,,2310-6,3,6,1.0,0.455,0.508,Clear,Clear,87.0,4,0,0,0,,1,-3.0,0,,,,,No giveaway,85F+,4,Adjacent to a giveaway,1,3+ away
20260612,2310,561,8125.0,1,night,Friday,4,June,6,12,1,0,,2310-6,4,6,1.0,0.448,0.515,Clear,Clear,90.0,11,0,0,0,,1,-2.0,0,,,,,No giveaway,85F+,4,Adjacent to a giveaway,1,-2 games
20260613,2310,561,6033.0,1,night,Saturday,5,June,6,12,1,0,,2310-6,5,6,1.0,0.441,0.522,Cloudy,Partly Cloudy,91.0,6,0,0,0,,1,-1.0,0,,,,,No giveaway,85F+,4,Adjacent to a giveaway,1,-1 games
20260614,2310,561,3750.0,1,day,Sunday,6,June,6,12,1,0,,2310-6,6,6,1.0,0.435,0.529,Clear,Sunny,87.0,4,0,1,1,Woodstock bobblehead (Peanuts Night),1,0.0,0,,,,,Giveaway,85F+,4,Giveaway,0,Giveaway
20260623,2310,238,4052.0,1,night,Tuesday,1,June,6,13,0,0,,2310-7,1,6,9.0,0.434,0.547,Clear,Clear,86.0,12,0,0,0,,1,-5.0,0,,,,,No giveaway,85F+,4,Adjacent to a giveaway,1,3+ away
20260624,2310,238,4074.0,1,night,Wednesday,2,June,6,13,0,0,,2310-7,2,6,1.0,0.442,0.539,Clear,Clear,83.0,20,0,0,0,,1,-4.0,0,,,,,No giveaway,75-85F,3,Adjacent to a giveaway,1,3+ away
20260625,2310,238,3914.0,1,night,Thursday,3,June,6,13,0,0,,2310-7,3,6,1.0,0.436,0.545,Clear,Clear,82.0,17,0,0,0,,1,-3.0,0,,,,,No giveaway,75-85F,3,Adjacent to a giveaway,1,3+ away
20260626,2310,238,6899.0,1,night,Friday,4,June,6,14,1,0,,2310-7,4,6,1.0,0.43,0.551,Cloudy,Partly Cloudy,72.0,17,0,0,0,,1,-2.0,0,,,,,No giveaway,65-75F,2,Adjacent to a giveaway,1,-2 games
20260627,2310,238,7434.0,1,night,Saturday,5,June,6,14,1,0,,2310-7,5,6,1.0,0.438,0.544,Clear,Clear,68.0,14,0,0,0,,1,-1.0,0,,,,,No giveaway,65-75F,2,Adjacent to a giveaway,1,-1 games
20260628,2310,238,4364.0,1,night,Sunday,6,June,6,14,1,0,,2310-7,6,6,1.0,0.432,0.55,Clear,Clear,68.0,11,0,1,1,Scarf giveaway (Harry Potter Night),1,0.0,0,,,,,Giveaway,65-75F,2,Giveaway,0,Giveaway
20260707,2310,102,3395.0,1,night,Tuesday,1,July,7,15,0,0,,2310-8,1,6,9.0,0.443,0.443,Clear,Clear,89.0,16,0,0,0,,1,-4.0,0,,,,,No giveaway,85F+,4,Adjacent to a giveaway,1,3+ away
20260708,2310,102,3374.0,1,day,Wednesday,2,July,7,15,0,0,,2310-8,2,6,1.0,0.449,0.438,Clear,Sunny,90.0,1,0,0,0,,1,-3.0,0,,,,,No giveaway,85F+,4,Adjacent to a giveaway,1,3+ away
20260709,2310,102,3499.0,1,night,Thursday,3,July,7,15,0,0,,2310-8,3,6,1.0,0.456,0.433,Clear,Clear,87.0,11,0,0,0,,1,-2.0,0,,,,,No giveaway,85F+,4,Adjacent to a giveaway,1,-2 games
20260710,2310,102,7268.0,1,night,Friday,4,July,7,16,1,0,,2310-8,4,6,1.0,0.462,0.429,Clear,Clear,88.0,12,0,0,0,,1,-1.0,0,,,,,No giveaway,85F+,4,Adjacent to a giveaway,1,-1 games
20260711,2310,102,6103.0,1,night,Saturday,5,July,7,16,1,0,,2310-8,5,6,1.0,0.467,0.424,Cloudy,Cloudy,91.0,16,0,1,1,Hula Girl Giveaway (Lilo and Stitch Night),1,0.0,0,,,,,Giveaway,85F+,4,Giveaway,0,Giveaway
20260712,2310,102,4377.0,1,day,Sunday,6,July,7,16,1,0,,2310-8,6,6,1.0,0.462,0.43,Cloudy,Cloudy,85.0,12,0,0,0,,1,1.0,0,,,,,No giveaway,75-85F,3,Adjacent to a giveaway,1,+1 games
20260721,2310,529,3361.0,1,night,Tuesday,1,July,7,17,0,0,,2310-9,1,6,9.0,0.454,0.443,Cloudy,Partly Cloudy,80.0,12,0,0,0,,0,,0,,,,,No giveaway,75-85F,3,Clean control,2,No giveaway in homestand
20260722,2310,529,3550.0,1,night,Wednesday,2,July,7,17,0,0,,2310-9,2,6,1.0,0.459,0.439,Clear,Clear,85.0,12,0,0,0,,0,,0,,,,,No giveaway,75-85F,3,Clean control,2,No giveaway in homestand
20260723,2310,529,3624.0,1,night,Thursday,3,July,7,17,0,0,,2310-9,3,6,1.0,0.455,0.444,Clear,Clear,90.0,14,0,0,0,,0,,0,,,,,No giveaway,85F+,4,Clean control,2,No giveaway in homestand
20260724,2310,529,7519.0,1,night,Friday,4,July,7,18,1,0,,2310-9,4,6,1.0,0.46,0.44,Clear,Clear,93.0,14,0,0,0,,0,,0,,,,,No giveaway,85F+,4,Clean control,2,No giveaway in homestand
20260725,2310,529,7547.0,1,night,Saturday,5,July,7,18,1,0,,2310-9,5,6,1.0,0.465,0.436,Clear,Clear,88.0,15,0,0,0,,0,,0,,,,,No giveaway,85F+,4,Clean control,2,No giveaway in homestand
20260726,2310,529,4076.0,1,night,Sunday,6,July,7,18,1,0,,2310-9,6,6,1.0,0.471,0.431,Clear,Clear,91.0,17,0,0,0,,0,,0,,,,,No giveaway,85F+,4,Clean control,2,No giveaway in homestand
20260804,2310,4904,3337.0,1,night,Tuesday,1,August,8,19,0,0,,2310-10,1,6,9.0,0.459,0.407,Clear,Clear,93.0,6,0,0,0,,0,,0,,,,,No giveaway,85F+,4,Clean control,2,No giveaway in homestand
20260805,2310,4904,3037.0,1,night,Wednesday,2,August,8,19,0,0,,2310-10,2,6,1.0,0.464,0.404,Clear,Clear,95.0,12,0,0,0,,0,,0,,,,,No giveaway,85F+,4,Clean control,2,No giveaway in homestand
20260806,2310,4904,3191.0,1,night,Thursday,3,August,8,19,0,0,,2310-10,3,6,1.0,0.468,0.4,Clear,Clear,94.0,13,0,0,0,,0,,0,,,,,No giveaway,85F+,4,Clean control,2,No giveaway in homestand
20260807,2310,4904,7781.0,1,night,Friday,4,August,8,20,1,0,,2310-10,4,6,1.0,0.464,0.405,Cloudy,Partly Cloudy,95.0,7,0,0,0,,0,,0,,,,,No giveaway,85F+,4,Clean control,2,No giveaway in homestand
20260808,2310,4904,6644.0,1,night,Saturday,5,August,8,20,1,0,,2310-10,5,6,1.0,0.46,0.411,Cloudy,Partly Cloudy,95.0,11,0,0,0,,0,,0,,,,,No giveaway,85F+,4,Clean control,2,No giveaway in homestand
20260809,2310,4904,4159.0,1,day,Sunday,6,August,8,20,1,0,,2310-10,6,6,1.0,0.456,0.416,Clear,Sunny,97.0,4,0,0,0,,0,,0,,,,,No giveaway,85F+,4,Clean control,2,No giveaway in homestand
20260825,2310,105,4326.0,1,night,Tuesday,1,August,8,22,0,0,,2310-11,1,6,16.0,0.437,0.581,Cloudy,Partly Cloudy,84.0,12,0,0,0,,1,-4.0,0,,,,,No giveaway,75-85F,3,Adjacent to a giveaway,1,3+ away
20260826,2310,105,3467.0,1,night,Wednesday,2,August,8,22,0,0,,2310-11,2,6,1.0,0.433,0.584,Clear,Clear,84.0,14,0,0,0,,1,-3.0,0,,,,,No giveaway,75-85F,3,Adjacent to a giveaway,1,3+ away
20260827,2310,105,3632.0,1,night,Thursday,3,August,8,22,0,0,,2310-11,3,6,1.0,0.438,0.579,Cloudy,Cloudy,82.0,16,0,0,0,,1,-2.0,0,,,,,No giveaway,75-85F,3,Adjacent to a giveaway,1,-2 games
20260828,2310,105,6991.0,1,night,Friday,4,August,8,23,1,0,,2310-11,4,6,1.0,0.442,0.575,Cloudy,Partly Cloudy,71.0,4,0,0,0,,1,-1.0,0,,,,,No giveaway,65-75F,2,Adjacent to a giveaway,1,-1 games
20260829,2310,105,6640.0,1,night,Saturday,5,August,8,23,1,0,,2310-11,5,6,1.0,0.446,0.57,Clear,Clear,78.0,12,0,1,1,Aces cross body bag (Great Balloon Race Night),1,0.0,0,,,,,Giveaway,75-85F,3,Giveaway,0,Giveaway
20260830,2310,105,5389.0,1,day,Sunday,6,August,8,23,1,0,,2310-11,6,6,1.0,0.443,0.574,Clear,Sunny,79.0,2,0,0,0,,1,1.0,0,,,,,No giveaway,75-85F,3,Adjacent to a giveaway,1,+1 games
20260401,534,531,2549.0,1,day,Wednesday,2,April,4,1,0,0,,534-1,1,5,,0.75,0.5,Cloudy,Overcast,41.0,7,0,0,0,,0,,1,2450.0,0.0397,99.0,4.05,No giveaway,Under 55F,0,Clean control,2,No giveaway in homestand
20260402,534,531,2393.0,1,night,Thursday,3,April,4,1,0,0,,534-1,2,5,1.0,0.8,0.4,Cloudy,Overcast,48.0,5,0,0,0,,0,,1,2853.0,-0.176,-460.0,-16.13,No giveaway,Under 55F,0,Clean control,2,No giveaway in homestand
20260403,534,531,4736.0,2,day,Friday,4,April,4,2,1,0,,534-1,3,5,1.0,0.571,0.571,Cloudy,Partly Cloudy,75.0,28,0,0,0,,0,,1,5799.0,-0.2026,-1063.0,-18.34,No giveaway,65-75F,2,Clean control,2,No giveaway in homestand
20260404,534,531,3416.0,1,day,Saturday,5,April,4,2,1,0,,534-1,4,5,1.0,0.5,0.625,Cloudy,Overcast,49.0,10,0,0,0,,0,,1,4233.0,-0.2145,-817.0,-19.31,No giveaway,Under 55F,0,Clean control,2,No giveaway in homestand
20260405,534,531,2321.0,1,day,Sunday,6,April,4,2,1,0,,534-1,5,5,1.0,0.444,0.667,Cloudy,Overcast,45.0,16,0,0,0,,0,,1,2858.0,-0.2083,-537.0,-18.8,No giveaway,Under 55F,0,Clean control,2,No giveaway in homestand
20260414,534,422,2698.0,1,night,Tuesday,1,April,4,3,0,0,,534-2,1,5,9.0,0.5,0.5,Cloudy,Partly Cloudy,75.0,25,0,0,0,,0,,1,3507.0,-0.2623,-809.0,-23.07,No giveaway,65-75F,2,Clean control,2,No giveaway in homestand
20260415,534,422,2628.0,1,day,Wednesday,2,April,4,3,0,0,,534-2,2,5,1.0,0.529,0.471,Cloudy,Partly Cloudy,74.0,20,0,0,0,,0,,1,3924.0,-0.4009,-1296.0,-33.03,No giveaway,65-75F,2,Clean control,2,No giveaway in homestand
20260417,534,422,3321.0,2,night,Friday,4,April,4,4,1,0,,534-2,3,5,2.0,0.526,0.474,Clear,Clear,61.0,4,0,0,0,,0,,1,4890.0,-0.3868,-1569.0,-32.08,No giveaway,55-65F,1,Clean control,2,No giveaway in homestand
20260418,534,422,4667.0,1,day,Saturday,5,April,4,4,1,0,,534-2,4,5,1.0,0.5,0.5,Cloudy,Overcast,76.0,13,0,0,0,,0,,1,5660.0,-0.193,-993.0,-17.55,No giveaway,75-85F,3,Clean control,2,No giveaway in homestand
20260419,534,422,3575.0,1,day,Sunday,6,April,4,4,1,0,,534-2,5,5,1.0,0.524,0.476,Cloudy,Partly Cloudy,43.0,11,0,0,0,,0,,1,2861.0,0.2227,714.0,24.95,No giveaway,Under 55F,0,Clean control,2,No giveaway in homestand
20260428,534,533,2755.0,1,night,Tuesday,1,April,4,5,0,0,,534-3,1,5,9.0,0.5,0.556,Cloudy,Overcast,64.0,12,0,0,0,,0,,1,3304.0,-0.1816,-549.0,-16.61,No giveaway,55-65F,1,Clean control,2,No giveaway in homestand
20260430,534,533,4095.0,2,day,Thursday,3,April,4,5,0,0,,534-3,2,5,2.0,0.467,0.586,Cloudy,Overcast,50.0,11,0,0,0,,0,,1,3271.0,0.2247,824.0,25.2,No giveaway,Under 55F,0,Clean control,2,No giveaway in homestand
20260501,534,533,3642.0,1,night,Friday,4,May,5,6,1,0,,534-3,3,5,1.0,0.452,0.6,Precipitation,Drizzle,45.0,3,1,0,0,,0,,1,4531.0,-0.2184,-889.0,-19.62,No giveaway,Under 55F,0,Clean control,2,No giveaway in homestand
20260502,534,533,6663.0,1,day,Saturday,5,May,5,6,1,0,,534-3,4,5,1.0,0.469,0.581,Cloudy,Partly Cloudy,46.0,14,0,0,0,,0,,1,5369.0,0.2159,1294.0,24.1,No giveaway,Under 55F,0,Clean control,2,No giveaway in homestand
20260503,534,533,4166.0,1,day,Sunday,6,May,5,6,1,0,,534-3,5,5,1.0,0.485,0.562,Cloudy,Partly Cloudy,55.0,10,0,0,0,,0,,1,4707.0,-0.1222,-541.0,-11.5,No giveaway,Under 55F,0,Clean control,2,No giveaway in homestand
20260512,534,1410,3566.0,1,night,Tuesday,1,May,5,7,0,0,,534-4,1,6,9.0,0.525,0.475,Cloudy,Overcast,53.0,12,0,0,0,,1,-1.0,1,3904.0,-0.0906,-338.0,-8.66,No giveaway,Under 55F,0,Adjacent to a giveaway,1,-1 games
20260513,534,1410,3193.0,1,night,Wednesday,2,May,5,7,0,0,,534-4,2,6,1.0,0.537,0.463,Cloudy,Partly Cloudy,59.0,8,0,1,1,"ROC the Lilac Jersey, first 1000 fans",1,0.0,1,4202.0,-0.2745,-1009.0,-24.01,Giveaway,55-65F,1,Giveaway,0,Giveaway
20260514,534,1410,2881.0,1,night,Thursday,3,May,5,7,0,0,,534-4,3,6,1.0,0.524,0.476,Precipitation,Drizzle,46.0,6,1,0,0,,1,1.0,1,3386.0,-0.1616,-505.0,-14.93,No giveaway,Under 55F,0,Adjacent to a giveaway,1,+1 games
20260515,534,1410,5186.0,1,night,Friday,4,May,5,8,1,0,,534-4,4,6,1.0,0.535,0.465,Cloudy,Partly Cloudy,66.0,10,0,0,0,,1,2.0,1,6838.0,-0.2766,-1652.0,-24.16,No giveaway,65-75F,2,Adjacent to a giveaway,1,+2 games
20260516,534,1410,6493.0,1,night,Saturday,5,May,5,8,1,0,,534-4,5,6,1.0,0.545,0.455,Cloudy,Cloudy,63.0,10,0,0,0,,1,3.0,1,6322.0,0.0266,171.0,2.7,No giveaway,55-65F,1,Adjacent to a giveaway,1,3+ away
20260517,534,1410,4810.0,1,day,Sunday,6,May,5,8,1,0,,534-4,6,6,1.0,0.556,0.444,Clear,Sunny,80.0,8,0,0,0,,1,4.0,1,5496.0,-0.1332,-686.0,-12.47,No giveaway,75-85F,3,Adjacent to a giveaway,1,3+ away
20260525,534,552,10565.0,1,day,Monday,0,May,5,9,0,1,Memorial Day,534-5,1,6,8.0,0.608,0.529,Clear,Sunny,70.0,8,0,1,1,"Camo Jersey, first 1000 fans 21 and over",1,0.0,1,5909.0,0.5811,4656.0,78.8,Giveaway,65-75F,2,Giveaway,0,Giveaway
20260527,534,552,9410.0,1,day,Wednesday,2,May,5,9,0,0,,534-5,2,6,2.0,0.615,0.519,Clear,Sunny,72.0,6,0,0,0,,1,1.0,1,4961.0,0.6402,4449.0,89.69,No giveaway,65-75F,2,Adjacent to a giveaway,1,+1 games
20260528,534,552,5507.0,1,night,Thursday,3,May,5,9,0,0,,534-5,3,6,1.0,0.604,0.528,Clear,Clear,66.0,6,0,0,0,,1,-1.0,1,4744.0,0.1492,763.0,16.09,No giveaway,65-75F,2,Adjacent to a giveaway,1,-1 games
20260529,534,552,6807.0,1,night,Friday,4,May,5,10,1,0,,534-5,4,6,1.0,0.611,0.519,Cloudy,Partly Cloudy,72.0,18,0,1,1,"Mittsy Jersey, first 1000 fans, presented by ESL",1,0.0,1,6817.0,-0.0014,-10.0,-0.14,Giveaway,65-75F,2,Giveaway,0,Giveaway
20260530,534,552,7729.0,1,night,Saturday,5,May,5,10,1,0,,534-5,5,6,1.0,0.618,0.509,Clear,Clear,65.0,6,0,0,0,,1,1.0,1,6246.0,0.213,1483.0,23.74,No giveaway,55-65F,1,Adjacent to a giveaway,1,+1 games
20260531,534,552,7771.0,1,day,Sunday,6,May,5,10,1,0,,534-5,6,6,1.0,0.607,0.518,Cloudy,Partly Cloudy,73.0,15,0,0,0,,1,2.0,1,5388.0,0.3663,2383.0,44.24,No giveaway,65-75F,2,Adjacent to a giveaway,1,+2 games
20260609,534,533,6321.0,1,night,Tuesday,1,June,6,11,0,0,,534-6,1,12,9.0,0.603,0.541,Cloudy,Overcast,75.0,5,0,0,0,,1,-1.0,1,4847.0,0.2655,1474.0,30.41,No giveaway,65-75F,2,Adjacent to a giveaway,1,-1 games
20260610,534,533,4973.0,1,night,Wednesday,2,June,6,11,0,0,,534-6,2,12,1.0,0.609,0.532,Clear,Clear,82.0,6,0,1,1,"White Hots Jersey, first 1000 fans",1,0.0,1,4681.0,0.0606,292.0,6.25,Giveaway,75-85F,3,Giveaway,0,Giveaway
20260611,534,533,4616.0,1,day,Thursday,3,June,6,11,0,0,,534-6,3,12,1.0,0.615,0.524,Cloudy,Partly Cloudy,90.0,4,0,0,0,,1,1.0,1,5377.0,-0.1526,-761.0,-14.16,No giveaway,85F+,4,Adjacent to a giveaway,1,+1 games
20260612,534,533,6910.0,1,night,Friday,4,June,6,12,1,0,,534-6,4,12,1.0,0.621,0.516,Cloudy,Partly Cloudy,76.0,10,0,0,0,,1,-1.0,1,7320.0,-0.0576,-410.0,-5.6,No giveaway,75-85F,3,Adjacent to a giveaway,1,-1 games
20260613,534,533,10280.0,1,night,Saturday,5,June,6,12,1,0,,534-6,5,12,1.0,0.627,0.508,Clear,Clear,80.0,12,0,1,1,"Red Wings Performance Mesh Hat, first 2000 fans",1,0.0,1,6849.0,0.4061,3431.0,50.09,Giveaway,75-85F,3,Giveaway,0,Giveaway
20260616,534,512,4868.0,1,night,Tuesday,1,June,6,12,0,0,,534-6,7,12,3.0,0.618,0.464,Cloudy,Partly Cloudy,64.0,8,0,0,0,,1,2.0,1,5038.0,-0.0343,-170.0,-3.37,No giveaway,55-65F,1,Adjacent to a giveaway,1,+2 games
20260617,534,512,4632.0,1,day,Wednesday,2,June,6,12,0,0,,534-6,8,12,1.0,0.623,0.457,Cloudy,Cloudy,74.0,10,0,0,0,,1,-1.0,1,5305.0,-0.1356,-673.0,-12.68,No giveaway,65-75F,2,Adjacent to a giveaway,1,-1 games
20260618,534,512,4412.0,1,night,Thursday,3,June,6,12,0,0,,534-6,9,12,1.0,0.614,0.465,Cloudy,Cloudy,71.0,20,0,1,1,"Plates Jersey, first 500 fans 21 and over",1,0.0,1,5095.0,-0.1439,-683.0,-13.41,Giveaway,65-75F,2,Giveaway,0,Giveaway
20260619,534,512,6277.0,1,night,Friday,4,June,6,13,1,0,,534-6,10,12,1.0,0.62,0.458,Cloudy,Partly Cloudy,70.0,12,0,1,1,"Tom Alston Bobblehead, first 1000 fans",1,0.0,1,7111.0,-0.1247,-834.0,-11.73,Giveaway,65-75F,2,Giveaway,0,Giveaway
20260620,534,512,10199.0,1,night,Saturday,5,June,6,13,1,0,,534-6,11,12,1.0,0.625,0.452,Clear,Clear,73.0,13,0,1,1,"Cocos Locos Red Hawaiian Shirt, first 1000 fans",1,0.0,1,6771.0,0.4096,3428.0,50.62,Giveaway,65-75F,2,Giveaway,0,Giveaway
20260621,534,512,10260.0,1,day,Sunday,6,June,6,13,1,1,Father's Day,534-6,12,12,1.0,0.616,0.459,Clear,Sunny,73.0,3,0,0,0,,1,1.0,1,6106.0,0.5189,4154.0,68.02,No giveaway,65-75F,2,Adjacent to a giveaway,1,+1 games
20260630,534,1410,6554.0,1,night,Tuesday,1,June,6,14,0,0,,534-7,1,6,9.0,0.612,0.463,Cloudy,Partly Cloudy,91.0,10,0,0,0,,1,-5.0,1,4458.0,0.3853,2096.0,47.01,No giveaway,85F+,4,Adjacent to a giveaway,1,3+ away
20260701,534,1410,3859.0,1,night,Wednesday,2,July,7,14,0,0,,534-7,2,6,1.0,0.605,0.47,Clear,Clear,93.0,15,0,0,0,,1,-4.0,1,4233.0,-0.0925,-374.0,-8.83,No giveaway,85F+,4,Adjacent to a giveaway,1,3+ away
20260702,534,1410,3911.0,1,night,Thursday,3,July,7,14,0,0,,534-7,3,6,1.0,0.598,0.476,Cloudy,Partly Cloudy,91.0,6,0,0,0,,1,-3.0,1,4742.0,-0.1927,-831.0,-17.53,No giveaway,85F+,4,Adjacent to a giveaway,1,3+ away
20260703,534,1410,7467.0,1,night,Friday,4,July,7,15,1,0,,534-7,4,6,1.0,0.602,0.471,Cloudy,Partly Cloudy,80.0,8,0,0,0,,1,-2.0,1,7298.0,0.0229,169.0,2.32,No giveaway,75-85F,3,Adjacent to a giveaway,1,-2 games
20260704,534,1410,9210.0,1,night,Saturday,5,July,7,15,1,1,Independence Day,534-7,5,6,1.0,0.607,0.465,Cloudy,Partly Cloudy,74.0,4,0,0,0,,1,-1.0,1,7553.0,0.1983,1657.0,21.94,No giveaway,65-75F,2,Adjacent to a giveaway,1,-1 games
20260705,534,1410,4793.0,1,day,Sunday,6,July,7,15,1,0,,534-7,6,6,1.0,0.6,0.471,Cloudy,Partly Cloudy,78.0,7,0,1,1,"Bruce and Josh Snyder Bobblehead, first 1000 fans",1,0.0,1,5796.0,-0.1901,-1003.0,-17.31,Giveaway,75-85F,3,Giveaway,0,Giveaway
20260717,534,564,7715.0,1,night,Friday,4,July,7,17,1,0,,534-8,1,3,12.0,0.587,0.543,Clear,Clear,78.0,6,0,0,0,,0,,1,6125.0,0.2308,1590.0,25.96,No giveaway,75-85F,3,Clean control,2,No giveaway in homestand
20260718,534,564,4951.0,1,night,Saturday,5,July,7,17,1,0,,534-8,2,3,1.0,0.591,0.538,Cloudy,Overcast,72.0,5,0,0,0,,0,,1,6966.0,-0.3415,-2015.0,-28.93,No giveaway,65-75F,2,Clean control,2,No giveaway in homestand
20260719,534,564,5343.0,1,night,Sunday,6,July,7,17,1,0,,534-8,3,3,1.0,0.596,0.532,Clear,Clear,74.0,3,0,0,0,,0,,1,5165.0,0.0338,178.0,3.44,No giveaway,65-75F,2,Clean control,2,No giveaway in homestand
20260728,534,552,7528.0,1,night,Tuesday,1,July,7,18,0,0,,534-9,1,5,9.0,0.594,0.49,Cloudy,Partly Cloudy,77.0,10,0,1,1,"Ernie Clement Bobblehead, first 1000 fans",1,0.0,1,4876.0,0.4343,2652.0,54.38,Giveaway,75-85F,3,Giveaway,0,Giveaway
20260730,534,552,6269.0,2,night,Thursday,3,July,7,18,0,0,,534-9,2,5,2.0,0.592,0.49,Clear,Clear,75.0,5,0,0,0,,1,1.0,1,5206.0,0.1858,1063.0,20.42,No giveaway,65-75F,2,Adjacent to a giveaway,1,+1 games
20260731,534,552,9478.0,1,night,Friday,4,July,7,19,1,0,,534-9,3,5,1.0,0.596,0.486,Clear,Clear,83.0,4,0,0,0,,1,2.0,1,7199.0,0.275,2279.0,31.65,No giveaway,75-85F,3,Adjacent to a giveaway,1,+2 games
20260801,534,552,7433.0,1,night,Saturday,5,August,8,19,1,0,,534-9,4,5,1.0,0.6,0.481,Cloudy,Cloudy,82.0,4,0,0,0,,1,3.0,1,6702.0,0.1036,731.0,10.92,No giveaway,75-85F,3,Adjacent to a giveaway,1,3+ away
20260802,534,552,4806.0,1,day,Sunday,6,August,8,19,1,0,,534-9,5,5,1.0,0.594,0.486,Cloudy,Overcast,72.0,3,0,0,0,,1,4.0,1,5703.0,-0.1712,-897.0,-15.73,No giveaway,65-75F,2,Adjacent to a giveaway,1,3+ away
20260811,534,494,8698.0,1,night,Tuesday,1,August,8,20,0,0,,534-10,1,6,9.0,0.593,0.548,Clear,Clear,79.0,5,0,1,1,"ZOO Cap, first 1000 fans",1,0.0,1,4659.0,0.6242,4039.0,86.68,Giveaway,75-85F,3,Giveaway,0,Giveaway
20260812,534,494,6457.0,1,night,Wednesday,2,August,8,20,0,0,,534-10,2,6,1.0,0.596,0.543,Cloudy,Cloudy,68.0,6,0,1,1,White Hots Jersey,1,0.0,1,4560.0,0.3479,1897.0,41.6,Giveaway,65-75F,2,Giveaway,0,Giveaway
20260813,534,494,5799.0,1,day,Thursday,3,August,8,20,0,0,,534-10,3,6,1.0,0.591,0.547,Cloudy,Partly Cloudy,78.0,10,0,0,0,,1,1.0,1,5681.0,0.0206,118.0,2.09,No giveaway,75-85F,3,Adjacent to a giveaway,1,+1 games
20260814,534,494,8164.0,1,night,Friday,4,August,8,21,1,0,,534-10,4,6,1.0,0.595,0.542,Clear,Clear,77.0,6,0,0,0,,1,2.0,1,7054.0,0.1461,1110.0,15.73,No giveaway,75-85F,3,Adjacent to a giveaway,1,+2 games
20260815,534,494,9244.0,1,night,Saturday,5,August,8,21,1,0,,534-10,5,6,1.0,0.598,0.538,Clear,Clear,75.0,9,0,0,0,,1,3.0,1,6686.0,0.324,2558.0,38.26,No giveaway,65-75F,2,Adjacent to a giveaway,1,3+ away
20260816,534,494,6398.0,1,day,Sunday,6,August,8,21,1,0,,534-10,6,6,1.0,0.602,0.533,Cloudy,Cloudy,83.0,4,0,0,0,,1,4.0,1,5429.0,0.1641,969.0,17.84,No giveaway,75-85F,3,Adjacent to a giveaway,1,3+ away
20260825,534,422,7568.0,1,night,Tuesday,1,August,8,22,0,0,,534-11,1,6,9.0,0.608,0.5,Cloudy,Partly Cloudy,72.0,8,0,0,0,,0,,1,4747.0,0.4663,2821.0,59.41,No giveaway,65-75F,2,Clean control,2,No giveaway in homestand
20260826,534,422,6766.0,1,day,Wednesday,2,August,8,22,0,0,,534-11,2,6,1.0,0.611,0.496,Cloudy,Partly Cloudy,78.0,10,0,0,0,,0,,1,5275.0,0.2489,1491.0,28.25,No giveaway,75-85F,3,Clean control,2,No giveaway in homestand
20260827,534,422,5547.0,1,night,Thursday,3,August,8,22,0,0,,534-11,3,6,1.0,0.614,0.492,Cloudy,Partly Cloudy,77.0,9,0,0,0,,0,,1,5111.0,0.0818,436.0,8.53,No giveaway,75-85F,3,Clean control,2,No giveaway in homestand
20260828,534,422,8425.0,1,night,Friday,4,August,8,23,1,0,,534-11,4,6,1.0,0.617,0.488,Clear,Clear,70.0,5,0,0,0,,0,,1,7116.0,0.1689,1309.0,18.4,No giveaway,65-75F,2,Clean control,2,No giveaway in homestand
20260829,534,422,7769.0,1,night,Saturday,5,August,8,23,1,0,,534-11,5,6,1.0,0.612,0.492,Cloudy,Partly Cloudy,75.0,8,0,0,0,,0,,1,6769.0,0.1378,1000.0,14.78,No giveaway,65-75F,2,Clean control,2,No giveaway in homestand
20260830,534,422,7885.0,1,day,Sunday,6,August,8,23,1,0,,534-11,6,6,1.0,0.615,0.489,Precipitation,Rain,69.0,6,1,0,0,,0,,1,5167.0,0.4226,2718.0,52.59,No giveaway,65-75F,2,Clean control,2,No giveaway in homestand
20260331,102,431,8907.0,1,night,Tuesday,1,March,3,1,0,0,,102-1,1,6,,0.25,0.25,Cloudy,Partly Cloudy,84.0,14,0,0,0,,1,-3.0,1,4047.0,0.7889,4860.0,120.09,No giveaway,75-85F,3,Adjacent to a giveaway,1,3+ away
20260401,102,431,2635.0,1,night,Wednesday,2,April,4,1,0,0,,102-1,2,6,1.0,0.2,0.4,Cloudy,Partly Cloudy,87.0,18,0,0,0,,1,-2.0,1,3178.0,-0.1872,-543.0,-17.08,No giveaway,85F+,4,Adjacent to a giveaway,1,-2 games
20260402,102,431,5293.0,1,night,Thursday,3,April,4,1,0,0,,102-1,3,6,1.0,0.167,0.5,Cloudy,Partly Cloudy,80.0,13,0,0,0,,1,-1.0,1,3547.0,0.4003,1746.0,49.23,No giveaway,75-85F,3,Adjacent to a giveaway,1,-1 games
20260403,102,431,6030.0,1,night,Friday,4,April,4,2,1,0,,102-1,4,6,1.0,0.143,0.571,Cloudy,Partly Cloudy,80.0,15,0,1,1,"Retro Express Cap presented by Nyle Maxwell, first 2000 fans",1,0.0,1,4866.0,0.2146,1164.0,23.93,Giveaway,75-85F,3,Giveaway,0,Giveaway
20260404,102,431,4250.0,1,night,Saturday,5,April,4,2,1,0,,102-1,5,6,1.0,0.25,0.5,Cloudy,Partly Cloudy,63.0,16,0,1,1,"Short-Sleeve Quarter Zip Pullover presented by Intel, first 1500 fans",1,0.0,1,4450.0,-0.0459,-200.0,-4.49,Giveaway,55-65F,1,Giveaway,0,Giveaway
20260405,102,431,3098.0,1,day,Sunday,6,April,4,2,1,0,,102-1,6,6,1.0,0.222,0.556,Cloudy,Overcast,59.0,15,0,0,0,,1,1.0,1,3515.0,-0.1262,-417.0,-11.86,No giveaway,55-65F,1,Adjacent to a giveaway,1,+1 games
20260414,102,4904,3477.0,1,day,Tuesday,1,April,4,3,0,0,,102-2,1,6,9.0,0.312,0.375,Cloudy,Overcast,75.0,13,0,0,0,,1,-4.0,1,3838.0,-0.0987,-361.0,-9.4,No giveaway,65-75F,2,Adjacent to a giveaway,1,3+ away
20260415,102,4904,3170.0,1,night,Wednesday,2,April,4,3,0,0,,102-2,2,6,1.0,0.294,0.412,Cloudy,Partly Cloudy,79.0,9,0,0,0,,1,-3.0,1,3292.0,-0.0378,-122.0,-3.71,No giveaway,75-85F,3,Adjacent to a giveaway,1,3+ away
20260416,102,4904,3137.0,1,night,Thursday,3,April,4,3,0,0,,102-2,3,6,1.0,0.333,0.389,Cloudy,Partly Cloudy,84.0,14,0,0,0,,1,-2.0,1,3499.0,-0.1091,-362.0,-10.34,No giveaway,75-85F,3,Adjacent to a giveaway,1,-2 games
20260417,102,4904,8134.0,1,night,Friday,4,April,4,4,1,0,,102-2,4,6,1.0,0.368,0.368,Cloudy,Cloudy,83.0,14,0,0,0,,1,-1.0,1,4932.0,0.5003,3202.0,64.91,No giveaway,75-85F,3,Adjacent to a giveaway,1,-1 games
20260418,102,4904,6239.0,1,night,Saturday,5,April,4,4,1,0,,102-2,5,6,1.0,0.35,0.4,Cloudy,Overcast,57.0,18,0,1,1,"Sling Bag presented by The Sanders Family, first 1500 fans",1,0.0,1,4229.0,0.3889,2010.0,47.53,Giveaway,55-65F,1,Giveaway,0,Giveaway
20260419,102,4904,5538.0,1,day,Sunday,6,April,4,4,1,0,,102-2,6,6,1.0,0.381,0.381,Cloudy,Partly Cloudy,69.0,12,0,0,0,,1,1.0,1,3933.0,0.3422,1605.0,40.8,No giveaway,65-75F,2,Adjacent to a giveaway,1,+1 games
20260428,102,238,3019.0,1,night,Tuesday,1,April,4,5,0,0,,102-3,1,6,9.0,0.429,0.464,Cloudy,Overcast,88.0,11,0,0,0,,0,,1,3020.0,-0.0005,-1.0,-0.05,No giveaway,85F+,4,Clean control,2,No giveaway in homestand
20260429,102,238,2869.0,1,night,Wednesday,2,April,4,5,0,0,,102-3,2,6,1.0,0.448,0.448,Cloudy,Overcast,68.0,10,0,0,0,,0,,1,3154.0,-0.0946,-285.0,-9.02,No giveaway,65-75F,2,Clean control,2,No giveaway in homestand
20260430,102,238,2511.0,1,night,Thursday,3,April,4,5,0,0,,102-3,3,6,1.0,0.433,0.467,Cloudy,Overcast,65.0,9,0,0,0,,0,,1,3365.0,-0.2929,-854.0,-25.39,No giveaway,55-65F,1,Clean control,2,No giveaway in homestand
20260501,102,238,4341.0,1,night,Friday,4,May,5,6,1,0,,102-3,4,6,1.0,0.419,0.484,Cloudy,Overcast,55.0,15,0,0,0,,0,,1,5555.0,-0.2467,-1214.0,-21.86,No giveaway,Under 55F,0,Clean control,2,No giveaway in homestand
20260502,102,238,5808.0,1,night,Saturday,5,May,5,6,1,0,,102-3,5,6,1.0,0.406,0.5,Clear,Clear,70.0,4,0,0,0,,0,,1,6014.0,-0.0348,-206.0,-3.42,No giveaway,65-75F,2,Clean control,2,No giveaway in homestand
20260503,102,238,6193.0,1,day,Sunday,6,May,5,6,1,0,,102-3,6,6,1.0,0.394,0.515,Clear,Sunny,75.0,8,0,0,0,,0,,1,5043.0,0.2054,1150.0,22.81,No giveaway,65-75F,2,Clean control,2,No giveaway in homestand
20260512,102,105,6363.0,1,day,Tuesday,1,May,5,7,0,0,,102-4,1,6,9.0,0.375,0.553,Cloudy,Partly Cloudy,75.0,4,0,0,0,,1,-3.0,1,4762.0,0.2898,1601.0,33.61,No giveaway,65-75F,2,Adjacent to a giveaway,1,3+ away
20260513,102,105,5004.0,1,night,Wednesday,2,May,5,7,0,0,,102-4,2,6,1.0,0.39,0.538,Clear,Clear,87.0,1,0,0,0,,1,-2.0,1,3916.0,0.2452,1088.0,27.79,No giveaway,85F+,4,Adjacent to a giveaway,1,-2 games
20260514,102,105,4011.0,1,night,Thursday,3,May,5,7,0,0,,102-4,3,6,1.0,0.381,0.55,Clear,Clear,87.0,10,0,0,0,,1,-1.0,1,4263.0,-0.0609,-252.0,-5.9,No giveaway,85F+,4,Adjacent to a giveaway,1,-1 games
20260515,102,105,8365.0,1,night,Friday,4,May,5,8,1,0,,102-4,4,6,1.0,0.372,0.561,Cloudy,Overcast,84.0,15,0,1,1,"Texas T-Bone T-Shirt presented by Goodstock, first 2000 fans",1,0.0,1,6103.0,0.3152,2262.0,37.06,Giveaway,75-85F,3,Giveaway,0,Giveaway
20260516,102,105,8073.0,1,night,Saturday,5,May,5,8,1,0,,102-4,5,6,1.0,0.364,0.571,Cloudy,Partly Cloudy,87.0,15,0,0,0,,1,1.0,1,5607.0,0.3646,2466.0,43.99,No giveaway,85F+,4,Adjacent to a giveaway,1,+1 games
20260517,102,105,4301.0,1,day,Sunday,6,May,5,8,1,0,,102-4,6,6,1.0,0.356,0.581,Cloudy,Overcast,84.0,19,0,0,0,,1,2.0,1,4793.0,-0.1084,-492.0,-10.27,No giveaway,75-85F,3,Adjacent to a giveaway,1,+2 games
20260526,102,561,3751.0,1,night,Tuesday,1,May,5,9,0,0,,102-5,1,6,9.0,0.385,0.51,Cloudy,Cloudy,84.0,5,0,0,0,,1,-3.0,1,4118.0,-0.0934,-367.0,-8.92,No giveaway,75-85F,3,Adjacent to a giveaway,1,3+ away
20260527,102,561,4711.0,1,night,Wednesday,2,May,5,9,0,0,,102-5,2,6,1.0,0.396,0.5,Cloudy,Partly Cloudy,77.0,3,0,0,0,,1,-2.0,1,4201.0,0.1146,510.0,12.15,No giveaway,75-85F,3,Adjacent to a giveaway,1,-2 games
20260528,102,561,3231.0,1,night,Thursday,3,May,5,9,0,0,,102-5,3,6,1.0,0.407,0.491,Clear,Clear,87.0,4,0,0,0,,1,-1.0,1,4326.0,-0.2919,-1095.0,-25.32,No giveaway,85F+,4,Adjacent to a giveaway,1,-1 games
20260529,102,561,9049.0,1,night,Friday,4,May,5,10,1,0,,102-5,4,6,1.0,0.4,0.5,Cloudy,Partly Cloudy,86.0,8,0,1,1,"Round Rock Donuts Jersey, first 2000 fans",1,0.0,1,6095.0,0.3952,2954.0,48.47,Giveaway,85F+,4,Giveaway,0,Giveaway
20260530,102,561,9008.0,1,night,Saturday,5,May,5,10,1,0,,102-5,5,6,1.0,0.411,0.491,Cloudy,Overcast,87.0,11,0,0,0,,1,1.0,1,5711.0,0.4558,3297.0,57.74,No giveaway,85F+,4,Adjacent to a giveaway,1,+1 games
20260531,102,561,4298.0,1,day,Sunday,6,May,5,10,1,0,,102-5,6,6,1.0,0.404,0.5,Cloudy,Partly Cloudy,83.0,9,0,1,1,"Dell Dinger Home Run Chain presented by Dell, first 1500 fans",1,0.0,1,4918.0,-0.1347,-620.0,-12.6,Giveaway,75-85F,3,Giveaway,0,Giveaway
20260609,102,4904,3531.0,1,night,Tuesday,1,June,6,11,0,0,,102-6,1,6,9.0,0.422,0.438,Clear,Clear,90.0,10,0,0,0,,1,-4.0,1,4239.0,-0.1828,-708.0,-16.71,No giveaway,85F+,4,Adjacent to a giveaway,1,3+ away
20260610,102,4904,4003.0,1,night,Wednesday,2,June,6,11,0,0,,102-6,2,6,1.0,0.431,0.431,Cloudy,Partly Cloudy,90.0,13,0,0,0,,1,-3.0,1,4181.0,-0.0436,-178.0,-4.26,No giveaway,85F+,4,Adjacent to a giveaway,1,3+ away
20260611,102,4904,4056.0,1,night,Thursday,3,June,6,11,0,0,,102-6,3,6,1.0,0.424,0.439,Cloudy,Partly Cloudy,90.0,14,0,0,0,,1,-2.0,1,4554.0,-0.1158,-498.0,-10.94,No giveaway,85F+,4,Adjacent to a giveaway,1,-2 games
20260612,102,4904,8257.0,1,night,Friday,4,June,6,12,1,0,,102-6,4,6,1.0,0.418,0.448,Cloudy,Partly Cloudy,89.0,10,0,0,0,,1,-1.0,1,6432.0,0.2498,1825.0,28.38,No giveaway,85F+,4,Adjacent to a giveaway,1,-1 games
20260613,102,4904,5645.0,1,night,Saturday,5,June,6,12,1,0,,102-6,5,6,1.0,0.412,0.456,Cloudy,Cloudy,90.0,16,0,1,1,"Nolan Ryan Bobble Card presented by Intel, first 2000 fans",1,0.0,1,5995.0,-0.0601,-350.0,-5.84,Giveaway,85F+,4,Giveaway,0,Giveaway
20260614,102,4904,4059.0,1,night,Sunday,6,June,6,12,1,0,,102-6,6,6,1.0,0.42,0.449,Cloudy,Partly Cloudy,87.0,8,0,0,0,,1,1.0,1,4581.0,-0.1211,-522.0,-11.4,No giveaway,85F+,4,Adjacent to a giveaway,1,+1 games
20260630,102,342,4442.0,1,night,Tuesday,1,June,6,14,0,0,,102-7,1,6,16.0,0.439,0.512,Clear,Clear,93.0,11,0,0,0,,1,-3.0,1,3653.0,0.1955,789.0,21.59,No giveaway,85F+,4,Adjacent to a giveaway,1,3+ away
20260701,102,342,3195.0,1,night,Wednesday,2,July,7,14,0,0,,102-7,2,6,1.0,0.446,0.506,Cloudy,Partly Cloudy,93.0,12,0,0,0,,1,-2.0,1,3879.0,-0.194,-684.0,-17.63,No giveaway,85F+,4,Adjacent to a giveaway,1,-2 games
20260702,102,342,3825.0,1,night,Thursday,3,July,7,14,0,0,,102-7,3,6,1.0,0.44,0.512,Cloudy,Partly Cloudy,91.0,10,0,0,0,,1,-1.0,1,4345.0,-0.1274,-520.0,-11.97,No giveaway,85F+,4,Adjacent to a giveaway,1,-1 games
20260703,102,342,9040.0,1,night,Friday,4,July,7,15,1,0,,102-7,4,6,1.0,0.435,0.518,Cloudy,Partly Cloudy,91.0,9,0,1,1,"Widget Cap presented by H-E-B, first 2000 fans",1,0.0,1,6069.0,0.3985,2971.0,48.96,Giveaway,85F+,4,Giveaway,0,Giveaway
20260704,102,342,11417.0,1,night,Saturday,5,July,7,15,1,1,Independence Day,102-7,5,6,1.0,0.442,0.512,Cloudy,Partly Cloudy,92.0,8,0,0,0,,1,1.0,1,6123.0,0.623,5294.0,86.45,No giveaway,85F+,4,Adjacent to a giveaway,1,+1 games
20260705,102,342,3330.0,1,night,Sunday,6,July,7,15,1,0,,102-7,6,6,1.0,0.437,0.517,Cloudy,Cloudy,93.0,7,0,0,0,,1,2.0,1,4121.0,-0.2132,-791.0,-19.2,No giveaway,85F+,4,Adjacent to a giveaway,1,+2 games
20260717,102,400,7947.0,1,night,Friday,4,July,7,17,1,0,,102-8,1,3,12.0,0.436,0.609,Cloudy,Partly Cloudy,92.0,8,0,0,0,,1,-1.0,1,4950.0,0.4735,2997.0,60.55,No giveaway,85F+,4,Adjacent to a giveaway,1,-1 games
20260718,102,400,7132.0,1,night,Saturday,5,July,7,17,1,0,,102-8,2,3,1.0,0.432,0.613,Cloudy,Partly Cloudy,91.0,9,0,1,1,"Mystery Jersey presented by Pepsi, first 2000 fans",1,0.0,1,5679.0,0.2277,1453.0,25.58,Giveaway,85F+,4,Giveaway,0,Giveaway
20260719,102,400,3445.0,1,night,Sunday,6,July,7,17,1,0,,102-8,3,3,1.0,0.438,0.606,Clear,Clear,93.0,10,0,0,0,,1,1.0,1,4088.0,-0.1712,-643.0,-15.73,No giveaway,85F+,4,Adjacent to a giveaway,1,+1 games
20260728,102,2310,3087.0,1,night,Tuesday,1,July,7,18,0,0,,102-9,1,6,9.0,0.456,0.466,Cloudy,Partly Cloudy,97.0,11,0,0,0,,0,,1,3733.0,-0.19,-646.0,-17.3,No giveaway,85F+,4,Clean control,2,No giveaway in homestand
20260729,102,2310,3539.0,1,night,Wednesday,2,July,7,18,0,0,,102-9,2,6,1.0,0.452,0.471,Clear,Clear,96.0,7,0,0,0,,0,,1,3739.0,-0.055,-200.0,-5.35,No giveaway,85F+,4,Clean control,2,No giveaway in homestand
20260730,102,2310,5023.0,1,night,Thursday,3,July,7,18,0,0,,102-9,3,6,1.0,0.457,0.467,Clear,Clear,97.0,9,0,0,0,,0,,1,4012.0,0.2246,1011.0,25.19,No giveaway,85F+,4,Clean control,2,No giveaway in homestand
20260731,102,2310,5954.0,1,night,Friday,4,July,7,19,1,0,,102-9,4,6,1.0,0.462,0.462,Clear,Clear,98.0,10,0,0,0,,0,,1,5514.0,0.0768,440.0,7.99,No giveaway,85F+,4,Clean control,2,No giveaway in homestand
20260801,102,2310,4358.0,1,night,Saturday,5,August,8,19,1,0,,102-9,5,6,1.0,0.467,0.458,Cloudy,Cloudy,91.0,8,0,0,0,,0,,1,5688.0,-0.2664,-1330.0,-23.39,No giveaway,85F+,4,Clean control,2,No giveaway in homestand
20260802,102,2310,5132.0,1,night,Sunday,6,August,8,19,1,0,,102-9,6,6,1.0,0.472,0.454,Clear,Clear,95.0,1,0,0,0,,0,,1,3970.0,0.2568,1162.0,29.28,No giveaway,85F+,4,Clean control,2,No giveaway in homestand
20260811,102,5434,2893.0,1,night,Tuesday,1,August,8,20,0,0,,102-10,1,6,9.0,0.478,0.518,Cloudy,Partly Cloudy,95.0,12,0,0,0,,1,-4.0,1,3703.0,-0.247,-810.0,-21.88,No giveaway,85F+,4,Adjacent to a giveaway,1,3+ away
20260812,102,5434,3638.0,1,night,Wednesday,2,August,8,20,0,0,,102-10,2,6,1.0,0.474,0.522,Cloudy,Partly Cloudy,96.0,13,0,0,0,,1,-3.0,1,3588.0,0.0139,50.0,1.4,No giveaway,85F+,4,Adjacent to a giveaway,1,3+ away
20260813,102,5434,3116.0,1,night,Thursday,3,August,8,20,0,0,,102-10,3,6,1.0,0.47,0.526,Clear,Clear,96.0,16,0,0,0,,1,-2.0,1,3912.0,-0.2275,-796.0,-20.34,No giveaway,85F+,4,Adjacent to a giveaway,1,-2 games
20260814,102,5434,5147.0,1,night,Friday,4,August,8,21,1,0,,102-10,4,6,1.0,0.466,0.53,Cloudy,Partly Cloudy,92.0,11,0,0,0,,1,-1.0,1,5809.0,-0.1211,-662.0,-11.4,No giveaway,85F+,4,Adjacent to a giveaway,1,-1 games
20260815,102,5434,6057.0,1,night,Saturday,5,August,8,21,1,0,,102-10,5,6,1.0,0.462,0.534,Cloudy,Partly Cloudy,97.0,13,0,1,1,"Express Western Shirt presented by AARP, first 2000 fans",1,0.0,1,5072.0,0.1775,985.0,19.43,Giveaway,85F+,4,Giveaway,0,Giveaway
20260816,102,5434,3276.0,1,day,Sunday,6,August,8,21,1,0,,102-10,6,6,1.0,0.467,0.529,Clear,Sunny,93.0,7,0,0,0,,1,1.0,1,4517.0,-0.3213,-1241.0,-27.48,No giveaway,85F+,4,Adjacent to a giveaway,1,+1 games
20260825,102,342,3272.0,1,night,Tuesday,1,August,8,22,0,0,,102-11,1,12,9.0,0.488,0.488,Cloudy,Partly Cloudy,100.0,11,0,0,0,,1,-4.0,1,3412.0,-0.0418,-140.0,-4.1,No giveaway,85F+,4,Adjacent to a giveaway,1,3+ away
20260826,102,342,3021.0,1,night,Wednesday,2,August,8,22,0,0,,102-11,2,12,1.0,0.484,0.492,Cloudy,Cloudy,99.0,6,0,0,0,,1,-3.0,1,3426.0,-0.1259,-405.0,-11.83,No giveaway,85F+,4,Adjacent to a giveaway,1,3+ away
20260827,102,342,3008.0,1,night,Thursday,3,August,8,22,0,0,,102-11,3,12,1.0,0.481,0.496,Cloudy,Cloudy,97.0,8,0,0,0,,1,-2.0,1,3875.0,-0.2534,-867.0,-22.38,No giveaway,85F+,4,Adjacent to a giveaway,1,-2 games
20260828,102,342,6250.0,1,night,Friday,4,August,8,23,1,0,,102-11,4,12,1.0,0.477,0.5,Cloudy,Cloudy,87.0,7,0,0,0,,1,-1.0,1,6209.0,0.0066,41.0,0.66,No giveaway,85F+,4,Adjacent to a giveaway,1,-1 games
20260829,102,342,5019.0,1,night,Saturday,5,August,8,23,1,0,,102-11,5,12,1.0,0.481,0.496,Clear,Clear,93.0,8,0,1,1,"Vince Young Bobblehead presented by Dell, first 2000 fans",1,0.0,1,5457.0,-0.0836,-438.0,-8.02,Giveaway,85F+,4,Giveaway,0,Giveaway
20260830,102,342,3225.0,1,day,Sunday,6,August,8,23,1,0,,102-11,6,12,1.0,0.485,0.492,Cloudy,Partly Cloudy,93.0,8,0,0,0,,1,1.0,1,4558.0,-0.3459,-1333.0,-29.24,No giveaway,85F+,4,Adjacent to a giveaway,1,+1 games
20260327,105,4904,6258.0,1,night,Friday,4,March,3,1,1,0,,105-1,1,3,,0.0,1.0,Cloudy,Partly Cloudy,81.0,2,0,0,0,,1,-1.0,1,3407.0,0.6079,2851.0,83.66,No giveaway,75-85F,3,Adjacent to a giveaway,1,-1 games
20260328,105,4904,4573.0,1,night,Saturday,5,March,3,1,1,0,,105-1,2,3,1.0,0.5,0.5,Clear,Clear,80.0,4,0,1,1,"Dinger Building Blocks Set, first 2500 fans",1,0.0,1,3513.0,0.2638,1060.0,30.18,Giveaway,75-85F,3,Giveaway,0,Giveaway
20260329,105,4904,4105.0,1,day,Sunday,6,March,3,1,1,0,,105-1,3,3,1.0,0.667,0.333,Cloudy,Partly Cloudy,83.0,6,0,0,0,,1,1.0,1,2965.0,0.3254,1140.0,38.46,No giveaway,75-85F,3,Adjacent to a giveaway,1,+1 games
20260407,105,400,2073.0,1,night,Tuesday,1,April,4,2,0,0,,105-2,1,5,9.0,0.6,0.7,Clear,Clear,75.0,5,0,0,0,,1,-3.0,1,2202.0,-0.0604,-129.0,-5.87,No giveaway,65-75F,2,Adjacent to a giveaway,1,3+ away
20260408,105,400,2043.0,1,night,Wednesday,2,April,4,2,0,0,,105-2,2,5,1.0,0.636,0.636,Clear,Clear,79.0,7,0,0,0,,1,-2.0,1,2185.0,-0.0671,-142.0,-6.49,No giveaway,75-85F,3,Adjacent to a giveaway,1,-2 games
20260409,105,400,2324.0,1,night,Thursday,3,April,4,2,0,0,,105-2,3,5,1.0,0.667,0.583,Cloudy,Partly Cloudy,73.0,9,0,0,0,,1,-1.0,1,2431.0,-0.0449,-107.0,-4.39,No giveaway,65-75F,2,Adjacent to a giveaway,1,-1 games
20260410,105,400,2573.0,1,night,Friday,4,April,4,3,1,0,,105-2,4,5,1.0,0.692,0.538,Precipitation,Rain,62.0,5,1,1,1,Kirk Rueter T-Shirt,1,0.0,1,2991.0,-0.1506,-418.0,-13.98,Giveaway,55-65F,1,Giveaway,0,Giveaway
20260422,105,342,3461.0,1,night,Wednesday,2,April,4,4,0,0,,105-3,1,5,12.0,0.55,0.591,Cloudy,Partly Cloudy,63.0,4,0,0,0,,1,-2.0,1,1806.0,0.6503,1655.0,91.61,No giveaway,55-65F,1,Adjacent to a giveaway,1,-2 games
20260423,105,342,2391.0,1,night,Thursday,3,April,4,4,0,0,,105-3,2,5,1.0,0.571,0.565,Clear,Clear,71.0,6,0,0,0,,1,-1.0,1,2488.0,-0.0397,-97.0,-3.89,No giveaway,65-75F,2,Adjacent to a giveaway,1,-1 games
20260424,105,342,6215.0,1,night,Friday,4,April,4,5,1,0,,105-3,3,5,1.0,0.591,0.542,Clear,Clear,69.0,10,0,1,1,River Cats Crewneck,1,0.0,1,3470.0,0.5827,2745.0,79.1,Giveaway,65-75F,2,Giveaway,0,Giveaway
20260425,105,342,5298.0,2,night,Saturday,5,April,4,5,1,0,,105-3,4,5,1.0,0.583,0.538,Cloudy,Cloudy,62.0,10,0,0,0,,1,1.0,1,3129.0,0.5266,2169.0,69.31,No giveaway,55-65F,1,Adjacent to a giveaway,1,+1 games
20260426,105,342,5500.0,1,day,Sunday,6,April,4,5,1,0,,105-3,5,5,1.0,0.56,0.556,Cloudy,Cloudy,60.0,9,0,0,0,,1,2.0,1,2553.0,0.7674,2947.0,115.42,No giveaway,55-65F,1,Adjacent to a giveaway,1,+2 games
20260505,105,2310,3701.0,1,night,Tuesday,1,May,5,6,0,0,,105-4,1,6,9.0,0.531,0.529,Cloudy,Cloudy,64.0,5,0,0,0,,1,-3.0,1,2985.0,0.2151,716.0,24.0,No giveaway,55-65F,1,Adjacent to a giveaway,1,3+ away
20260506,105,2310,3753.0,1,day,Wednesday,2,May,5,6,0,0,,105-4,2,6,1.0,0.545,0.514,Cloudy,Overcast,69.0,0,0,0,0,,1,-2.0,1,3436.0,0.0882,317.0,9.22,No giveaway,65-75F,2,Adjacent to a giveaway,1,-2 games
20260507,105,2310,3237.0,1,night,Thursday,3,May,5,6,0,0,,105-4,3,6,1.0,0.559,0.5,Clear,Clear,81.0,8,0,0,0,,1,-1.0,1,3309.0,-0.0221,-72.0,-2.18,No giveaway,75-85F,3,Adjacent to a giveaway,1,-1 games
20260508,105,2310,5930.0,1,night,Friday,4,May,5,7,1,0,,105-4,4,6,1.0,0.543,0.514,Clear,Clear,80.0,9,0,1,1,Dinger Plush Keychain,1,0.0,1,4640.0,0.2452,1290.0,27.79,Giveaway,75-85F,3,Giveaway,0,Giveaway
20260509,105,2310,5642.0,1,night,Saturday,5,May,5,7,1,0,,105-4,5,6,1.0,0.528,0.526,Clear,Clear,82.0,10,0,0,0,,1,1.0,1,4331.0,0.2644,1311.0,30.27,No giveaway,75-85F,3,Adjacent to a giveaway,1,+1 games
20260510,105,2310,4531.0,1,day,Sunday,6,May,5,7,1,1,Mother's Day,105-4,6,6,1.0,0.541,0.513,Clear,Sunny,76.0,6,0,0,0,,1,2.0,1,4004.0,0.1237,527.0,13.17,No giveaway,75-85F,3,Adjacent to a giveaway,1,+2 games
20260519,105,5434,5723.0,1,day,Tuesday,1,May,5,8,0,0,,105-5,1,6,9.0,0.591,0.435,Clear,Sunny,81.0,5,0,0,0,,1,-3.0,1,3532.0,0.4826,2191.0,62.02,No giveaway,75-85F,3,Adjacent to a giveaway,1,3+ away
20260520,105,5434,2850.0,1,night,Wednesday,2,May,5,8,0,0,,105-5,2,6,1.0,0.6,0.426,Clear,Clear,89.0,6,0,0,0,,1,-2.0,1,2890.0,-0.0138,-40.0,-1.37,No giveaway,85F+,4,Adjacent to a giveaway,1,-2 games
20260521,105,5434,3366.0,1,night,Thursday,3,May,5,8,0,0,,105-5,3,6,1.0,0.609,0.417,Clear,Clear,90.0,9,0,0,0,,1,-1.0,1,3121.0,0.0757,245.0,7.87,No giveaway,85F+,4,Adjacent to a giveaway,1,-1 games
20260522,105,5434,5299.0,1,night,Friday,4,May,5,9,1,0,,105-5,4,6,1.0,0.596,0.429,Clear,Clear,81.0,13,0,1,1,Bryce Eldridge Bobblecard presented by Toyota,1,0.0,1,4707.0,0.1185,592.0,12.59,Giveaway,75-85F,3,Giveaway,0,Giveaway
20260523,105,5434,6465.0,1,night,Saturday,5,May,5,9,1,0,,105-5,5,6,1.0,0.604,0.42,Clear,Clear,75.0,11,0,0,0,,1,1.0,1,4527.0,0.3563,1938.0,42.8,No giveaway,65-75F,2,Adjacent to a giveaway,1,+1 games
20260524,105,5434,5165.0,1,day,Sunday,6,May,5,9,1,0,,105-5,6,6,1.0,0.592,0.431,Cloudy,Partly Cloudy,79.0,5,0,0,0,,1,2.0,1,3743.0,0.3221,1422.0,38.01,No giveaway,75-85F,3,Adjacent to a giveaway,1,+2 games
20260602,105,529,2643.0,1,night,Tuesday,1,June,6,10,0,0,,105-6,1,6,9.0,0.589,0.414,Cloudy,Partly Cloudy,84.0,10,0,0,0,,1,-3.0,1,3315.0,-0.2266,-672.0,-20.28,No giveaway,75-85F,3,Adjacent to a giveaway,1,3+ away
20260603,105,529,2399.0,1,night,Wednesday,2,June,6,10,0,0,,105-6,2,6,1.0,0.579,0.424,Clear,Clear,89.0,9,0,0,0,,1,-2.0,1,3112.0,-0.2603,-713.0,-22.92,No giveaway,85F+,4,Adjacent to a giveaway,1,-2 games
20260604,105,529,2603.0,1,night,Thursday,3,June,6,10,0,0,,105-6,3,6,1.0,0.586,0.417,Clear,Clear,90.0,8,0,0,0,,1,-1.0,1,3360.0,-0.2552,-757.0,-22.53,No giveaway,85F+,4,Adjacent to a giveaway,1,-1 games
20260605,105,529,4041.0,1,night,Friday,4,June,6,11,1,0,,105-6,4,6,1.0,0.593,0.41,Cloudy,Partly Cloudy,90.0,11,0,1,1,River Cats Visor,1,0.0,1,4703.0,-0.1517,-662.0,-14.07,Giveaway,85F+,4,Giveaway,0,Giveaway
20260606,105,529,4611.0,1,night,Saturday,5,June,6,11,1,0,,105-6,5,6,1.0,0.6,0.403,Clear,Clear,78.0,13,0,0,0,,1,1.0,1,4863.0,-0.0533,-252.0,-5.19,No giveaway,75-85F,3,Adjacent to a giveaway,1,+1 games
20260607,105,529,4398.0,1,day,Sunday,6,June,6,11,1,0,,105-6,6,6,1.0,0.607,0.397,Clear,Sunny,78.0,4,0,0,0,,1,2.0,1,4064.0,0.079,334.0,8.22,No giveaway,75-85F,3,Adjacent to a giveaway,1,+2 games
20260623,105,400,3467.0,1,night,Tuesday,1,June,6,13,0,0,,105-7,1,6,16.0,0.575,0.608,Clear,Clear,89.0,10,0,0,0,,1,-3.0,1,2744.0,0.2339,723.0,26.36,No giveaway,85F+,4,Adjacent to a giveaway,1,3+ away
20260624,105,400,3645.0,1,day,Wednesday,2,June,6,13,0,0,,105-7,2,6,1.0,0.568,0.613,Clear,Sunny,80.0,7,0,0,0,,1,-2.0,1,3559.0,0.0239,86.0,2.42,No giveaway,75-85F,3,Adjacent to a giveaway,1,-2 games
20260625,105,400,4075.0,1,night,Thursday,3,June,6,13,0,0,,105-7,3,6,1.0,0.56,0.618,Cloudy,Partly Cloudy,80.0,13,0,0,0,,1,-1.0,1,3436.0,0.1707,639.0,18.61,No giveaway,75-85F,3,Adjacent to a giveaway,1,-1 games
20260626,105,400,4147.0,1,night,Friday,4,June,6,14,1,0,,105-7,4,6,1.0,0.566,0.61,Clear,Clear,77.0,16,0,1,1,Will Clark T-Shirt,1,0.0,1,4858.0,-0.1582,-711.0,-14.63,Giveaway,75-85F,3,Giveaway,0,Giveaway
20260627,105,400,6412.0,1,night,Saturday,5,June,6,14,1,0,,105-7,5,6,1.0,0.558,0.615,Clear,Clear,78.0,10,0,0,0,,1,1.0,1,4575.0,0.3375,1837.0,40.14,No giveaway,75-85F,3,Adjacent to a giveaway,1,+1 games
20260628,105,400,4214.0,1,day,Sunday,6,June,6,14,1,0,,105-7,6,6,1.0,0.551,0.62,Clear,Sunny,81.0,10,0,0,0,,1,2.0,1,3773.0,0.1106,441.0,11.7,No giveaway,75-85F,3,Adjacent to a giveaway,1,+2 games
20260707,105,561,3005.0,1,night,Tuesday,1,July,7,15,0,0,,105-8,1,6,9.0,0.541,0.506,Clear,Clear,77.0,11,0,0,0,,1,-3.0,1,3322.0,-0.1004,-317.0,-9.56,No giveaway,75-85F,3,Adjacent to a giveaway,1,3+ away
20260708,105,561,2210.0,1,night,Wednesday,2,July,7,15,0,0,,105-8,2,6,1.0,0.547,0.5,Clear,Clear,87.0,10,0,0,0,,1,-2.0,1,3090.0,-0.3352,-880.0,-28.48,No giveaway,85F+,4,Adjacent to a giveaway,1,-2 games
20260709,105,561,2103.0,1,night,Thursday,3,July,7,15,0,0,,105-8,3,6,1.0,0.552,0.494,Clear,Clear,91.0,12,0,0,0,,1,-1.0,1,3225.0,-0.4276,-1122.0,-34.79,No giveaway,85F+,4,Adjacent to a giveaway,1,-1 games
20260710,105,561,3688.0,1,night,Friday,4,July,7,16,1,0,,105-8,4,6,1.0,0.545,0.5,Clear,Clear,84.0,13,0,1,1,Bryce Eldridge T-Shirt,1,0.0,1,4838.0,-0.2714,-1150.0,-23.77,Giveaway,75-85F,3,Giveaway,0,Giveaway
20260711,105,561,8332.0,1,night,Saturday,5,July,7,16,1,0,,105-8,5,6,1.0,0.551,0.495,Cloudy,Partly Cloudy,89.0,9,0,0,0,,1,1.0,1,4365.0,0.6466,3967.0,90.9,No giveaway,85F+,4,Adjacent to a giveaway,1,+1 games
20260712,105,561,3048.0,1,day,Sunday,6,July,7,16,1,0,,105-8,6,6,1.0,0.544,0.5,Cloudy,Cloudy,85.0,1,0,0,0,,1,2.0,1,3786.0,-0.2168,-738.0,-19.49,No giveaway,75-85F,3,Adjacent to a giveaway,1,+2 games
20260721,105,238,3083.0,1,night,Tuesday,1,July,7,17,0,0,,105-9,1,6,9.0,0.553,0.547,Clear,Clear,95.0,10,0,0,0,,1,-3.0,1,2783.0,0.1024,300.0,10.78,No giveaway,85F+,4,Adjacent to a giveaway,1,3+ away
20260722,105,238,3224.0,1,day,Wednesday,2,July,7,17,0,0,,105-9,2,6,1.0,0.558,0.542,Clear,Sunny,82.0,11,0,0,0,,1,-2.0,1,3576.0,-0.1037,-352.0,-9.85,No giveaway,75-85F,3,Adjacent to a giveaway,1,-2 games
20260723,105,238,2685.0,1,night,Thursday,3,July,7,17,0,0,,105-9,3,6,1.0,0.562,0.536,Clear,Clear,90.0,9,0,0,0,,1,-1.0,1,3217.0,-0.1809,-532.0,-16.55,No giveaway,85F+,4,Adjacent to a giveaway,1,-1 games
20260724,105,238,4002.0,1,night,Friday,4,July,7,18,1,0,,105-9,4,6,1.0,0.557,0.541,Clear,Clear,86.0,13,0,1,1,Carson Whisenhunt Bobblehead,1,0.0,1,4690.0,-0.1586,-688.0,-14.67,Giveaway,85F+,4,Giveaway,0,Giveaway
20260725,105,238,6299.0,1,night,Saturday,5,July,7,18,1,0,,105-9,5,6,1.0,0.561,0.535,Clear,Clear,90.0,10,0,0,0,,1,1.0,1,4251.0,0.3932,2048.0,48.17,No giveaway,85F+,4,Adjacent to a giveaway,1,+1 games
20260726,105,238,3029.0,1,day,Sunday,6,July,7,18,1,0,,105-9,6,6,1.0,0.566,0.53,Clear,Sunny,88.0,5,0,0,0,,1,2.0,1,3634.0,-0.1821,-605.0,-16.65,No giveaway,85F+,4,Adjacent to a giveaway,1,+2 games
20260804,105,102,2092.0,1,night,Tuesday,1,August,8,19,0,0,,105-10,1,6,9.0,0.585,0.468,Clear,Clear,93.0,10,0,0,0,,1,-3.0,1,2865.0,-0.3145,-773.0,-26.98,No giveaway,85F+,4,Adjacent to a giveaway,1,3+ away
20260805,105,102,2405.0,1,night,Wednesday,2,August,8,19,0,0,,105-10,2,6,1.0,0.579,0.473,Clear,Clear,94.0,9,0,0,0,,1,-2.0,1,2780.0,-0.1449,-375.0,-13.49,No giveaway,85F+,4,Adjacent to a giveaway,1,-2 games
20260806,105,102,2747.0,1,night,Thursday,3,August,8,19,0,0,,105-10,3,6,1.0,0.574,0.477,Clear,Clear,92.0,9,0,0,0,,1,-1.0,1,3120.0,-0.1273,-373.0,-11.95,No giveaway,85F+,4,Adjacent to a giveaway,1,-1 games
20260807,105,102,5936.0,1,night,Friday,4,August,8,20,1,0,,105-10,4,6,1.0,0.569,0.482,Clear,Clear,90.0,10,0,1,1,River Cats Camo T-Shirt,1,0.0,1,4473.0,0.2829,1463.0,32.7,Giveaway,85F+,4,Giveaway,0,Giveaway
20260808,105,102,5076.0,1,night,Saturday,5,August,8,20,1,0,,105-10,5,6,1.0,0.573,0.478,Clear,Clear,93.0,9,0,0,0,,1,1.0,1,4063.0,0.2225,1013.0,24.92,No giveaway,85F+,4,Adjacent to a giveaway,1,+1 games
20260809,105,102,2511.0,1,day,Sunday,6,August,8,20,1,0,,105-10,6,6,1.0,0.577,0.474,Cloudy,Partly Cloudy,93.0,3,0,0,0,,1,2.0,1,3394.0,-0.3015,-883.0,-26.03,No giveaway,85F+,4,Adjacent to a giveaway,1,+2 games
20260818,105,529,2099.0,1,night,Tuesday,1,August,8,21,0,0,,105-11,1,6,9.0,0.585,0.446,Cloudy,Partly Cloudy,92.0,7,0,0,0,,1,-3.0,1,2926.0,-0.3321,-827.0,-28.26,No giveaway,85F+,4,Adjacent to a giveaway,1,3+ away
20260819,105,529,2137.0,1,night,Wednesday,2,August,8,21,0,0,,105-11,2,6,1.0,0.588,0.443,Clear,Clear,92.0,8,0,0,0,,1,-2.0,1,2885.0,-0.3002,-748.0,-25.93,No giveaway,85F+,4,Adjacent to a giveaway,1,-2 games
20260820,105,529,2341.0,1,night,Thursday,3,August,8,21,0,0,,105-11,3,6,1.0,0.592,0.439,Cloudy,Partly Cloudy,85.0,8,0,0,0,,1,-1.0,1,3401.0,-0.3734,-1060.0,-31.16,No giveaway,75-85F,3,Adjacent to a giveaway,1,-1 games
20260821,105,529,4006.0,1,night,Friday,4,August,8,22,1,0,,105-11,4,6,1.0,0.587,0.444,Cloudy,Partly Cloudy,87.0,11,0,1,1,River Cats Lunch Box,1,0.0,1,4667.0,-0.1527,-661.0,-14.16,Giveaway,85F+,4,Giveaway,0,Giveaway
20260822,105,529,7814.0,1,night,Saturday,5,August,8,22,1,0,,105-11,5,6,1.0,0.582,0.448,Cloudy,Partly Cloudy,92.0,6,0,0,0,,1,1.0,1,4154.0,0.6318,3660.0,88.09,No giveaway,85F+,4,Adjacent to a giveaway,1,+1 games
20260823,105,529,4341.0,1,day,Sunday,6,August,8,22,1,0,,105-11,6,6,1.0,0.577,0.452,Cloudy,Partly Cloudy,88.0,3,0,0,0,,1,2.0,1,3638.0,0.1767,703.0,19.33,No giveaway,85F+,4,Adjacent to a giveaway,1,+2 games
20260331,561,105,6685.0,1,night,Tuesday,1,March,3,1,0,0,,561-1,1,5,,0.25,0.5,Cloudy,Overcast,61.0,6,0,0,0,,0,,0,,,,,No giveaway,55-65F,1,Clean control,2,No giveaway in homestand
20260401,561,105,4171.0,1,night,Wednesday,2,April,4,1,0,0,,561-1,2,5,1.0,0.2,0.6,Cloudy,Overcast,52.0,10,0,0,0,,0,,0,,,,,No giveaway,Under 55F,0,Clean control,2,No giveaway in homestand
20260403,561,105,3736.0,1,night,Friday,4,April,4,2,1,0,,561-1,3,5,2.0,0.333,0.5,Clear,Clear,49.0,3,0,0,0,,0,,0,,,,,No giveaway,Under 55F,0,Clean control,2,No giveaway in homestand
20260404,561,105,5219.0,2,night,Saturday,5,April,4,2,1,0,,561-1,4,5,1.0,0.375,0.5,Clear,Clear,59.0,10,0,0,0,,0,,0,,,,,No giveaway,55-65F,1,Clean control,2,No giveaway in homestand
20260405,561,105,4389.0,1,day,Sunday,6,April,4,2,1,0,,561-1,5,5,1.0,0.333,0.556,Clear,Sunny,69.0,2,0,0,0,,0,,0,,,,,No giveaway,65-75F,2,Clean control,2,No giveaway in homestand
20260414,561,5434,5069.0,1,night,Tuesday,1,April,4,3,0,0,,561-2,1,5,9.0,0.375,0.625,Cloudy,Partly Cloudy,57.0,6,0,0,0,,0,,0,,,,,No giveaway,55-65F,1,Clean control,2,No giveaway in homestand
20260415,561,5434,2971.0,1,night,Wednesday,2,April,4,3,0,0,,561-2,2,5,1.0,0.412,0.588,Cloudy,Overcast,65.0,9,0,0,0,,0,,0,,,,,No giveaway,55-65F,1,Clean control,2,No giveaway in homestand
20260417,561,5434,2459.0,1,night,Friday,4,April,4,4,1,0,,561-2,3,5,2.0,0.389,0.611,Clear,Clear,44.0,7,0,0,0,,0,,0,,,,,No giveaway,Under 55F,0,Clean control,2,No giveaway in homestand
20260418,561,5434,5415.0,2,night,Saturday,5,April,4,4,1,0,,561-2,4,5,1.0,0.4,0.6,Cloudy,Partly Cloudy,59.0,5,0,0,0,,0,,0,,,,,No giveaway,55-65F,1,Clean control,2,No giveaway in homestand
20260419,561,5434,5322.0,1,day,Sunday,6,April,4,4,1,0,,561-2,5,5,1.0,0.381,0.619,Clear,Sunny,68.0,10,0,0,0,,0,,0,,,,,No giveaway,65-75F,2,Clean control,2,No giveaway in homestand
20260428,561,105,3288.0,1,night,Tuesday,1,April,4,5,0,0,,561-3,1,6,9.0,0.393,0.577,Cloudy,Partly Cloudy,54.0,5,0,0,0,,0,,0,,,,,No giveaway,Under 55F,0,Clean control,2,No giveaway in homestand
20260429,561,105,3003.0,1,night,Wednesday,2,April,4,5,0,0,,561-3,2,6,1.0,0.379,0.593,Cloudy,Cloudy,59.0,9,0,0,0,,0,,0,,,,,No giveaway,55-65F,1,Clean control,2,No giveaway in homestand
20260430,561,105,3896.0,1,night,Thursday,3,April,4,5,0,0,,561-3,3,6,1.0,0.4,0.571,Clear,Clear,61.0,8,0,0,0,,0,,0,,,,,No giveaway,55-65F,1,Clean control,2,No giveaway in homestand
20260501,561,105,4872.0,1,night,Friday,4,May,5,6,1,0,,561-3,4,6,1.0,0.419,0.552,Clear,Clear,65.0,9,0,0,0,,0,,0,,,,,No giveaway,55-65F,1,Clean control,2,No giveaway in homestand
20260502,561,105,7001.0,1,night,Saturday,5,May,5,6,1,0,,561-3,5,6,1.0,0.406,0.567,Cloudy,Partly Cloudy,76.0,3,0,0,0,,0,,0,,,,,No giveaway,75-85F,3,Clean control,2,No giveaway in homestand
20260503,561,105,5446.0,1,day,Sunday,6,May,5,6,1,0,,561-3,6,6,1.0,0.424,0.548,Cloudy,Partly Cloudy,72.0,9,0,0,0,,0,,0,,,,,No giveaway,65-75F,2,Clean control,2,No giveaway in homestand
20260512,561,4904,3801.0,1,night,Tuesday,1,May,5,7,0,0,,561-4,1,12,9.0,0.436,0.475,Clear,Clear,90.0,6,0,0,0,,0,,0,,,,,No giveaway,85F+,4,Clean control,2,No giveaway in homestand
20260513,561,4904,4674.0,1,night,Wednesday,2,May,5,7,0,0,,561-4,2,12,1.0,0.45,0.463,Cloudy,Cloudy,79.0,3,0,0,0,,0,,0,,,,,No giveaway,75-85F,3,Clean control,2,No giveaway in homestand
20260514,561,4904,5245.0,1,night,Thursday,3,May,5,7,0,0,,561-4,3,12,1.0,0.439,0.476,Clear,Clear,75.0,6,0,0,0,,0,,0,,,,,No giveaway,65-75F,2,Clean control,2,No giveaway in homestand
20260515,561,4904,5688.0,1,night,Friday,4,May,5,8,1,0,,561-4,4,12,1.0,0.452,0.465,Clear,Clear,74.0,13,0,0,0,,0,,0,,,,,No giveaway,65-75F,2,Clean control,2,No giveaway in homestand
20260516,561,4904,6859.0,1,night,Saturday,5,May,5,8,1,0,,561-4,5,12,1.0,0.465,0.455,Cloudy,Cloudy,66.0,10,0,0,0,,0,,0,,,,,No giveaway,65-75F,2,Clean control,2,No giveaway in homestand
20260517,561,4904,3638.0,1,day,Sunday,6,May,5,8,1,0,,561-4,6,12,1.0,0.455,0.467,Cloudy,Overcast,51.0,16,0,0,0,,0,,0,,,,,No giveaway,Under 55F,0,Clean control,2,No giveaway in homestand
20260519,561,529,3491.0,1,night,Tuesday,1,May,5,8,0,0,,561-4,7,12,2.0,0.467,0.478,Clear,Clear,63.0,8,0,0,0,,0,,0,,,,,No giveaway,55-65F,1,Clean control,2,No giveaway in homestand
20260520,561,529,3973.0,1,night,Wednesday,2,May,5,8,0,0,,561-4,8,12,1.0,0.457,0.489,Cloudy,Partly Cloudy,68.0,4,0,0,0,,0,,0,,,,,No giveaway,65-75F,2,Clean control,2,No giveaway in homestand
20260521,561,529,3596.0,1,night,Thursday,3,May,5,8,0,0,,561-4,9,12,1.0,0.468,0.479,Clear,Clear,66.0,12,0,0,0,,0,,0,,,,,No giveaway,65-75F,2,Clean control,2,No giveaway in homestand
20260522,561,529,5101.0,1,night,Friday,4,May,5,9,1,0,,561-4,10,12,1.0,0.479,0.469,Clear,Clear,71.0,6,0,0,0,,0,,0,,,,,No giveaway,65-75F,2,Clean control,2,No giveaway in homestand
20260523,561,529,7720.0,1,night,Saturday,5,May,5,9,1,0,,561-4,11,12,1.0,0.49,0.46,Cloudy,Partly Cloudy,82.0,9,0,0,0,,0,,0,,,,,No giveaway,75-85F,3,Clean control,2,No giveaway in homestand
20260524,561,529,6246.0,1,day,Sunday,6,May,5,9,1,0,,561-4,12,12,1.0,0.5,0.451,Cloudy,Overcast,79.0,5,0,0,0,,0,,0,,,,,No giveaway,75-85F,3,Clean control,2,No giveaway in homestand
20260602,561,342,5574.0,1,night,Tuesday,1,June,6,10,0,0,,561-5,1,6,9.0,0.509,0.552,Cloudy,Partly Cloudy,80.0,8,0,0,0,,0,,0,,,,,No giveaway,75-85F,3,Clean control,2,No giveaway in homestand
20260603,561,342,6355.0,1,night,Wednesday,2,June,6,10,0,0,,561-5,2,6,1.0,0.5,0.559,Cloudy,Partly Cloudy,85.0,6,0,0,0,,0,,0,,,,,No giveaway,75-85F,3,Clean control,2,No giveaway in homestand
20260604,561,342,4891.0,1,night,Thursday,3,June,6,10,0,0,,561-5,3,6,1.0,0.508,0.55,Clear,Clear,85.0,7,0,0,0,,0,,0,,,,,No giveaway,75-85F,3,Clean control,2,No giveaway in homestand
20260605,561,342,6788.0,1,night,Friday,4,June,6,11,1,0,,561-5,4,6,1.0,0.517,0.541,Clear,Clear,92.0,6,0,0,0,,0,,0,,,,,No giveaway,85F+,4,Clean control,2,No giveaway in homestand
20260606,561,342,7612.0,1,night,Saturday,5,June,6,11,1,0,,561-5,5,6,1.0,0.508,0.548,Cloudy,Partly Cloudy,92.0,16,0,0,0,,0,,0,,,,,No giveaway,85F+,4,Clean control,2,No giveaway in homestand
20260607,561,342,3806.0,1,night,Sunday,6,June,6,11,1,0,,561-5,6,6,1.0,0.516,0.54,Cloudy,Partly Cloudy,76.0,12,0,0,0,,0,,0,,,,,No giveaway,75-85F,3,Clean control,2,No giveaway in homestand
20260616,561,529,5905.0,1,night,Tuesday,1,June,6,12,0,0,,561-6,1,6,9.0,0.536,0.429,Cloudy,Partly Cloudy,89.0,8,0,0,0,,0,,0,,,,,No giveaway,85F+,4,Clean control,2,No giveaway in homestand
20260617,561,529,4886.0,1,night,Wednesday,2,June,6,12,0,0,,561-6,2,6,1.0,0.529,0.437,Clear,Clear,87.0,11,0,0,0,,0,,0,,,,,No giveaway,85F+,4,Clean control,2,No giveaway in homestand
20260618,561,529,6321.0,1,night,Thursday,3,June,6,12,0,0,,561-6,3,6,1.0,0.521,0.444,Clear,Clear,85.0,6,0,0,0,,0,,0,,,,,No giveaway,75-85F,3,Clean control,2,No giveaway in homestand
20260619,561,529,6950.0,1,night,Friday,4,June,6,13,1,0,,561-6,4,6,1.0,0.528,0.438,Cloudy,Cloudy,91.0,4,0,0,0,,0,,0,,,,,No giveaway,85F+,4,Clean control,2,No giveaway in homestand
20260620,561,529,7664.0,1,night,Saturday,5,June,6,13,1,0,,561-6,5,6,1.0,0.534,0.432,Cloudy,Partly Cloudy,87.0,8,0,0,0,,0,,0,,,,,No giveaway,85F+,4,Clean control,2,No giveaway in homestand
20260621,561,529,6207.0,1,night,Sunday,6,June,6,13,1,1,Father's Day,561-6,6,6,1.0,0.527,0.44,Cloudy,Partly Cloudy,84.0,8,0,0,0,,0,,0,,,,,No giveaway,75-85F,3,Clean control,2,No giveaway in homestand
20260630,561,400,7169.0,1,night,Tuesday,1,June,6,14,0,0,,561-7,1,6,9.0,0.519,0.625,Cloudy,Partly Cloudy,75.0,6,0,0,0,,0,,0,,,,,No giveaway,65-75F,2,Clean control,2,No giveaway in homestand
20260701,561,400,5435.0,1,night,Wednesday,2,July,7,14,0,0,,561-7,2,6,1.0,0.524,0.617,Cloudy,Partly Cloudy,84.0,6,0,0,0,,0,,0,,,,,No giveaway,75-85F,3,Clean control,2,No giveaway in homestand
20260702,561,400,5915.0,1,night,Thursday,3,July,7,14,0,0,,561-7,3,6,1.0,0.518,0.622,Cloudy,Partly Cloudy,84.0,7,0,0,0,,0,,0,,,,,No giveaway,75-85F,3,Clean control,2,No giveaway in homestand
20260703,561,400,7717.0,1,night,Friday,4,July,7,15,1,0,,561-7,4,6,1.0,0.512,0.627,Cloudy,Partly Cloudy,88.0,6,0,0,0,,0,,0,,,,,No giveaway,85F+,4,Clean control,2,No giveaway in homestand
20260704,561,400,7837.0,1,night,Saturday,5,July,7,15,1,1,Independence Day,561-7,5,6,1.0,0.518,0.619,Clear,Clear,93.0,6,0,0,0,,0,,0,,,,,No giveaway,85F+,4,Clean control,2,No giveaway in homestand
20260705,561,400,4558.0,1,night,Sunday,6,July,7,15,1,0,,561-7,6,6,1.0,0.512,0.624,Cloudy,Partly Cloudy,98.0,6,0,0,0,,0,,0,,,,,No giveaway,85F+,4,Clean control,2,No giveaway in homestand
20260717,561,2310,6795.0,1,night,Friday,4,July,7,17,1,0,,561-8,1,9,12.0,0.505,0.457,Cloudy,Overcast,77.0,5,0,0,0,,0,,0,,,,,No giveaway,75-85F,3,Clean control,2,No giveaway in homestand
20260718,561,2310,7730.0,1,night,Saturday,5,July,7,17,1,0,,561-8,2,9,1.0,0.5,0.463,Cloudy,Partly Cloudy,92.0,4,0,0,0,,0,,0,,,,,No giveaway,85F+,4,Clean control,2,No giveaway in homestand
20260719,561,2310,4302.0,1,night,Sunday,6,July,7,17,1,0,,561-8,3,9,1.0,0.505,0.458,Cloudy,Partly Cloudy,94.0,10,0,0,0,,0,,0,,,,,No giveaway,85F+,4,Clean control,2,No giveaway in homestand
20260721,561,541,6420.0,1,night,Tuesday,1,July,7,17,0,0,,561-8,4,9,2.0,0.5,0.458,Cloudy,Partly Cloudy,95.0,9,0,0,0,,0,,0,,,,,No giveaway,85F+,4,Clean control,2,No giveaway in homestand
20260722,561,541,5010.0,1,night,Wednesday,2,July,7,17,0,0,,561-8,5,9,1.0,0.495,0.464,Cloudy,Overcast,76.0,1,0,0,0,,0,,0,,,,,No giveaway,75-85F,3,Clean control,2,No giveaway in homestand
20260723,561,541,4416.0,1,night,Thursday,3,July,7,17,0,0,,561-8,6,9,1.0,0.49,0.469,Clear,Clear,92.0,6,0,0,0,,0,,0,,,,,No giveaway,85F+,4,Clean control,2,No giveaway in homestand
20260724,561,541,7852.0,1,night,Friday,4,July,7,18,1,0,,561-8,7,9,1.0,0.485,0.475,Cloudy,Partly Cloudy,100.0,4,0,0,0,,0,,0,,,,,No giveaway,85F+,4,Clean control,2,No giveaway in homestand
20260725,561,541,6623.0,1,night,Saturday,5,July,7,18,1,0,,561-8,8,9,1.0,0.49,0.47,Cloudy,Partly Cloudy,99.0,5,0,0,0,,0,,0,,,,,No giveaway,85F+,4,Clean control,2,No giveaway in homestand
20260726,561,541,3924.0,1,night,Sunday,6,July,7,18,1,0,,561-8,9,9,1.0,0.485,0.475,Cloudy,Partly Cloudy,104.0,6,0,0,0,,0,,0,,,,,No giveaway,85F+,4,Clean control,2,No giveaway in homestand
20260804,561,238,7158.0,1,night,Tuesday,1,August,8,19,0,0,,561-9,1,6,9.0,0.454,0.551,Clear,Clear,90.0,6,0,0,0,,0,,0,,,,,No giveaway,85F+,4,Clean control,2,No giveaway in homestand
20260805,561,238,7707.0,1,night,Wednesday,2,August,8,19,0,0,,561-9,2,6,1.0,0.45,0.556,Cloudy,Partly Cloudy,95.0,7,0,0,0,,0,,0,,,,,No giveaway,85F+,4,Clean control,2,No giveaway in homestand
20260806,561,238,6690.0,1,night,Thursday,3,August,8,19,0,0,,561-9,3,6,1.0,0.445,0.56,Clear,Clear,99.0,7,0,0,0,,0,,0,,,,,No giveaway,85F+,4,Clean control,2,No giveaway in homestand
20260807,561,238,7030.0,1,night,Friday,4,August,8,20,1,0,,561-9,4,6,1.0,0.441,0.564,Cloudy,Partly Cloudy,99.0,6,0,0,0,,0,,0,,,,,No giveaway,85F+,4,Clean control,2,No giveaway in homestand
20260808,561,238,7558.0,1,night,Saturday,5,August,8,20,1,0,,561-9,5,6,1.0,0.446,0.559,Cloudy,Partly Cloudy,99.0,6,0,0,0,,0,,0,,,,,No giveaway,85F+,4,Clean control,2,No giveaway in homestand
20260809,561,238,4346.0,1,night,Sunday,6,August,8,20,1,0,,561-9,6,6,1.0,0.442,0.562,Cloudy,Overcast,90.0,3,0,0,0,,0,,0,,,,,No giveaway,85F+,4,Clean control,2,No giveaway in homestand
20260818,561,2310,5674.0,1,night,Tuesday,1,August,8,21,0,0,,561-10,1,6,9.0,0.458,0.438,Cloudy,Partly Cloudy,90.0,5,0,0,0,,0,,0,,,,,No giveaway,85F+,4,Clean control,2,No giveaway in homestand
20260819,561,2310,4312.0,1,night,Wednesday,2,August,8,21,0,0,,561-10,2,6,1.0,0.463,0.434,Cloudy,Partly Cloudy,92.0,7,0,0,0,,0,,0,,,,,No giveaway,85F+,4,Clean control,2,No giveaway in homestand
20260820,561,2310,4756.0,1,night,Thursday,3,August,8,21,0,0,,561-10,3,6,1.0,0.459,0.439,Cloudy,Partly Cloudy,98.0,3,0,0,0,,0,,0,,,,,No giveaway,85F+,4,Clean control,2,No giveaway in homestand
20260821,561,2310,7460.0,1,night,Friday,4,August,8,22,1,0,,561-10,4,6,1.0,0.463,0.435,Cloudy,Partly Cloudy,88.0,8,0,0,0,,0,,0,,,,,No giveaway,85F+,4,Clean control,2,No giveaway in homestand
20260822,561,2310,7816.0,1,night,Saturday,5,August,8,22,1,0,,561-10,5,6,1.0,0.46,0.44,Cloudy,Cloudy,81.0,3,0,0,0,,0,,0,,,,,No giveaway,75-85F,3,Clean control,2,No giveaway in homestand
20260408,531,234,2191.0,1,night,Wednesday,2,April,4,2,0,0,,531-1,1,5,,0.7,0.2,Clear,Clear,53.0,4,0,0,0,,0,,1,2636.0,-0.1851,-445.0,-16.9,No giveaway,Under 55F,0,Clean control,2,No giveaway in homestand
20260409,531,234,2406.0,1,night,Thursday,3,April,4,2,0,0,,531-1,2,5,1.0,0.727,0.182,Clear,Clear,55.0,10,0,0,0,,0,,1,2974.0,-0.2121,-568.0,-19.11,No giveaway,Under 55F,0,Clean control,2,No giveaway in homestand
20260410,531,234,4015.0,1,night,Friday,4,April,4,3,1,0,,531-1,3,5,1.0,0.667,0.25,Cloudy,Cloudy,72.0,13,0,0,0,,0,,1,4747.0,-0.1674,-732.0,-15.42,No giveaway,65-75F,2,Clean control,2,No giveaway in homestand
20260411,531,234,3944.0,2,day,Saturday,5,April,4,3,1,0,,531-1,4,5,1.0,0.643,0.286,Clear,Sunny,54.0,12,0,0,0,,0,,1,4282.0,-0.0823,-338.0,-7.9,No giveaway,Under 55F,0,Clean control,2,No giveaway in homestand
20260412,531,234,4487.0,1,day,Sunday,6,April,4,3,1,0,,531-1,5,5,1.0,0.6,0.333,Clear,Sunny,59.0,10,0,0,0,,0,,1,3364.0,0.288,1123.0,33.38,No giveaway,55-65F,1,Clean control,2,No giveaway in homestand
20260421,531,534,2103.0,1,night,Tuesday,1,April,4,4,0,0,,531-2,1,10,9.0,0.524,0.5,Cloudy,Cloudy,50.0,6,0,0,0,,1,-8.0,1,2352.0,-0.1119,-249.0,-10.59,No giveaway,Under 55F,0,Adjacent to a giveaway,1,3+ away
20260422,531,534,2218.0,1,night,Wednesday,2,April,4,4,0,0,,531-2,2,10,1.0,0.5,0.522,Cloudy,Partly Cloudy,62.0,5,0,0,0,,1,-7.0,1,2745.0,-0.213,-527.0,-19.19,No giveaway,55-65F,1,Adjacent to a giveaway,1,3+ away
20260423,531,534,2971.0,1,night,Thursday,3,April,4,4,0,0,,531-2,3,10,1.0,0.522,0.5,Cloudy,Partly Cloudy,69.0,10,0,0,0,,1,-6.0,1,3155.0,-0.0601,-184.0,-5.83,No giveaway,65-75F,2,Adjacent to a giveaway,1,3+ away
20260424,531,534,3233.0,1,night,Friday,4,April,4,5,1,0,,531-2,4,10,1.0,0.542,0.48,Cloudy,Partly Cloudy,62.0,6,0,0,0,,1,-5.0,1,4216.0,-0.2654,-983.0,-23.31,No giveaway,55-65F,1,Adjacent to a giveaway,1,3+ away
20260426,531,534,2957.0,2,day,Sunday,6,April,4,5,1,0,,531-2,5,10,2.0,0.538,0.481,Cloudy,Partly Cloudy,52.0,5,0,0,0,,1,-4.0,1,2874.0,0.0284,83.0,2.88,No giveaway,Under 55F,0,Adjacent to a giveaway,1,3+ away
20260428,531,422,8451.0,1,night,Tuesday,1,April,4,5,0,0,,531-2,6,10,2.0,0.556,0.464,Cloudy,Cloudy,56.0,7,0,0,0,,1,-3.0,1,2840.0,1.0906,5611.0,197.59,No giveaway,55-65F,1,Adjacent to a giveaway,1,3+ away
20260430,531,422,2145.0,1,night,Thursday,3,April,4,5,0,0,,531-2,7,10,2.0,0.571,0.448,Cloudy,Partly Cloudy,51.0,9,0,0,0,,1,-2.0,1,2489.0,-0.1489,-344.0,-13.83,No giveaway,Under 55F,0,Adjacent to a giveaway,1,-2 games
20260501,531,422,2902.0,2,night,Friday,4,May,5,6,1,0,,531-2,8,10,1.0,0.567,0.452,Cloudy,Cloudy,51.0,5,0,0,0,,1,-1.0,1,4688.0,-0.4797,-1786.0,-38.1,No giveaway,Under 55F,0,Adjacent to a giveaway,1,-1 games
20260502,531,422,3727.0,1,day,Saturday,5,May,5,6,1,0,,531-2,9,10,1.0,0.548,0.469,Cloudy,Partly Cloudy,51.0,8,0,1,1,CHAMP popcorn bucket courtesy of the Times-Leader,1,0.0,1,4990.0,-0.2918,-1263.0,-25.31,Giveaway,Under 55F,0,Giveaway,0,Giveaway
20260503,531,422,3517.0,1,day,Sunday,6,May,5,6,1,0,,531-2,10,10,1.0,0.562,0.455,Cloudy,Partly Cloudy,50.0,14,0,0,0,,1,1.0,1,3628.0,-0.031,-111.0,-3.05,No giveaway,Under 55F,0,Adjacent to a giveaway,1,+1 games
20260512,531,552,3171.0,1,night,Tuesday,1,May,5,7,0,0,,531-3,1,6,9.0,0.526,0.538,Clear,Clear,62.0,7,0,0,0,,1,-2.0,1,3657.0,-0.1426,-486.0,-13.29,No giveaway,55-65F,1,Adjacent to a giveaway,1,-2 games
20260513,531,552,5155.0,1,day,Wednesday,2,May,5,7,0,0,,531-3,2,6,1.0,0.538,0.525,Cloudy,Cloudy,61.0,9,0,0,0,,1,-1.0,1,4040.0,0.2437,1115.0,27.59,No giveaway,55-65F,1,Adjacent to a giveaway,1,-1 games
20260514,531,552,2315.0,1,night,Thursday,3,May,5,7,0,0,,531-3,3,6,1.0,0.55,0.512,Cloudy,Cloudy,51.0,7,0,1,1,"Custom RailRiders scrubs top, first 1000 fans",1,0.0,1,3388.0,-0.3809,-1073.0,-31.68,Giveaway,Under 55F,0,Giveaway,0,Giveaway
20260515,531,552,3707.0,1,night,Friday,4,May,5,8,1,0,,531-3,4,6,1.0,0.537,0.524,Cloudy,Overcast,62.0,7,0,0,0,,1,1.0,1,5515.0,-0.3972,-1808.0,-32.78,No giveaway,55-65F,1,Adjacent to a giveaway,1,+1 games
20260516,531,552,7814.0,1,night,Saturday,5,May,5,8,1,0,,531-3,5,6,1.0,0.524,0.535,Cloudy,Cloudy,75.0,12,0,1,1,"Custom giveaway fit for a Jedi, item unnamed in source",1,0.0,1,5523.0,0.347,2291.0,41.48,Giveaway,65-75F,2,Giveaway,0,Giveaway
20260517,531,552,3270.0,1,day,Sunday,6,May,5,8,1,0,,531-3,6,6,1.0,0.535,0.523,Cloudy,Partly Cloudy,79.0,9,0,0,0,,1,1.0,1,4583.0,-0.3377,-1313.0,-28.66,No giveaway,75-85F,3,Adjacent to a giveaway,1,+1 games
20260526,531,533,3172.0,1,night,Tuesday,1,May,5,9,0,0,,531-4,1,6,9.0,0.52,0.49,Cloudy,Partly Cloudy,78.0,8,0,0,0,,1,-2.0,1,3928.0,-0.2138,-756.0,-19.25,No giveaway,75-85F,3,Adjacent to a giveaway,1,-2 games
20260527,531,533,6451.0,1,day,Wednesday,2,May,5,9,0,0,,531-4,2,6,1.0,0.51,0.5,Cloudy,Cloudy,74.0,4,0,0,0,,1,-1.0,1,4387.0,0.3855,2064.0,47.03,No giveaway,65-75F,2,Adjacent to a giveaway,1,-1 games
20260528,531,533,3105.0,1,night,Thursday,3,May,5,9,0,0,,531-4,3,6,1.0,0.5,0.51,Cloudy,Partly Cloudy,64.0,12,0,1,1,"RailRiders rally towel, first 1000 fans",1,0.0,1,4055.0,-0.267,-950.0,-23.44,Giveaway,55-65F,1,Giveaway,0,Giveaway
20260529,531,533,3778.0,1,night,Friday,4,May,5,10,1,0,,531-4,4,6,1.0,0.491,0.519,Cloudy,Cloudy,70.0,11,0,0,0,,1,1.0,1,5861.0,-0.4392,-2083.0,-35.54,No giveaway,65-75F,2,Adjacent to a giveaway,1,+1 games
20260530,531,533,5654.0,1,night,Saturday,5,May,5,10,1,0,,531-4,5,6,1.0,0.5,0.509,Cloudy,Partly Cloudy,64.0,13,0,1,1,"Patriotic hat, first 1500 fans",1,0.0,1,5357.0,0.054,297.0,5.55,Giveaway,55-65F,1,Giveaway,0,Giveaway
20260531,531,533,3929.0,1,day,Sunday,6,May,5,10,1,0,,531-4,6,6,1.0,0.509,0.5,Cloudy,Partly Cloudy,69.0,9,0,0,0,,1,1.0,1,4619.0,-0.1619,-690.0,-14.94,No giveaway,65-75F,2,Adjacent to a giveaway,1,+1 games
20260609,531,1410,6494.0,1,night,Tuesday,1,June,6,11,0,0,,531-5,1,6,9.0,0.508,0.453,Cloudy,Partly Cloudy,78.0,8,0,0,0,,1,-2.0,1,4272.0,0.4187,2222.0,52.0,No giveaway,75-85F,3,Adjacent to a giveaway,1,-2 games
20260610,531,1410,6084.0,1,night,Wednesday,2,June,6,11,0,0,,531-5,2,6,1.0,0.5,0.462,Cloudy,Overcast,74.0,7,0,0,0,,1,-1.0,1,4225.0,0.3647,1859.0,44.01,No giveaway,65-75F,2,Adjacent to a giveaway,1,-1 games
20260611,531,1410,3708.0,1,night,Thursday,3,June,6,11,0,0,,531-5,3,6,1.0,0.492,0.47,Cloudy,Cloudy,83.0,8,0,1,1,"Pair of plush SWB slippers, first 1000 fans",1,0.0,1,4473.0,-0.1877,-765.0,-17.11,Giveaway,75-85F,3,Giveaway,0,Giveaway
20260612,531,1410,3262.0,1,night,Friday,4,June,6,12,1,0,,531-5,4,6,1.0,0.485,0.478,Cloudy,Partly Cloudy,79.0,6,0,0,0,,1,1.0,1,6375.0,-0.6701,-3113.0,-48.83,No giveaway,75-85F,3,Adjacent to a giveaway,1,+1 games
20260613,531,1410,6652.0,1,night,Saturday,5,June,6,12,1,0,,531-5,5,6,1.0,0.493,0.471,Clear,Clear,82.0,6,0,1,1,Custom SWB shamrock t-shirt,1,0.0,1,5944.0,0.1126,708.0,11.92,Giveaway,75-85F,3,Giveaway,0,Giveaway
20260614,531,1410,3915.0,1,day,Sunday,6,June,6,12,1,0,,531-5,6,6,1.0,0.5,0.464,Cloudy,Cloudy,80.0,10,0,0,0,,1,1.0,1,5018.0,-0.2482,-1103.0,-21.98,No giveaway,75-85F,3,Adjacent to a giveaway,1,+1 games
20260630,531,568,3790.0,1,night,Tuesday,1,June,6,14,0,0,,531-6,1,5,16.0,0.506,0.354,Cloudy,Partly Cloudy,85.0,8,0,0,0,,1,-2.0,1,3907.0,-0.0304,-117.0,-2.99,No giveaway,75-85F,3,Adjacent to a giveaway,1,-2 games
20260701,531,568,2404.0,1,night,Wednesday,2,July,7,14,0,0,,531-6,2,5,1.0,0.5,0.361,Cloudy,Partly Cloudy,92.0,6,0,0,0,,1,-1.0,1,3833.0,-0.4664,-1429.0,-37.28,No giveaway,85F+,4,Adjacent to a giveaway,1,-1 games
20260702,531,568,4258.0,1,night,Thursday,3,July,7,14,0,0,,531-6,3,5,1.0,0.506,0.357,Clear,Clear,92.0,9,0,1,1,"Custom SWB soccer jersey, first 1000 fans",1,0.0,1,4184.0,0.0176,74.0,1.78,Giveaway,85F+,4,Giveaway,0,Giveaway
20260703,531,568,4185.0,1,night,Friday,4,July,7,15,1,0,,531-6,4,5,1.0,0.512,0.353,Cloudy,Overcast,80.0,6,0,0,0,,1,1.0,1,6520.0,-0.4434,-2335.0,-35.81,No giveaway,75-85F,3,Adjacent to a giveaway,1,+1 games
20260705,531,568,3227.0,1,day,Sunday,6,July,7,15,1,0,,531-6,5,5,2.0,0.518,0.349,Cloudy,Cloudy,79.0,3,0,0,0,,1,2.0,1,5114.0,-0.4604,-1887.0,-36.9,No giveaway,75-85F,3,Adjacent to a giveaway,1,+2 games
20260717,531,533,5637.0,1,night,Friday,4,July,7,17,1,0,,531-7,1,9,12.0,0.533,0.5,Clear,Clear,82.0,5,0,0,0,,1,-7.0,1,5224.0,0.076,413.0,7.9,No giveaway,75-85F,3,Adjacent to a giveaway,1,3+ away
20260719,531,533,4466.0,1,day,Sunday,6,July,7,17,1,0,,531-7,3,9,2.0,0.538,0.495,Cloudy,Partly Cloudy,72.0,9,0,0,0,,1,-5.0,1,4963.0,-0.1056,-497.0,-10.02,No giveaway,65-75F,2,Adjacent to a giveaway,1,3+ away
20260721,531,552,3035.0,1,night,Tuesday,1,July,7,17,0,0,,531-7,4,9,2.0,0.543,0.49,Cloudy,Cloudy,75.0,8,0,0,0,,1,-4.0,1,4602.0,-0.4163,-1567.0,-34.05,No giveaway,65-75F,2,Adjacent to a giveaway,1,3+ away
20260722,531,552,3766.0,1,night,Wednesday,2,July,7,17,0,0,,531-7,5,9,1.0,0.537,0.495,Cloudy,Partly Cloudy,72.0,8,0,0,0,,1,-3.0,1,4028.0,-0.0672,-262.0,-6.5,No giveaway,65-75F,2,Adjacent to a giveaway,1,3+ away
20260723,531,552,4341.0,1,night,Thursday,3,July,7,17,0,0,,531-7,6,9,1.0,0.542,0.49,Clear,Clear,76.0,3,0,0,0,,1,-2.0,1,4404.0,-0.0144,-63.0,-1.43,No giveaway,75-85F,3,Adjacent to a giveaway,1,-2 games
20260724,531,552,5025.0,1,night,Friday,4,July,7,18,1,0,,531-7,7,9,1.0,0.536,0.495,Cloudy,Partly Cloudy,77.0,6,0,0,0,,1,-1.0,1,6143.0,-0.2009,-1118.0,-18.2,No giveaway,75-85F,3,Adjacent to a giveaway,1,-1 games
20260725,531,552,5058.0,1,night,Saturday,5,July,7,18,1,0,,531-7,8,9,1.0,0.531,0.5,Clear,Clear,78.0,6,0,1,1,"Button-down shirt, first 1500 fans",1,0.0,1,5785.0,-0.1342,-727.0,-12.56,Giveaway,75-85F,3,Giveaway,0,Giveaway
20260726,531,552,4122.0,1,day,Sunday,6,July,7,18,1,0,,531-7,9,9,1.0,0.535,0.495,Cloudy,Partly Cloudy,78.0,5,0,0,0,,1,1.0,1,4833.0,-0.1591,-711.0,-14.71,No giveaway,75-85F,3,Adjacent to a giveaway,1,+1 games
20260804,531,534,4568.0,1,night,Tuesday,1,August,8,19,0,0,,531-8,1,6,9.0,0.566,0.589,Clear,Clear,80.0,2,0,0,0,,1,-4.0,1,3905.0,0.1568,663.0,16.97,No giveaway,75-85F,3,Adjacent to a giveaway,1,3+ away
20260805,531,534,4943.0,1,night,Wednesday,2,August,8,19,0,0,,531-8,2,6,1.0,0.561,0.593,Cloudy,Partly Cloudy,79.0,5,0,0,0,,1,-3.0,1,3862.0,0.2467,1081.0,27.98,No giveaway,75-85F,3,Adjacent to a giveaway,1,3+ away
20260806,531,534,3496.0,1,night,Thursday,3,August,8,19,0,0,,531-8,3,6,1.0,0.556,0.596,Cloudy,Partly Cloudy,83.0,6,0,0,0,,1,-2.0,1,4127.0,-0.1659,-631.0,-15.29,No giveaway,75-85F,3,Adjacent to a giveaway,1,-2 games
20260807,531,534,4750.0,1,night,Friday,4,August,8,20,1,0,,531-8,4,6,1.0,0.55,0.6,Cloudy,Partly Cloudy,76.0,3,0,0,0,,1,-1.0,1,5930.0,-0.2218,-1180.0,-19.89,No giveaway,75-85F,3,Adjacent to a giveaway,1,-1 games
20260808,531,534,4564.0,1,night,Saturday,5,August,8,20,1,0,,531-8,5,6,1.0,0.545,0.604,Cloudy,Partly Cloudy,80.0,9,0,1,1,"Mystery bobblehead, first 1500 fans",1,0.0,1,5537.0,-0.1933,-973.0,-17.58,Giveaway,75-85F,3,Giveaway,0,Giveaway
20260809,531,534,3903.0,1,day,Sunday,6,August,8,20,1,0,,531-8,6,6,1.0,0.55,0.598,Cloudy,Partly Cloudy,83.0,7,0,0,0,,1,1.0,1,4551.0,-0.1537,-648.0,-14.25,No giveaway,75-85F,3,Adjacent to a giveaway,1,+1 games
20260818,531,494,4702.0,1,night,Tuesday,1,August,8,21,0,0,,531-9,1,6,9.0,0.53,0.537,Cloudy,Partly Cloudy,78.0,4,0,0,0,,1,-2.0,1,4020.0,0.1567,682.0,16.97,No giveaway,75-85F,3,Adjacent to a giveaway,1,-2 games
20260819,531,494,3669.0,1,night,Wednesday,2,August,8,21,0,0,,531-9,2,6,1.0,0.525,0.541,Cloudy,Overcast,79.0,5,0,0,0,,1,-1.0,1,3947.0,-0.0731,-278.0,-7.05,No giveaway,75-85F,3,Adjacent to a giveaway,1,-1 games
20260820,531,494,3013.0,1,night,Thursday,3,August,8,21,0,0,,531-9,3,6,1.0,0.529,0.537,Cloudy,Cloudy,62.0,6,0,1,1,"Play bat and ball set, first 1000 fans",1,0.0,1,4092.0,-0.306,-1079.0,-26.36,Giveaway,55-65F,1,Giveaway,0,Giveaway
20260821,531,494,4815.0,1,night,Friday,4,August,8,22,1,0,,531-9,4,6,1.0,0.533,0.532,Cloudy,Partly Cloudy,75.0,2,0,0,0,,1,1.0,1,6079.0,-0.2332,-1264.0,-20.8,No giveaway,65-75F,2,Adjacent to a giveaway,1,+1 games
20260822,531,494,6059.0,1,night,Saturday,5,August,8,22,1,0,,531-9,5,6,1.0,0.529,0.536,Cloudy,Partly Cloudy,74.0,6,0,1,1,"SWB Red Barons jersey, first 1500 fans",1,0.0,1,5740.0,0.0541,319.0,5.56,Giveaway,65-75F,2,Giveaway,0,Giveaway
20260823,531,494,5327.0,1,day,Sunday,6,August,8,22,1,0,,531-9,6,6,1.0,0.533,0.532,Cloudy,Partly Cloudy,72.0,10,0,0,0,,1,1.0,1,4785.0,0.1074,542.0,11.34,No giveaway,65-75F,2,Adjacent to a giveaway,1,+1 games
20260331,1960,533,4144.0,1,night,Tuesday,1,March,3,1,0,0,,1960-1,1,5,,0.75,0.5,Cloudy,Partly Cloudy,47.0,15,0,1,1,"White Jersey Hoodie, first 1000 fans",1,0.0,1,3489.0,0.1721,655.0,18.78,Giveaway,Under 55F,0,Giveaway,0,Giveaway
20260401,1960,533,2617.0,1,day,Wednesday,2,April,4,1,0,0,,1960-1,2,5,1.0,0.6,0.6,Cloudy,Cloudy,42.0,11,0,0,0,,1,1.0,1,2916.0,-0.108,-299.0,-10.24,No giveaway,Under 55F,0,Adjacent to a giveaway,1,+1 games
20260404,1960,533,2919.0,1,day,Saturday,5,April,4,2,1,0,,1960-1,4,5,3.0,0.5,0.667,Cloudy,Overcast,38.0,14,0,1,1,"Magnet Schedule, first 2000 fans",1,0.0,1,3654.0,-0.2247,-735.0,-20.12,Giveaway,Under 55F,0,Giveaway,0,Giveaway
20260405,1960,533,2701.0,2,day,Sunday,6,April,4,2,1,0,,1960-1,5,5,1.0,0.375,0.75,Cloudy,Partly Cloudy,50.0,13,0,0,0,,1,1.0,1,3682.0,-0.3097,-981.0,-26.63,No giveaway,Under 55F,0,Adjacent to a giveaway,1,+1 games
20260414,1960,1410,2765.0,1,night,Tuesday,1,April,4,3,0,0,,1960-2,1,6,9.0,0.333,0.625,Cloudy,Partly Cloudy,64.0,8,0,0,0,,0,,1,3906.0,-0.3453,-1141.0,-29.2,No giveaway,55-65F,1,Clean control,2,No giveaway in homestand
20260415,1960,1410,2946.0,1,night,Wednesday,2,April,4,3,0,0,,1960-2,2,6,1.0,0.375,0.588,Clear,Clear,69.0,5,0,0,0,,0,,1,3991.0,-0.3036,-1045.0,-26.18,No giveaway,65-75F,2,Clean control,2,No giveaway in homestand
20260416,1960,1410,3939.0,1,night,Thursday,3,April,4,3,0,0,,1960-2,3,6,1.0,0.412,0.556,Clear,Clear,79.0,17,0,0,0,,0,,1,4390.0,-0.1083,-451.0,-10.27,No giveaway,75-85F,3,Clean control,2,No giveaway in homestand
20260417,1960,1410,3222.0,1,night,Friday,4,April,4,4,1,0,,1960-2,4,6,1.0,0.444,0.526,Cloudy,Overcast,42.0,20,0,0,0,,0,,1,4127.0,-0.2475,-905.0,-21.92,No giveaway,Under 55F,0,Clean control,2,No giveaway in homestand
20260418,1960,1410,4334.0,1,day,Saturday,5,April,4,4,1,0,,1960-2,5,6,1.0,0.421,0.55,Cloudy,Overcast,40.0,16,0,0,0,,0,,1,4164.0,0.0401,170.0,4.09,No giveaway,Under 55F,0,Clean control,2,No giveaway in homestand
20260419,1960,1410,3397.0,1,day,Sunday,6,April,4,4,1,0,,1960-2,6,6,1.0,0.45,0.524,Cloudy,Partly Cloudy,45.0,20,0,0,0,,0,,1,3498.0,-0.0292,-101.0,-2.88,No giveaway,Under 55F,0,Clean control,2,No giveaway in homestand
20260428,1960,451,4342.0,1,day,Tuesday,1,April,4,5,0,0,,1960-3,1,6,9.0,0.444,0.481,Cloudy,Partly Cloudy,49.0,13,0,0,0,,1,-5.0,1,3682.0,0.1648,660.0,17.91,No giveaway,Under 55F,0,Adjacent to a giveaway,1,3+ away
20260429,1960,451,3526.0,1,night,Wednesday,2,April,4,5,0,0,,1960-3,2,6,1.0,0.429,0.5,Cloudy,Cloudy,51.0,8,0,0,0,,1,-4.0,1,3326.0,0.0585,200.0,6.03,No giveaway,Under 55F,0,Adjacent to a giveaway,1,3+ away
20260430,1960,451,4036.0,1,night,Thursday,3,April,4,5,0,0,,1960-3,3,6,1.0,0.448,0.483,Cloudy,Partly Cloudy,51.0,7,0,0,0,,1,-3.0,1,3637.0,0.104,399.0,10.96,No giveaway,Under 55F,0,Adjacent to a giveaway,1,3+ away
20260501,1960,451,4396.0,1,night,Friday,4,May,5,6,1,0,,1960-3,4,6,1.0,0.433,0.5,Cloudy,Partly Cloudy,53.0,8,0,0,0,,1,-2.0,1,6958.0,-0.4592,-2562.0,-36.82,No giveaway,Under 55F,0,Adjacent to a giveaway,1,-2 games
20260502,1960,451,6460.0,1,day,Saturday,5,May,5,6,1,0,,1960-3,5,6,1.0,0.452,0.484,Cloudy,Partly Cloudy,62.0,7,0,0,0,,1,-1.0,1,8380.0,-0.2602,-1920.0,-22.91,No giveaway,55-65F,1,Adjacent to a giveaway,1,-1 games
20260503,1960,451,4948.0,1,day,Sunday,6,May,5,6,1,0,,1960-3,6,6,1.0,0.469,0.469,Clear,Sunny,68.0,15,0,1,1,"Saints Crayola branded jersey, first 1000 fans",1,0.0,1,6485.0,-0.2705,-1537.0,-23.7,Giveaway,65-75F,2,Giveaway,0,Giveaway
20260512,1960,445,4826.0,1,night,Tuesday,1,May,5,7,0,0,,1960-4,1,11,9.0,0.538,0.5,Cloudy,Partly Cloudy,64.0,19,0,0,0,,1,-3.0,1,5221.0,-0.0786,-395.0,-7.56,No giveaway,55-65F,1,Adjacent to a giveaway,1,3+ away
20260513,1960,445,3521.0,1,night,Wednesday,2,May,5,7,0,0,,1960-4,2,11,1.0,0.525,0.512,Clear,Clear,72.0,8,0,0,0,,1,-2.0,1,5345.0,-0.4175,-1824.0,-34.13,No giveaway,65-75F,2,Adjacent to a giveaway,1,-2 games
20260515,1960,445,4427.0,2,night,Friday,4,May,5,8,1,0,,1960-4,3,11,2.0,0.548,0.488,Cloudy,Partly Cloudy,84.0,12,0,0,0,,1,-1.0,1,7843.0,-0.5718,-3416.0,-43.55,No giveaway,75-85F,3,Adjacent to a giveaway,1,-1 games
20260516,1960,445,5581.0,1,day,Saturday,5,May,5,8,1,0,,1960-4,4,11,1.0,0.535,0.5,Clear,Sunny,77.0,12,0,1,1,"Walker Jenkins Bobblehead presented by CHS, first 1500 fans",1,0.0,1,8779.0,-0.453,-3198.0,-36.43,Giveaway,75-85F,3,Giveaway,0,Giveaway
20260517,1960,445,4424.0,1,day,Sunday,6,May,5,8,1,0,,1960-4,5,11,1.0,0.523,0.511,Cloudy,Overcast,67.0,14,0,0,0,,1,1.0,1,6355.0,-0.3622,-1931.0,-30.39,No giveaway,65-75F,2,Adjacent to a giveaway,1,+1 games
20260519,1960,541,6591.0,1,day,Tuesday,1,May,5,8,0,0,,1960-4,6,11,2.0,0.511,0.489,Cloudy,Cloudy,50.0,19,0,0,0,,1,2.0,1,5334.0,0.2117,1257.0,23.58,No giveaway,Under 55F,0,Adjacent to a giveaway,1,+2 games
20260520,1960,541,4509.0,1,night,Wednesday,2,May,5,8,0,0,,1960-4,7,11,1.0,0.522,0.478,Clear,Clear,62.0,2,0,0,0,,1,3.0,1,4932.0,-0.0897,-423.0,-8.58,No giveaway,55-65F,1,Adjacent to a giveaway,1,3+ away
20260521,1960,541,5492.0,1,night,Thursday,3,May,5,8,0,0,,1960-4,8,11,1.0,0.511,0.489,Cloudy,Partly Cloudy,64.0,8,0,0,0,,1,4.0,1,5468.0,0.0044,24.0,0.44,No giveaway,55-65F,1,Adjacent to a giveaway,1,3+ away
20260522,1960,541,5815.0,1,night,Friday,4,May,5,9,1,0,,1960-4,9,11,1.0,0.521,0.479,Cloudy,Overcast,63.0,15,0,0,0,,1,5.0,1,7593.0,-0.2668,-1778.0,-23.42,No giveaway,55-65F,1,Adjacent to a giveaway,1,3+ away
20260523,1960,541,6670.0,1,night,Saturday,5,May,5,9,1,0,,1960-4,10,11,1.0,0.51,0.49,Cloudy,Overcast,64.0,9,0,0,0,,1,6.0,1,7221.0,-0.0794,-551.0,-7.63,No giveaway,55-65F,1,Adjacent to a giveaway,1,3+ away
20260524,1960,541,9377.0,1,night,Sunday,6,May,5,9,1,0,,1960-4,11,11,1.0,0.5,0.5,Clear,Clear,81.0,7,0,0,0,,1,7.0,1,5465.0,0.54,3912.0,71.59,No giveaway,75-85F,3,Adjacent to a giveaway,1,3+ away
20260602,1960,484,4452.0,1,night,Tuesday,1,June,6,10,0,0,,1960-5,1,6,9.0,0.526,0.414,Cloudy,Partly Cloudy,81.0,9,0,0,0,,0,,1,5917.0,-0.2845,-1465.0,-24.76,No giveaway,75-85F,3,Clean control,2,No giveaway in homestand
20260603,1960,484,5003.0,1,day,Wednesday,2,June,6,10,0,0,,1960-5,2,6,1.0,0.534,0.407,Clear,Sunny,82.0,9,0,0,0,,0,,1,6558.0,-0.2706,-1555.0,-23.71,No giveaway,75-85F,3,Clean control,2,No giveaway in homestand
20260604,1960,484,5113.0,1,night,Thursday,3,June,6,10,0,0,,1960-5,3,6,1.0,0.542,0.4,Cloudy,Partly Cloudy,82.0,8,0,0,0,,0,,1,6339.0,-0.215,-1226.0,-19.35,No giveaway,75-85F,3,Clean control,2,No giveaway in homestand
20260605,1960,484,8652.0,1,night,Friday,4,June,6,11,1,0,,1960-5,4,6,1.0,0.533,0.41,Clear,Clear,81.0,4,0,0,0,,0,,1,8897.0,-0.0279,-245.0,-2.76,No giveaway,75-85F,3,Clean control,2,No giveaway in homestand
20260606,1960,484,6817.0,1,night,Saturday,5,June,6,11,1,0,,1960-5,5,6,1.0,0.541,0.403,Cloudy,Partly Cloudy,85.0,5,0,0,0,,0,,1,8191.0,-0.1836,-1374.0,-16.77,No giveaway,75-85F,3,Clean control,2,No giveaway in homestand
20260607,1960,484,6550.0,1,day,Sunday,6,June,6,11,1,0,,1960-5,6,6,1.0,0.548,0.397,Cloudy,Partly Cloudy,86.0,14,0,0,0,,0,,1,6785.0,-0.0352,-235.0,-3.46,No giveaway,85F+,4,Clean control,2,No giveaway in homestand
20260616,1960,541,6549.0,1,night,Tuesday,1,June,6,12,0,0,,1960-6,1,5,9.0,0.58,0.435,Cloudy,Partly Cloudy,67.0,12,0,0,0,,0,,1,5803.0,0.121,746.0,12.86,No giveaway,65-75F,2,Clean control,2,No giveaway in homestand
20260618,1960,541,6943.0,2,night,Thursday,3,June,6,12,0,0,,1960-6,2,5,2.0,0.563,0.451,Cloudy,Partly Cloudy,71.0,14,0,0,0,,0,,1,6268.0,0.1022,675.0,10.76,No giveaway,65-75F,2,Clean control,2,No giveaway in homestand
20260619,1960,541,7212.0,1,night,Friday,4,June,6,13,1,0,,1960-6,3,5,1.0,0.569,0.444,Cloudy,Partly Cloudy,65.0,11,0,0,0,,0,,1,8656.0,-0.1825,-1444.0,-16.68,No giveaway,55-65F,1,Clean control,2,No giveaway in homestand
20260620,1960,541,8341.0,1,night,Saturday,5,June,6,13,1,0,,1960-6,4,5,1.0,0.575,0.438,Clear,Clear,75.0,8,0,0,0,,0,,1,8472.0,-0.0156,-131.0,-1.55,No giveaway,65-75F,2,Clean control,2,No giveaway in homestand
20260621,1960,541,9008.0,1,day,Sunday,6,June,6,13,1,1,Father's Day,1960-6,5,5,1.0,0.568,0.446,Cloudy,Partly Cloudy,75.0,4,0,0,0,,0,,1,7639.0,0.1648,1369.0,17.92,No giveaway,65-75F,2,Clean control,2,No giveaway in homestand
20260630,1960,422,6139.0,1,night,Tuesday,1,June,6,14,0,0,,1960-7,1,6,9.0,0.575,0.476,Cloudy,Partly Cloudy,90.0,10,0,0,0,,0,,1,5329.0,0.1414,810.0,15.19,No giveaway,85F+,4,Clean control,2,No giveaway in homestand
20260701,1960,422,5419.0,1,night,Wednesday,2,July,7,14,0,0,,1960-7,2,6,1.0,0.568,0.482,Cloudy,Cloudy,81.0,7,0,0,0,,0,,1,5620.0,-0.0363,-201.0,-3.57,No giveaway,75-85F,3,Clean control,2,No giveaway in homestand
20260702,1960,422,5717.0,1,night,Thursday,3,July,7,14,0,0,,1960-7,3,6,1.0,0.561,0.488,Cloudy,Partly Cloudy,81.0,10,0,0,0,,0,,1,6126.0,-0.069,-409.0,-6.67,No giveaway,75-85F,3,Clean control,2,No giveaway in homestand
20260703,1960,422,8401.0,1,night,Friday,4,July,7,15,1,0,,1960-7,4,6,1.0,0.566,0.482,Cloudy,Partly Cloudy,86.0,9,0,0,0,,0,,1,8276.0,0.015,125.0,1.51,No giveaway,85F+,4,Clean control,2,No giveaway in homestand
20260704,1960,422,8538.0,1,night,Saturday,5,July,7,15,1,1,Independence Day,1960-7,5,6,1.0,0.571,0.477,Cloudy,Partly Cloudy,84.0,5,0,0,0,,0,,1,8604.0,-0.0077,-66.0,-0.76,No giveaway,75-85F,3,Clean control,2,No giveaway in homestand
20260705,1960,422,6002.0,1,day,Sunday,6,July,7,15,1,0,,1960-7,6,6,1.0,0.565,0.483,Cloudy,Partly Cloudy,85.0,7,0,0,0,,0,,1,6583.0,-0.0924,-581.0,-8.83,No giveaway,75-85F,3,Clean control,2,No giveaway in homestand
20260717,1960,416,8267.0,1,night,Friday,4,July,7,17,1,0,,1960-8,1,9,12.0,0.554,0.516,Clear,Clear,95.0,15,0,0,0,,0,,1,6235.0,0.2821,2032.0,32.58,No giveaway,85F+,4,Clean control,2,No giveaway in homestand
20260718,1960,416,6379.0,1,night,Saturday,5,July,7,17,1,0,,1960-8,2,9,1.0,0.559,0.511,Clear,Clear,89.0,9,0,0,0,,0,,1,7677.0,-0.1852,-1298.0,-16.91,No giveaway,85F+,4,Clean control,2,No giveaway in homestand
20260719,1960,416,5772.0,1,day,Sunday,6,July,7,17,1,0,,1960-8,3,9,1.0,0.568,0.5,Clear,Sunny,89.0,6,0,0,0,,0,,1,6422.0,-0.1066,-650.0,-10.11,No giveaway,85F+,4,Clean control,2,No giveaway in homestand
20260721,1960,445,7036.0,1,night,Tuesday,1,July,7,17,0,0,,1960-8,4,9,2.0,0.562,0.531,Cloudy,Partly Cloudy,79.0,14,0,0,0,,0,,1,6234.0,0.121,802.0,12.86,No giveaway,75-85F,3,Clean control,2,No giveaway in homestand
20260722,1960,445,8415.0,1,day,Wednesday,2,July,7,17,0,0,,1960-8,5,9,1.0,0.567,0.526,Cloudy,Cloudy,72.0,5,0,0,0,,0,,1,6225.0,0.3014,2190.0,35.18,No giveaway,65-75F,2,Clean control,2,No giveaway in homestand
20260723,1960,445,7757.0,1,night,Thursday,3,July,7,17,0,0,,1960-8,6,9,1.0,0.571,0.52,Cloudy,Partly Cloudy,80.0,7,0,0,0,,0,,1,5960.0,0.2636,1797.0,30.16,No giveaway,75-85F,3,Clean control,2,No giveaway in homestand
20260724,1960,445,7155.0,1,night,Friday,4,July,7,18,1,0,,1960-8,7,9,1.0,0.566,0.525,Cloudy,Overcast,80.0,14,0,0,0,,0,,1,8327.0,-0.1517,-1172.0,-14.08,No giveaway,75-85F,3,Clean control,2,No giveaway in homestand
20260725,1960,445,7098.0,1,night,Saturday,5,July,7,18,1,0,,1960-8,8,9,1.0,0.57,0.52,Cloudy,Partly Cloudy,85.0,5,0,0,0,,0,,1,7631.0,-0.0723,-533.0,-6.98,No giveaway,75-85F,3,Clean control,2,No giveaway in homestand
20260726,1960,445,5376.0,1,day,Sunday,6,July,7,18,1,0,,1960-8,9,9,1.0,0.574,0.515,Clear,Sunny,95.0,9,0,0,0,,0,,1,5648.0,-0.0493,-272.0,-4.81,No giveaway,85F+,4,Clean control,2,No giveaway in homestand
20260804,1960,416,6946.0,1,night,Tuesday,1,August,8,19,0,0,,1960-9,1,6,9.0,0.574,0.467,Cloudy,Partly Cloudy,74.0,8,0,0,0,,0,,1,5694.0,0.1987,1252.0,21.98,No giveaway,65-75F,2,Clean control,2,No giveaway in homestand
20260805,1960,416,9002.0,1,day,Wednesday,2,August,8,19,0,0,,1960-9,2,6,1.0,0.578,0.463,Clear,Sunny,77.0,6,0,0,0,,0,,1,6329.0,0.3524,2673.0,42.24,No giveaway,75-85F,3,Clean control,2,No giveaway in homestand
20260806,1960,416,9027.0,1,night,Thursday,3,August,8,19,0,0,,1960-9,3,6,1.0,0.582,0.459,Clear,Clear,82.0,11,0,0,0,,0,,1,5997.0,0.4089,3030.0,50.52,No giveaway,75-85F,3,Clean control,2,No giveaway in homestand
20260807,1960,416,7939.0,1,night,Friday,4,August,8,20,1,0,,1960-9,4,6,1.0,0.586,0.455,Clear,Clear,75.0,9,0,0,0,,0,,1,8580.0,-0.0777,-641.0,-7.47,No giveaway,65-75F,2,Clean control,2,No giveaway in homestand
20260808,1960,416,6953.0,1,night,Saturday,5,August,8,20,1,0,,1960-9,5,6,1.0,0.589,0.45,Clear,Clear,81.0,8,0,0,0,,0,,1,7977.0,-0.1374,-1024.0,-12.83,No giveaway,75-85F,3,Clean control,2,No giveaway in homestand
20260809,1960,416,6853.0,1,day,Sunday,6,August,8,20,1,0,,1960-9,6,6,1.0,0.584,0.455,Clear,Sunny,84.0,7,0,0,0,,0,,1,6529.0,0.0484,324.0,4.96,No giveaway,75-85F,3,Clean control,2,No giveaway in homestand
20260825,1960,512,6883.0,1,night,Tuesday,1,August,8,22,0,0,,1960-10,1,6,16.0,0.579,0.46,Clear,Clear,81.0,8,0,0,0,,1,-4.0,1,5163.0,0.2876,1720.0,33.32,No giveaway,75-85F,3,Adjacent to a giveaway,1,3+ away
20260826,1960,512,5733.0,1,night,Wednesday,2,August,8,22,0,0,,1960-10,2,6,1.0,0.575,0.465,Clear,Clear,79.0,9,0,0,0,,1,-3.0,1,5571.0,0.0287,162.0,2.91,No giveaway,75-85F,3,Adjacent to a giveaway,1,3+ away
20260827,1960,512,6670.0,1,night,Thursday,3,August,8,22,0,0,,1960-10,3,6,1.0,0.57,0.469,Clear,Clear,80.0,5,0,0,0,,1,-2.0,1,6050.0,0.0975,620.0,10.24,No giveaway,75-85F,3,Adjacent to a giveaway,1,-2 games
20260828,1960,512,7721.0,1,night,Friday,4,August,8,23,1,0,,1960-10,4,6,1.0,0.566,0.473,Cloudy,Partly Cloudy,80.0,8,0,0,0,,1,-1.0,1,8454.0,-0.0907,-733.0,-8.67,No giveaway,75-85F,3,Adjacent to a giveaway,1,-1 games
20260829,1960,512,6757.0,1,night,Saturday,5,August,8,23,1,0,,1960-10,5,6,1.0,0.569,0.469,Cloudy,Partly Cloudy,80.0,8,0,1,1,"Toby and Ron Gardenhire bobblehead, first 1500 fans",1,0.0,1,7991.0,-0.1678,-1234.0,-15.44,Giveaway,75-85F,3,Giveaway,0,Giveaway
20260830,1960,512,7189.0,1,day,Sunday,6,August,8,23,1,0,,1960-10,6,6,1.0,0.565,0.473,Cloudy,Cloudy,80.0,12,0,0,0,,1,1.0,1,6667.0,0.0755,522.0,7.84,No giveaway,75-85F,3,Adjacent to a giveaway,1,+1 games
20260327,5434,102,4568.0,1,night,Friday,4,March,3,1,1,0,,5434-1,1,3,,0.0,1.0,Cloudy,Partly Cloudy,81.0,10,0,1,1,2026 Magnet Schedule presented by Frost Bank,1,0.0,1,3484.0,0.2709,1084.0,31.12,Giveaway,75-85F,3,Giveaway,0,Giveaway
20260328,5434,102,3974.0,1,night,Saturday,5,March,3,1,1,0,,5434-1,2,3,1.0,0.5,0.5,Cloudy,Cloudy,74.0,5,0,1,1,Concert Tee,1,0.0,1,3635.0,0.0892,339.0,9.33,Giveaway,65-75F,2,Giveaway,0,Giveaway
20260329,5434,102,3887.0,1,day,Sunday,6,March,3,1,1,0,,5434-1,3,3,1.0,0.667,0.333,Cloudy,Partly Cloudy,81.0,8,0,0,0,,1,1.0,1,3067.0,0.2368,820.0,26.72,No giveaway,75-85F,3,Adjacent to a giveaway,1,+1 games
20260407,5434,529,2221.0,1,night,Tuesday,1,April,4,2,0,0,,5434-2,1,6,9.0,0.6,0.5,Cloudy,Overcast,71.0,11,0,0,0,,1,-3.0,1,2388.0,-0.0727,-167.0,-7.01,No giveaway,65-75F,2,Adjacent to a giveaway,1,3+ away
20260408,5434,529,2009.0,1,night,Wednesday,2,April,4,2,0,0,,5434-2,2,6,1.0,0.545,0.545,Cloudy,Partly Cloudy,78.0,13,0,0,0,,1,-2.0,1,2339.0,-0.1519,-330.0,-14.09,No giveaway,75-85F,3,Adjacent to a giveaway,1,-2 games
20260409,5434,529,2140.0,1,night,Thursday,3,April,4,2,0,0,,5434-2,3,6,1.0,0.583,0.5,Cloudy,Cloudy,79.0,14,0,0,0,,1,-1.0,1,2565.0,-0.1813,-425.0,-16.59,No giveaway,75-85F,3,Adjacent to a giveaway,1,-1 games
20260410,5434,529,3106.0,1,night,Friday,4,April,4,3,1,0,,5434-2,4,6,1.0,0.615,0.462,Cloudy,Cloudy,72.0,10,0,1,1,Video Game Hats presented by Pepsi,1,0.0,1,3635.0,-0.1572,-529.0,-14.54,Giveaway,65-75F,2,Giveaway,0,Giveaway
20260411,5434,529,4268.0,1,night,Saturday,5,April,4,3,1,0,,5434-2,5,6,1.0,0.643,0.429,Cloudy,Cloudy,78.0,14,0,1,1,Brice Matthews Home Replica Jersey presented by Houston Methodist,1,0.0,1,3446.0,0.214,822.0,23.86,Giveaway,75-85F,3,Giveaway,0,Giveaway
20260412,5434,529,4345.0,1,day,Sunday,6,April,4,3,1,0,,5434-2,6,6,1.0,0.667,0.4,Cloudy,Overcast,80.0,14,0,0,0,,1,1.0,1,2872.0,0.4142,1473.0,51.31,No giveaway,75-85F,3,Adjacent to a giveaway,1,+1 games
20260423,5434,102,2536.0,2,night,Thursday,3,April,4,4,0,0,,5434-3,1,4,11.0,0.565,0.435,Cloudy,Partly Cloudy,84.0,11,0,1,1,College Spirit Caps presented by NMDP,1,0.0,1,2195.0,0.1443,341.0,15.52,Giveaway,75-85F,3,Giveaway,0,Giveaway
20260424,5434,102,4033.0,1,night,Friday,4,April,4,5,1,0,,5434-3,2,4,1.0,0.583,0.417,Cloudy,Overcast,80.0,13,0,0,0,,1,1.0,1,3719.0,0.0811,314.0,8.45,No giveaway,75-85F,3,Adjacent to a giveaway,1,+1 games
20260425,5434,102,3912.0,2,night,Saturday,5,April,4,5,1,0,,5434-3,3,4,1.0,0.538,0.462,Cloudy,Cloudy,86.0,8,0,0,0,,1,2.0,1,3350.0,0.1551,562.0,16.78,No giveaway,85F+,4,Adjacent to a giveaway,1,+2 games
20260426,5434,102,5238.0,1,day,Sunday,6,April,4,5,1,0,,5434-3,4,4,1.0,0.556,0.444,Cloudy,Cloudy,84.0,10,0,0,0,,1,3.0,1,2851.0,0.6083,2387.0,83.73,No giveaway,75-85F,3,Adjacent to a giveaway,1,3+ away
20260505,5434,342,2951.0,1,night,Tuesday,1,May,5,6,0,0,,5434-4,1,6,9.0,0.5,0.559,Cloudy,Cloudy,83.0,13,0,0,0,,1,-3.0,1,3080.0,-0.0427,-129.0,-4.18,No giveaway,75-85F,3,Adjacent to a giveaway,1,3+ away
20260506,5434,342,6592.0,1,day,Wednesday,2,May,5,6,0,0,,5434-4,2,6,1.0,0.486,0.571,Cloudy,Cloudy,77.0,5,0,0,0,,1,-2.0,1,3513.0,0.6295,3079.0,87.66,No giveaway,75-85F,3,Adjacent to a giveaway,1,-2 games
20260507,5434,342,2764.0,1,night,Thursday,3,May,5,6,0,0,,5434-4,3,6,1.0,0.472,0.583,Cloudy,Overcast,77.0,7,0,0,0,,1,-1.0,1,3387.0,-0.2032,-623.0,-18.39,No giveaway,75-85F,3,Adjacent to a giveaway,1,-1 games
20260508,5434,342,4527.0,1,night,Friday,4,May,5,7,1,0,,5434-4,4,6,1.0,0.459,0.595,Cloudy,Cloudy,74.0,7,0,1,1,Baseball Cowboy Hat presented by Constellation,1,0.0,1,4739.0,-0.0459,-212.0,-4.48,Giveaway,65-75F,2,Giveaway,0,Giveaway
20260509,5434,342,3982.0,1,night,Saturday,5,May,5,7,1,0,,5434-4,5,6,1.0,0.474,0.579,Clear,Clear,88.0,5,0,1,1,Ponytail Cap presented by Houston Methodist,1,0.0,1,4179.0,-0.0483,-197.0,-4.72,Giveaway,85F+,4,Giveaway,0,Giveaway
20260510,5434,342,3770.0,1,day,Sunday,6,May,5,7,1,1,Mother's Day,5434-4,6,6,1.0,0.462,0.59,Cloudy,Partly Cloudy,87.0,10,0,1,1,Mother's Day Replica Jersey presented by Houston Methodist,1,0.0,1,3805.0,-0.0094,-35.0,-0.93,Giveaway,85F+,4,Giveaway,0,Giveaway
20260526,5434,238,2890.0,1,night,Tuesday,1,May,5,9,0,0,,5434-5,1,6,16.0,0.423,0.569,Cloudy,Partly Cloudy,84.0,18,0,0,0,,1,-3.0,1,2840.0,0.0175,50.0,1.77,No giveaway,75-85F,3,Adjacent to a giveaway,1,3+ away
20260527,5434,238,2556.0,1,night,Wednesday,2,May,5,9,0,0,,5434-5,2,6,1.0,0.434,0.558,Cloudy,Overcast,75.0,5,0,0,0,,1,-2.0,1,3155.0,-0.2107,-599.0,-19.0,No giveaway,65-75F,2,Adjacent to a giveaway,1,-2 games
20260528,5434,238,3104.0,1,night,Thursday,3,May,5,9,0,0,,5434-5,3,6,1.0,0.426,0.566,Clear,Clear,86.0,4,0,0,0,,1,-1.0,1,3264.0,-0.0501,-160.0,-4.89,No giveaway,85F+,4,Adjacent to a giveaway,1,-1 games
20260529,5434,238,4909.0,1,night,Friday,4,May,5,10,1,0,,5434-5,4,6,1.0,0.418,0.574,Cloudy,Partly Cloudy,87.0,7,0,1,1,Space Cowboys Fishing Shirt presented by Constellation,1,0.0,1,4514.0,0.0838,395.0,8.74,Giveaway,85F+,4,Giveaway,0,Giveaway
20260530,5434,238,3711.0,1,night,Saturday,5,May,5,10,1,0,,5434-5,5,6,1.0,0.411,0.582,Clear,Clear,92.0,7,0,1,1,Year of the Fire Horse Jersey,1,0.0,1,4016.0,-0.079,-305.0,-7.59,Giveaway,85F+,4,Giveaway,0,Giveaway
20260531,5434,238,3855.0,1,day,Sunday,6,May,5,10,1,0,,5434-5,6,6,1.0,0.404,0.589,Cloudy,Partly Cloudy,91.0,1,0,0,0,,1,1.0,1,3393.0,0.1277,462.0,13.62,No giveaway,85F+,4,Adjacent to a giveaway,1,+1 games
20260609,5434,105,2937.0,1,night,Tuesday,1,June,6,11,0,0,,5434-6,1,6,9.0,0.422,0.613,Cloudy,Partly Cloudy,87.0,14,0,0,0,,1,-3.0,1,3181.0,-0.0797,-244.0,-7.66,No giveaway,85F+,4,Adjacent to a giveaway,1,3+ away
20260610,5434,105,3328.0,1,night,Wednesday,2,June,6,11,0,0,,5434-6,2,6,1.0,0.415,0.619,Cloudy,Partly Cloudy,88.0,11,0,0,0,,1,-2.0,1,3100.0,0.071,228.0,7.36,No giveaway,85F+,4,Adjacent to a giveaway,1,-2 games
20260611,5434,105,2922.0,1,night,Thursday,3,June,6,11,0,0,,5434-6,3,6,1.0,0.424,0.609,Cloudy,Partly Cloudy,88.0,12,0,0,0,,1,-1.0,1,3388.0,-0.148,-466.0,-13.75,No giveaway,85F+,4,Adjacent to a giveaway,1,-1 games
20260612,5434,105,3811.0,1,night,Friday,4,June,6,12,1,0,,5434-6,4,6,1.0,0.433,0.6,Cloudy,Cloudy,84.0,14,0,1,1,Baseball Soccer Ball presented by Republic Services,1,0.0,1,4919.0,-0.2552,-1108.0,-22.53,Giveaway,75-85F,3,Giveaway,0,Giveaway
20260613,5434,105,3743.0,1,night,Saturday,5,June,6,12,1,0,,5434-6,5,6,1.0,0.441,0.591,Cloudy,Partly Cloudy,88.0,12,0,1,1,Space Cowboys Soccer Jersey presented by Houston Methodist,1,0.0,1,4489.0,-0.1819,-746.0,-16.63,Giveaway,85F+,4,Giveaway,0,Giveaway
20260623,5434,4904,2820.0,1,night,Tuesday,1,June,6,13,0,0,,5434-7,1,6,10.0,0.44,0.461,Cloudy,Partly Cloudy,90.0,14,0,0,0,,1,-3.0,1,3169.0,-0.1166,-349.0,-11.0,No giveaway,85F+,4,Adjacent to a giveaway,1,3+ away
20260624,5434,4904,4686.0,1,day,Wednesday,2,June,6,13,0,0,,5434-7,2,6,1.0,0.447,0.455,Cloudy,Cloudy,85.0,8,0,0,0,,1,-2.0,1,3777.0,0.2157,909.0,24.08,No giveaway,75-85F,3,Adjacent to a giveaway,1,-2 games
20260625,5434,4904,2010.0,1,night,Thursday,3,June,6,13,0,0,,5434-7,3,6,1.0,0.455,0.449,Cloudy,Partly Cloudy,89.0,12,0,0,0,,1,-1.0,1,3510.0,-0.5575,-1500.0,-42.74,No giveaway,85F+,4,Adjacent to a giveaway,1,-1 games
20260626,5434,4904,5112.0,1,night,Friday,4,June,6,14,1,0,,5434-7,4,6,1.0,0.449,0.456,Clear,Clear,88.0,13,0,1,1,A Celebration of America's 250 Jersey presented by Hunton Trane,1,0.0,1,4955.0,0.0311,157.0,3.16,Giveaway,85F+,4,Giveaway,0,Giveaway
20260627,5434,4904,4373.0,1,night,Saturday,5,June,6,14,1,0,,5434-7,5,6,1.0,0.456,0.45,Cloudy,Partly Cloudy,89.0,13,0,1,1,Foam Hot Dog Hat,1,0.0,1,4633.0,-0.0578,-260.0,-5.62,Giveaway,85F+,4,Giveaway,0,Giveaway
20260628,5434,4904,3694.0,1,night,Sunday,6,June,6,14,1,0,,5434-7,6,6,1.0,0.462,0.444,Cloudy,Partly Cloudy,88.0,15,0,1,1,Sesame Street Plush,1,0.0,1,3464.0,0.0643,230.0,6.64,Giveaway,85F+,4,Giveaway,0,Giveaway
20260707,5434,342,2644.0,1,night,Tuesday,1,July,7,15,0,0,,5434-8,1,6,9.0,0.471,0.511,Cloudy,Partly Cloudy,89.0,13,0,0,0,,1,-3.0,1,3163.0,-0.1794,-519.0,-16.42,No giveaway,85F+,4,Adjacent to a giveaway,1,3+ away
20260708,5434,342,2539.0,1,night,Wednesday,2,July,7,15,0,0,,5434-8,2,6,1.0,0.477,0.506,Cloudy,Cloudy,88.0,8,0,0,0,,1,-2.0,1,3155.0,-0.2172,-616.0,-19.52,No giveaway,85F+,4,Adjacent to a giveaway,1,-2 games
20260709,5434,342,2427.0,1,night,Thursday,3,July,7,15,0,0,,5434-8,3,6,1.0,0.472,0.511,Clear,Clear,89.0,10,0,0,0,,1,-1.0,1,3401.0,-0.3375,-974.0,-28.65,No giveaway,85F+,4,Adjacent to a giveaway,1,-1 games
20260710,5434,342,4048.0,1,night,Friday,4,July,7,16,1,0,,5434-8,4,6,1.0,0.478,0.505,Cloudy,Partly Cloudy,90.0,13,0,1,1,Texas Flag Jersey presented by Constellation,1,0.0,1,4704.0,-0.1503,-656.0,-13.95,Giveaway,85F+,4,Giveaway,0,Giveaway
20260711,5434,342,4515.0,1,night,Saturday,5,July,7,16,1,0,,5434-8,5,6,1.0,0.484,0.5,Cloudy,Overcast,86.0,9,0,1,1,Anime Jersey Giveaway,1,0.0,1,4640.0,-0.0273,-125.0,-2.69,Giveaway,85F+,4,Giveaway,0,Giveaway
20260712,5434,342,3391.0,1,day,Sunday,6,July,7,16,1,0,,5434-8,6,6,1.0,0.489,0.495,Cloudy,Partly Cloudy,93.0,7,0,0,0,,1,1.0,1,3571.0,-0.0517,-180.0,-5.03,No giveaway,85F+,4,Adjacent to a giveaway,1,+1 games
20260721,5434,556,2467.0,1,night,Tuesday,1,July,7,17,0,0,,5434-9,1,11,9.0,0.5,0.557,Clear,Clear,95.0,5,0,0,0,,1,-2.0,1,2860.0,-0.1478,-393.0,-13.74,No giveaway,85F+,4,Adjacent to a giveaway,1,-2 games
20260722,5434,556,2403.0,1,night,Wednesday,2,July,7,17,0,0,,5434-9,2,11,1.0,0.505,0.551,Cloudy,Partly Cloudy,97.0,9,0,0,0,,1,-1.0,1,2728.0,-0.1269,-325.0,-11.92,No giveaway,85F+,4,Adjacent to a giveaway,1,-1 games
20260724,5434,556,4458.0,1,night,Friday,4,July,7,18,1,0,,5434-9,3,11,2.0,0.51,0.545,Cloudy,Partly Cloudy,90.0,12,0,1,1,Astros Jeremy Pena Short Sleeve Hoodie presented by Amaro Law Firm,1,0.0,1,4578.0,-0.0265,-120.0,-2.61,Giveaway,85F+,4,Giveaway,0,Giveaway
20260725,5434,556,3856.0,2,night,Saturday,5,July,7,18,1,0,,5434-9,4,11,1.0,0.51,0.545,Cloudy,Partly Cloudy,90.0,8,0,1,1,Adventure Hat presented by Pepsi,1,0.0,1,4397.0,-0.1314,-541.0,-12.31,Giveaway,85F+,4,Giveaway,0,Giveaway
20260726,5434,556,3211.0,1,night,Sunday,6,July,7,18,1,0,,5434-9,5,11,1.0,0.505,0.549,Clear,Clear,91.0,11,0,0,0,,1,1.0,1,3207.0,0.0012,4.0,0.12,No giveaway,85F+,4,Adjacent to a giveaway,1,+1 games
20260728,5434,561,2723.0,1,night,Tuesday,1,July,7,18,0,0,,5434-9,6,11,2.0,0.51,0.48,Cloudy,Partly Cloudy,91.0,14,0,0,0,,1,2.0,1,3364.0,-0.2115,-641.0,-19.06,No giveaway,85F+,4,Adjacent to a giveaway,1,+2 games
20260729,5434,561,2257.0,1,night,Wednesday,2,July,7,18,0,0,,5434-9,7,11,1.0,0.515,0.476,Clear,Clear,93.0,11,0,0,0,,1,-2.0,1,2876.0,-0.2422,-619.0,-21.51,No giveaway,85F+,4,Adjacent to a giveaway,1,-2 games
20260730,5434,561,2151.0,1,night,Thursday,3,July,7,18,0,0,,5434-9,8,11,1.0,0.519,0.471,Clear,Clear,93.0,8,0,0,0,,1,-1.0,1,3140.0,-0.3782,-989.0,-31.49,No giveaway,85F+,4,Adjacent to a giveaway,1,-1 games
20260731,5434,561,3965.0,1,night,Friday,4,July,7,19,1,0,,5434-9,9,11,1.0,0.524,0.467,Cloudy,Partly Cloudy,93.0,14,0,1,1,Survivor Jersey Giveaway,1,0.0,1,4393.0,-0.1026,-428.0,-9.75,Giveaway,85F+,4,Giveaway,0,Giveaway
20260801,5434,561,3159.0,1,night,Saturday,5,August,8,19,1,0,,5434-9,10,11,1.0,0.528,0.462,Cloudy,Partly Cloudy,94.0,5,0,0,0,,1,1.0,1,4003.0,-0.2369,-844.0,-21.09,No giveaway,85F+,4,Adjacent to a giveaway,1,+1 games
20260802,5434,561,3467.0,1,night,Sunday,6,August,8,19,1,0,,5434-9,11,11,1.0,0.533,0.458,Clear,Clear,94.0,5,0,0,0,,1,2.0,1,2960.0,0.158,507.0,17.11,No giveaway,85F+,4,Adjacent to a giveaway,1,+2 games
20260818,5434,238,2334.0,1,night,Tuesday,1,August,8,21,0,0,,5434-10,1,6,16.0,0.525,0.571,Cloudy,Partly Cloudy,92.0,10,0,0,0,,1,-3.0,1,2671.0,-0.1348,-337.0,-12.61,No giveaway,85F+,4,Adjacent to a giveaway,1,3+ away
20260819,5434,238,2002.0,1,night,Wednesday,2,August,8,21,0,0,,5434-10,2,6,1.0,0.529,0.567,Cloudy,Partly Cloudy,95.0,9,0,0,0,,1,-2.0,1,2737.0,-0.3127,-735.0,-26.85,No giveaway,85F+,4,Adjacent to a giveaway,1,-2 games
20260820,5434,238,2780.0,1,night,Thursday,3,August,8,21,0,0,,5434-10,3,6,1.0,0.533,0.562,Cloudy,Partly Cloudy,95.0,9,0,0,0,,1,-1.0,1,2989.0,-0.0724,-209.0,-6.99,No giveaway,85F+,4,Adjacent to a giveaway,1,-1 games
20260821,5434,238,5532.0,1,night,Friday,4,August,8,22,1,0,,5434-10,4,6,1.0,0.537,0.557,Cloudy,Partly Cloudy,96.0,4,0,1,1,Harry Potter Jersey Giveaway,1,0.0,1,4115.0,0.296,1417.0,34.45,Giveaway,85F+,4,Giveaway,0,Giveaway
20260822,5434,238,4613.0,1,night,Saturday,5,August,8,22,1,0,,5434-10,5,6,1.0,0.532,0.561,Clear,Clear,101.0,7,0,0,0,,1,1.0,1,3537.0,0.2655,1076.0,30.41,No giveaway,85F+,4,Adjacent to a giveaway,1,+1 games
20260823,5434,238,2461.0,1,day,Sunday,6,August,8,22,1,0,,5434-10,6,6,1.0,0.528,0.565,Clear,Sunny,98.0,5,0,0,0,,1,2.0,1,3129.0,-0.2403,-668.0,-21.36,No giveaway,85F+,4,Adjacent to a giveaway,1,+2 games
20260331,552,512,4853.0,1,day,Tuesday,1,March,3,1,0,0,,552-1,1,6,,0.5,0.25,Cloudy,Cloudy,68.0,7,0,0,0,,0,,0,,,,,No giveaway,65-75F,2,Clean control,2,No giveaway in homestand
20260401,552,512,1974.0,1,day,Wednesday,2,April,4,1,0,0,,552-1,2,6,1.0,0.6,0.2,Cloudy,Overcast,43.0,7,0,0,0,,0,,0,,,,,No giveaway,Under 55F,0,Clean control,2,No giveaway in homestand
20260402,552,512,1569.0,1,day,Thursday,3,April,4,1,0,0,,552-1,3,6,1.0,0.5,0.333,Cloudy,Overcast,50.0,9,0,0,0,,0,,0,,,,,No giveaway,Under 55F,0,Clean control,2,No giveaway in homestand
20260403,552,512,2871.0,1,day,Friday,4,April,4,2,1,0,,552-1,4,6,1.0,0.429,0.429,Clear,Sunny,73.0,7,0,0,0,,0,,0,,,,,No giveaway,65-75F,2,Clean control,2,No giveaway in homestand
20260404,552,512,2522.0,1,day,Saturday,5,April,4,2,1,0,,552-1,5,6,1.0,0.5,0.375,Cloudy,Partly Cloudy,54.0,2,0,0,0,,0,,0,,,,,No giveaway,Under 55F,0,Clean control,2,No giveaway in homestand
20260405,552,512,1867.0,1,day,Sunday,6,April,4,2,1,0,,552-1,6,6,1.0,0.556,0.333,Cloudy,Cloudy,47.0,13,0,0,0,,0,,0,,,,,No giveaway,Under 55F,0,Clean control,2,No giveaway in homestand
20260414,552,531,1928.0,1,night,Tuesday,1,April,4,3,0,0,,552-2,1,4,9.0,0.5,0.562,Cloudy,Partly Cloudy,75.0,18,0,0,0,,0,,0,,,,,No giveaway,65-75F,2,Clean control,2,No giveaway in homestand
20260415,552,531,2007.0,1,night,Wednesday,2,April,4,3,0,0,,552-2,2,4,1.0,0.471,0.588,Cloudy,Partly Cloudy,71.0,7,0,0,0,,0,,0,,,,,No giveaway,65-75F,2,Clean control,2,No giveaway in homestand
20260417,552,531,3866.0,1,night,Friday,4,April,4,4,1,0,,552-2,3,4,2.0,0.5,0.556,Clear,Clear,58.0,9,0,0,0,,0,,0,,,,,No giveaway,55-65F,1,Clean control,2,No giveaway in homestand
20260418,552,531,4898.0,2,day,Saturday,5,April,4,4,1,0,,552-2,4,4,1.0,0.55,0.5,Cloudy,Partly Cloudy,72.0,16,0,0,0,,0,,0,,,,,No giveaway,65-75F,2,Clean control,2,No giveaway in homestand
20260428,552,1410,1701.0,1,night,Tuesday,1,April,4,5,0,0,,552-3,1,11,10.0,0.519,0.571,Cloudy,Overcast,61.0,8,0,0,0,,0,,0,,,,,No giveaway,55-65F,1,Clean control,2,No giveaway in homestand
20260430,552,1410,3013.0,2,night,Thursday,3,April,4,5,0,0,,552-3,2,11,2.0,0.552,0.533,Cloudy,Partly Cloudy,53.0,12,0,0,0,,0,,0,,,,,No giveaway,Under 55F,0,Clean control,2,No giveaway in homestand
20260501,552,1410,2512.0,1,night,Friday,4,May,5,6,1,0,,552-3,3,11,1.0,0.567,0.516,Precipitation,Drizzle,49.0,5,1,0,0,,0,,0,,,,,No giveaway,Under 55F,0,Clean control,2,No giveaway in homestand
20260502,552,1410,2739.0,1,day,Saturday,5,May,5,6,1,0,,552-3,4,11,1.0,0.548,0.531,Cloudy,Partly Cloudy,48.0,12,0,0,0,,0,,0,,,,,No giveaway,Under 55F,0,Clean control,2,No giveaway in homestand
20260503,552,1410,3466.0,1,day,Sunday,6,May,5,6,1,0,,552-3,5,11,1.0,0.562,0.515,Clear,Sunny,52.0,6,0,0,0,,0,,0,,,,,No giveaway,Under 55F,0,Clean control,2,No giveaway in homestand
20260505,552,534,1893.0,1,night,Tuesday,1,May,5,6,0,0,,552-3,6,11,2.0,0.545,0.5,Cloudy,Cloudy,63.0,9,0,0,0,,0,,0,,,,,No giveaway,55-65F,1,Clean control,2,No giveaway in homestand
20260506,552,534,1511.0,1,night,Wednesday,2,May,5,6,0,0,,552-3,7,11,1.0,0.559,0.486,Cloudy,Cloudy,46.0,8,0,0,0,,0,,0,,,,,No giveaway,Under 55F,0,Clean control,2,No giveaway in homestand
20260507,552,534,2403.0,1,night,Thursday,3,May,5,6,0,0,,552-3,8,11,1.0,0.571,0.472,Clear,Clear,55.0,11,0,0,0,,0,,0,,,,,No giveaway,Under 55F,0,Clean control,2,No giveaway in homestand
20260508,552,534,2945.0,1,night,Friday,4,May,5,7,1,0,,552-3,9,11,1.0,0.556,0.486,Cloudy,Partly Cloudy,54.0,5,0,0,0,,0,,0,,,,,No giveaway,Under 55F,0,Clean control,2,No giveaway in homestand
20260509,552,534,2818.0,1,day,Saturday,5,May,5,7,1,0,,552-3,10,11,1.0,0.541,0.5,Cloudy,Cloudy,55.0,3,0,0,0,,0,,0,,,,,No giveaway,Under 55F,0,Clean control,2,No giveaway in homestand
20260510,552,534,3053.0,1,day,Sunday,6,May,5,7,1,1,Mother's Day,552-3,11,11,1.0,0.526,0.513,Clear,Sunny,57.0,11,0,0,0,,0,,0,,,,,No giveaway,55-65F,1,Clean control,2,No giveaway in homestand
20260519,552,422,3112.0,1,night,Tuesday,1,May,5,8,0,0,,552-4,1,5,9.0,0.533,0.5,Clear,Clear,86.0,10,0,0,0,,0,,0,,,,,No giveaway,85F+,4,Clean control,2,No giveaway in homestand
20260520,552,422,10815.0,1,day,Wednesday,2,May,5,8,0,0,,552-4,2,5,1.0,0.543,0.489,Cloudy,Cloudy,62.0,8,0,0,0,,0,,0,,,,,No giveaway,55-65F,1,Clean control,2,No giveaway in homestand
20260521,552,422,4424.0,1,night,Thursday,3,May,5,8,0,0,,552-4,3,5,1.0,0.553,0.479,Clear,Clear,61.0,8,0,0,0,,0,,0,,,,,No giveaway,55-65F,1,Clean control,2,No giveaway in homestand
20260522,552,422,6669.0,1,night,Friday,4,May,5,9,1,0,,552-4,4,5,1.0,0.542,0.49,Cloudy,Cloudy,66.0,4,0,0,0,,0,,0,,,,,No giveaway,65-75F,2,Clean control,2,No giveaway in homestand
20260524,552,422,5571.0,2,night,Sunday,6,May,5,9,1,0,,552-4,5,5,2.0,0.54,0.49,Cloudy,Cloudy,61.0,11,0,0,0,,0,,0,,,,,No giveaway,55-65F,1,Clean control,2,No giveaway in homestand
20260602,552,531,3479.0,1,night,Tuesday,1,June,6,10,0,0,,552-5,1,6,9.0,0.509,0.518,Clear,Clear,73.0,11,0,0,0,,0,,0,,,,,No giveaway,65-75F,2,Clean control,2,No giveaway in homestand
20260603,552,531,3966.0,2,night,Wednesday,2,June,6,10,0,0,,552-5,2,6,1.0,0.508,0.517,Clear,Clear,81.0,8,0,0,0,,0,,0,,,,,No giveaway,75-85F,3,Clean control,2,No giveaway in homestand
20260604,552,531,6537.0,1,night,Thursday,3,June,6,10,0,0,,552-5,3,6,1.0,0.517,0.508,Clear,Clear,81.0,6,0,0,0,,0,,0,,,,,No giveaway,75-85F,3,Clean control,2,No giveaway in homestand
20260605,552,531,7642.0,1,night,Friday,4,June,6,11,1,0,,552-5,4,6,1.0,0.508,0.517,Cloudy,Cloudy,83.0,7,0,0,0,,0,,0,,,,,No giveaway,75-85F,3,Clean control,2,No giveaway in homestand
20260606,552,531,8327.0,1,night,Saturday,5,June,6,11,1,0,,552-5,5,6,1.0,0.516,0.508,Cloudy,Partly Cloudy,81.0,11,0,0,0,,0,,0,,,,,No giveaway,75-85F,3,Clean control,2,No giveaway in homestand
20260607,552,531,5571.0,1,day,Sunday,6,June,6,11,1,0,,552-5,6,6,1.0,0.524,0.5,Cloudy,Overcast,65.0,11,0,0,0,,0,,0,,,,,No giveaway,55-65F,1,Clean control,2,No giveaway in homestand
20260616,552,568,3771.0,1,night,Tuesday,1,June,6,12,0,0,,552-6,1,6,9.0,0.5,0.371,Cloudy,Partly Cloudy,77.0,8,0,0,0,,0,,0,,,,,No giveaway,75-85F,3,Clean control,2,No giveaway in homestand
20260617,552,568,9354.0,1,day,Wednesday,2,June,6,12,0,0,,552-6,2,6,1.0,0.493,0.38,Cloudy,Partly Cloudy,69.0,8,0,0,0,,0,,0,,,,,No giveaway,65-75F,2,Clean control,2,No giveaway in homestand
20260618,552,568,6004.0,1,night,Thursday,3,June,6,12,0,0,,552-6,3,6,1.0,0.5,0.375,Cloudy,Cloudy,78.0,15,0,0,0,,0,,0,,,,,No giveaway,75-85F,3,Clean control,2,No giveaway in homestand
20260619,552,568,5348.0,1,night,Friday,4,June,6,13,1,0,,552-6,4,6,1.0,0.493,0.384,Cloudy,Partly Cloudy,72.0,12,0,0,0,,0,,0,,,,,No giveaway,65-75F,2,Clean control,2,No giveaway in homestand
20260620,552,568,6633.0,1,night,Saturday,5,June,6,13,1,0,,552-6,5,6,1.0,0.5,0.378,Cloudy,Partly Cloudy,64.0,4,0,0,0,,0,,0,,,,,No giveaway,55-65F,1,Clean control,2,No giveaway in homestand
20260621,552,568,7672.0,1,day,Sunday,6,June,6,13,1,1,Father's Day,552-6,6,6,1.0,0.507,0.373,Cloudy,Partly Cloudy,71.0,7,0,0,0,,0,,0,,,,,No giveaway,65-75F,2,Clean control,2,No giveaway in homestand
20260630,552,533,3843.0,1,night,Tuesday,1,June,6,14,0,0,,552-7,1,6,9.0,0.512,0.487,Cloudy,Partly Cloudy,83.0,7,0,0,0,,0,,0,,,,,No giveaway,75-85F,3,Clean control,2,No giveaway in homestand
20260701,552,533,3372.0,1,night,Wednesday,2,July,7,14,0,0,,552-7,2,6,1.0,0.506,0.494,Cloudy,Partly Cloudy,93.0,9,0,0,0,,0,,0,,,,,No giveaway,85F+,4,Clean control,2,No giveaway in homestand
20260702,552,533,5818.0,1,night,Thursday,3,July,7,14,0,0,,552-7,3,6,1.0,0.5,0.5,Cloudy,Partly Cloudy,91.0,5,0,0,0,,0,,0,,,,,No giveaway,85F+,4,Clean control,2,No giveaway in homestand
20260703,552,533,5794.0,1,night,Friday,4,July,7,15,1,0,,552-7,4,6,1.0,0.506,0.494,Cloudy,Cloudy,85.0,9,0,0,0,,0,,0,,,,,No giveaway,75-85F,3,Clean control,2,No giveaway in homestand
20260704,552,533,9669.0,1,night,Saturday,5,July,7,15,1,1,Independence Day,552-7,5,6,1.0,0.512,0.488,Cloudy,Cloudy,74.0,6,0,0,0,,0,,0,,,,,No giveaway,65-75F,2,Clean control,2,No giveaway in homestand
20260705,552,533,4464.0,1,day,Sunday,6,July,7,15,1,0,,552-7,6,6,1.0,0.506,0.494,Cloudy,Cloudy,78.0,2,0,0,0,,0,,0,,,,,No giveaway,75-85F,3,Clean control,2,No giveaway in homestand
20260717,552,422,7216.0,1,night,Friday,4,July,7,17,1,0,,552-8,1,3,12.0,0.495,0.479,Clear,Clear,81.0,9,0,0,0,,0,,0,,,,,No giveaway,75-85F,3,Clean control,2,No giveaway in homestand
20260718,552,422,4072.0,1,night,Saturday,5,July,7,17,1,0,,552-8,2,3,1.0,0.5,0.474,Cloudy,Overcast,73.0,1,0,0,0,,0,,0,,,,,No giveaway,65-75F,2,Clean control,2,No giveaway in homestand
20260719,552,422,5259.0,1,day,Sunday,6,July,7,17,1,0,,552-8,3,3,1.0,0.495,0.479,Cloudy,Partly Cloudy,72.0,10,0,0,0,,0,,0,,,,,No giveaway,65-75F,2,Clean control,2,No giveaway in homestand
20260804,552,445,5346.0,1,night,Tuesday,1,August,8,19,0,0,,552-9,1,6,16.0,0.481,0.537,Clear,Clear,85.0,5,0,0,0,,0,,0,,,,,No giveaway,75-85F,3,Clean control,2,No giveaway in homestand
20260805,552,445,3576.0,1,day,Wednesday,2,August,8,19,0,0,,552-9,2,6,1.0,0.477,0.541,Clear,Sunny,84.0,5,0,0,0,,0,,0,,,,,No giveaway,75-85F,3,Clean control,2,No giveaway in homestand
20260806,552,445,7778.0,1,night,Thursday,3,August,8,19,0,0,,552-9,3,6,1.0,0.482,0.536,Clear,Clear,85.0,5,0,0,0,,0,,0,,,,,No giveaway,75-85F,3,Clean control,2,No giveaway in homestand
20260807,552,445,4851.0,1,night,Friday,4,August,8,20,1,0,,552-9,4,6,1.0,0.486,0.532,Cloudy,Cloudy,82.0,3,0,0,0,,0,,0,,,,,No giveaway,75-85F,3,Clean control,2,No giveaway in homestand
20260808,552,445,5989.0,1,night,Saturday,5,August,8,20,1,0,,552-9,5,6,1.0,0.491,0.527,Cloudy,Cloudy,83.0,7,0,0,0,,0,,0,,,,,No giveaway,75-85F,3,Clean control,2,No giveaway in homestand
20260809,552,445,4589.0,1,day,Sunday,6,August,8,20,1,0,,552-9,6,6,1.0,0.487,0.531,Clear,Sunny,80.0,8,0,0,0,,0,,0,,,,,No giveaway,75-85F,3,Clean control,2,No giveaway in homestand
20260818,552,533,4004.0,1,night,Tuesday,1,August,8,21,0,0,,552-10,1,6,9.0,0.5,0.534,Cloudy,Partly Cloudy,80.0,8,0,0,0,,0,,0,,,,,No giveaway,75-85F,3,Clean control,2,No giveaway in homestand
20260819,552,533,3721.0,1,night,Wednesday,2,August,8,21,0,0,,552-10,2,6,1.0,0.496,0.538,Cloudy,Partly Cloudy,77.0,7,0,0,0,,0,,0,,,,,No giveaway,75-85F,3,Clean control,2,No giveaway in homestand
20260820,552,533,7394.0,1,night,Thursday,3,August,8,21,0,0,,552-10,3,6,1.0,0.5,0.534,Cloudy,Cloudy,71.0,4,0,0,0,,0,,0,,,,,No giveaway,65-75F,2,Clean control,2,No giveaway in homestand
20260821,552,533,6896.0,1,night,Friday,4,August,8,22,1,0,,552-10,4,6,1.0,0.504,0.529,Clear,Clear,82.0,2,0,0,0,,0,,0,,,,,No giveaway,75-85F,3,Clean control,2,No giveaway in homestand
20260822,552,533,5059.0,1,night,Saturday,5,August,8,22,1,0,,552-10,5,6,1.0,0.508,0.525,Cloudy,Partly Cloudy,80.0,8,0,0,0,,0,,0,,,,,No giveaway,75-85F,3,Clean control,2,No giveaway in homestand
20260823,552,533,5565.0,1,day,Sunday,6,August,8,22,1,0,,552-10,6,6,1.0,0.512,0.521,Cloudy,Cloudy,73.0,7,0,0,0,,0,,0,,,,,No giveaway,65-75F,2,Clean control,2,No giveaway in homestand
20260331,529,4904,4518.0,1,night,Tuesday,1,March,3,1,0,0,,529-1,1,5,,0.5,0.5,Cloudy,Partly Cloudy,56.0,2,0,0,0,,0,,0,,,,,No giveaway,55-65F,1,Clean control,2,No giveaway in homestand
20260402,529,4904,2603.0,1,night,Thursday,3,April,4,1,0,0,,529-1,2,5,2.0,0.6,0.4,Cloudy,Partly Cloudy,53.0,12,0,0,0,,0,,0,,,,,No giveaway,Under 55F,0,Clean control,2,No giveaway in homestand
20260403,529,4904,4091.0,1,night,Friday,4,April,4,2,1,0,,529-1,3,5,1.0,0.5,0.5,Clear,Clear,55.0,4,0,0,0,,0,,0,,,,,No giveaway,Under 55F,0,Clean control,2,No giveaway in homestand
20260404,529,4904,4314.0,2,night,Saturday,5,April,4,2,1,0,,529-1,4,5,1.0,0.375,0.625,Clear,Clear,59.0,9,0,0,0,,0,,0,,,,,No giveaway,55-65F,1,Clean control,2,No giveaway in homestand
20260405,529,4904,4100.0,1,day,Sunday,6,April,4,2,1,0,,529-1,5,5,1.0,0.444,0.556,Cloudy,Partly Cloudy,60.0,7,0,0,0,,0,,0,,,,,No giveaway,55-65F,1,Clean control,2,No giveaway in homestand
20260415,529,105,1855.0,1,night,Wednesday,2,April,4,3,0,0,,529-2,1,5,10.0,0.375,0.714,Cloudy,Cloudy,46.0,11,0,0,0,,1,-3.0,0,,,,,No giveaway,Under 55F,0,Adjacent to a giveaway,1,3+ away
20260416,529,105,2610.0,2,night,Thursday,3,April,4,3,0,0,,529-2,2,5,1.0,0.444,0.625,Cloudy,Partly Cloudy,56.0,7,0,0,0,,1,-2.0,0,,,,,No giveaway,55-65F,1,Adjacent to a giveaway,1,-2 games
20260417,529,105,4432.0,1,night,Friday,4,April,4,4,1,0,,529-2,3,5,1.0,0.474,0.588,Cloudy,Cloudy,53.0,5,0,0,0,,1,-1.0,0,,,,,No giveaway,Under 55F,0,Adjacent to a giveaway,1,-1 games
20260418,529,105,5791.0,1,night,Saturday,5,April,4,4,1,0,,529-2,4,5,1.0,0.5,0.556,Cloudy,Partly Cloudy,69.0,3,0,1,1,"Cheney Studs throwback hat, first 1000 fans",1,0.0,0,,,,,Giveaway,65-75F,2,Giveaway,0,Giveaway
20260419,529,105,6753.0,1,day,Sunday,6,April,4,4,1,0,,529-2,5,5,1.0,0.476,0.579,Cloudy,Partly Cloudy,66.0,6,0,1,1,"Cheney Studs throwback hat, first 1000 fans",1,0.0,0,,,,,Giveaway,65-75F,2,Giveaway,0,Giveaway
20260428,529,400,2493.0,1,night,Tuesday,1,April,4,5,0,0,,529-3,1,6,9.0,0.5,0.577,Cloudy,Cloudy,57.0,8,0,0,0,,0,,0,,,,,No giveaway,55-65F,1,Clean control,2,No giveaway in homestand
20260429,529,400,2507.0,1,night,Wednesday,2,April,4,5,0,0,,529-3,2,6,1.0,0.483,0.593,Clear,Clear,64.0,7,0,0,0,,0,,0,,,,,No giveaway,55-65F,1,Clean control,2,No giveaway in homestand
20260430,529,400,3044.0,1,night,Thursday,3,April,4,5,0,0,,529-3,3,6,1.0,0.5,0.571,Cloudy,Partly Cloudy,70.0,6,0,0,0,,0,,0,,,,,No giveaway,65-75F,2,Clean control,2,No giveaway in homestand
20260501,529,400,5384.0,1,night,Friday,4,May,5,6,1,0,,529-3,4,6,1.0,0.484,0.586,Cloudy,Partly Cloudy,71.0,6,0,0,0,,0,,0,,,,,No giveaway,65-75F,2,Clean control,2,No giveaway in homestand
20260502,529,400,5910.0,1,night,Saturday,5,May,5,6,1,0,,529-3,5,6,1.0,0.5,0.567,Clear,Clear,72.0,10,0,0,0,,0,,0,,,,,No giveaway,65-75F,2,Clean control,2,No giveaway in homestand
20260503,529,400,5990.0,1,day,Sunday,6,May,5,6,1,0,,529-3,6,6,1.0,0.485,0.581,Clear,Sunny,76.0,8,0,0,0,,0,,0,,,,,No giveaway,75-85F,3,Clean control,2,No giveaway in homestand
20260512,529,5434,3874.0,1,day,Tuesday,1,May,5,7,0,0,,529-4,1,6,9.0,0.45,0.475,Cloudy,Partly Cloudy,73.0,5,0,0,0,,0,,0,,,,,No giveaway,65-75F,2,Clean control,2,No giveaway in homestand
20260513,529,5434,3435.0,1,night,Wednesday,2,May,5,7,0,0,,529-4,2,6,1.0,0.463,0.463,Cloudy,Cloudy,57.0,17,0,0,0,,0,,0,,,,,No giveaway,55-65F,1,Clean control,2,No giveaway in homestand
20260514,529,5434,3392.0,1,night,Thursday,3,May,5,7,0,0,,529-4,3,6,1.0,0.476,0.452,Cloudy,Partly Cloudy,56.0,9,0,0,0,,0,,0,,,,,No giveaway,55-65F,1,Clean control,2,No giveaway in homestand
20260515,529,5434,6244.0,1,night,Friday,4,May,5,8,1,0,,529-4,4,6,1.0,0.488,0.442,Precipitation,Rain,48.0,11,1,0,0,,0,,0,,,,,No giveaway,Under 55F,0,Clean control,2,No giveaway in homestand
20260516,529,5434,5474.0,1,night,Saturday,5,May,5,8,1,0,,529-4,5,6,1.0,0.477,0.455,Precipitation,Rain,49.0,3,1,0,0,,0,,0,,,,,No giveaway,Under 55F,0,Clean control,2,No giveaway in homestand
20260517,529,5434,5793.0,1,day,Sunday,6,May,5,8,1,0,,529-4,6,6,1.0,0.489,0.444,Cloudy,Cloudy,57.0,4,0,0,0,,0,,0,,,,,No giveaway,55-65F,1,Clean control,2,No giveaway in homestand
20260526,529,400,3134.0,1,night,Tuesday,1,May,5,9,0,0,,529-5,1,6,9.0,0.442,0.54,Cloudy,Partly Cloudy,63.0,9,0,0,0,,0,,0,,,,,No giveaway,55-65F,1,Clean control,2,No giveaway in homestand
20260527,529,400,5385.0,1,night,Wednesday,2,May,5,9,0,0,,529-5,2,6,1.0,0.434,0.549,Clear,Clear,71.0,9,0,0,0,,0,,0,,,,,No giveaway,65-75F,2,Clean control,2,No giveaway in homestand
20260528,529,400,3894.0,1,night,Thursday,3,May,5,9,0,0,,529-5,3,6,1.0,0.426,0.558,Cloudy,Cloudy,73.0,8,0,0,0,,0,,0,,,,,No giveaway,65-75F,2,Clean control,2,No giveaway in homestand
20260529,529,400,6711.0,1,night,Friday,4,May,5,10,1,0,,529-5,4,6,1.0,0.418,0.566,Clear,Clear,60.0,4,0,0,0,,0,,0,,,,,No giveaway,55-65F,1,Clean control,2,No giveaway in homestand
20260530,529,400,6983.0,1,night,Saturday,5,May,5,10,1,0,,529-5,5,6,1.0,0.411,0.574,Clear,Clear,64.0,5,0,0,0,,0,,0,,,,,No giveaway,55-65F,1,Clean control,2,No giveaway in homestand
20260531,529,400,6920.0,1,day,Sunday,6,May,5,10,1,0,,529-5,6,6,1.0,0.404,0.582,Clear,Sunny,65.0,7,0,0,0,,0,,0,,,,,No giveaway,55-65F,1,Clean control,2,No giveaway in homestand
20260609,529,342,6266.0,1,day,Tuesday,1,June,6,11,0,0,,529-6,1,6,9.0,0.406,0.531,Cloudy,Partly Cloudy,59.0,15,0,0,0,,0,,0,,,,,No giveaway,55-65F,1,Clean control,2,No giveaway in homestand
20260610,529,342,6292.0,1,night,Wednesday,2,June,6,11,0,0,,529-6,2,6,1.0,0.415,0.523,Cloudy,Partly Cloudy,65.0,3,0,0,0,,0,,0,,,,,No giveaway,55-65F,1,Clean control,2,No giveaway in homestand
20260611,529,342,6544.0,1,night,Thursday,3,June,6,11,0,0,,529-6,3,6,1.0,0.424,0.515,Clear,Clear,73.0,7,0,0,0,,0,,0,,,,,No giveaway,65-75F,2,Clean control,2,No giveaway in homestand
20260612,529,342,6504.0,1,night,Friday,4,June,6,12,1,0,,529-6,4,6,1.0,0.418,0.522,Clear,Clear,72.0,8,0,0,0,,0,,0,,,,,No giveaway,65-75F,2,Clean control,2,No giveaway in homestand
20260613,529,342,6714.0,1,night,Saturday,5,June,6,12,1,0,,529-6,5,6,1.0,0.426,0.515,Clear,Clear,81.0,10,0,0,0,,0,,0,,,,,No giveaway,75-85F,3,Clean control,2,No giveaway in homestand
20260614,529,342,7090.0,1,day,Sunday,6,June,6,12,1,0,,529-6,6,6,1.0,0.435,0.507,Clear,Sunny,84.0,9,0,0,0,,0,,0,,,,,No giveaway,75-85F,3,Clean control,2,No giveaway in homestand
20260623,529,102,3894.0,1,night,Tuesday,1,June,6,13,0,0,,529-7,1,12,9.0,0.434,0.421,Cloudy,Partly Cloudy,88.0,4,0,0,0,,0,,0,,,,,No giveaway,85F+,4,Clean control,2,No giveaway in homestand
20260624,529,102,4166.0,1,night,Wednesday,2,June,6,13,0,0,,529-7,2,12,1.0,0.442,0.416,Clear,Clear,84.0,10,0,0,0,,0,,0,,,,,No giveaway,75-85F,3,Clean control,2,No giveaway in homestand
20260625,529,102,3970.0,1,night,Thursday,3,June,6,13,0,0,,529-7,3,12,1.0,0.436,0.423,Cloudy,Cloudy,63.0,7,0,0,0,,0,,0,,,,,No giveaway,55-65F,1,Clean control,2,No giveaway in homestand
20260626,529,102,6933.0,1,night,Friday,4,June,6,14,1,0,,529-7,4,12,1.0,0.43,0.43,Cloudy,Partly Cloudy,63.0,12,0,0,0,,0,,0,,,,,No giveaway,55-65F,1,Clean control,2,No giveaway in homestand
20260627,529,102,6567.0,1,night,Saturday,5,June,6,14,1,0,,529-7,5,12,1.0,0.438,0.425,Cloudy,Partly Cloudy,64.0,5,0,0,0,,0,,0,,,,,No giveaway,55-65F,1,Clean control,2,No giveaway in homestand
20260628,529,102,6910.0,1,day,Sunday,6,June,6,14,1,0,,529-7,6,12,1.0,0.432,0.432,Cloudy,Cloudy,63.0,8,0,0,0,,0,,0,,,,,No giveaway,55-65F,1,Clean control,2,No giveaway in homestand
20260630,529,2310,3711.0,1,night,Tuesday,1,June,6,14,0,0,,529-7,7,12,2.0,0.427,0.439,Cloudy,Cloudy,63.0,9,0,0,0,,0,,0,,,,,No giveaway,55-65F,1,Clean control,2,No giveaway in homestand
20260701,529,2310,3263.0,1,night,Wednesday,2,July,7,14,0,0,,529-7,8,12,1.0,0.434,0.434,Cloudy,Cloudy,65.0,5,0,0,0,,0,,0,,,,,No giveaway,55-65F,1,Clean control,2,No giveaway in homestand
20260702,529,2310,3764.0,1,night,Thursday,3,July,7,14,0,0,,529-7,9,12,1.0,0.429,0.44,Cloudy,Cloudy,67.0,6,0,0,0,,0,,0,,,,,No giveaway,65-75F,2,Clean control,2,No giveaway in homestand
20260703,529,2310,7260.0,1,night,Friday,4,July,7,15,1,0,,529-7,10,12,1.0,0.424,0.447,Cloudy,Partly Cloudy,71.0,6,0,0,0,,0,,0,,,,,No giveaway,65-75F,2,Clean control,2,No giveaway in homestand
20260704,529,2310,5968.0,1,night,Saturday,5,July,7,15,1,1,Independence Day,529-7,11,12,1.0,0.43,0.442,Clear,Clear,71.0,5,0,0,0,,0,,0,,,,,No giveaway,65-75F,2,Clean control,2,No giveaway in homestand
20260705,529,2310,5898.0,1,day,Sunday,6,July,7,15,1,0,,529-7,12,12,1.0,0.425,0.448,Clear,Sunny,71.0,9,0,0,0,,0,,0,,,,,No giveaway,65-75F,2,Clean control,2,No giveaway in homestand
20260717,529,238,7112.0,1,night,Friday,4,July,7,17,1,0,,529-8,1,3,12.0,0.436,0.554,Cloudy,Partly Cloudy,70.0,6,0,0,0,,0,,0,,,,,No giveaway,65-75F,2,Clean control,2,No giveaway in homestand
20260718,529,238,7052.0,1,night,Saturday,5,July,7,17,1,0,,529-8,2,3,1.0,0.442,0.548,Clear,Clear,73.0,4,0,0,0,,0,,0,,,,,No giveaway,65-75F,2,Clean control,2,No giveaway in homestand
20260719,529,238,6447.0,1,day,Sunday,6,July,7,17,1,0,,529-8,3,3,1.0,0.438,0.553,Clear,Sunny,73.0,7,0,0,0,,0,,0,,,,,No giveaway,65-75F,2,Clean control,2,No giveaway in homestand
20260728,529,105,6219.0,1,day,Tuesday,1,July,7,18,0,0,,529-9,1,6,9.0,0.437,0.56,Cloudy,Partly Cloudy,72.0,10,0,0,0,,0,,0,,,,,No giveaway,65-75F,2,Clean control,2,No giveaway in homestand
20260729,529,105,6158.0,1,night,Wednesday,2,July,7,18,0,0,,529-9,2,6,1.0,0.433,0.564,Clear,Clear,75.0,7,0,0,0,,0,,0,,,,,No giveaway,65-75F,2,Clean control,2,No giveaway in homestand
20260730,529,105,5184.0,1,night,Thursday,3,July,7,18,0,0,,529-9,3,6,1.0,0.429,0.569,Clear,Clear,79.0,5,0,0,0,,0,,0,,,,,No giveaway,75-85F,3,Clean control,2,No giveaway in homestand
20260731,529,105,6684.0,1,night,Friday,4,July,7,19,1,0,,529-9,4,6,1.0,0.425,0.573,Clear,Clear,83.0,5,0,0,0,,0,,0,,,,,No giveaway,75-85F,3,Clean control,2,No giveaway in homestand
20260801,529,105,6900.0,1,night,Saturday,5,August,8,19,1,0,,529-9,5,6,1.0,0.421,0.577,Cloudy,Partly Cloudy,71.0,15,0,0,0,,0,,0,,,,,No giveaway,65-75F,2,Clean control,2,No giveaway in homestand
20260802,529,105,6726.0,1,day,Sunday,6,August,8,19,1,0,,529-9,6,6,1.0,0.417,0.581,Cloudy,Partly Cloudy,70.0,7,0,0,0,,0,,0,,,,,No giveaway,65-75F,2,Clean control,2,No giveaway in homestand
20260811,529,2310,6688.0,1,day,Tuesday,1,August,8,20,0,0,,529-10,1,6,9.0,0.435,0.452,Cloudy,Partly Cloudy,67.0,3,0,0,0,,0,,0,,,,,No giveaway,65-75F,2,Clean control,2,No giveaway in homestand
20260812,529,2310,5100.0,1,night,Wednesday,2,August,8,20,0,0,,529-10,2,6,1.0,0.431,0.457,Cloudy,Partly Cloudy,74.0,4,0,0,0,,0,,0,,,,,No giveaway,65-75F,2,Clean control,2,No giveaway in homestand
20260813,529,2310,5853.0,1,night,Thursday,3,August,8,20,0,0,,529-10,3,6,1.0,0.436,0.453,Cloudy,Partly Cloudy,75.0,3,0,0,0,,0,,0,,,,,No giveaway,65-75F,2,Clean control,2,No giveaway in homestand
20260814,529,2310,6517.0,1,night,Friday,4,August,8,21,1,0,,529-10,4,6,1.0,0.441,0.449,Cloudy,Partly Cloudy,72.0,4,0,0,0,,0,,0,,,,,No giveaway,65-75F,2,Clean control,2,No giveaway in homestand
20260815,529,2310,6279.0,1,night,Saturday,5,August,8,21,1,0,,529-10,5,6,1.0,0.445,0.445,Cloudy,Partly Cloudy,76.0,4,0,0,0,,0,,0,,,,,No giveaway,75-85F,3,Clean control,2,No giveaway in homestand
20260816,529,2310,6870.0,1,day,Sunday,6,August,8,21,1,0,,529-10,6,6,1.0,0.45,0.442,Cloudy,Cloudy,68.0,5,0,0,0,,0,,0,,,,,No giveaway,65-75F,2,Clean control,2,No giveaway in homestand
20260825,529,561,6522.0,1,night,Tuesday,1,August,8,22,0,0,,529-11,1,6,9.0,0.457,0.456,Clear,Clear,73.0,10,0,0,0,,0,,0,,,,,No giveaway,65-75F,2,Clean control,2,No giveaway in homestand
20260826,529,561,6304.0,1,night,Wednesday,2,August,8,22,0,0,,529-11,2,6,1.0,0.453,0.46,Clear,Clear,76.0,5,0,0,0,,0,,0,,,,,No giveaway,75-85F,3,Clean control,2,No giveaway in homestand
20260827,529,561,6782.0,1,night,Thursday,3,August,8,22,0,0,,529-11,3,6,1.0,0.457,0.457,Cloudy,Partly Cloudy,72.0,9,0,0,0,,0,,0,,,,,No giveaway,65-75F,2,Clean control,2,No giveaway in homestand
20260828,529,561,7099.0,1,night,Friday,4,August,8,23,1,0,,529-11,4,6,1.0,0.462,0.453,Cloudy,Partly Cloudy,68.0,6,0,0,0,,0,,0,,,,,No giveaway,65-75F,2,Clean control,2,No giveaway in homestand
20260829,529,561,7149.0,1,night,Saturday,5,August,8,23,1,0,,529-11,5,6,1.0,0.466,0.45,Cloudy,Partly Cloudy,67.0,9,0,0,0,,0,,0,,,,,No giveaway,65-75F,2,Clean control,2,No giveaway in homestand
20260830,529,561,7247.0,1,day,Sunday,6,August,8,23,1,0,,529-11,6,6,1.0,0.47,0.446,Cloudy,Partly Cloudy,67.0,4,0,0,0,,0,,0,,,,,No giveaway,65-75F,2,Clean control,2,No giveaway in homestand
20260407,512,1960,12112.0,1,day,Tuesday,1,April,4,2,0,0,,512-1,1,6,,0.4,0.333,Clear,Sunny,37.0,3,0,1,1,Magnet Schedule Gate Giveaway,1,0.0,0,,,,,Giveaway,Under 55F,0,Giveaway,0,Giveaway
20260408,512,1960,2408.0,1,night,Wednesday,2,April,4,2,0,0,,512-1,2,6,1.0,0.364,0.4,Cloudy,Partly Cloudy,60.0,9,0,0,0,,1,1.0,0,,,,,No giveaway,55-65F,1,Adjacent to a giveaway,1,+1 games
20260409,512,1960,2445.0,1,night,Thursday,3,April,4,2,0,0,,512-1,3,6,1.0,0.417,0.364,Cloudy,Overcast,64.0,9,0,0,0,,1,2.0,0,,,,,No giveaway,55-65F,1,Adjacent to a giveaway,1,+2 games
20260410,512,1960,3060.0,1,night,Friday,4,April,4,3,1,0,,512-1,4,6,1.0,0.385,0.417,Cloudy,Cloudy,54.0,10,0,0,0,,1,3.0,0,,,,,No giveaway,Under 55F,0,Adjacent to a giveaway,1,3+ away
20260411,512,1960,4603.0,1,night,Saturday,5,April,4,3,1,0,,512-1,5,6,1.0,0.429,0.385,Clear,Clear,54.0,7,0,0,0,,1,4.0,0,,,,,No giveaway,Under 55F,0,Adjacent to a giveaway,1,3+ away
20260412,512,1960,3905.0,1,day,Sunday,6,April,4,3,1,0,,512-1,6,6,1.0,0.467,0.357,Cloudy,Overcast,74.0,15,0,0,0,,1,5.0,0,,,,,No giveaway,65-75F,2,Adjacent to a giveaway,1,3+ away
20260421,512,541,2390.0,1,night,Tuesday,1,April,4,4,0,0,,512-2,1,6,9.0,0.409,0.571,Cloudy,Overcast,66.0,9,0,0,0,,0,,0,,,,,No giveaway,65-75F,2,Clean control,2,No giveaway in homestand
20260422,512,541,2616.0,1,night,Wednesday,2,April,4,4,0,0,,512-2,2,6,1.0,0.435,0.545,Cloudy,Partly Cloudy,70.0,3,0,0,0,,0,,0,,,,,No giveaway,65-75F,2,Clean control,2,No giveaway in homestand
20260423,512,541,3333.0,1,night,Thursday,3,April,4,4,0,0,,512-2,3,6,1.0,0.458,0.522,Cloudy,Partly Cloudy,72.0,7,0,0,0,,0,,0,,,,,No giveaway,65-75F,2,Clean control,2,No giveaway in homestand
20260424,512,541,3501.0,1,night,Friday,4,April,4,5,1,0,,512-2,4,6,1.0,0.48,0.5,Cloudy,Cloudy,67.0,8,0,0,0,,0,,0,,,,,No giveaway,65-75F,2,Clean control,2,No giveaway in homestand
20260425,512,541,5710.0,1,night,Saturday,5,April,4,5,1,0,,512-2,5,6,1.0,0.5,0.48,Cloudy,Overcast,54.0,10,0,0,0,,0,,0,,,,,No giveaway,Under 55F,0,Clean control,2,No giveaway in homestand
20260426,512,541,4100.0,1,day,Sunday,6,April,4,5,1,0,,512-2,6,6,1.0,0.519,0.462,Cloudy,Partly Cloudy,55.0,4,0,0,0,,0,,0,,,,,No giveaway,Under 55F,0,Clean control,2,No giveaway in homestand
20260506,512,235,8021.0,2,day,Wednesday,2,May,5,6,0,0,,512-3,1,5,10.0,0.514,0.657,Clear,Sunny,51.0,8,0,0,0,,0,,0,,,,,No giveaway,Under 55F,0,Clean control,2,No giveaway in homestand
20260507,512,235,3169.0,1,night,Thursday,3,May,5,6,0,0,,512-3,2,5,1.0,0.5,0.667,Cloudy,Partly Cloudy,57.0,14,0,0,0,,0,,0,,,,,No giveaway,55-65F,1,Clean control,2,No giveaway in homestand
20260508,512,235,5077.0,1,night,Friday,4,May,5,7,1,0,,512-3,3,5,1.0,0.514,0.649,Cloudy,Partly Cloudy,59.0,7,0,0,0,,0,,0,,,,,No giveaway,55-65F,1,Clean control,2,No giveaway in homestand
20260509,512,235,6168.0,1,night,Saturday,5,May,5,7,1,0,,512-3,4,5,1.0,0.526,0.632,Cloudy,Partly Cloudy,66.0,13,0,0,0,,0,,0,,,,,No giveaway,65-75F,2,Clean control,2,No giveaway in homestand
20260510,512,235,6184.0,1,day,Sunday,6,May,5,7,1,1,Mother's Day,512-3,5,5,1.0,0.513,0.641,Clear,Sunny,62.0,8,0,0,0,,0,,0,,,,,No giveaway,55-65F,1,Clean control,2,No giveaway in homestand
20260520,512,484,9124.0,2,day,Wednesday,2,May,5,8,0,0,,512-4,1,11,10.0,0.489,0.404,Cloudy,Overcast,59.0,7,0,0,0,,1,-2.0,0,,,,,No giveaway,55-65F,1,Adjacent to a giveaway,1,-2 games
20260521,512,484,3022.0,1,night,Thursday,3,May,5,8,0,0,,512-4,2,11,1.0,0.5,0.396,Clear,Clear,61.0,13,0,0,0,,1,-1.0,0,,,,,No giveaway,55-65F,1,Adjacent to a giveaway,1,-1 games
20260522,512,484,5252.0,1,night,Friday,4,May,5,9,1,0,,512-4,3,11,1.0,0.49,0.408,Precipitation,Rain,60.0,14,1,1,1,"Challenge Coin, with Military ID",1,0.0,0,,,,,Giveaway,55-65F,1,Giveaway,0,Giveaway
20260523,512,484,6016.0,1,night,Saturday,5,May,5,9,1,0,,512-4,4,11,1.0,0.48,0.42,Cloudy,Overcast,60.0,7,0,1,1,Can Koozie Gate Giveaway,1,0.0,0,,,,,Giveaway,55-65F,1,Giveaway,0,Giveaway
20260524,512,484,7210.0,1,night,Sunday,6,May,5,9,1,0,,512-4,5,11,1.0,0.49,0.412,Cloudy,Overcast,70.0,5,0,0,0,,1,1.0,0,,,,,No giveaway,65-75F,2,Adjacent to a giveaway,1,+1 games
20260525,512,445,5617.0,1,night,Monday,0,May,5,9,0,1,Memorial Day,512-4,6,11,1.0,0.5,0.51,Clear,Clear,76.0,7,0,0,0,,1,2.0,0,,,,,No giveaway,75-85F,3,Adjacent to a giveaway,1,+2 games
20260527,512,445,9355.0,1,day,Wednesday,2,May,5,9,0,0,,512-4,7,11,2.0,0.491,0.519,Clear,Clear,74.0,2,0,0,0,,1,-2.0,0,,,,,No giveaway,65-75F,2,Adjacent to a giveaway,1,-2 games
20260528,512,445,4572.0,1,night,Thursday,3,May,5,9,0,0,,512-4,8,11,1.0,0.481,0.528,Clear,Clear,69.0,11,0,0,0,,1,-1.0,0,,,,,No giveaway,65-75F,2,Adjacent to a giveaway,1,-1 games
20260529,512,445,7039.0,1,night,Friday,4,May,5,10,1,0,,512-4,9,11,1.0,0.473,0.537,Clear,Clear,78.0,8,0,1,1,Cowboy Hat Gate Giveaway,1,0.0,0,,,,,Giveaway,75-85F,3,Giveaway,0,Giveaway
20260530,512,445,9549.0,1,night,Saturday,5,May,5,10,1,0,,512-4,10,11,1.0,0.464,0.545,Clear,Clear,65.0,11,0,1,1,Cowboy Hat Gate Giveaway,1,0.0,0,,,,,Giveaway,55-65F,1,Giveaway,0,Giveaway
20260531,512,445,7971.0,1,day,Sunday,6,May,5,10,1,0,,512-4,11,11,1.0,0.456,0.554,Clear,Sunny,72.0,6,0,0,0,,1,1.0,0,,,,,No giveaway,65-75F,2,Adjacent to a giveaway,1,+1 games
20260609,512,1960,4875.0,1,night,Tuesday,1,June,6,11,0,0,,512-5,1,6,9.0,0.492,0.54,Cloudy,Partly Cloudy,87.0,7,0,0,0,,1,-3.0,0,,,,,No giveaway,85F+,4,Adjacent to a giveaway,1,3+ away
20260610,512,1960,10500.0,1,night,Wednesday,2,June,6,11,0,0,,512-5,2,6,1.0,0.484,0.547,Cloudy,Partly Cloudy,84.0,11,0,0,0,,1,-2.0,0,,,,,No giveaway,75-85F,3,Adjacent to a giveaway,1,-2 games
20260611,512,1960,4504.0,1,night,Thursday,3,June,6,11,0,0,,512-5,3,6,1.0,0.477,0.554,Cloudy,Partly Cloudy,86.0,10,0,0,0,,1,-1.0,0,,,,,No giveaway,85F+,4,Adjacent to a giveaway,1,-1 games
20260612,512,1960,8370.0,1,night,Friday,4,June,6,12,1,0,,512-5,4,6,1.0,0.47,0.561,Clear,Clear,78.0,12,0,1,1,Neon Trucker Hat Gate Giveaway,1,0.0,0,,,,,Giveaway,75-85F,3,Giveaway,0,Giveaway
20260613,512,1960,10500.0,1,night,Saturday,5,June,6,12,1,0,,512-5,5,6,1.0,0.463,0.567,Cloudy,Partly Cloudy,85.0,14,0,0,0,,1,1.0,0,,,,,No giveaway,75-85F,3,Adjacent to a giveaway,1,+1 games
20260614,512,1960,9422.0,1,day,Sunday,6,June,6,12,1,0,,512-5,6,6,1.0,0.456,0.574,Precipitation,Rain,66.0,10,1,0,0,,1,2.0,0,,,,,No giveaway,65-75F,2,Adjacent to a giveaway,1,+2 games
20260630,512,451,5830.0,1,day,Tuesday,1,June,6,14,0,0,,512-6,1,6,16.0,0.481,0.418,Cloudy,Partly Cloudy,89.0,11,0,0,0,,1,-3.0,0,,,,,No giveaway,85F+,4,Adjacent to a giveaway,1,3+ away
20260701,512,451,3525.0,1,night,Wednesday,2,July,7,14,0,0,,512-6,2,6,1.0,0.488,0.412,Clear,Clear,98.0,8,0,0,0,,1,-2.0,0,,,,,No giveaway,85F+,4,Adjacent to a giveaway,1,-2 games
20260702,512,451,4569.0,1,night,Thursday,3,July,7,14,0,0,,512-6,3,6,1.0,0.482,0.42,Cloudy,Partly Cloudy,97.0,12,0,0,0,,1,-1.0,0,,,,,No giveaway,85F+,4,Adjacent to a giveaway,1,-1 games
20260703,512,451,8710.0,1,night,Friday,4,July,7,15,1,0,,512-6,4,6,1.0,0.476,0.427,Cloudy,Partly Cloudy,88.0,16,0,1,2,Fireworks Glasses Gate Giveaway | LED Light Up Bracelet Postgame Giveaway,1,0.0,0,,,,,Giveaway,85F+,4,Giveaway,0,Giveaway
20260704,512,451,8244.0,1,night,Saturday,5,July,7,15,1,1,Independence Day,512-6,5,6,1.0,0.482,0.422,Cloudy,Partly Cloudy,87.0,4,0,1,2,Fireworks Glasses Gate Giveaway | LED Light Up Bracelet Postgame Giveaway,1,0.0,0,,,,,Giveaway,85F+,4,Giveaway,0,Giveaway
20260705,512,451,5331.0,1,day,Sunday,6,July,7,15,1,0,,512-6,6,6,1.0,0.488,0.417,Cloudy,Cloudy,79.0,8,0,1,1,Youth Racing Jersey Gate Giveaway,1,0.0,0,,,,,Giveaway,75-85F,3,Giveaway,0,Giveaway
20260718,512,431,9730.0,2,night,Saturday,5,July,7,17,1,0,,512-7,1,8,13.0,0.468,0.516,Cloudy,Partly Cloudy,85.0,11,0,1,1,Margaritaville Cooling Towel Gate Giveaway,1,0.0,0,,,,,Giveaway,75-85F,3,Giveaway,0,Giveaway
20260719,512,431,8499.0,1,day,Sunday,6,July,7,17,1,0,,512-7,2,8,1.0,0.474,0.511,Clear,Sunny,80.0,4,0,0,0,,1,1.0,0,,,,,No giveaway,75-85F,3,Adjacent to a giveaway,1,+1 games
20260721,512,416,4111.0,1,night,Tuesday,1,July,7,17,0,0,,512-7,3,8,2.0,0.479,0.495,Cloudy,Partly Cloudy,81.0,18,0,0,0,,1,2.0,0,,,,,No giveaway,75-85F,3,Adjacent to a giveaway,1,+2 games
20260722,512,416,4576.0,1,night,Wednesday,2,July,7,17,0,0,,512-7,4,8,1.0,0.474,0.5,Cloudy,Partly Cloudy,74.0,7,0,0,0,,1,3.0,0,,,,,No giveaway,65-75F,2,Adjacent to a giveaway,1,3+ away
20260723,512,416,5330.0,1,night,Thursday,3,July,7,17,0,0,,512-7,5,8,1.0,0.48,0.495,Clear,Clear,76.0,5,0,0,0,,1,-2.0,0,,,,,No giveaway,75-85F,3,Adjacent to a giveaway,1,-2 games
20260724,512,416,9115.0,1,night,Friday,4,July,7,18,1,0,,512-7,6,8,1.0,0.485,0.49,Cloudy,Partly Cloudy,76.0,4,0,0,0,,1,-1.0,0,,,,,No giveaway,75-85F,3,Adjacent to a giveaway,1,-1 games
20260725,512,416,9578.0,1,night,Saturday,5,July,7,18,1,0,,512-7,7,8,1.0,0.49,0.485,Cloudy,Partly Cloudy,82.0,6,0,1,1,Christmas Stocking Gate Giveaway,1,0.0,0,,,,,Giveaway,75-85F,3,Giveaway,0,Giveaway
20260726,512,416,7652.0,1,day,Sunday,6,July,7,18,1,0,,512-7,8,8,1.0,0.495,0.48,Cloudy,Partly Cloudy,85.0,7,0,1,1,Youth Soccer Ball Gate Giveaway,1,0.0,0,,,,,Giveaway,75-85F,3,Giveaway,0,Giveaway
20260804,512,541,5314.0,1,night,Tuesday,1,August,8,19,0,0,,512-8,1,5,9.0,0.481,0.472,Clear,Clear,81.0,6,0,0,0,,0,,0,,,,,No giveaway,75-85F,3,Clean control,2,No giveaway in homestand
20260805,512,541,4134.0,1,night,Wednesday,2,August,8,19,0,0,,512-8,2,5,1.0,0.477,0.477,Clear,Clear,84.0,6,0,0,0,,0,,0,,,,,No giveaway,75-85F,3,Clean control,2,No giveaway in homestand
20260807,512,541,7707.0,2,night,Friday,4,August,8,20,1,0,,512-8,3,5,2.0,0.468,0.486,Cloudy,Partly Cloudy,84.0,6,0,0,0,,0,,0,,,,,No giveaway,75-85F,3,Clean control,2,No giveaway in homestand
20260808,512,541,8969.0,1,night,Saturday,5,August,8,20,1,0,,512-8,4,5,1.0,0.464,0.491,Cloudy,Partly Cloudy,85.0,12,0,0,0,,0,,0,,,,,No giveaway,75-85F,3,Clean control,2,No giveaway in homestand
20260809,512,541,9955.0,1,day,Sunday,6,August,8,20,1,0,,512-8,5,5,1.0,0.469,0.487,Cloudy,Overcast,86.0,8,0,0,0,,0,,0,,,,,No giveaway,85F+,4,Clean control,2,No giveaway in homestand
20260818,512,451,5648.0,1,night,Tuesday,1,August,8,21,0,0,,512-9,1,6,9.0,0.475,0.407,Cloudy,Partly Cloudy,82.0,9,0,0,0,,1,-2.0,0,,,,,No giveaway,75-85F,3,Adjacent to a giveaway,1,-2 games
20260819,512,451,5238.0,1,night,Wednesday,2,August,8,21,0,0,,512-9,2,6,1.0,0.479,0.403,Cloudy,Partly Cloudy,78.0,2,0,0,0,,1,-1.0,0,,,,,No giveaway,75-85F,3,Adjacent to a giveaway,1,-1 games
20260820,512,451,6188.0,1,night,Thursday,3,August,8,21,0,0,,512-9,3,6,1.0,0.475,0.408,Clear,Clear,78.0,4,0,1,1,Stretchy Cube Gate Giveaway,1,0.0,0,,,,,Giveaway,75-85F,3,Giveaway,0,Giveaway
20260821,512,451,7302.0,1,night,Friday,4,August,8,22,1,0,,512-9,4,6,1.0,0.472,0.413,Cloudy,Partly Cloudy,78.0,5,0,1,1,Stinger Bee Bobblehead Gate Giveaway,1,0.0,0,,,,,Giveaway,75-85F,3,Giveaway,0,Giveaway
20260822,512,451,8820.0,1,night,Saturday,5,August,8,22,1,0,,512-9,5,6,1.0,0.468,0.418,Cloudy,Partly Cloudy,74.0,9,0,1,1,2006 Championship Pennant Gate Giveaway,1,0.0,0,,,,,Giveaway,65-75F,2,Giveaway,0,Giveaway
20260823,512,451,9359.0,1,day,Sunday,6,August,8,22,1,0,,512-9,6,6,1.0,0.464,0.423,Cloudy,Partly Cloudy,73.0,11,0,0,0,,1,1.0,0,,,,,No giveaway,65-75F,2,Adjacent to a giveaway,1,+1 games
20260327,533,552,8147.0,1,day,Friday,4,March,3,1,1,0,,533-1,1,3,,0.0,1.0,Clear,Sunny,42.0,10,0,0,0,,0,,0,,,,,No giveaway,Under 55F,0,Clean control,2,No giveaway in homestand
20260328,533,552,4315.0,1,day,Saturday,5,March,3,1,1,0,,533-1,2,3,1.0,0.5,0.5,Cloudy,Cloudy,36.0,15,0,0,0,,0,,0,,,,,No giveaway,Under 55F,0,Clean control,2,No giveaway in homestand
20260329,533,552,4863.0,1,day,Sunday,6,March,3,1,1,0,,533-1,3,3,1.0,0.333,0.667,Clear,Sunny,44.0,14,0,0,0,,0,,0,,,,,No giveaway,Under 55F,0,Clean control,2,No giveaway in homestand
20260407,533,445,3483.0,1,night,Tuesday,1,April,4,2,0,0,,533-2,1,6,9.0,0.667,0.7,Cloudy,Partly Cloudy,42.0,17,0,0,0,,0,,0,,,,,No giveaway,Under 55F,0,Clean control,2,No giveaway in homestand
20260408,533,445,3546.0,1,day,Wednesday,2,April,4,2,0,0,,533-2,2,6,1.0,0.7,0.636,Clear,Sunny,42.0,5,0,0,0,,0,,0,,,,,No giveaway,Under 55F,0,Clean control,2,No giveaway in homestand
20260409,533,445,3516.0,1,night,Thursday,3,April,4,2,0,0,,533-2,3,6,1.0,0.727,0.583,Clear,Clear,53.0,15,0,0,0,,0,,0,,,,,No giveaway,Under 55F,0,Clean control,2,No giveaway in homestand
20260410,533,445,6111.0,1,night,Friday,4,April,4,3,1,0,,533-2,4,6,1.0,0.75,0.538,Cloudy,Partly Cloudy,66.0,15,0,0,0,,0,,0,,,,,No giveaway,65-75F,2,Clean control,2,No giveaway in homestand
20260411,533,445,6104.0,1,day,Saturday,5,April,4,3,1,0,,533-2,5,6,1.0,0.692,0.571,Clear,Sunny,57.0,10,0,0,0,,0,,0,,,,,No giveaway,55-65F,1,Clean control,2,No giveaway in homestand
20260412,533,445,6477.0,1,day,Sunday,6,April,4,3,1,0,,533-2,6,6,1.0,0.714,0.533,Clear,Sunny,54.0,3,0,0,0,,0,,0,,,,,No giveaway,Under 55F,0,Clean control,2,No giveaway in homestand
20260421,533,552,5391.0,1,night,Tuesday,1,April,4,4,0,0,,533-3,1,6,9.0,0.524,0.571,Cloudy,Partly Cloudy,49.0,6,0,0,0,,0,,0,,,,,No giveaway,Under 55F,0,Clean control,2,No giveaway in homestand
20260422,533,552,5162.0,1,day,Wednesday,2,April,4,4,0,0,,533-3,2,6,1.0,0.545,0.545,Cloudy,Cloudy,45.0,11,0,0,0,,0,,0,,,,,No giveaway,Under 55F,0,Clean control,2,No giveaway in homestand
20260423,533,552,6396.0,1,day,Thursday,3,April,4,4,0,0,,533-3,3,6,1.0,0.565,0.522,Clear,Sunny,58.0,21,0,0,0,,0,,0,,,,,No giveaway,55-65F,1,Clean control,2,No giveaway in homestand
20260424,533,552,7836.0,1,night,Friday,4,April,4,5,1,0,,533-3,4,6,1.0,0.542,0.542,Clear,Clear,58.0,7,0,0,0,,0,,0,,,,,No giveaway,55-65F,1,Clean control,2,No giveaway in homestand
20260425,533,552,8079.0,1,day,Saturday,5,April,4,5,1,0,,533-3,5,6,1.0,0.56,0.52,Cloudy,Cloudy,55.0,3,0,0,0,,0,,0,,,,,No giveaway,Under 55F,0,Clean control,2,No giveaway in homestand
20260426,533,552,6733.0,1,day,Sunday,6,April,4,5,1,0,,533-3,6,6,1.0,0.577,0.5,Cloudy,Partly Cloudy,57.0,8,0,0,0,,0,,0,,,,,No giveaway,55-65F,1,Clean control,2,No giveaway in homestand
20260505,533,531,4390.0,1,night,Tuesday,1,May,5,6,0,0,,533-4,1,6,9.0,0.576,0.545,Clear,Clear,75.0,20,0,0,0,,0,,0,,,,,No giveaway,65-75F,2,Clean control,2,No giveaway in homestand
20260506,533,531,4997.0,1,day,Wednesday,2,May,5,6,0,0,,533-4,2,6,1.0,0.559,0.559,Cloudy,Cloudy,68.0,15,0,0,0,,0,,0,,,,,No giveaway,65-75F,2,Clean control,2,No giveaway in homestand
20260507,533,531,4406.0,1,night,Thursday,3,May,5,6,0,0,,533-4,3,6,1.0,0.571,0.543,Cloudy,Partly Cloudy,59.0,12,0,0,0,,0,,0,,,,,No giveaway,55-65F,1,Clean control,2,No giveaway in homestand
20260508,533,531,7958.0,1,night,Friday,4,May,5,7,1,0,,533-4,4,6,1.0,0.583,0.528,Cloudy,Partly Cloudy,56.0,12,0,0,0,,0,,0,,,,,No giveaway,55-65F,1,Clean control,2,No giveaway in homestand
20260510,533,531,6877.0,1,day,Sunday,6,May,5,7,1,1,Mother's Day,533-4,6,6,2.0,0.568,0.541,Cloudy,Partly Cloudy,65.0,11,0,0,0,,0,,0,,,,,No giveaway,55-65F,1,Clean control,2,No giveaway in homestand
20260519,533,534,3170.0,1,night,Tuesday,1,May,5,8,0,0,,533-5,1,5,9.0,0.523,0.565,Cloudy,Cloudy,82.0,13,0,0,0,,0,,0,,,,,No giveaway,75-85F,3,Clean control,2,No giveaway in homestand
20260520,533,534,3196.0,1,night,Wednesday,2,May,5,8,0,0,,533-5,2,5,1.0,0.511,0.574,Cloudy,Partly Cloudy,83.0,15,0,0,0,,0,,0,,,,,No giveaway,75-85F,3,Clean control,2,No giveaway in homestand
20260521,533,534,5000.0,1,day,Thursday,3,May,5,8,0,0,,533-5,3,5,1.0,0.5,0.583,Cloudy,Partly Cloudy,62.0,7,0,0,0,,0,,0,,,,,No giveaway,55-65F,1,Clean control,2,No giveaway in homestand
20260522,533,534,6790.0,1,night,Friday,4,May,5,9,1,0,,533-5,4,5,1.0,0.489,0.592,Clear,Clear,63.0,3,0,0,0,,0,,0,,,,,No giveaway,55-65F,1,Clean control,2,No giveaway in homestand
20260523,533,534,7164.0,1,day,Saturday,5,May,5,9,1,0,,533-5,5,5,1.0,0.479,0.6,Cloudy,Cloudy,63.0,8,0,0,0,,0,,0,,,,,No giveaway,55-65F,1,Clean control,2,No giveaway in homestand
20260602,533,422,3719.0,1,night,Tuesday,1,June,6,10,0,0,,533-6,1,6,10.0,0.509,0.466,Cloudy,Cloudy,72.0,7,0,0,0,,1,-5.0,0,,,,,No giveaway,65-75F,2,Adjacent to a giveaway,1,3+ away
20260603,533,422,7295.0,1,day,Wednesday,2,June,6,10,0,0,,533-6,2,6,1.0,0.5,0.475,Clear,Sunny,76.0,10,0,0,0,,1,-4.0,0,,,,,No giveaway,75-85F,3,Adjacent to a giveaway,1,3+ away
20260604,533,422,5678.0,1,night,Thursday,3,June,6,10,0,0,,533-6,3,6,1.0,0.509,0.467,Clear,Clear,84.0,10,0,0,0,,1,-3.0,0,,,,,No giveaway,75-85F,3,Adjacent to a giveaway,1,3+ away
20260605,533,422,8517.0,1,night,Friday,4,June,6,11,1,0,,533-6,4,6,1.0,0.517,0.459,Clear,Clear,86.0,10,0,0,0,,1,-2.0,0,,,,,No giveaway,85F+,4,Adjacent to a giveaway,1,-2 games
20260606,533,422,7277.0,1,day,Saturday,5,June,6,11,1,0,,533-6,5,6,1.0,0.525,0.452,Clear,Sunny,83.0,10,0,0,0,,1,-1.0,0,,,,,No giveaway,75-85F,3,Adjacent to a giveaway,1,-1 games
20260607,533,422,7629.0,1,day,Sunday,6,June,6,11,1,0,,533-6,6,6,1.0,0.533,0.444,Cloudy,Partly Cloudy,78.0,16,0,1,1,"Clara the Heart of the Commonwealth Bobblehead, first 5000 fans",1,0.0,0,,,,,Giveaway,75-85F,3,Giveaway,0,Giveaway
20260623,533,512,3786.0,1,night,Tuesday,1,June,6,13,0,0,,533-8,1,6,16.0,0.5,0.467,Cloudy,Cloudy,69.0,4,0,0,0,,1,-3.0,0,,,,,No giveaway,65-75F,2,Adjacent to a giveaway,1,3+ away
20260624,533,512,4495.0,1,night,Wednesday,2,June,6,13,0,0,,533-8,2,6,1.0,0.493,0.474,Clear,Clear,78.0,12,0,0,0,,1,-2.0,0,,,,,No giveaway,75-85F,3,Adjacent to a giveaway,1,-2 games
20260625,533,512,5060.0,1,night,Thursday,3,June,6,13,0,0,,533-8,3,6,1.0,0.486,0.481,Cloudy,Partly Cloudy,79.0,3,0,0,0,,1,-1.0,0,,,,,No giveaway,75-85F,3,Adjacent to a giveaway,1,-1 games
20260626,533,512,8115.0,1,night,Friday,4,June,6,14,1,0,,533-8,4,6,1.0,0.48,0.487,Cloudy,Cloudy,77.0,7,0,1,1,"Tricorn hat presented by Harvard Pilgrim Health Care, first 5000 fans",1,0.0,0,,,,,Giveaway,75-85F,3,Giveaway,0,Giveaway
20260627,533,512,8325.0,1,day,Saturday,5,June,6,14,1,0,,533-8,5,6,1.0,0.474,0.494,Cloudy,Partly Cloudy,82.0,6,0,0,0,,1,1.0,0,,,,,No giveaway,75-85F,3,Adjacent to a giveaway,1,+1 games
20260628,533,512,7610.0,1,day,Sunday,6,June,6,14,1,0,,533-8,6,6,1.0,0.481,0.488,Cloudy,Partly Cloudy,79.0,2,0,0,0,,1,2.0,0,,,,,No giveaway,75-85F,3,Adjacent to a giveaway,1,+2 games
20260708,533,534,3609.0,2,night,Wednesday,2,July,7,15,0,0,,533-9,1,5,10.0,0.506,0.586,Clear,Clear,81.0,7,0,0,0,,1,-4.0,0,,,,,No giveaway,75-85F,3,Adjacent to a giveaway,1,3+ away
20260709,533,534,4171.0,1,night,Thursday,3,July,7,15,0,0,,533-9,2,5,1.0,0.512,0.58,Cloudy,Partly Cloudy,85.0,11,0,0,0,,1,-3.0,0,,,,,No giveaway,75-85F,3,Adjacent to a giveaway,1,3+ away
20260710,533,534,7620.0,1,night,Friday,4,July,7,16,1,0,,533-9,3,5,1.0,0.506,0.584,Cloudy,Cloudy,82.0,6,0,0,0,,1,-2.0,0,,,,,No giveaway,75-85F,3,Adjacent to a giveaway,1,-2 games
20260711,533,534,7166.0,1,day,Saturday,5,July,7,16,1,0,,533-9,4,5,1.0,0.5,0.589,Cloudy,Partly Cloudy,84.0,5,0,0,0,,1,-1.0,0,,,,,No giveaway,75-85F,3,Adjacent to a giveaway,1,-1 games
20260712,533,534,7461.0,1,day,Sunday,6,July,7,16,1,0,,533-9,5,5,1.0,0.506,0.582,Cloudy,Partly Cloudy,80.0,5,0,1,1,"Wilyer Abreu Rawlings Gold Glove bobblehead, first 5000 fans",1,0.0,0,,,,,Giveaway,75-85F,3,Giveaway,0,Giveaway
20260722,533,564,4324.0,2,night,Wednesday,2,July,7,17,0,0,,533-10,1,5,10.0,0.505,0.521,Cloudy,Partly Cloudy,77.0,9,0,0,0,,0,,0,,,,,No giveaway,75-85F,3,Clean control,2,No giveaway in homestand
20260723,533,564,6945.0,1,day,Thursday,3,July,7,17,0,0,,533-10,2,5,1.0,0.511,0.515,Clear,Sunny,73.0,11,0,0,0,,0,,0,,,,,No giveaway,65-75F,2,Clean control,2,No giveaway in homestand
20260724,533,564,8456.0,1,night,Friday,4,July,7,18,1,0,,533-10,3,5,1.0,0.516,0.51,Cloudy,Partly Cloudy,80.0,6,0,0,0,,0,,0,,,,,No giveaway,75-85F,3,Clean control,2,No giveaway in homestand
20260725,533,564,8025.0,1,day,Saturday,5,July,7,18,1,0,,533-10,4,5,1.0,0.521,0.505,Clear,Sunny,81.0,8,0,0,0,,0,,0,,,,,No giveaway,75-85F,3,Clean control,2,No giveaway in homestand
20260726,533,564,7063.0,1,day,Sunday,6,July,7,18,1,0,,533-10,5,5,1.0,0.526,0.5,Clear,Sunny,75.0,6,0,0,0,,0,,0,,,,,No giveaway,65-75F,2,Clean control,2,No giveaway in homestand
20260804,533,1410,4483.0,1,night,Tuesday,1,August,8,19,0,0,,533-11,1,12,9.0,0.538,0.477,Clear,Clear,82.0,5,0,0,0,,1,-5.0,0,,,,,No giveaway,75-85F,3,Adjacent to a giveaway,1,3+ away
20260805,533,1410,5227.0,1,night,Wednesday,2,August,8,19,0,0,,533-11,2,12,1.0,0.543,0.473,Cloudy,Partly Cloudy,83.0,7,0,0,0,,1,-4.0,0,,,,,No giveaway,75-85F,3,Adjacent to a giveaway,1,3+ away
20260806,533,1410,6970.0,1,day,Thursday,3,August,8,19,0,0,,533-11,3,12,1.0,0.547,0.468,Cloudy,Cloudy,82.0,5,0,0,0,,1,-3.0,0,,,,,No giveaway,75-85F,3,Adjacent to a giveaway,1,3+ away
20260807,533,1410,8797.0,1,night,Friday,4,August,8,20,1,0,,533-11,4,12,1.0,0.551,0.464,Clear,Clear,89.0,4,0,0,0,,1,-2.0,0,,,,,No giveaway,85F+,4,Adjacent to a giveaway,1,-2 games
20260808,533,1410,9130.0,1,day,Saturday,5,August,8,20,1,0,,533-11,5,12,1.0,0.556,0.46,Cloudy,Partly Cloudy,87.0,10,0,0,0,,1,-1.0,0,,,,,No giveaway,85F+,4,Adjacent to a giveaway,1,-1 games
20260809,533,1410,8411.0,1,day,Sunday,6,August,8,20,1,0,,533-11,6,12,1.0,0.55,0.465,Cloudy,Partly Cloudy,84.0,10,0,1,1,"Ceddanne Rafaela Rawlings Gold Glove bobblehead, first 5000 fans",1,0.0,0,,,,,Giveaway,75-85F,3,Giveaway,0,Giveaway
20260811,533,422,5791.0,1,night,Tuesday,1,August,8,20,0,0,,533-11,7,12,2.0,0.545,0.496,Clear,Clear,81.0,6,0,0,0,,1,1.0,0,,,,,No giveaway,75-85F,3,Adjacent to a giveaway,1,+1 games
20260812,533,422,7008.0,1,day,Wednesday,2,August,8,20,0,0,,533-11,8,12,1.0,0.55,0.491,Clear,Sunny,80.0,6,0,0,0,,1,2.0,0,,,,,No giveaway,75-85F,3,Adjacent to a giveaway,1,+2 games
20260813,533,422,6528.0,1,night,Thursday,3,August,8,20,0,0,,533-11,9,12,1.0,0.554,0.487,Cloudy,Partly Cloudy,80.0,9,0,0,0,,1,3.0,0,,,,,No giveaway,75-85F,3,Adjacent to a giveaway,1,3+ away
20260814,533,422,9240.0,1,night,Friday,4,August,8,21,1,0,,533-11,10,12,1.0,0.549,0.492,Cloudy,Partly Cloudy,76.0,6,0,0,0,,1,4.0,0,,,,,No giveaway,75-85F,3,Adjacent to a giveaway,1,3+ away
20260815,533,422,9508.0,1,day,Saturday,5,August,8,21,1,0,,533-11,11,12,1.0,0.544,0.496,Cloudy,Partly Cloudy,80.0,8,0,0,0,,1,5.0,0,,,,,No giveaway,75-85F,3,Adjacent to a giveaway,1,3+ away
20260816,533,422,8515.0,1,day,Sunday,6,August,8,21,1,0,,533-11,12,12,1.0,0.539,0.5,Cloudy,Partly Cloudy,77.0,7,0,0,0,,1,6.0,0,,,,,No giveaway,75-85F,3,Adjacent to a giveaway,1,3+ away
20260825,533,531,7282.0,1,night,Tuesday,1,August,8,22,0,0,,533-12,1,6,9.0,0.525,0.528,Cloudy,Partly Cloudy,75.0,9,0,0,0,,0,,0,,,,,No giveaway,65-75F,2,Clean control,2,No giveaway in homestand
20260826,533,531,6859.0,1,night,Wednesday,2,August,8,22,0,0,,533-12,2,6,1.0,0.52,0.532,Cloudy,Partly Cloudy,79.0,4,0,0,0,,0,,0,,,,,No giveaway,75-85F,3,Clean control,2,No giveaway in homestand
20260827,533,531,7184.0,1,night,Thursday,3,August,8,22,0,0,,533-12,3,6,1.0,0.524,0.528,Cloudy,Partly Cloudy,75.0,12,0,0,0,,0,,0,,,,,No giveaway,65-75F,2,Clean control,2,No giveaway in homestand
20260828,533,531,9037.0,1,night,Friday,4,August,8,23,1,0,,533-12,4,6,1.0,0.52,0.532,Cloudy,Partly Cloudy,81.0,10,0,0,0,,0,,0,,,,,No giveaway,75-85F,3,Clean control,2,No giveaway in homestand
20260829,533,531,9310.0,1,day,Saturday,5,August,8,23,1,0,,533-12,5,6,1.0,0.516,0.535,Clear,Sunny,77.0,6,0,0,0,,0,,0,,,,,No giveaway,75-85F,3,Clean control,2,No giveaway in homestand
20260830,533,531,9182.0,1,day,Sunday,6,August,8,23,1,0,,533-12,6,6,1.0,0.52,0.531,Clear,Sunny,80.0,9,0,0,0,,0,,0,,,,,No giveaway,75-85F,3,Clean control,2,No giveaway in homestand
